date,state,district,rainfall_mm,temperature_c,humidity_pct,water_level_m,river_discharge_m3_s,elevation_m,population_density,flood_occurred,year,month,day_of_year,is_monsoon,rainfall_7day,rainfall_30day,api,river_rise_rate,month_sin,month_cos,rainfall_intensity,rainfall_river_interaction,discharge_per_water_level,terrain_rain_risk
1901-01-01,East Madhya Pradesh,Statewide,1332.7,0.0,0.0,0.0,0.0,0.0,0.0,0,1901,1,1,0,1332.7,1332.7,1332.7,0.0,0.49999999999999994,0.8660254037844387,1332.7,0.0,0.0,1332.7
1901-01-01,Himachal Pradesh,Statewide,1345.1,0.0,0.0,0.0,0.0,0.0,0.0,0,1901,1,1,0,1345.1,1345.1,1345.1,0.0,0.49999999999999994,0.8660254037844387,1345.1,0.0,0.0,1345.1
1902-01-01,Rayalseema,Statewide,818.4,0.0,0.0,0.0,0.0,0.0,0.0,0,1902,1,1,0,1532.4,1532.4,745.3199999999999,0.0,0.49999999999999994,0.8660254037844387,818.4,0.0,0.0,1532.4
1902-01-01,South Interior Karnataka,Statewide,1020.1,0.0,0.0,0.0,0.0,0.0,0.0,0,1902,1,1,0,2023.1,2023.1,1008.1299999999999,0.0,0.49999999999999994,0.8660254037844387,1020.1,0.0,0.0,2023.1
1903-01-01,Telangana,Statewide,1283.4,0.0,0.0,0.0,0.0,0.0,0.0,0,1903,1,1,0,2741.5,2741.5,922.9770000000001,0.0,0.49999999999999994,0.8660254037844387,1283.4,0.0,0.0,2741.5
1905-01-01,Bihar,Statewide,1498.5,0.0,0.0,0.0,0.0,0.0,0.0,0,1905,1,1,0,5942.8,5942.8,1218.30631,0.0,0.49999999999999994,0.8660254037844387,1498.5,0.0,0.0,5942.8
1908-01-01,South Interior Karnataka,Statewide,790.2,0.0,0.0,0.0,0.0,0.0,0.0,0,1908,1,1,0,6688.4,7691.4,916.1068482699998,0.0,0.49999999999999994,0.8660254037844387,790.2,0.0,0.0,7691.4
1909-01-01,South Interior Karnataka,Statewide,1087.4,0.0,0.0,0.0,0.0,0.0,0.0,0,1909,1,1,0,6755.7,8778.8,967.4947937889998,0.0,0.49999999999999994,0.8660254037844387,1087.4,0.0,0.0,8778.8
1911-01-01,Rayalseema,Statewide,590.6,0.0,0.0,0.0,0.0,0.0,0.0,0,1911,1,1,0,5335.8,8439.8,756.32584452984,0.0,0.49999999999999994,0.8660254037844387,590.6,0.0,0.0,8439.8
1912-01-01,West Rajasthan,Statewide,279.9,0.0,0.0,0.0,0.0,0.0,0.0,0,1912,1,1,0,2342.7,3286.5,283.5554898501589,0.0,0.49999999999999994,0.8660254037844387,279.9,0.0,0.0,3286.5
1913-01-01,East Madhya Pradesh,Statewide,936.4,0.0,0.0,0.0,0.0,0.0,0.0,0,1913,1,1,0,8068.499999999999,14963.4,1110.150438449381,0.0,0.49999999999999994,0.8660254037844387,936.4,0.0,0.0,14963.4
1913-01-01,Konkan & Goa,Statewide,2617.4,0.0,0.0,0.0,0.0,0.0,0.0,0,1913,1,1,0,18452.0,33498.5,2587.505677764886,0.0,0.49999999999999994,0.8660254037844387,2617.4,0.0,0.0,33498.5
1913-01-01,South Interior Karnataka,Statewide,876.4,0.0,0.0,0.0,0.0,0.0,0.0,0,1913,1,1,0,6966.3,12869.0,989.0697699887386,0.0,0.49999999999999994,0.8660254037844387,876.4,0.0,0.0,12869.0
1915-01-01,Sub Himalayan West Bengal & Sikkim,Statewide,2504.9,0.0,0.0,0.0,0.0,0.0,0.0,0,1915,1,1,0,19558.1,39567.3,2651.7257052308955,0.0,0.49999999999999994,0.8660254037844387,2504.9,0.0,0.0,39567.3
1916-01-01,East Madhya Pradesh,Statewide,1480.2,0.0,0.0,0.0,0.0,0.0,0.0,0,1916,1,1,0,8618.9,19076.0,1298.8893003881376,0.0,0.49999999999999994,0.8660254037844387,1480.2,0.0,0.0,19076.0
1916-01-01,South Interior Karnataka,Statewide,1230.7,0.0,0.0,0.0,0.0,0.0,0.0,0,1916,1,1,0,7279.5,16058.300000000001,1061.3848311061372,0.0,0.49999999999999994,0.8660254037844387,1230.7,0.0,0.0,16058.300000000001
1918-01-01,Assam & Meghalaya,Statewide,3106.8,0.0,0.0,0.0,0.0,0.0,0.0,0,1918,1,1,0,19240.7,48513.6,2800.5466967246502,0.0,0.49999999999999994,0.8660254037844387,3106.8,0.0,0.0,48513.6
1920-01-01,Assam & Meghalaya,Statewide,2623.6,0.0,0.0,0.0,0.0,0.0,0.0,0,1920,1,1,0,18704.5,53481.4,2651.629881395078,0.0,0.49999999999999994,0.8660254037844387,2623.6,0.0,0.0,53481.4
1923-01-01,Chhattisgarh,Statewide,1387.2,0.0,0.0,0.0,0.0,0.0,0.0,0,1923,1,1,0,10182.7,31734.4,1388.334816776216,0.0,0.49999999999999994,0.8660254037844387,1387.2,0.0,0.0,31734.4
1923-01-01,Orissa,Statewide,1258.6,0.0,0.0,0.0,0.0,0.0,0.0,0,1923,1,1,0,10357.3,33724.6,1404.3856526779093,0.0,0.49999999999999994,0.8660254037844387,1258.6,0.0,0.0,33724.6
1923-01-01,Tamil Nadu,Statewide,834.1,0.0,0.0,0.0,0.0,0.0,0.0,0,1923,1,1,0,6896.8,21619.5,967.2092653253189,0.0,0.49999999999999994,0.8660254037844387,834.1,0.0,0.0,21619.5
1924-01-01,Punjab,Statewide,590.8,0.0,0.0,0.0,0.0,0.0,0.0,0,1924,1,1,0,3485.3,13867.5,574.4769245784946,0.0,0.49999999999999994,0.8660254037844387,590.8,0.0,0.0,13867.5
1926-07-19,Unknown,Bengal,7.83,0.0,0.0,0.0,0.0,0.0,0.0,1,1926,7,200,1,7.83,7.83,7.83,0.0,-0.4999999999999997,-0.8660254037844388,7.83,0.0,0.0,7.83
1927-01-01,South Interior Karnataka,Statewide,863.7,0.0,0.0,0.0,0.0,0.0,0.0,0,1927,1,1,0,6743.599999999999,26469.8,936.3226168101579,0.0,0.49999999999999994,0.8660254037844387,863.7,0.0,0.0,26469.8
1928-01-01,East Rajasthan,Statewide,608.3,0.0,0.0,0.0,0.0,0.0,0.0,0,1928,1,1,0,4934.6,18175.4,684.6015368647016,0.0,0.49999999999999994,0.8660254037844387,608.3,0.0,0.0,18175.4
1928-10-19,Unknown,Godavari,0.17,0.0,0.0,0.0,0.0,0.0,0.0,1,1928,10,293,0,0.17,0.17,0.17,0.0,-0.8660254037844386,0.5000000000000001,0.17,0.0,0.0,0.17
1930-01-01,Rayalseema,Statewide,995.5,0.0,0.0,0.0,0.0,0.0,0.0,0,1930,1,1,0,5317.8,22941.7,793.8739957039752,0.0,0.49999999999999994,0.8660254037844387,995.5,0.0,0.0,22941.7
1932-01-01,Lakshadweep,Statewide,1893.7,0.0,0.0,0.0,0.0,0.0,0.0,0,1932,1,1,0,11206.25,50759.600000000006,1636.916665596565,0.0,0.49999999999999994,0.8660254037844387,1893.7,0.0,0.0,50759.600000000006
1936-01-01,West Uttar Pradesh,Statewide,1218.4,0.0,0.0,0.0,0.0,0.0,0.0,0,1936,1,1,0,6360.9,25584.4,959.3228011953195,0.0,0.49999999999999994,0.8660254037844387,1218.4,0.0,0.0,25584.4
1945-01-01,Madhya Maharashtra,Statewide,793.4,0.0,0.0,0.0,0.0,0.0,0.0,0,1945,1,1,0,6303.3,25808.7,917.3476946516556,0.0,0.49999999999999994,0.8660254037844387,793.4,0.0,0.0,25808.7
1946-01-01,East Rajasthan,Statewide,887.7,0.0,0.0,0.0,0.0,0.0,0.0,0,1946,1,1,0,5470.799999999999,21064.1,816.3484211263797,0.0,0.49999999999999994,0.8660254037844387,887.7,0.0,0.0,21064.1
1950-01-01,Coastal Andhra Pradesh,Statewide,986.0,0.0,0.0,0.0,0.0,0.0,0.0,0,1950,1,1,0,7471.7,31425.5,1060.600588668727,0.0,0.49999999999999994,0.8660254037844387,986.0,0.0,0.0,31425.5
1950-07-11,Unknown,Saurashtra,7.83,0.0,0.0,0.0,0.0,0.0,0.0,1,1950,7,192,1,7.83,7.83,7.83,0.0,-0.4999999999999997,-0.8660254037844388,7.83,0.0,0.0,7.83
1956-08-01,Unknown,Gujarat,5.92,0.0,0.0,0.0,0.0,0.0,0.0,1,1956,8,214,1,5.92,5.92,5.92,0.0,-0.8660254037844385,-0.5000000000000004,5.92,0.0,0.0,5.92
1956-09-09,Unknown,Bihar,3.74,0.0,0.0,0.0,0.0,0.0,0.0,1,1956,9,253,1,3.74,3.74,3.74,0.0,-1.0,-1.8369701987210297e-16,3.74,0.0,0.0,3.74
1957-09-09,Unknown,Madya Pradesh,3.74,0.0,0.0,0.0,0.0,0.0,0.0,1,1957,9,252,1,3.74,3.74,3.74,0.0,-1.0,-1.8369701987210297e-16,3.74,0.0,0.0,3.74
1958-01-01,East Madhya Pradesh,Statewide,1171.6,0.0,0.0,0.0,0.0,0.0,0.0,0,1958,1,1,0,8348.3,38595.7,1203.7584853262122,0.0,0.49999999999999994,0.8660254037844387,1171.6,0.0,0.0,38595.7
1958-01-01,Saurashtra & Kutch,Statewide,551.6,0.0,0.0,0.0,0.0,0.0,0.0,0,1958,1,1,0,3781.5,14145.0,524.8601457066101,0.0,0.49999999999999994,0.8660254037844387,551.6,0.0,0.0,14145.0
1958-11-15,Unknown,Madras City,0.0,0.0,0.0,0.0,0.0,0.0,0.0,1,1958,11,319,0,0.0,0.0,0.0,0.0,-0.5000000000000004,0.8660254037844384,0.0,0.0,0.0,0.0
1959-01-01,Kerala,Statewide,3746.0,0.0,0.0,0.0,0.0,0.0,0.0,0,1959,1,1,0,21188.4,89682.6,3172.8428960475358,0.0,0.49999999999999994,0.8660254037844387,3746.0,0.0,0.0,89682.6
1959-01-01,Sub Himalayan West Bengal & Sikkim,Statewide,2580.1,0.0,0.0,0.0,0.0,0.0,0.0,0,1959,1,1,0,19153.899999999998,81814.79999999999,2694.2270479994595,0.0,0.49999999999999994,0.8660254037844387,2580.1,0.0,0.0,81814.79999999999
1959-07-04,Unknown,Kutch,7.83,0.0,0.0,0.0,0.0,0.0,0.0,1,1959,7,185,1,7.83,7.83,7.83,0.0,-0.4999999999999997,-0.8660254037844388,7.83,0.0,0.0,7.83
1960-01-01,Naga Mani Mizo Tripura,Statewide,1799.9,0.0,0.0,0.0,0.0,0.0,0.0,0,1960,1,1,0,17192.8,80770.6,2244.6865407575206,0.0,0.49999999999999994,0.8660254037844387,1799.9,0.0,0.0,80770.6
1960-11-10,Unknown,Maduri,0.0,0.0,0.0,0.0,0.0,0.0,0.0,1,1960,11,315,0,0.0,0.0,0.0,0.0,-0.5000000000000004,0.8660254037844384,0.0,0.0,0.0,0.0
1961-09-06,Unknown,Central,3.74,0.0,0.0,0.0,0.0,0.0,0.0,1,1961,9,249,1,3.74,3.74,3.74,0.0,-1.0,-1.8369701987210297e-16,3.74,0.0,0.0,3.74
1961-10-09,Unknown,Uttar Pradesh,0.17,0.0,0.0,0.0,0.0,0.0,0.0,1,1961,10,282,0,0.17,0.17,0.17,0.0,-0.8660254037844386,0.5000000000000001,0.17,0.0,0.0,0.17
1963-01-01,Jammu & Kashmir,Statewide,909.2,0.0,0.0,0.0,0.0,0.0,0.0,0,1963,1,1,0,8165.1,32999.799999999996,1053.1061004954413,0.0,0.49999999999999994,0.8660254037844387,909.2,0.0,0.0,32999.799999999996
1964-01-01,South Interior Karnataka,Statewide,1169.4,0.0,0.0,0.0,0.0,0.0,0.0,0,1964,1,1,0,8359.7,31590.2,1164.1719047920328,0.0,0.49999999999999994,0.8660254037844387,1169.4,0.0,0.0,31590.2
1965-01-01,Gangetic West Bengal,Statewide,1263.7,0.0,0.0,0.0,0.0,0.0,0.0,0,1965,1,1,0,9354.1,42495.8,1283.5747858576485,0.0,0.49999999999999994,0.8660254037844387,1263.7,0.0,0.0,42495.8
1967-09-05,Unknown,North,3.74,0.0,0.0,0.0,0.0,0.0,0.0,1,1967,9,248,1,3.74,3.74,3.74,0.0,-1.0,-1.8369701987210297e-16,3.74,0.0,0.0,3.74
1968-01-01,Arunachal Pradesh,Statewide,2139.0,0.0,0.0,0.0,0.0,0.0,0.0,0,1968,1,1,0,21218.45,116993.5,2569.414632165726,0.0,0.49999999999999994,0.8660254037844387,2139.0,0.0,0.0,116993.5
1968-06-12,Unknown,Assam,3.72,0.0,0.0,0.0,0.0,0.0,0.0,1,1968,6,164,1,3.72,3.72,3.72,0.0,1.2246467991473532e-16,-1.0,3.72,0.0,0.0,3.72
1970-09-02,Unknown,Gujarat,3.74,0.0,0.0,0.0,0.0,0.0,0.0,1,1970,9,245,1,9.66,9.66,5.266,0.0,-1.0,-1.8369701987210297e-16,3.74,0.0,0.0,9.66
1971-09-09,Unknown,Uttar Pradesh,3.74,0.0,0.0,0.0,0.0,0.0,0.0,1,1971,9,252,1,3.91,3.91,1.241,0.0,-1.0,-1.8369701987210297e-16,3.74,0.0,0.0,3.91
1973-01-01,West Rajasthan,Statewide,454.8,0.0,0.0,0.0,0.0,0.0,0.0,0,1973,1,1,0,1849.4,8445.7,298.2638563191605,0.0,0.49999999999999994,0.8660254037844387,454.8,0.0,0.0,8445.7
1974-01-01,Orissa,Statewide,987.0,0.0,0.0,0.0,0.0,0.0,0.0,0,1974,1,1,0,9641.8,43410.600000000006,1317.8884345998847,0.0,0.49999999999999994,0.8660254037844387,987.0,0.0,0.0,43410.600000000006
1974-07-02,Unknown,Tinsukia,7.83,0.0,0.0,0.0,0.0,0.0,0.0,1,1974,7,183,1,7.83,7.83,7.83,0.0,-0.4999999999999997,-0.8660254037844388,7.83,0.0,0.0,7.83
1976-01-01,Andaman & Nicobar Islands,Statewide,3276.0,0.0,0.0,0.0,0.0,0.0,0.0,0,1976,1,1,0,22007.2,91887.20000000001,3119.668166524264,0.0,0.49999999999999994,0.8660254037844387,3276.0,0.0,0.0,91887.20000000001
1979-08-25,Unknown,Uttar Pradesh,5.92,0.0,0.0,0.0,0.0,0.0,0.0,1,1979,8,237,1,9.83,9.83,2.6447000000000003,0.0,-0.8660254037844385,-0.5000000000000004,5.92,0.0,0.0,9.83
1980-01-01,Haryana Delhi & Chandigarh,Statewide,513.2,0.0,0.0,0.0,0.0,0.0,0.0,0,1980,1,1,0,3979.6000000000004,17128.5,538.6614752920648,0.0,0.49999999999999994,0.8660254037844387,513.2,0.0,0.0,17128.5
1981-01-01,Lakshadweep,Statewide,1617.4,0.0,0.0,0.0,0.0,0.0,0.0,0,1981,1,1,0,11862.7,47421.4,1612.900717834665,0.0,0.49999999999999994,0.8660254037844387,1617.4,0.0,0.0,47421.4
1981-01-01,Rayalseema,Statewide,785.2,0.0,0.0,0.0,0.0,0.0,0.0,0,1981,1,1,0,5766.8,22870.3,765.6619327343458,0.0,0.49999999999999994,0.8660254037844387,785.2,0.0,0.0,22870.3
1981-07-04,Unknown,Statewide,7.83,0.0,0.0,0.0,0.0,0.0,0.0,1,1981,7,185,1,7.83,7.83,7.83,0.0,-0.4999999999999997,-0.8660254037844388,7.83,0.0,0.0,7.83
1983-01-01,Himachal Pradesh,Statewide,1189.6,0.0,0.0,0.0,0.0,0.0,0.0,0,1983,1,1,0,8551.9,39108.6,1216.7677050132168,0.0,0.49999999999999994,0.8660254037844387,1189.6,0.0,0.0,39108.6
1983-01-01,Orissa,Statewide,1432.0,0.0,0.0,0.0,0.0,0.0,0.0,0,1983,1,1,0,9361.900000000001,42352.8,1337.7169787176886,0.0,0.49999999999999994,0.8660254037844387,1432.0,0.0,0.0,42352.8
1984-01-01,East Madhya Pradesh,Statewide,1110.6,0.0,0.0,0.0,0.0,0.0,0.0,0,1984,1,1,0,8291.0,36084.5,1188.9286260663384,0.0,0.49999999999999994,0.8660254037844387,1110.6,0.0,0.0,36084.5
1984-06-25,Unknown,West Bengal,3.72,0.0,0.0,0.0,0.0,0.0,0.0,1,1984,6,177,1,3.72,3.72,3.72,0.0,1.2246467991473532e-16,-1.0,3.72,0.0,0.0,3.72
1984-08-16,Unknown,Ladakh Area,5.92,0.0,0.0,0.0,0.0,0.0,0.0,1,1984,8,229,1,5.92,5.92,5.92,0.0,-0.8660254037844385,-0.5000000000000004,5.92,0.0,0.0,5.92
1985-06-23,Unknown,Kerala,3.72,0.0,0.0,0.0,0.0,0.0,0.0,1,1985,6,174,1,3.72,3.72,3.72,0.0,1.2246467991473532e-16,-1.0,3.72,0.0,0.0,3.72
1985-06-23,Unknown,Statewide,3.72,0.0,0.0,0.0,0.0,0.0,0.0,1,1985,6,174,1,11.55,11.55,6.5969999999999995,0.0,1.2246467991473532e-16,-1.0,3.72,0.0,0.0,11.55
1985-07-18,Unknown,Statewide,7.83,0.0,0.0,0.0,0.0,0.0,0.0,1,1985,7,199,1,19.380000000000003,19.380000000000003,6.966899999999999,0.0,-0.4999999999999997,-0.8660254037844388,7.83,0.0,0.0,19.380000000000003
1985-09-13,Unknown,Statewide,3.74,0.0,0.0,0.0,0.0,0.0,0.0,1,1985,9,256,1,23.12,23.12,5.998829999999999,0.0,-1.0,-1.8369701987210297e-16,3.74,0.0,0.0,23.12
1985-10-18,Unknown,Statewide,0.17,0.0,0.0,0.0,0.0,0.0,0.0,1,1985,10,291,0,23.290000000000003,23.290000000000003,4.2501809999999995,0.0,-0.8660254037844386,0.5000000000000001,0.17,0.0,0.0,23.290000000000003
1985-11-12,Unknown,Tamil Nadu,0.0,0.0,0.0,0.0,0.0,0.0,0.0,1,1985,11,316,0,0.0,0.0,0.0,0.0,-0.5000000000000004,0.8660254037844384,0.0,0.0,0.0,0.0
1986-01-01,Himachal Pradesh,Statewide,1322.6,0.0,0.0,0.0,0.0,0.0,0.0,0,1986,1,1,0,8399.5,37415.0,1207.1904228195333,0.0,0.49999999999999994,0.8660254037844387,1322.6,0.0,0.0,37415.0
1986-01-01,Madhya Maharashtra,Statewide,644.1,0.0,0.0,0.0,0.0,0.0,0.0,0,1986,1,1,0,5620.1,26744.0,753.2246561075644,0.0,0.49999999999999994,0.8660254037844387,644.1,0.0,0.0,26744.0
1986-06-15,Unknown,Statewide,3.72,0.0,0.0,0.0,0.0,0.0,0.0,1,1986,6,166,1,27.01,27.01,4.0911267,0.0,1.2246467991473532e-16,-1.0,3.72,0.0,0.0,27.01
1986-08-15,Unknown,Statewide,5.92,0.0,0.0,0.0,0.0,0.0,0.0,1,1986,8,227,1,32.93,32.93,4.63978869,0.0,-0.8660254037844385,-0.5000000000000004,5.92,0.0,0.0,32.93
1986-09-22,Unknown,Statewide,3.74,0.0,0.0,0.0,0.0,0.0,0.0,1,1986,9,265,1,28.840000000000003,36.67,4.369852083,0.0,-1.0,-1.8369701987210297e-16,3.74,0.0,0.0,36.67
1986-10-10,Unknown,Statewide,0.17,0.0,0.0,0.0,0.0,0.0,0.0,1,1986,10,283,0,25.290000000000003,36.84,3.1098964580999997,0.0,-0.8660254037844386,0.5000000000000001,0.17,0.0,0.0,36.84
1987-07-09,Unknown,Andhra Pradesh,7.83,0.0,0.0,0.0,0.0,0.0,0.0,1,1987,7,190,1,7.83,7.83,7.83,0.0,-0.4999999999999997,-0.8660254037844388,7.83,0.0,0.0,7.83
1987-09-18,Unknown,Uttar Pradesh,3.74,0.0,0.0,0.0,0.0,0.0,0.0,1,1987,9,261,1,13.57,13.57,2.9732900000000004,0.0,-1.0,-1.8369701987210297e-16,3.74,0.0,0.0,13.57
1988-01-01,Coastal Andhra Pradesh,Statewide,1164.8,0.0,0.0,0.0,0.0,0.0,0.0,0,1988,1,1,0,7091.7,30638.1,1054.3431232152298,0.0,0.49999999999999994,0.8660254037844387,1164.8,0.0,0.0,30638.1
1988-03-10,Unknown,Statewide,0.0,0.0,0.0,0.0,0.0,0.0,0.0,1,1988,3,70,0,17.46,36.84,2.1769275206699996,0.0,1.0,6.123233995736766e-17,0.0,0.0,0.0,36.84
1988-04-07,Unknown,Statewide,0.18,0.0,0.0,0.0,0.0,0.0,0.0,1,1988,4,98,0,13.9,37.02,1.5778492644689996,0.0,0.8660254037844387,-0.4999999999999998,0.18,0.0,0.0,37.02
1988-05-23,Unknown,Statewide,0.75,0.0,0.0,0.0,0.0,0.0,0.0,1,1988,5,144,0,14.48,37.77,1.3294944851282997,0.0,0.49999999999999994,-0.8660254037844387,0.75,0.0,0.0,37.77
1988-06-21,Unknown,Statewide,3.72,0.0,0.0,0.0,0.0,0.0,0.0,1,1988,6,173,1,14.48,41.49,2.04664613958981,0.0,1.2246467991473532e-16,-1.0,3.72,0.0,0.0,41.49
1988-07-14,Unknown,Statewide,7.83,0.0,0.0,0.0,0.0,0.0,0.0,1,1988,7,196,1,16.39,49.32,3.7816522977128666,0.0,-0.4999999999999997,-0.8660254037844388,7.83,0.0,0.0,49.32
1988-07-31,Unknown,Statewide,7.83,0.0,0.0,0.0,0.0,0.0,0.0,1,1988,7,213,1,20.48,57.150000000000006,4.996156608399007,0.0,-0.4999999999999997,-0.8660254037844388,7.83,0.0,0.0,57.150000000000006
1988-08-23,Unknown,Statewide,5.92,0.0,0.0,0.0,0.0,0.0,0.0,1,1988,8,236,1,26.229999999999997,63.07,5.273309625879304,0.0,-0.8660254037844385,-0.5000000000000004,5.92,0.0,0.0,63.07
1988-09-21,Unknown,Statewide,3.74,0.0,0.0,0.0,0.0,0.0,0.0,1,1988,9,265,1,29.97,66.81,4.813316738115513,0.0,-1.0,-1.8369701987210297e-16,3.74,0.0,0.0,66.81
1988-09-22,Unknown,Punjab,3.74,0.0,0.0,0.0,0.0,0.0,0.0,1,1988,9,266,1,3.74,3.74,3.74,0.0,-1.0,-1.8369701987210297e-16,3.74,0.0,0.0,3.74
1989-01-01,Arunachal Pradesh,Statewide,3281.6,0.0,0.0,0.0,0.0,0.0,0.0,0,1989,1,1,0,23245.2,88185.25,3370.455306708205,0.0,0.49999999999999994,0.8660254037844387,3281.6,0.0,0.0,88185.25
1989-03-09,Unknown,Statewide,0.0,0.0,0.0,0.0,0.0,0.0,0.0,1,1989,3,68,0,29.79,66.81,3.369321716680859,0.0,1.0,6.123233995736766e-17,0.0,0.0,0.0,66.81
1989-05-07,Unknown,Statewide,0.75,0.0,0.0,0.0,0.0,0.0,0.0,1,1989,5,127,0,29.79,67.56,2.583525201676601,0.0,0.49999999999999994,-0.8660254037844387,0.75,0.0,0.0,67.56
1989-07-22,Unknown,Statewide,7.83,0.0,0.0,0.0,0.0,0.0,0.0,1,1989,7,203,1,33.9,75.39,4.15746764117362,0.0,-0.4999999999999997,-0.8660254037844388,7.83,0.0,0.0,75.39
1989-07-28,Unknown,Maharashtra,7.83,0.0,0.0,0.0,0.0,0.0,0.0,1,1989,7,209,1,7.83,7.83,7.83,0.0,-0.4999999999999997,-0.8660254037844388,7.83,0.0,0.0,7.83
1990-03-07,Unknown,Statewide,0.0,0.0,0.0,0.0,0.0,0.0,0.0,1,1990,3,66,0,26.07,75.39,2.910227348821534,0.0,1.0,6.123233995736766e-17,0.0,0.0,0.0,75.39
1990-03-21,Unknown,Jammu,0.0,0.0,0.0,0.0,0.0,0.0,0.0,1,1990,3,80,0,0.0,0.0,0.0,0.0,1.0,6.123233995736766e-17,0.0,0.0,0.0,0.0
1990-03-21,Unknown,Statewide,0.0,0.0,0.0,0.0,0.0,0.0,0.0,1,1990,3,80,0,18.240000000000002,75.39,2.037159144175074,0.0,1.0,6.123233995736766e-17,0.0,0.0,0.0,75.39
1990-06-13,Unknown,Bombay (Assam State),3.72,0.0,0.0,0.0,0.0,0.0,0.0,1,1990,6,164,1,3.72,3.72,3.72,0.0,1.2246467991473532e-16,-1.0,3.72,0.0,0.0,3.72
1990-06-13,Unknown,Statewide,3.72,0.0,0.0,0.0,0.0,0.0,0.0,1,1990,6,164,1,16.04,79.11,2.5420114009225516,0.0,1.2246467991473532e-16,-1.0,3.72,0.0,0.0,79.11
1990-08-13,Unknown,Statewide,5.92,0.0,0.0,0.0,0.0,0.0,0.0,1,1990,8,225,1,18.22,85.03,3.555407980645786,0.0,-0.8660254037844385,-0.5000000000000004,5.92,0.0,0.0,85.03
1990-08-19,Unknown,Statewide,5.92,0.0,0.0,0.0,0.0,0.0,0.0,1,1990,8,231,1,24.14,90.95,4.26478558645205,0.0,-0.8660254037844385,-0.5000000000000004,5.92,0.0,0.0,90.95
1990-10-05,Unknown,Statewide,0.17,0.0,0.0,0.0,0.0,0.0,0.0,1,1990,10,278,0,23.560000000000002,91.12,3.036349910516435,0.0,-0.8660254037844386,0.5000000000000001,0.17,0.0,0.0,91.12
1990-10-17,Unknown,Statewide,0.17,0.0,0.0,0.0,0.0,0.0,0.0,1,1990,10,290,0,15.9,91.29,2.1764449373615045,0.0,-0.8660254037844386,0.5000000000000001,0.17,0.0,0.0,91.29
1990-10-24,Unknown,Statewide,0.17,0.0,0.0,0.0,0.0,0.0,0.0,1,1990,10,297,0,16.07,91.46000000000001,1.5745114561530529,0.0,-0.8660254037844386,0.5000000000000001,0.17,0.0,0.0,91.46000000000001
1990-10-24,Unknown,Tami Nadu State,0.17,0.0,0.0,0.0,0.0,0.0,0.0,1,1990,10,297,0,0.17,0.17,0.17,0.0,-0.8660254037844386,0.5000000000000001,0.17,0.0,0.0,0.17
1991-01-01,Gangetic West Bengal,Statewide,1609.1,0.0,0.0,0.0,0.0,0.0,0.0,0,1991,1,1,0,11674.1,45849.700000000004,1691.609345364795,0.0,0.49999999999999994,0.8660254037844387,1609.1,0.0,0.0,45849.700000000004
1991-01-09,Unknown,Statewide,0.0,0.0,0.0,0.0,0.0,0.0,0.0,1,1991,1,9,0,16.07,91.46000000000001,1.102158019307137,0.0,0.49999999999999994,0.8660254037844387,0.0,0.0,0.0,91.46000000000001
1991-05-07,Unknown,Assam,0.75,0.0,0.0,0.0,0.0,0.0,0.0,1,1991,5,127,0,4.470000000000001,4.470000000000001,2.829,0.0,0.49999999999999994,-0.8660254037844387,0.75,0.0,0.0,4.470000000000001
1991-06-01,Unknown,Kerala State,3.72,0.0,0.0,0.0,0.0,0.0,0.0,1,1991,6,152,1,3.72,3.72,3.72,0.0,1.2246467991473532e-16,-1.0,3.72,0.0,0.0,3.72
1991-06-10,Unknown,Bombay,3.72,0.0,0.0,0.0,0.0,0.0,0.0,1,1991,6,161,1,3.72,3.72,3.72,0.0,1.2246467991473532e-16,-1.0,3.72,0.0,0.0,3.72
1991-07-05,Unknown,Statewide,7.83,0.0,0.0,0.0,0.0,0.0,0.0,1,1991,7,186,1,20.18,99.29,3.1205106135149956,0.0,-0.4999999999999997,-0.8660254037844388,7.83,0.0,0.0,99.29
1991-07-13,Unknown,Assam,7.83,0.0,0.0,0.0,0.0,0.0,0.0,1,1991,7,194,1,12.3,12.3,4.3293,0.0,-0.4999999999999997,-0.8660254037844388,7.83,0.0,0.0,12.3
1991-07-13,Unknown,Statewide,7.83,0.0,0.0,0.0,0.0,0.0,0.0,1,1991,7,194,1,22.09,99.29,4.533357429460496,0.0,-0.4999999999999997,-0.8660254037844388,7.83,0.0,0.0,99.29
1991-07-29,Unknown,Statewide,7.83,0.0,0.0,0.0,0.0,0.0,0.0,1,1991,7,210,1,24.0,103.4,5.522350200622347,0.0,-0.4999999999999997,-0.8660254037844388,7.83,0.0,0.0,103.4
1991-07-30,Unknown,Andhra Pradesh,7.83,0.0,0.0,0.0,0.0,0.0,0.0,1,1991,7,211,1,15.66,15.66,7.83,0.0,-0.4999999999999997,-0.8660254037844388,7.83,0.0,0.0,15.66
1991-08-14,Unknown,Statewide,5.92,0.0,0.0,0.0,0.0,0.0,0.0,1,1991,8,226,1,29.75,101.49000000000001,5.641645140435642,0.0,-0.8660254037844385,-0.5000000000000004,5.92,0.0,0.0,101.49000000000001
1991-08-15,Unknown,Haryana,5.92,0.0,0.0,0.0,0.0,0.0,0.0,1,1991,8,227,1,5.92,5.92,5.92,0.0,-0.8660254037844385,-0.5000000000000004,5.92,0.0,0.0,5.92
1991-08-15,Unknown,Statewide,5.92,0.0,0.0,0.0,0.0,0.0,0.0,1,1991,8,227,1,35.5,103.67,5.725151598304949,0.0,-0.8660254037844385,-0.5000000000000004,5.92,0.0,0.0,103.67
1991-09-14,Unknown,Statewide,3.74,0.0,0.0,0.0,0.0,0.0,0.0,1,1991,9,257,1,39.06999999999999,107.24,5.129606118813464,0.0,-1.0,-1.8369701987210297e-16,3.74,0.0,0.0,107.24
1991-09-14,Unknown,West Bengal State,3.74,0.0,0.0,0.0,0.0,0.0,0.0,1,1991,9,257,1,3.74,3.74,3.74,0.0,-1.0,-1.8369701987210297e-16,3.74,0.0,0.0,3.74
1991-10-06,Unknown,Statewide,0.17,0.0,0.0,0.0,0.0,0.0,0.0,1,1991,10,279,0,39.239999999999995,103.69,3.6417242831694248,0.0,-0.8660254037844386,0.5000000000000001,0.17,0.0,0.0,103.69
1991-10-30,Unknown,Near Thondebhavi (Karnataka),0.17,0.0,0.0,0.0,0.0,0.0,0.0,1,1991,10,303,0,0.17,0.17,0.17,0.0,-0.8660254037844386,0.5000000000000001,0.17,0.0,0.0,0.17
1991-11-13,Unknown,Statewide,0.0,0.0,0.0,0.0,0.0,0.0,0.0,1,1991,11,317,0,31.41,97.77,2.549206998218597,0.0,-0.5000000000000004,0.8660254037844384,0.0,0.0,0.0,97.77
1992-01-01,Bihar,Statewide,797.6,0.0,0.0,0.0,0.0,0.0,0.0,0,1992,1,1,0,8672.5,35175.6,1104.5763594170537,0.0,0.49999999999999994,0.8660254037844387,797.6,0.0,0.0,35175.6
1992-01-08,Unknown,Statewide,0.0,0.0,0.0,0.0,0.0,0.0,0.0,1,1992,1,8,0,23.580000000000002,94.03,1.7844448987530177,0.0,0.49999999999999994,0.8660254037844387,0.0,0.0,0.0,94.03
1992-06-15,Unknown,Statewide,3.72,0.0,0.0,0.0,0.0,0.0,0.0,1,1992,6,167,1,19.47,97.58,2.3651114291271123,0.0,1.2246467991473532e-16,-1.0,3.72,0.0,0.0,97.58
1992-07-26,Unknown,Orissa State,7.83,0.0,0.0,0.0,0.0,0.0,0.0,1,1992,7,208,1,7.83,7.83,7.83,0.0,-0.4999999999999997,-0.8660254037844388,7.83,0.0,0.0,7.83
1992-07-26,Unknown,Statewide,7.83,0.0,0.0,0.0,0.0,0.0,0.0,1,1992,7,208,1,21.380000000000003,105.41,4.004578000388978,0.0,-0.4999999999999997,-0.8660254037844388,7.83,0.0,0.0,105.41
1992-09-08,Unknown,Uttar Pradesh,3.74,0.0,0.0,0.0,0.0,0.0,0.0,1,1992,9,252,1,17.310000000000002,17.310000000000002,3.203303,0.0,-1.0,-1.8369701987210297e-16,3.74,0.0,0.0,17.310000000000002
1992-10-07,Unknown,Statewide,0.17,0.0,0.0,0.0,0.0,0.0,0.0,1,1992,10,281,0,15.63,105.4,2.8542046002722845,0.0,-0.8660254037844386,0.5000000000000001,0.17,0.0,0.0,105.4
1992-10-08,Unknown,Vamanapuram,0.17,0.0,0.0,0.0,0.0,0.0,0.0,1,1992,10,282,0,0.17,0.17,0.17,0.0,-0.8660254037844386,0.5000000000000001,0.17,0.0,0.0,0.17
1992-11-10,Unknown,Tamil Nadu,0.0,0.0,0.0,0.0,0.0,0.0,0.0,1,1992,11,315,0,0.0,0.0,0.0,0.0,-0.5000000000000004,0.8660254037844384,0.0,0.0,0.0,0.0
1992-12-09,Unknown,Statewide,0.0,0.0,0.0,0.0,0.0,0.0,0.0,1,1992,12,344,0,11.89,104.65,1.9979432201905991,0.0,-2.4492935982947064e-16,1.0,0.0,0.0,0.0,104.65
1993-04-06,Unknown,Statewide,0.18,0.0,0.0,0.0,0.0,0.0,0.0,1,1993,4,96,0,11.9,101.11000000000001,1.4525602541334193,0.0,0.8660254037844387,-0.4999999999999998,0.18,0.0,0.0,101.11000000000001
1993-04-12,Unknown,Statewide,0.18,0.0,0.0,0.0,0.0,0.0,0.0,1,1993,4,102,0,12.08,93.46,1.0707921778933935,0.0,0.8660254037844387,-0.4999999999999998,0.18,0.0,0.0,93.46
1993-07-08,Unknown,Punjab,7.83,0.0,0.0,0.0,0.0,0.0,0.0,1,1993,7,189,1,11.57,11.57,4.967,0.0,-0.4999999999999997,-0.8660254037844388,7.83,0.0,0.0,11.57
1993-08-07,Unknown,Statewide,5.92,0.0,0.0,0.0,0.0,0.0,0.0,1,1993,8,219,1,18.0,91.55,2.5255545245253757,0.0,-0.8660254037844385,-0.5000000000000004,5.92,0.0,0.0,91.55
1993-09-09,Unknown,Statewide,3.74,0.0,0.0,0.0,0.0,0.0,0.0,1,1993,9,252,1,18.02,89.36999999999999,2.889888167167763,0.0,-1.0,-1.8369701987210297e-16,3.74,0.0,0.0,89.36999999999999
1993-09-09,Unknown,Uttar Pradesh,3.74,0.0,0.0,0.0,0.0,0.0,0.0,1,1993,9,252,1,21.05,21.05,3.3643121000000002,0.0,-1.0,-1.8369701987210297e-16,3.74,0.0,0.0,21.05
1993-10-11,Unknown,Karnataka State,0.17,0.0,0.0,0.0,0.0,0.0,0.0,1,1993,10,284,0,0.17,0.17,0.17,0.0,-0.8660254037844386,0.5000000000000001,0.17,0.0,0.0,0.17
1993-10-11,Unknown,Statewide,0.17,0.0,0.0,0.0,0.0,0.0,0.0,1,1993,10,284,0,10.360000000000001,85.8,2.073921717017434,0.0,-0.8660254037844386,0.5000000000000001,0.17,0.0,0.0,85.8
1993-11-10,Unknown,Statewide,0.0,0.0,0.0,0.0,0.0,0.0,0.0,1,1993,11,314,0,10.190000000000001,85.8,1.451745201912204,0.0,-0.5000000000000004,0.8660254037844384,0.0,0.0,0.0,85.8
1994-01-07,Unknown,Statewide,0.0,0.0,0.0,0.0,0.0,0.0,0.0,1,1994,1,7,0,10.190000000000001,85.05,1.0162216413385428,0.0,0.49999999999999994,0.8660254037844387,0.0,0.0,0.0,85.05
1994-02-09,Unknown,Statewide,0.0,0.0,0.0,0.0,0.0,0.0,0.0,1,1994,2,40,0,10.010000000000002,77.22,0.7113551489369799,0.0,0.8660254037844386,0.5000000000000001,0.0,0.0,0.0,77.22
1994-03-07,Unknown,Statewide,0.0,0.0,0.0,0.0,0.0,0.0,0.0,1,1994,3,66,0,9.830000000000002,77.22,0.49794860425588594,0.0,1.0,6.123233995736766e-17,0.0,0.0,0.0,77.22
1994-04-08,Unknown,Statewide,0.18,0.0,0.0,0.0,0.0,0.0,0.0,1,1994,4,98,0,4.09,77.4,0.40256402297912014,0.0,0.8660254037844387,-0.4999999999999998,0.18,0.0,0.0,77.4
1994-08-08,Unknown,Statewide,5.92,0.0,0.0,0.0,0.0,0.0,0.0,1,1994,8,220,1,6.27,79.60000000000001,2.057794816085384,0.0,-0.8660254037844385,-0.5000000000000004,5.92,0.0,0.0,79.60000000000001
1994-08-17,Unknown,New Delhi,5.92,0.0,0.0,0.0,0.0,0.0,0.0,1,1994,8,229,1,5.92,5.92,5.92,0.0,-0.8660254037844385,-0.5000000000000004,5.92,0.0,0.0,5.92
1994-08-20,Unknown,Statewide,5.92,0.0,0.0,0.0,0.0,0.0,0.0,1,1994,8,232,1,12.02,79.60000000000001,3.2164563712597687,0.0,-0.8660254037844385,-0.5000000000000004,5.92,0.0,0.0,79.60000000000001
1994-08-26,Unknown,Statewide,5.92,0.0,0.0,0.0,0.0,0.0,0.0,1,1994,8,238,1,17.939999999999998,79.6,4.027519459881838,0.0,-0.8660254037844385,-0.5000000000000004,5.92,0.0,0.0,79.6
1994-08-31,Unknown,Statewide,5.92,0.0,0.0,0.0,0.0,0.0,0.0,1,1994,8,243,1,23.86,85.35,4.595263621917287,0.0,-0.8660254037844385,-0.5000000000000004,5.92,0.0,0.0,85.35
1994-10-27,Unknown,Statewide,0.17,0.0,0.0,0.0,0.0,0.0,0.0,1,1994,10,300,0,24.03,85.35,3.2676845353421005,0.0,-0.8660254037844386,0.5000000000000001,0.17,0.0,0.0,85.35
1994-10-30,Unknown,Statewide,0.17,0.0,0.0,0.0,0.0,0.0,0.0,1,1994,10,303,0,24.2,85.35,2.33837917473947,0.0,-0.8660254037844386,0.5000000000000001,0.17,0.0,0.0,85.35
1995-01-09,Unknown,Statewide,0.0,0.0,0.0,0.0,0.0,0.0,0.0,1,1995,1,9,0,24.02,85.35,1.636865422317629,0.0,0.49999999999999994,0.8660254037844387,0.0,0.0,0.0,85.35
1995-02-06,Unknown,Statewide,0.0,0.0,0.0,0.0,0.0,0.0,0.0,1,1995,2,37,0,18.1,77.52,1.1458057956223402,0.0,0.8660254037844386,0.5000000000000001,0.0,0.0,0.0,77.52
1995-05-09,Unknown,Statewide,0.75,0.0,0.0,0.0,0.0,0.0,0.0,1,1995,5,129,0,12.93,70.44,1.0270640569356382,0.0,0.49999999999999994,-0.8660254037844387,0.75,0.0,0.0,70.44
1995-06-20,Unknown,Statewide,3.72,0.0,0.0,0.0,0.0,0.0,0.0,1,1995,6,171,1,10.73,66.33,1.8349448398549468,0.0,1.2246467991473532e-16,-1.0,3.72,0.0,0.0,66.33
1995-09-01,Unknown,Bihar,3.74,0.0,0.0,0.0,0.0,0.0,0.0,1,1995,9,244,1,7.48,7.48,3.74,0.0,-1.0,-1.8369701987210297e-16,3.74,0.0,0.0,7.48
1995-09-05,Unknown,Sikkim State,3.74,0.0,0.0,0.0,0.0,0.0,0.0,1,1995,9,248,1,3.74,3.74,3.74,0.0,-1.0,-1.8369701987210297e-16,3.74,0.0,0.0,3.74
1995-09-26,Unknown,Statewide,3.74,0.0,0.0,0.0,0.0,0.0,0.0,1,1995,9,269,1,8.55,64.15,2.406461387898463,0.0,-1.0,-1.8369701987210297e-16,3.74,0.0,0.0,64.15
1995-10-20,Unknown,Statewide,0.17,0.0,0.0,0.0,0.0,0.0,0.0,1,1995,10,293,0,8.55,58.4,1.7355229715289238,0.0,-0.8660254037844386,0.5000000000000001,0.17,0.0,0.0,58.4
1995-10-23,Unknown,Andhra Pradesh,0.17,0.0,0.0,0.0,0.0,0.0,0.0,1,1995,10,296,0,15.83,15.83,5.532,0.0,-0.8660254037844386,0.5000000000000001,0.17,0.0,0.0,15.83
1996-06-11,Unknown,Statewide,3.72,0.0,0.0,0.0,0.0,0.0,0.0,1,1996,6,163,1,12.100000000000001,58.38,2.3308660800702468,0.0,1.2246467991473532e-16,-1.0,3.72,0.0,0.0,58.38
1996-07-10,Unknown,West Bengal,7.83,0.0,0.0,0.0,0.0,0.0,0.0,1,1996,7,192,1,11.55,11.55,4.952999999999999,0.0,-0.4999999999999997,-0.8660254037844388,7.83,0.0,0.0,11.55
1996-07-11,Unknown,Uttar Pradesh,7.83,0.0,0.0,0.0,0.0,0.0,0.0,1,1996,7,193,1,28.880000000000003,28.880000000000003,4.704018469999999,0.0,-0.4999999999999997,-0.8660254037844388,7.83,0.0,0.0,28.880000000000003
1996-07-17,Unknown,Kishanganj,7.83,0.0,0.0,0.0,0.0,0.0,0.0,1,1996,7,199,1,7.83,7.83,7.83,0.0,-0.4999999999999997,-0.8660254037844388,7.83,0.0,0.0,7.83
1996-07-17,Unknown,Statewide,7.83,0.0,0.0,0.0,0.0,0.0,0.0,1,1996,7,199,1,19.93,66.04,3.9806062560491724,0.0,-0.4999999999999997,-0.8660254037844388,7.83,0.0,0.0,66.04
1996-08-23,Unknown,Jammu & Kashmir State,5.92,0.0,0.0,0.0,0.0,0.0,0.0,1,1996,8,236,1,5.92,5.92,5.92,0.0,-0.8660254037844385,-0.5000000000000004,5.92,0.0,0.0,5.92
1996-08-25,Unknown,Bihar,5.92,0.0,0.0,0.0,0.0,0.0,0.0,1,1996,8,238,1,13.4,13.4,4.394,0.0,-0.8660254037844385,-0.5000000000000004,5.92,0.0,0.0,13.4
1996-10-06,Unknown,Statewide,0.17,0.0,0.0,0.0,0.0,0.0,0.0,1,1996,10,280,0,20.1,66.21000000000001,2.8374243792344207,0.0,-0.8660254037844386,0.5000000000000001,0.17,0.0,0.0,66.21000000000001
1996-10-07,Unknown,Statewide,0.17,0.0,0.0,0.0,0.0,0.0,0.0,1,1996,10,281,0,19.520000000000003,66.38,2.0371970654640945,0.0,-0.8660254037844386,0.5000000000000001,0.17,0.0,0.0,66.38
1996-10-21,Unknown,Statewide,0.17,0.0,0.0,0.0,0.0,0.0,0.0,1,1996,10,295,0,15.97,62.830000000000005,1.477037945824866,0.0,-0.8660254037844386,0.5000000000000001,0.17,0.0,0.0,62.830000000000005
1996-10-21,Unknown,Tamil Nadu,0.17,0.0,0.0,0.0,0.0,0.0,0.0,1,1996,10,295,0,0.17,0.17,0.051000000000000004,0.0,-0.8660254037844386,0.5000000000000001,0.17,0.0,0.0,0.17
1997-01-08,Unknown,Statewide,0.0,0.0,0.0,0.0,0.0,0.0,0.0,1,1997,1,8,0,12.23,55.0,1.033926562077406,0.0,0.49999999999999994,0.8660254037844387,0.0,0.0,0.0,55.0
1997-04-12,Unknown,Statewide,0.18,0.0,0.0,0.0,0.0,0.0,0.0,1,1997,4,102,0,12.24,55.010000000000005,0.7777485934541842,0.0,0.8660254037844387,-0.4999999999999998,0.18,0.0,0.0,55.010000000000005
1997-05-07,Unknown,Statewide,0.75,0.0,0.0,0.0,0.0,0.0,0.0,1,1997,5,127,0,9.27,55.760000000000005,0.7694240154179289,0.0,0.49999999999999994,-0.8660254037844387,0.75,0.0,0.0,55.760000000000005
1997-06-22,Unknown,Mehsana,3.72,0.0,0.0,0.0,0.0,0.0,0.0,1,1997,6,173,1,3.72,3.72,3.72,0.0,1.2246467991473532e-16,-1.0,3.72,0.0,0.0,3.72
1997-06-22,Unknown,Statewide,3.72,0.0,0.0,0.0,0.0,0.0,0.0,1,1997,6,173,1,5.16,59.300000000000004,1.6545968107925502,0.0,1.2246467991473532e-16,-1.0,3.72,0.0,0.0,59.300000000000004
1997-08-08,Unknown,Chandigarh,5.92,0.0,0.0,0.0,0.0,0.0,0.0,1,1997,8,220,1,5.92,5.92,5.92,0.0,-0.8660254037844385,-0.5000000000000004,5.92,0.0,0.0,5.92
1997-08-08,Unknown,Statewide,5.92,0.0,0.0,0.0,0.0,0.0,0.0,1,1997,8,220,1,10.91,65.04,2.9342177675547854,0.0,-0.8660254037844385,-0.5000000000000004,5.92,0.0,0.0,65.04
1997-08-19,Unknown,Statewide,5.92,0.0,0.0,0.0,0.0,0.0,0.0,1,1997,8,231,1,16.66,65.04,3.82995243728835,0.0,-0.8660254037844385,-0.5000000000000004,5.92,0.0,0.0,65.04
1997-08-22,Unknown,Coastal Districts Of West Bengal (No Better Info),5.92,0.0,0.0,0.0,0.0,0.0,0.0,1,1997,8,234,1,5.92,5.92,5.92,0.0,-0.8660254037844385,-0.5000000000000004,5.92,0.0,0.0,5.92
1997-08-22,Unknown,Statewide,5.92,0.0,0.0,0.0,0.0,0.0,0.0,1,1997,8,234,1,22.409999999999997,67.22,4.456966706101845,0.0,-0.8660254037844385,-0.5000000000000004,5.92,0.0,0.0,67.22
1997-09-19,Unknown,Guntoor (Guntur) And Prakasham Districts (Andhra Pradesh),3.74,0.0,0.0,0.0,0.0,0.0,0.0,1,1997,9,262,1,3.74,3.74,3.74,0.0,-1.0,-1.8369701987210297e-16,3.74,0.0,0.0,3.74
1997-09-19,Unknown,Statewide,3.74,0.0,0.0,0.0,0.0,0.0,0.0,1,1997,9,262,1,26.15,70.78999999999999,4.2418766942712915,0.0,-1.0,-1.8369701987210297e-16,3.74,0.0,0.0,70.78999999999999
1998-01-01,Coastal Andhra Pradesh,Statewide,1310.8,0.0,0.0,0.0,0.0,0.0,0.0,0,1998,1,1,0,7871.6,32268.1,1174.7248802714657,0.0,0.49999999999999994,0.8660254037844387,1310.8,0.0,0.0,32268.1
1998-01-01,East Rajasthan,Statewide,475.8,0.0,0.0,0.0,0.0,0.0,0.0,0,1998,1,1,0,4677.7,19976.600000000002,612.6500874930005,0.0,0.49999999999999994,0.8660254037844387,475.8,0.0,0.0,19976.600000000002
1998-01-10,Unknown,Statewide,0.0,0.0,0.0,0.0,0.0,0.0,0.0,1,1998,1,10,0,25.97,70.78999999999999,2.969313685989904,0.0,0.49999999999999994,0.8660254037844387,0.0,0.0,0.0,70.78999999999999
1998-09-06,Unknown,Statewide,3.74,0.0,0.0,0.0,0.0,0.0,0.0,1,1998,9,249,1,28.96,74.53,3.2005195801929327,0.0,-1.0,-1.8369701987210297e-16,3.74,0.0,0.0,74.53
1998-09-16,Unknown,Gujarat,3.74,0.0,0.0,0.0,0.0,0.0,0.0,1,1998,9,259,1,13.4,13.4,4.8082,0.0,-1.0,-1.8369701987210297e-16,3.74,0.0,0.0,13.4
1998-09-16,Unknown,Statewide,3.74,0.0,0.0,0.0,0.0,0.0,0.0,1,1998,9,259,1,28.98,78.27,3.362363706135053,0.0,-1.0,-1.8369701987210297e-16,3.74,0.0,0.0,78.27
1998-09-20,Unknown,Andhra Pradesh,3.74,0.0,0.0,0.0,0.0,0.0,0.0,1,1998,9,263,1,19.57,19.57,4.9944,0.0,-1.0,-1.8369701987210297e-16,3.74,0.0,0.0,19.57
1999-01-01,Arunachal Pradesh,Statewide,2316.6,0.0,0.0,0.0,0.0,0.0,0.0,0,1999,1,1,0,19433.8,86882.40000000001,2767.946995012177,0.0,0.49999999999999994,0.8660254037844387,2316.6,0.0,0.0,86882.40000000001
1999-07-11,Unknown,Assam,7.83,0.0,0.0,0.0,0.0,0.0,0.0,1,1999,7,192,1,20.130000000000003,20.130000000000003,5.37951,0.0,-0.4999999999999997,-0.8660254037844388,7.83,0.0,0.0,20.130000000000003
1999-09-24,Unknown,Statewide,3.74,0.0,0.0,0.0,0.0,0.0,0.0,1,1999,9,267,1,26.800000000000004,82.00999999999999,3.4756545942945367,0.0,-1.0,-1.8369701987210297e-16,3.74,0.0,0.0,82.00999999999999
1999-10-29,Unknown,Statewide,0.17,0.0,0.0,0.0,0.0,0.0,0.0,1,1999,10,302,0,21.05,82.0,2.4839582160061755,0.0,-0.8660254037844386,0.5000000000000001,0.17,0.0,0.0,82.0
2000-02-08,Unknown,Statewide,0.0,0.0,0.0,0.0,0.0,0.0,0.0,1,2000,2,39,0,15.13,76.08,1.7387707512043227,0.0,0.8660254037844386,0.5000000000000001,0.0,0.0,0.0,76.08
2000-06-10,Unknown,Yingkiang,3.72,0.0,0.0,0.0,0.0,0.0,0.0,1,2000,6,162,1,3.72,3.72,3.72,0.0,1.2246467991473532e-16,-1.0,3.72,0.0,0.0,3.72
2000-07-17,Unknown,Statewide,7.83,0.0,0.0,0.0,0.0,0.0,0.0,1,2000,7,199,1,19.22,77.99000000000001,3.5661395258430257,0.0,-0.4999999999999997,-0.8660254037844388,7.83,0.0,0.0,77.99000000000001
2000-07-31,Unknown,Statewide,7.83,0.0,0.0,0.0,0.0,0.0,0.0,1,2000,7,213,1,27.05,79.9,4.845297668090117,0.0,-0.4999999999999997,-0.8660254037844388,7.83,0.0,0.0,79.9
2000-08-02,Unknown,Katihar,5.92,0.0,0.0,0.0,0.0,0.0,0.0,1,2000,8,215,1,5.92,5.92,5.92,0.0,-0.8660254037844385,-0.5000000000000004,5.92,0.0,0.0,5.92
2000-08-23,Unknown,Adilabad,5.92,0.0,0.0,0.0,0.0,0.0,0.0,1,2000,8,236,1,5.92,5.92,5.92,0.0,-0.8660254037844385,-0.5000000000000004,5.92,0.0,0.0,5.92
2000-08-23,Unknown,Statewide,5.92,0.0,0.0,0.0,0.0,0.0,0.0,1,2000,8,236,1,29.230000000000004,79.9,5.1677083676630815,0.0,-0.8660254037844385,-0.5000000000000004,5.92,0.0,0.0,79.9
2000-08-29,Unknown,Statewide,5.92,0.0,0.0,0.0,0.0,0.0,0.0,1,2000,8,242,1,31.41,85.64999999999999,5.3933958573641565,0.0,-0.8660254037844385,-0.5000000000000004,5.92,0.0,0.0,85.64999999999999
2000-08-30,Unknown,Statewide,5.92,0.0,0.0,0.0,0.0,0.0,0.0,1,2000,8,243,1,33.59,91.39999999999999,5.55137710015491,0.0,-0.8660254037844385,-0.5000000000000004,5.92,0.0,0.0,91.39999999999999
2000-09-18,Unknown,Birbhum,3.74,0.0,0.0,0.0,0.0,0.0,0.0,1,2000,9,262,1,3.74,3.74,3.74,0.0,-1.0,-1.8369701987210297e-16,3.74,0.0,0.0,3.74
2000-09-18,Unknown,Statewide,3.74,0.0,0.0,0.0,0.0,0.0,0.0,1,2000,9,262,1,37.16,95.14,5.007963970108436,0.0,-1.0,-1.8369701987210297e-16,3.74,0.0,0.0,95.14
2000-10-06,Unknown,Statewide,0.17,0.0,0.0,0.0,0.0,0.0,0.0,1,2000,10,280,0,37.33,95.31,3.5565747790759055,0.0,-0.8660254037844386,0.5000000000000001,0.17,0.0,0.0,95.31
2000-10-19,Unknown,North 24 Parganas District (West Bengal Province),0.17,0.0,0.0,0.0,0.0,0.0,0.0,1,2000,10,293,0,0.17,0.17,0.17,0.0,-0.8660254037844386,0.5000000000000001,0.17,0.0,0.0,0.17
2001-01-01,Naga Mani Mizo Tripura,Statewide,2149.0,0.0,0.0,0.0,0.0,0.0,0.0,0,2001,1,1,0,15718.0,68311.40000000001,2243.0943612032715,0.0,0.49999999999999994,0.8660254037844387,2149.0,0.0,0.0,68311.40000000001
2001-04-07,Unknown,Statewide,0.18,0.0,0.0,0.0,0.0,0.0,0.0,1,2001,4,97,0,29.680000000000003,94.74,2.5436023453531336,0.0,0.8660254037844387,-0.4999999999999998,0.18,0.0,0.0,94.74
2001-05-06,Unknown,Statewide,0.75,0.0,0.0,0.0,0.0,0.0,0.0,1,2001,5,126,0,22.6,91.77,2.0055216417471935,0.0,0.49999999999999994,-0.8660254037844387,0.75,0.0,0.0,91.77
2001-06-05,Unknown,Silchar City (Cachar District,3.72,0.0,0.0,0.0,0.0,0.0,0.0,1,2001,6,156,1,3.72,3.72,3.72,0.0,1.2246467991473532e-16,-1.0,3.72,0.0,0.0,3.72
2001-06-20,Unknown,Statewide,3.72,0.0,0.0,0.0,0.0,0.0,0.0,1,2001,6,171,1,20.4,91.75,2.5198651492230355,0.0,1.2246467991473532e-16,-1.0,3.72,0.0,0.0,91.75
2001-07-04,Unknown,Idukki,7.83,0.0,0.0,0.0,0.0,0.0,0.0,1,2001,7,185,1,7.83,7.83,7.83,0.0,-0.4999999999999997,-0.8660254037844388,7.83,0.0,0.0,7.83
2001-07-08,Unknown,Marshagal,7.83,0.0,0.0,0.0,0.0,0.0,0.0,1,2001,7,189,1,7.83,7.83,7.83,0.0,-0.4999999999999997,-0.8660254037844388,7.83,0.0,0.0,7.83
2001-07-09,Unknown,Statewide,7.83,0.0,0.0,0.0,0.0,0.0,0.0,1,2001,7,190,1,22.310000000000002,99.41,4.112905604456125,0.0,-0.4999999999999997,-0.8660254037844388,7.83,0.0,0.0,99.41
2001-07-16,Unknown,Statewide,7.83,0.0,0.0,0.0,0.0,0.0,0.0,1,2001,7,197,1,24.22,103.52,5.228033923119287,0.0,-0.4999999999999997,-0.8660254037844388,7.83,0.0,0.0,103.52
2001-08-07,Unknown,Statewide,5.92,0.0,0.0,0.0,0.0,0.0,0.0,1,2001,8,219,1,26.4,101.61,5.4356237461835,0.0,-0.8660254037844385,-0.5000000000000004,5.92,0.0,0.0,101.61
2001-08-14,Unknown,Statewide,5.92,0.0,0.0,0.0,0.0,0.0,0.0,1,2001,8,226,1,32.15,107.36,5.5809366223284504,0.0,-0.8660254037844385,-0.5000000000000004,5.92,0.0,0.0,107.36
2001-08-20,Unknown,Gopalganj,5.92,0.0,0.0,0.0,0.0,0.0,0.0,1,2001,8,232,1,5.92,5.92,5.92,0.0,-0.8660254037844385,-0.5000000000000004,5.92,0.0,0.0,5.92
2001-08-20,Unknown,Statewide,5.92,0.0,0.0,0.0,0.0,0.0,0.0,1,2001,8,232,1,37.89,113.11,5.682655635629915,0.0,-0.8660254037844385,-0.5000000000000004,5.92,0.0,0.0,113.11
2001-09-07,Unknown,Saran,3.74,0.0,0.0,0.0,0.0,0.0,0.0,1,2001,9,250,1,3.74,3.74,3.74,0.0,-1.0,-1.8369701987210297e-16,3.74,0.0,0.0,3.74
2001-09-30,Unknown,Statewide,3.74,0.0,0.0,0.0,0.0,0.0,0.0,1,2001,9,273,1,40.879999999999995,116.67999999999999,5.099858944940941,0.0,-1.0,-1.8369701987210297e-16,3.74,0.0,0.0,116.67999999999999
2001-10-16,Unknown,Statewide,0.17,0.0,0.0,0.0,0.0,0.0,0.0,1,2001,10,289,0,37.33,116.85,3.6209012614586586,0.0,-0.8660254037844386,0.5000000000000001,0.17,0.0,0.0,116.85
2002-01-01,Assam & Meghalaya,Statewide,2392.7,0.0,0.0,0.0,0.0,0.0,0.0,0,2002,1,1,0,17294.5,76956.6,2434.118148955996,0.0,0.49999999999999994,0.8660254037844387,2392.7,0.0,0.0,76956.6
2002-02-02,Unknown,Statewide,0.0,0.0,0.0,0.0,0.0,0.0,0.0,1,2002,2,33,0,29.500000000000004,116.67,2.534630883021061,0.0,0.8660254037844386,0.5000000000000001,0.0,0.0,0.0,116.67
2002-03-09,Unknown,Statewide,0.0,0.0,0.0,0.0,0.0,0.0,0.0,1,2002,3,68,0,21.67,115.92,1.7742416181147427,0.0,1.0,6.123233995736766e-17,0.0,0.0,0.0,115.92
2002-06-16,Unknown,Statewide,3.72,0.0,0.0,0.0,0.0,0.0,0.0,1,2002,6,167,1,19.47,115.92,2.35796913268032,0.0,1.2246467991473532e-16,-1.0,3.72,0.0,0.0,115.92
2002-06-21,Unknown,Barpeta,3.72,0.0,0.0,0.0,0.0,0.0,0.0,1,2002,6,172,1,3.72,3.72,3.72,0.0,1.2246467991473532e-16,-1.0,3.72,0.0,0.0,3.72
2002-06-21,Unknown,Statewide,3.72,0.0,0.0,0.0,0.0,0.0,0.0,1,2002,6,172,1,17.27,113.72,2.766578392876224,0.0,1.2246467991473532e-16,-1.0,3.72,0.0,0.0,113.72
2002-06-25,Unknown,Statewide,3.72,0.0,0.0,0.0,0.0,0.0,0.0,1,2002,6,176,1,15.07,111.52000000000001,3.0526048750133565,0.0,1.2246467991473532e-16,-1.0,3.72,0.0,0.0,111.52000000000001
2002-06-26,Unknown,Statewide,3.72,0.0,0.0,0.0,0.0,0.0,0.0,1,2002,6,177,1,15.05,109.32000000000001,3.2528234125093496,0.0,1.2246467991473532e-16,-1.0,3.72,0.0,0.0,109.32000000000001
2002-08-11,Unknown,Tehri Garhwal District (Uttaranchal Province),5.92,0.0,0.0,0.0,0.0,0.0,0.0,1,2002,8,223,1,5.92,5.92,5.92,0.0,-0.8660254037844385,-0.5000000000000004,5.92,0.0,0.0,5.92
2002-08-20,Unknown,Balaghat District (Madhya Pradesh Province),5.92,0.0,0.0,0.0,0.0,0.0,0.0,1,2002,8,232,1,5.92,5.92,5.92,0.0,-0.8660254037844385,-0.5000000000000004,5.92,0.0,0.0,5.92
2002-09-03,Unknown,Bharuch District (Gujarat Province),3.74,0.0,0.0,0.0,0.0,0.0,0.0,1,2002,9,246,1,3.74,3.74,3.74,0.0,-1.0,-1.8369701987210297e-16,3.74,0.0,0.0,3.74
2002-10-01,Unknown,Chennai,0.17,0.0,0.0,0.0,0.0,0.0,0.0,1,2002,10,274,0,0.17,0.17,0.17,0.0,-0.8660254037844386,0.5000000000000001,0.17,0.0,0.0,0.17
2002-10-10,Unknown,Kannur,0.17,0.0,0.0,0.0,0.0,0.0,0.0,1,2002,10,283,0,0.17,0.17,0.17,0.0,-0.8660254037844386,0.5000000000000001,0.17,0.0,0.0,0.17
2002-10-10,Unknown,Statewide,0.17,0.0,0.0,0.0,0.0,0.0,0.0,1,2002,10,283,0,15.05,105.75000000000001,2.327976388756545,0.0,-0.8660254037844386,0.5000000000000001,0.17,0.0,0.0,105.75000000000001
2002-10-31,Unknown,Statewide,0.17,0.0,0.0,0.0,0.0,0.0,0.0,1,2002,10,304,0,15.22,105.92,1.6805834721295811,0.0,-0.8660254037844386,0.5000000000000001,0.17,0.0,0.0,105.92
2002-11-08,Unknown,Statewide,0.0,0.0,0.0,0.0,0.0,0.0,0.0,1,2002,11,312,0,15.22,102.17999999999999,1.1764084304907068,0.0,-0.5000000000000004,0.8660254037844384,0.0,0.0,0.0,102.17999999999999
2003-01-01,Naga Mani Mizo Tripura,Statewide,2162.2,0.0,0.0,0.0,0.0,0.0,0.0,0,2003,1,1,0,15587.8,69256.3,2218.659236989603,0.0,0.49999999999999994,0.8660254037844387,2162.2,0.0,0.0,69256.3
2003-06-11,Unknown,Assam,3.72,0.0,0.0,0.0,0.0,0.0,0.0,1,2003,6,162,1,23.85,23.85,4.881657,0.0,1.2246467991473532e-16,-1.0,3.72,0.0,0.0,23.85
2003-06-20,Unknown,Statewide,3.72,0.0,0.0,0.0,0.0,0.0,0.0,1,2003,6,171,1,15.22,102.16,1.9394859013434949,0.0,1.2246467991473532e-16,-1.0,3.72,0.0,0.0,102.16
2003-06-21,Unknown,Statewide,3.72,0.0,0.0,0.0,0.0,0.0,0.0,1,2003,6,172,1,15.219999999999999,102.14,2.4736401309404465,0.0,1.2246467991473532e-16,-1.0,3.72,0.0,0.0,102.14
2003-07-15,Unknown,Khavda,7.83,0.0,0.0,0.0,0.0,0.0,0.0,1,2003,7,196,1,7.83,7.83,7.83,0.0,-0.4999999999999997,-0.8660254037844388,7.83,0.0,0.0,7.83
2003-07-16,Unknown,Kullu District (Himachal Pradesh Province),7.83,0.0,0.0,0.0,0.0,0.0,0.0,1,2003,7,197,1,7.83,7.83,7.83,0.0,-0.4999999999999997,-0.8660254037844388,7.83,0.0,0.0,7.83
2003-07-29,Unknown,Statewide,7.83,0.0,0.0,0.0,0.0,0.0,0.0,1,2003,7,210,1,19.330000000000002,109.80000000000001,4.080548091658312,0.0,-0.4999999999999997,-0.8660254037844388,7.83,0.0,0.0,109.80000000000001
2003-08-07,Unknown,Solang Village (Kullu District,5.92,0.0,0.0,0.0,0.0,0.0,0.0,1,2003,8,219,1,5.92,5.92,5.92,0.0,-0.8660254037844385,-0.5000000000000004,5.92,0.0,0.0,5.92
2003-08-27,Unknown,Cuttack,5.92,0.0,0.0,0.0,0.0,0.0,0.0,1,2003,8,239,1,5.92,5.92,5.92,0.0,-0.8660254037844385,-0.5000000000000004,5.92,0.0,0.0,5.92
2003-08-27,Unknown,Statewide,5.92,0.0,0.0,0.0,0.0,0.0,0.0,1,2003,8,239,1,21.53,115.72000000000001,4.632383664160819,0.0,-0.8660254037844385,-0.5000000000000004,5.92,0.0,0.0,115.72000000000001
2003-09-10,Unknown,Uttar Pradesh Province,3.74,0.0,0.0,0.0,0.0,0.0,0.0,1,2003,9,253,1,3.74,3.74,3.74,0.0,-1.0,-1.8369701987210297e-16,3.74,0.0,0.0,3.74
2004-01-08,Unknown,Statewide,0.0,0.0,0.0,0.0,0.0,0.0,0.0,1,2004,1,8,0,21.36,107.89000000000001,3.242668564912573,0.0,0.49999999999999994,0.8660254037844387,0.0,0.0,0.0,107.89000000000001
2004-04-10,Unknown,Leimapokpam,0.18,0.0,0.0,0.0,0.0,0.0,0.0,1,2004,4,101,0,0.18,0.18,0.18,0.0,0.8660254037844387,-0.4999999999999998,0.18,0.0,0.0,0.18
2004-06-09,Unknown,Wayanad,3.72,0.0,0.0,0.0,0.0,0.0,0.0,1,2004,6,161,1,3.72,3.72,3.72,0.0,1.2246467991473532e-16,-1.0,3.72,0.0,0.0,3.72
2004-06-20,Unknown,Darbhanga,3.72,0.0,0.0,0.0,0.0,0.0,0.0,1,2004,6,172,1,3.72,3.72,3.72,0.0,1.2246467991473532e-16,-1.0,3.72,0.0,0.0,3.72
2004-06-20,Unknown,Statewide,3.72,0.0,0.0,0.0,0.0,0.0,0.0,1,2004,6,172,1,24.91,103.78,3.385867995438801,0.0,1.2246467991473532e-16,-1.0,3.72,0.0,0.0,103.78
2004-07-10,Unknown,Statewide,7.83,0.0,0.0,0.0,0.0,0.0,0.0,1,2004,7,192,1,32.74,105.69000000000001,4.71910759680716,0.0,-0.4999999999999997,-0.8660254037844388,7.83,0.0,0.0,105.69000000000001
2004-08-01,Unknown,Uttarakhand,5.92,0.0,0.0,0.0,0.0,0.0,0.0,1,2004,8,214,1,5.92,5.92,5.92,0.0,-0.8660254037844385,-0.5000000000000004,5.92,0.0,0.0,5.92
2004-09-06,Unknown,Statewide,3.74,0.0,0.0,0.0,0.0,0.0,0.0,1,2004,9,250,1,32.760000000000005,103.51,4.425375317765012,0.0,-1.0,-1.8369701987210297e-16,3.74,0.0,0.0,103.51
2004-09-20,Unknown,Uttar Pradesh,3.74,0.0,0.0,0.0,0.0,0.0,0.0,1,2004,9,264,1,32.45,32.620000000000005,4.414812928999999,0.0,-1.0,-1.8369701987210297e-16,3.74,0.0,0.0,32.620000000000005
2004-10-07,Unknown,Goalpara District (Assam Province),0.17,0.0,0.0,0.0,0.0,0.0,0.0,1,2004,10,281,0,0.17,0.17,0.17,0.0,-0.8660254037844386,0.5000000000000001,0.17,0.0,0.0,0.17
2005-02-07,Unknown,Statewide,0.0,0.0,0.0,0.0,0.0,0.0,0.0,1,2005,2,38,0,29.04,97.59,3.0977627224355087,0.0,0.8660254037844386,0.5000000000000001,0.0,0.0,0.0,97.59
2005-05-27,Unknown,Mokokchung District (Nagaland Province),0.75,0.0,0.0,0.0,0.0,0.0,0.0,1,2005,5,147,0,0.75,0.75,0.75,0.0,0.49999999999999994,-0.8660254037844387,0.75,0.0,0.0,0.75
2005-06-26,Unknown,Sangla,3.72,0.0,0.0,0.0,0.0,0.0,0.0,1,2005,6,177,1,3.72,3.72,3.72,0.0,1.2246467991473532e-16,-1.0,3.72,0.0,0.0,3.72
2005-06-26,Unknown,Statewide,3.72,0.0,0.0,0.0,0.0,0.0,0.0,1,2005,6,177,1,24.93,97.57,3.284433905704856,0.0,1.2246467991473532e-16,-1.0,3.72,0.0,0.0,97.57
2005-06-28,Unknown,Statewide,3.72,0.0,0.0,0.0,0.0,0.0,0.0,1,2005,6,179,1,22.73,101.11999999999999,3.415103733993399,0.0,1.2246467991473532e-16,-1.0,3.72,0.0,0.0,101.11999999999999
2005-06-28,Unknown,Surat,3.72,0.0,0.0,0.0,0.0,0.0,0.0,1,2005,6,179,1,3.72,3.72,3.72,0.0,1.2246467991473532e-16,-1.0,3.72,0.0,0.0,3.72
2005-06-29,Unknown,Statewide,3.72,0.0,0.0,0.0,0.0,0.0,0.0,1,2005,6,180,1,26.45,104.66,3.506572613795379,0.0,1.2246467991473532e-16,-1.0,3.72,0.0,0.0,104.66
2005-07-02,Unknown,Ashoknagar,7.83,0.0,0.0,0.0,0.0,0.0,0.0,1,2005,7,183,1,7.83,7.83,7.83,0.0,-0.4999999999999997,-0.8660254037844388,7.83,0.0,0.0,7.83
2005-07-05,Unknown,Himachal Pradesh,7.83,0.0,0.0,0.0,0.0,0.0,0.0,1,2005,7,186,1,7.83,7.83,7.83,0.0,-0.4999999999999997,-0.8660254037844388,7.83,0.0,0.0,7.83
2005-07-07,Unknown,Statewide,7.83,0.0,0.0,0.0,0.0,0.0,0.0,1,2005,7,188,1,30.560000000000002,111.74000000000001,4.803600829656765,0.0,-0.4999999999999997,-0.8660254037844388,7.83,0.0,0.0,111.74000000000001
2005-07-07,Unknown,Yingkiong Village (Upper Siang (70051) District,7.83,0.0,0.0,0.0,0.0,0.0,0.0,1,2005,7,188,1,7.83,7.83,7.83,0.0,-0.4999999999999997,-0.8660254037844388,7.83,0.0,0.0,7.83
2005-07-09,Unknown,Digras,7.83,0.0,0.0,0.0,0.0,0.0,0.0,1,2005,7,190,1,7.83,7.83,7.83,0.0,-0.4999999999999997,-0.8660254037844388,7.83,0.0,0.0,7.83
2005-07-10,Unknown,Adilabad,7.83,0.0,0.0,0.0,0.0,0.0,0.0,1,2005,7,191,1,13.75,13.75,6.493,0.0,-0.4999999999999997,-0.8660254037844388,7.83,0.0,0.0,13.75
2005-07-23,Unknown,Karnataka,7.83,0.0,0.0,0.0,0.0,0.0,0.0,1,2005,7,204,1,7.83,7.83,7.83,0.0,-0.4999999999999997,-0.8660254037844388,7.83,0.0,0.0,7.83
2005-07-23,Unknown,Statewide,7.83,0.0,0.0,0.0,0.0,0.0,0.0,1,2005,7,204,1,30.560000000000002,115.85000000000001,5.711520580759736,0.0,-0.4999999999999997,-0.8660254037844388,7.83,0.0,0.0,115.85000000000001
2005-07-24,Unknown,Gujarat,7.83,0.0,0.0,0.0,0.0,0.0,0.0,1,2005,7,205,1,21.23,21.23,5.71474,0.0,-0.4999999999999997,-0.8660254037844388,7.83,0.0,0.0,21.23
2005-07-24,Unknown,Statewide,7.83,0.0,0.0,0.0,0.0,0.0,0.0,1,2005,7,205,1,34.65,115.85000000000001,6.347064406531814,0.0,-0.4999999999999997,-0.8660254037844388,7.83,0.0,0.0,115.85000000000001
2005-07-30,Unknown,Statewide,7.83,0.0,0.0,0.0,0.0,0.0,0.0,1,2005,7,211,1,42.480000000000004,115.85000000000001,6.791945084572269,0.0,-0.4999999999999997,-0.8660254037844388,7.83,0.0,0.0,115.85000000000001
2005-08-26,Unknown,Azamgarh District (Uttar Pradesh Province),5.92,0.0,0.0,0.0,0.0,0.0,0.0,1,2005,8,238,1,5.92,5.92,5.92,0.0,-0.8660254037844385,-0.5000000000000004,5.92,0.0,0.0,5.92
2005-08-26,Unknown,Statewide,5.92,0.0,0.0,0.0,0.0,0.0,0.0,1,2005,8,238,1,44.68,115.85000000000001,6.530361559200588,0.0,-0.8660254037844385,-0.5000000000000004,5.92,0.0,0.0,115.85000000000001
2005-09-14,Unknown,Raj Nandgaon,3.74,0.0,0.0,0.0,0.0,0.0,0.0,1,2005,9,257,1,3.74,3.74,3.74,0.0,-1.0,-1.8369701987210297e-16,3.74,0.0,0.0,3.74
2005-09-14,Unknown,Statewide,3.74,0.0,0.0,0.0,0.0,0.0,0.0,1,2005,9,257,1,44.7,113.67,5.693253091440411,0.0,-1.0,-1.8369701987210297e-16,3.74,0.0,0.0,113.67
2005-09-16,Unknown,Himachal Pradesh,3.74,0.0,0.0,0.0,0.0,0.0,0.0,1,2005,9,259,1,11.57,11.57,6.603,0.0,-1.0,-1.8369701987210297e-16,3.74,0.0,0.0,11.57
2005-09-16,Unknown,Statewide,3.74,0.0,0.0,0.0,0.0,0.0,0.0,1,2005,9,259,1,44.72,111.49000000000001,5.107277164008288,0.0,-1.0,-1.8369701987210297e-16,3.74,0.0,0.0,111.49000000000001
2005-09-22,Unknown,Statewide,3.74,0.0,0.0,0.0,0.0,0.0,0.0,1,2005,9,265,1,40.629999999999995,111.49000000000001,4.697094014805801,0.0,-1.0,-1.8369701987210297e-16,3.74,0.0,0.0,111.49000000000001
2005-09-22,Unknown,Surat,3.74,0.0,0.0,0.0,0.0,0.0,0.0,1,2005,9,265,1,7.460000000000001,7.460000000000001,3.726,0.0,-1.0,-1.8369701987210297e-16,3.74,0.0,0.0,7.460000000000001
2005-10-21,Unknown,East Midnapore,0.17,0.0,0.0,0.0,0.0,0.0,0.0,1,2005,10,294,0,0.17,0.17,0.17,0.0,-0.8660254037844386,0.5000000000000001,0.17,0.0,0.0,0.17
2005-10-21,Unknown,Statewide,0.17,0.0,0.0,0.0,0.0,0.0,0.0,1,2005,10,294,0,32.97,111.49000000000001,3.3389658103640607,0.0,-0.8660254037844386,0.5000000000000001,0.17,0.0,0.0,111.49000000000001
2005-10-23,Unknown,Salem,0.17,0.0,0.0,0.0,0.0,0.0,0.0,1,2005,10,296,0,0.17,0.17,0.17,0.0,-0.8660254037844386,0.5000000000000001,0.17,0.0,0.0,0.17
2005-10-23,Unknown,Statewide,0.17,0.0,0.0,0.0,0.0,0.0,0.0,1,2005,10,296,0,25.310000000000002,111.66000000000001,2.3882760672548424,0.0,-0.8660254037844386,0.5000000000000001,0.17,0.0,0.0,111.66000000000001
2005-12-02,Unknown,Tamil Nadu Province,0.0,0.0,0.0,0.0,0.0,0.0,0.0,1,2005,12,336,0,0.0,0.0,0.0,0.0,-2.4492935982947064e-16,1.0,0.0,0.0,0.0,0.0
2006-01-08,Unknown,Statewide,0.0,0.0,0.0,0.0,0.0,0.0,0.0,1,2006,1,8,0,17.48,111.66000000000001,1.6717932470783896,0.0,0.49999999999999994,0.8660254037844387,0.0,0.0,0.0,111.66000000000001
2006-03-07,Unknown,Statewide,0.0,0.0,0.0,0.0,0.0,0.0,0.0,1,2006,3,66,0,11.56,107.94000000000001,1.1702552729548727,0.0,1.0,6.123233995736766e-17,0.0,0.0,0.0,107.94000000000001
2006-03-09,Unknown,Madhya Pradesh,0.0,0.0,0.0,0.0,0.0,0.0,0.0,1,2006,3,68,0,0.0,0.0,0.0,0.0,1.0,6.123233995736766e-17,0.0,0.0,0.0,0.0
2006-04-07,Unknown,Statewide,0.18,0.0,0.0,0.0,0.0,0.0,0.0,1,2006,4,97,0,8.0,104.4,0.873178691068411,0.0,0.8660254037844387,-0.4999999999999998,0.18,0.0,0.0,104.4
2006-04-15,Unknown,Adilabad,0.18,0.0,0.0,0.0,0.0,0.0,0.0,1,2006,4,105,0,13.93,13.93,4.5991,0.0,0.8660254037844387,-0.4999999999999998,0.18,0.0,0.0,13.93
2006-04-15,Unknown,Statewide,0.18,0.0,0.0,0.0,0.0,0.0,0.0,1,2006,4,105,0,4.44,100.86,0.6652250837478877,0.0,0.8660254037844387,-0.4999999999999998,0.18,0.0,0.0,100.86
2006-05-25,Unknown,Kerala Province,0.75,0.0,0.0,0.0,0.0,0.0,0.0,1,2006,5,145,0,0.75,0.75,0.75,0.0,0.49999999999999994,-0.8660254037844387,0.75,0.0,0.0,0.75
2006-05-25,Unknown,Statewide,0.75,0.0,0.0,0.0,0.0,0.0,0.0,1,2006,5,145,0,1.45,97.89,0.6906575586235213,0.0,0.49999999999999994,-0.8660254037844387,0.75,0.0,0.0,97.89
2006-05-31,Unknown,Assam,0.75,0.0,0.0,0.0,0.0,0.0,0.0,1,2006,5,151,0,24.6,24.6,3.6421599,0.0,0.49999999999999994,-0.8660254037844387,0.75,0.0,0.0,24.6
2006-05-31,Unknown,Maharashtra,0.75,0.0,0.0,0.0,0.0,0.0,0.0,1,2006,5,151,0,8.58,8.58,5.7059999999999995,0.0,0.49999999999999994,-0.8660254037844387,0.75,0.0,0.0,8.58
2006-05-31,Unknown,Statewide,0.75,0.0,0.0,0.0,0.0,0.0,0.0,1,2006,5,151,0,2.0300000000000002,98.47,0.7084602910364648,0.0,0.49999999999999994,-0.8660254037844387,0.75,0.0,0.0,98.47
2006-06-24,Unknown,Ballia,3.72,0.0,0.0,0.0,0.0,0.0,0.0,1,2006,6,175,1,3.72,3.72,3.72,0.0,1.2246467991473532e-16,-1.0,3.72,0.0,0.0,3.72
2006-06-24,Unknown,Statewide,3.72,0.0,0.0,0.0,0.0,0.0,0.0,1,2006,6,175,1,5.58,102.02000000000001,1.6119222037255254,0.0,1.2246467991473532e-16,-1.0,3.72,0.0,0.0,102.02000000000001
2006-07-03,Unknown,Gajapati,7.83,0.0,0.0,0.0,0.0,0.0,0.0,1,2006,7,184,1,7.83,7.83,7.83,0.0,-0.4999999999999997,-0.8660254037844388,7.83,0.0,0.0,7.83
2006-07-04,Unknown,Navsari,7.83,0.0,0.0,0.0,0.0,0.0,0.0,1,2006,7,185,1,7.83,7.83,7.83,0.0,-0.4999999999999997,-0.8660254037844388,7.83,0.0,0.0,7.83
2006-07-24,Unknown,Jammu And Kashmir Provinces,7.83,0.0,0.0,0.0,0.0,0.0,0.0,1,2006,7,205,1,7.83,7.83,7.83,0.0,-0.4999999999999997,-0.8660254037844388,7.83,0.0,0.0,7.83
2006-07-28,Unknown,Andhra Pradesh,7.83,0.0,0.0,0.0,0.0,0.0,0.0,1,2006,7,209,1,27.4,27.4,5.845079999999999,0.0,-0.4999999999999997,-0.8660254037844388,7.83,0.0,0.0,27.4
2006-07-28,Unknown,Statewide,7.83,0.0,0.0,0.0,0.0,0.0,0.0,1,2006,7,209,1,13.41,109.85000000000001,3.4773455426078677,0.0,-0.4999999999999997,-0.8660254037844388,7.83,0.0,0.0,109.85000000000001
2006-08-01,Unknown,Orissa,5.92,0.0,0.0,0.0,0.0,0.0,0.0,1,2006,8,213,1,5.92,5.92,5.92,0.0,-0.8660254037844385,-0.5000000000000004,5.92,0.0,0.0,5.92
2006-08-18,Unknown,Barmer,5.92,0.0,0.0,0.0,0.0,0.0,0.0,1,2006,8,230,1,5.92,5.92,5.92,0.0,-0.8660254037844385,-0.5000000000000004,5.92,0.0,0.0,5.92
2006-08-29,Unknown,Balrampur,5.92,0.0,0.0,0.0,0.0,0.0,0.0,1,2006,8,241,1,5.92,5.92,5.92,0.0,-0.8660254037844385,-0.5000000000000004,5.92,0.0,0.0,5.92
2006-08-29,Unknown,Statewide,5.92,0.0,0.0,0.0,0.0,0.0,0.0,1,2006,8,241,1,19.33,112.05000000000001,4.210141879825507,0.0,-0.8660254037844385,-0.5000000000000004,5.92,0.0,0.0,112.05000000000001
2006-08-31,Unknown,Jammu And Kashmir Provinces,5.92,0.0,0.0,0.0,0.0,0.0,0.0,1,2006,8,243,1,13.75,13.75,7.257,0.0,-0.8660254037844385,-0.5000000000000004,5.92,0.0,0.0,13.75
2006-08-31,Unknown,Statewide,5.92,0.0,0.0,0.0,0.0,0.0,0.0,1,2006,8,243,1,25.07,114.25,4.723099315877855,0.0,-0.8660254037844385,-0.5000000000000004,5.92,0.0,0.0,114.25
2006-09-18,Unknown,Statewide,3.74,0.0,0.0,0.0,0.0,0.0,0.0,1,2006,9,261,1,28.630000000000003,110.16,4.428169521114499,0.0,-1.0,-1.8369701987210297e-16,3.74,0.0,0.0,110.16
2006-10-01,Unknown,Madhya Pradesh Province,0.17,0.0,0.0,0.0,0.0,0.0,0.0,1,2006,10,274,0,0.17,0.17,0.17,0.0,-0.8660254037844386,0.5000000000000001,0.17,0.0,0.0,0.17
2006-10-26,Unknown,Statewide,0.17,0.0,0.0,0.0,0.0,0.0,0.0,1,2006,10,299,0,28.05,104.41,3.150718664780149,0.0,-0.8660254037844386,0.5000000000000001,0.17,0.0,0.0,104.41
2006-10-26,Unknown,Tamil Nadu,0.17,0.0,0.0,0.0,0.0,0.0,0.0,1,2006,10,299,0,0.34,0.34,0.0867,0.0,-0.8660254037844386,0.5000000000000001,0.17,0.0,0.0,0.34
2007-01-01,Andaman & Nicobar Islands,Statewide,2748.0,0.0,0.0,0.0,0.0,0.0,0.0,0,2007,1,1,0,18624.5,80817.59999999999,2656.4497451817674,0.0,0.49999999999999994,0.8660254037844387,2748.0,0.0,0.0,80817.59999999999
2007-01-07,Unknown,Statewide,0.0,0.0,0.0,0.0,0.0,0.0,0.0,1,2007,1,7,0,27.3,104.41,2.2055030653461043,0.0,0.49999999999999994,0.8660254037844387,0.0,0.0,0.0,104.41
2007-02-11,Unknown,Rajasthan,0.0,0.0,0.0,0.0,0.0,0.0,0.0,1,2007,2,42,0,0.0,0.0,0.0,0.0,0.8660254037844386,0.5000000000000001,0.0,0.0,0.0,0.0
2007-03-07,Unknown,Statewide,0.0,0.0,0.0,0.0,0.0,0.0,0.0,1,2007,3,66,0,23.58,100.69,1.543852145742273,0.0,1.0,6.123233995736766e-17,0.0,0.0,0.0,100.69
2007-03-08,Unknown,Statewide,0.0,0.0,0.0,0.0,0.0,0.0,0.0,1,2007,3,67,0,15.75,92.86,1.0806965020195909,0.0,1.0,6.123233995736766e-17,0.0,0.0,0.0,92.86
2007-03-20,Unknown,Statewide,0.0,0.0,0.0,0.0,0.0,0.0,0.0,1,2007,3,79,0,9.83,89.12,0.7564875514137136,0.0,1.0,6.123233995736766e-17,0.0,0.0,0.0,89.12
2007-06-18,Unknown,Lakhimpur,3.72,0.0,0.0,0.0,0.0,0.0,0.0,1,2007,6,169,1,3.72,3.72,3.72,0.0,1.2246467991473532e-16,-1.0,3.72,0.0,0.0,3.72
2007-06-18,Unknown,Statewide,3.72,0.0,0.0,0.0,0.0,0.0,0.0,1,2007,6,169,1,7.630000000000001,92.84,1.6455412859895997,0.0,1.2246467991473532e-16,-1.0,3.72,0.0,0.0,92.84
2007-06-22,Unknown,Kurnool,3.72,0.0,0.0,0.0,0.0,0.0,0.0,1,2007,6,173,1,3.72,3.72,3.72,0.0,1.2246467991473532e-16,-1.0,3.72,0.0,0.0,3.72
2007-06-22,Unknown,Statewide,3.72,0.0,0.0,0.0,0.0,0.0,0.0,1,2007,6,173,1,7.61,92.84,2.26787890019272,0.0,1.2246467991473532e-16,-1.0,3.72,0.0,0.0,92.84
2007-06-30,Unknown,Raipur,3.72,0.0,0.0,0.0,0.0,0.0,0.0,1,2007,6,181,1,3.72,3.72,3.72,0.0,1.2246467991473532e-16,-1.0,3.72,0.0,0.0,3.72
2007-06-30,Unknown,Statewide,3.72,0.0,0.0,0.0,0.0,0.0,0.0,1,2007,6,181,1,11.16,92.84,2.703515230134904,0.0,1.2246467991473532e-16,-1.0,3.72,0.0,0.0,92.84
2007-07-01,Unknown,Amravati,7.83,0.0,0.0,0.0,0.0,0.0,0.0,1,2007,7,182,1,7.83,7.83,7.83,0.0,-0.4999999999999997,-0.8660254037844388,7.83,0.0,0.0,7.83
2007-07-01,Unknown,Junagadh District (Daman And Diu Province),7.83,0.0,0.0,0.0,0.0,0.0,0.0,1,2007,7,182,1,7.83,7.83,7.83,0.0,-0.4999999999999997,-0.8660254037844388,7.83,0.0,0.0,7.83
2007-07-03,Unknown,Bihar,7.83,0.0,0.0,0.0,0.0,0.0,0.0,1,2007,7,184,1,21.23,21.23,5.424799999999999,0.0,-0.4999999999999997,-0.8660254037844388,7.83,0.0,0.0,21.23
2007-07-12,Unknown,Assam,7.83,0.0,0.0,0.0,0.0,0.0,0.0,1,2007,7,193,1,32.43,32.43,4.89851193,0.0,-0.4999999999999997,-0.8660254037844388,7.83,0.0,0.0,32.43
2007-07-16,Unknown,Kerala Province,7.83,0.0,0.0,0.0,0.0,0.0,0.0,1,2007,7,197,1,8.58,8.58,2.8739999999999997,0.0,-0.4999999999999997,-0.8660254037844388,7.83,0.0,0.0,8.58
2007-07-16,Unknown,Statewide,7.83,0.0,0.0,0.0,0.0,0.0,0.0,1,2007,7,197,1,18.990000000000002,96.95,4.2414606610944325,0.0,-0.4999999999999997,-0.8660254037844388,7.83,0.0,0.0,96.95
2007-07-21,Unknown,Udaipur,7.83,0.0,0.0,0.0,0.0,0.0,0.0,1,2007,7,202,1,7.83,7.83,7.83,0.0,-0.4999999999999997,-0.8660254037844388,7.83,0.0,0.0,7.83
2007-08-03,Unknown,Cuttack,5.92,0.0,0.0,0.0,0.0,0.0,0.0,1,2007,8,215,1,11.84,11.84,5.92,0.0,-0.8660254037844385,-0.5000000000000004,5.92,0.0,0.0,11.84
2007-08-08,Unknown,Gujarat Province,5.92,0.0,0.0,0.0,0.0,0.0,0.0,1,2007,8,220,1,5.92,5.92,5.92,0.0,-0.8660254037844385,-0.5000000000000004,5.92,0.0,0.0,5.92
2007-08-08,Unknown,Statewide,5.92,0.0,0.0,0.0,0.0,0.0,0.0,1,2007,8,220,1,24.91,95.04,4.745022462766102,0.0,-0.8660254037844385,-0.5000000000000004,5.92,0.0,0.0,95.04
2007-08-12,Unknown,Himachal Pradesh Province,5.92,0.0,0.0,0.0,0.0,0.0,0.0,1,2007,8,224,1,5.92,5.92,5.92,0.0,-0.8660254037844385,-0.5000000000000004,5.92,0.0,0.0,5.92
2007-09-16,Unknown,Kurnool,3.74,0.0,0.0,0.0,0.0,0.0,0.0,1,2007,9,259,1,7.460000000000001,7.460000000000001,3.726,0.0,-1.0,-1.8369701987210297e-16,3.74,0.0,0.0,7.460000000000001
2007-09-16,Unknown,Statewide,3.74,0.0,0.0,0.0,0.0,0.0,0.0,1,2007,9,259,1,28.65,90.94999999999999,4.4435157239362715,0.0,-1.0,-1.8369701987210297e-16,3.74,0.0,0.0,90.94999999999999
2007-09-22,Unknown,Baleshwar,3.74,0.0,0.0,0.0,0.0,0.0,0.0,1,2007,9,265,1,3.74,3.74,3.74,0.0,-1.0,-1.8369701987210297e-16,3.74,0.0,0.0,3.74
2007-09-22,Unknown,Statewide,3.74,0.0,0.0,0.0,0.0,0.0,0.0,1,2007,9,265,1,32.39,86.86,4.23246100675539,0.0,-1.0,-1.8369701987210297e-16,3.74,0.0,0.0,86.86
2007-10-17,Unknown,Statewide,0.17,0.0,0.0,0.0,0.0,0.0,0.0,1,2007,10,290,0,28.840000000000003,79.2,3.0137227047287727,0.0,-0.8660254037844386,0.5000000000000001,0.17,0.0,0.0,79.2
2007-10-27,Unknown,Andhra Pradesh,0.17,0.0,0.0,0.0,0.0,0.0,0.0,1,2007,10,300,0,27.57,27.57,4.142556,0.0,-0.8660254037844386,0.5000000000000001,0.17,0.0,0.0,27.57
2007-10-27,Unknown,Statewide,0.17,0.0,0.0,0.0,0.0,0.0,0.0,1,2007,10,300,0,25.29,73.45,2.160605893310141,0.0,-0.8660254037844386,0.5000000000000001,0.17,0.0,0.0,73.45
2007-12-07,Unknown,Statewide,0.0,0.0,0.0,0.0,0.0,0.0,0.0,1,2007,12,341,0,21.57,69.71000000000001,1.5124241253170985,0.0,-2.4492935982947064e-16,1.0,0.0,0.0,0.0,69.71000000000001
2007-12-08,Unknown,Statewide,0.0,0.0,0.0,0.0,0.0,0.0,0.0,1,2007,12,342,0,13.74,65.97,1.058696887721969,0.0,-2.4492935982947064e-16,1.0,0.0,0.0,0.0,65.97
2008-01-01,South Interior Karnataka,Statewide,1140.6,0.0,0.0,0.0,0.0,0.0,0.0,0,2008,1,1,0,7373.4,31812.5,1123.1360243313484,0.0,0.49999999999999994,0.8660254037844387,1140.6,0.0,0.0,31812.5
2008-03-20,Unknown,Statewide,0.0,0.0,0.0,0.0,0.0,0.0,0.0,1,2008,3,80,0,7.82,62.23,0.7410878214053782,0.0,1.0,6.123233995736766e-17,0.0,0.0,0.0,62.23
2008-03-20,Unknown,Tamil Nadu,0.0,0.0,0.0,0.0,0.0,0.0,0.0,1,2008,3,80,0,0.34,0.34,0.060689999999999994,0.0,1.0,6.123233995736766e-17,0.0,0.0,0.0,0.34
2008-05-07,Unknown,Statewide,0.75,0.0,0.0,0.0,0.0,0.0,0.0,1,2008,5,128,0,4.83,62.809999999999995,0.7437614749837647,0.0,0.49999999999999994,-0.8660254037844387,0.75,0.0,0.0,62.809999999999995
2008-05-08,Unknown,Statewide,0.75,0.0,0.0,0.0,0.0,0.0,0.0,1,2008,5,129,0,1.84,63.39,0.7456330324886352,0.0,0.49999999999999994,-0.8660254037844387,0.75,0.0,0.0,63.39
2008-05-24,Unknown,Statewide,0.75,0.0,0.0,0.0,0.0,0.0,0.0,1,2008,5,145,0,2.42,64.14,0.7469431227420446,0.0,0.49999999999999994,-0.8660254037844387,0.75,0.0,0.0,64.14
2008-06-11,Unknown,Lakhimpu,3.72,0.0,0.0,0.0,0.0,0.0,0.0,1,2008,6,163,1,3.72,3.72,3.72,0.0,1.2246467991473532e-16,-1.0,3.72,0.0,0.0,3.72
2008-07-05,Unknown,Assam,7.83,0.0,0.0,0.0,0.0,0.0,0.0,1,2008,7,187,1,36.540000000000006,40.260000000000005,5.777958350999999,0.0,-0.4999999999999997,-0.8660254037844388,7.83,0.0,0.0,40.260000000000005
2008-07-20,Unknown,Lakhimpur,7.83,0.0,0.0,0.0,0.0,0.0,0.0,1,2008,7,202,1,11.55,11.55,4.952999999999999,0.0,-0.4999999999999997,-0.8660254037844388,7.83,0.0,0.0,11.55
2008-07-20,Unknown,Statewide,7.83,0.0,0.0,0.0,0.0,0.0,0.0,1,2008,7,202,1,10.08,71.97,2.871860185919431,0.0,-0.4999999999999997,-0.8660254037844388,7.83,0.0,0.0,71.97
2008-08-30,Unknown,Muzaffarpur,5.92,0.0,0.0,0.0,0.0,0.0,0.0,1,2008,8,243,1,5.92,5.92,5.92,0.0,-0.8660254037844385,-0.5000000000000004,5.92,0.0,0.0,5.92
2008-08-30,Unknown,Statewide,5.92,0.0,0.0,0.0,0.0,0.0,0.0,1,2008,8,243,1,16.0,77.71,3.7863021301436017,0.0,-0.8660254037844385,-0.5000000000000004,5.92,0.0,0.0,77.71
2008-09-05,Unknown,Khammam,3.74,0.0,0.0,0.0,0.0,0.0,0.0,1,2008,9,249,1,3.74,3.74,3.74,0.0,-1.0,-1.8369701987210297e-16,3.74,0.0,0.0,3.74
2008-09-14,Unknown,Orissa,3.74,0.0,0.0,0.0,0.0,0.0,0.0,1,2008,9,258,1,9.66,9.66,5.266,0.0,-1.0,-1.8369701987210297e-16,3.74,0.0,0.0,9.66
2008-09-22,Unknown,Statewide,3.74,0.0,0.0,0.0,0.0,0.0,0.0,1,2008,9,266,1,19.740000000000002,81.27000000000001,3.772411491100521,0.0,-1.0,-1.8369701987210297e-16,3.74,0.0,0.0,81.27000000000001
2008-11-06,Unknown,Statewide,0.0,0.0,0.0,0.0,0.0,0.0,0.0,1,2008,11,311,0,19.740000000000002,80.52000000000001,2.6406880437703646,0.0,-0.5000000000000004,0.8660254037844384,0.0,0.0,0.0,80.52000000000001
2008-11-27,Unknown,Thiruvallur,0.0,0.0,0.0,0.0,0.0,0.0,0.0,1,2008,11,332,0,0.0,0.0,0.0,0.0,-0.5000000000000004,0.8660254037844384,0.0,0.0,0.0,0.0
2009-01-01,Chhattisgarh,Statewide,0.0,0.0,0.0,0.0,0.0,0.0,0.0,0,2009,1,1,0,7833.4,37429.0,867.3248507134319,0.0,0.49999999999999994,0.8660254037844387,0.0,0.0,0.0,37429.0
2009-01-01,Haryana Delhi & Chandigarh,Statewide,395.4,0.0,0.0,0.0,0.0,0.0,0.0,0,2009,1,1,0,3487.7,15832.0,488.2427994203555,0.0,0.49999999999999994,0.8660254037844387,395.4,0.0,0.0,15832.0
2009-01-02,Uttar Pradesh,Statewide,0.0,0.0,0.0,0.0,0.0,0.0,0.0,0,2009,1,2,0,0.07,0.07,0.049,0.0,0.49999999999999994,0.8660254037844387,0.0,0.0,0.0,0.07
2009-01-04,Meghalaya,Statewide,0.0,0.0,0.0,0.0,0.0,0.0,0.0,0,2009,1,4,0,0.0,0.0,0.0,0.0,0.49999999999999994,0.8660254037844387,0.0,0.0,0.0,0.0
2009-01-07,Chandigarh,Statewide,0.0,0.0,0.0,0.0,0.0,0.0,0.0,0,2009,1,7,0,0.6,0.6,0.07496999999999998,0.0,0.49999999999999994,0.8660254037844387,0.0,0.0,0.0,0.6
2009-01-07,Gujarat,Statewide,0.0,0.0,0.0,0.0,0.0,0.0,0.0,0,2009,1,7,0,0.0,0.0,0.0,0.0,0.49999999999999994,0.8660254037844387,0.0,0.0,0.0,0.0
2009-01-07,Manipur,Statewide,0.0,0.0,0.0,0.0,0.0,0.0,0.0,0,2009,1,7,0,0.0,0.0,0.0,0.0,0.49999999999999994,0.8660254037844387,0.0,0.0,0.0,0.0
2009-01-07,Unknown,Statewide,0.0,0.0,0.0,0.0,0.0,0.0,0.0,1,2009,1,7,0,18.990000000000002,79.77000000000001,1.848481630639255,0.0,0.49999999999999994,0.8660254037844387,0.0,0.0,0.0,79.77000000000001
2009-01-08,Sikkim,Statewide,0.0,0.0,0.0,0.0,0.0,0.0,0.0,0,2009,1,8,0,15.76,15.85,1.0306070669999996,0.0,0.49999999999999994,0.8660254037844387,0.0,0.0,0.0,15.85
2009-01-08,Unknown,Statewide,0.0,0.0,0.0,0.0,0.0,0.0,0.0,1,2009,1,8,0,18.240000000000002,76.05000000000001,1.2939371414474785,0.0,0.49999999999999994,0.8660254037844387,0.0,0.0,0.0,76.05000000000001
2009-01-13,Odisha,Statewide,0.0,0.0,0.0,0.0,0.0,0.0,0.0,0,2009,1,13,0,0.0,0.02,0.0004941257999999998,0.0,0.49999999999999994,0.8660254037844387,0.0,0.0,0.0,0.02
2009-01-15,Bihar,Statewide,0.0,0.0,0.0,0.0,0.0,0.0,0.0,0,2009,1,15,0,0.08,17967.600000000002,5.9255782145300335,0.0,0.49999999999999994,0.8660254037844387,0.0,0.0,0.0,17967.600000000002
2009-01-15,Karnataka,Statewide,0.0,0.0,0.0,0.0,0.0,0.0,0.0,0,2009,1,15,0,0.01,0.03,0.0006678322072848997,0.0,0.49999999999999994,0.8660254037844387,0.0,0.0,0.0,0.03
2009-01-18,Andhra Pradesh,Statewide,0.0,0.0,0.0,0.0,0.0,0.0,0.0,0,2009,1,18,0,0.03,0.35000000000000003,0.005908294577759657,0.0,0.49999999999999994,0.8660254037844387,0.0,0.0,0.0,0.35000000000000003
2009-01-18,Sikkim,Statewide,0.0,0.0,0.0,0.0,0.0,0.0,0.0,0,2009,1,18,0,0.0,15.85,0.029112098787198438,0.0,0.49999999999999994,0.8660254037844387,0.0,0.0,0.0,15.85
2009-01-21,Jharkhand,Statewide,0.0,0.0,0.0,0.0,0.0,0.0,0.0,0,2009,1,21,0,0.0,10853.599999999999,0.7627365104499043,0.0,0.49999999999999994,0.8660254037844387,0.0,0.0,0.0,10853.599999999999
2009-01-21,Ladakh,Statewide,0.0,0.0,0.0,0.0,0.0,0.0,0.0,0,2009,1,21,0,0.0,0.0,0.0,0.0,0.49999999999999994,0.8660254037844387,0.0,0.0,0.0,0.0
2009-01-22,Chandigarh,Statewide,0.0,0.0,0.0,0.0,0.0,0.0,0.0,0,2009,1,22,0,8.4,9.0,0.6446128246864002,0.0,0.49999999999999994,0.8660254037844387,0.0,0.0,0.0,9.0
2009-01-24,Bihar,Statewide,0.0,0.0,0.0,0.0,0.0,0.0,0.0,0,2009,1,24,0,0.0,6795.9,0.23911845451690658,0.0,0.49999999999999994,0.8660254037844387,0.0,0.0,0.0,6795.9
2009-01-25,Arunachal Pradesh,Statewide,0.0,0.0,0.0,0.0,0.0,0.0,0.0,0,2009,1,25,0,0.44,11612.66,0.3656540821699766,0.0,0.49999999999999994,0.8660254037844387,0.0,0.0,0.0,11612.66
2009-01-25,Bihar,Statewide,0.0,0.0,0.0,0.0,0.0,0.0,0.0,0,2009,1,25,0,0.0,5648.099999999999,0.1673829181618346,0.0,0.49999999999999994,0.8660254037844387,0.0,0.0,0.0,5648.099999999999
2009-01-29,Assam,Statewide,0.11,0.0,0.0,0.0,0.0,0.0,0.0,0,2009,1,29,0,8.6,9.069999999999999,1.295144978832488,0.0,0.49999999999999994,0.8660254037844387,0.11,0.0,0.0,9.069999999999999
2009-01-29,Ladakh,Statewide,0.0,0.0,0.0,0.0,0.0,0.0,0.0,0,2009,1,29,0,0.0,0.0,0.0,0.0,0.49999999999999994,0.8660254037844387,0.0,0.0,0.0,0.0
2009-01-29,Uttar Pradesh,Statewide,0.0,0.0,0.0,0.0,0.0,0.0,0.0,0,2009,1,29,0,0.0,0.8899999999999999,0.0006712449432711068,0.0,0.49999999999999994,0.8660254037844387,0.0,0.0,0.0,0.8899999999999999
2009-01-30,The Dadra And Nagar Haveli And Daman And Diu,Statewide,0.0,0.0,0.0,0.0,0.0,0.0,0.0,0,2009,1,30,0,0.0,0.0,0.0,0.0,0.49999999999999994,0.8660254037844387,0.0,0.0,0.0,0.0
2009-01-31,Himachal Pradesh,Statewide,0.0,0.0,0.0,0.0,0.0,0.0,0.0,0,2009,1,31,0,3.42,45.22,0.32362418362456224,0.0,0.49999999999999994,0.8660254037844387,0.0,0.0,0.0,45.22
2009-02-01,Lakshadweep,Statewide,1583.2368852459015,0.0,0.0,0.0,0.0,0.0,0.0,0,2009,2,32,0,11073.75901639344,47312.76639344262,1582.2498858970048,0.0,0.8660254037844386,0.5000000000000001,1583.2368852459015,0.0,0.0,47312.76639344262
2009-02-03,Maharashtra,Statewide,0.0,0.0,0.0,0.0,0.0,0.0,0.0,0,2009,2,34,0,0.02,0.15,0.002064592310171805,0.0,0.8660254037844386,0.5000000000000001,0.0,0.0,0.0,0.15
2009-02-04,Maharashtra,Statewide,0.0,0.0,0.0,0.0,0.0,0.0,0.0,0,2009,2,35,0,0.02,0.15,0.0014452146171202633,0.0,0.8660254037844386,0.5000000000000001,0.0,0.0,0.0,0.15
2009-02-07,Goa,Statewide,0.0,0.0,0.0,0.0,0.0,0.0,0.0,0,2009,2,38,0,0.0,0.16,0.002971457350368998,0.0,0.8660254037844386,0.5000000000000001,0.0,0.0,0.0,0.16
2009-02-13,Chhattisgarh,Statewide,0.0,0.0,0.0,0.0,0.0,0.0,0.0,0,2009,2,44,0,0.2,0.2,0.020778454366245393,0.0,0.8660254037844386,0.5000000000000001,0.0,0.0,0.0,0.2
2009-02-13,Jharkhand,Statewide,0.0,0.0,0.0,0.0,0.0,0.0,0.0,0,2009,2,44,0,1.8299999999999998,1.8299999999999998,0.31917775142841553,0.0,0.8660254037844386,0.5000000000000001,0.0,0.0,0.0,1.8299999999999998
2009-02-14,Sikkim,Statewide,0.0,0.0,0.0,0.0,0.0,0.0,0.0,0,2009,2,45,0,0.01,1.0599999999999998,0.005484381313195517,0.0,0.8660254037844386,0.5000000000000001,0.0,0.0,0.0,1.0599999999999998
2009-02-14,West Bengal,Statewide,0.0,0.0,0.0,0.0,0.0,0.0,0.0,0,2009,2,45,0,1.24,1.32,0.1838954402983892,0.0,0.8660254037844386,0.5000000000000001,0.0,0.0,0.0,1.32
2009-02-20,Manipur,Statewide,0.0,0.0,0.0,0.0,0.0,0.0,0.0,0,2009,2,51,0,0.46,0.46,0.01623556199999999,0.0,0.8660254037844386,0.5000000000000001,0.0,0.0,0.0,0.46
2009-02-20,The Dadra And Nagar Haveli And Daman And Diu,Statewide,0.0,0.0,0.0,0.0,0.0,0.0,0.0,0,2009,2,51,0,0.0,0.0,0.0,0.0,0.8660254037844386,0.5000000000000001,0.0,0.0,0.0,0.0
2009-02-21,Jharkhand,Statewide,0.0,0.0,0.0,0.0,0.0,0.0,0.0,0,2009,2,52,0,0.0,1.8299999999999998,0.018399962206122805,0.0,0.8660254037844386,0.5000000000000001,0.0,0.0,0.0,1.8299999999999998
2009-02-23,Jharkhand,Statewide,0.0,0.0,0.0,0.0,0.0,0.0,0.0,0,2009,2,54,0,0.0,1.8299999999999998,0.009015981481000173,0.0,0.8660254037844386,0.5000000000000001,0.0,0.0,0.0,1.8299999999999998
2009-02-23,Nagaland,Statewide,0.0,0.0,0.0,0.0,0.0,0.0,0.0,0,2009,2,54,0,0.01,10.95,0.021745279546089184,0.0,0.8660254037844386,0.5000000000000001,0.0,0.0,0.0,10.95
2009-02-26,Andhra Pradesh,Statewide,0.0,0.0,0.0,0.0,0.0,0.0,0.0,0,2009,2,57,0,0.0,0.019999999999999997,1.9945132193754125e-05,0.0,0.8660254037844386,0.5000000000000001,0.0,0.0,0.0,0.019999999999999997
2009-02-27,Andhra Pradesh,Statewide,0.0,0.0,0.0,0.0,0.0,0.0,0.0,0,2009,2,58,0,0.0,0.019999999999999997,1.3961592535627886e-05,0.0,0.8660254037844386,0.5000000000000001,0.0,0.0,0.0,0.019999999999999997
2009-02-28,Jammu And Kashmir,Statewide,0.0,0.0,0.0,0.0,0.0,0.0,0.0,0,2009,2,59,0,0.0,0.0,0.0,0.0,0.8660254037844386,0.5000000000000001,0.0,0.0,0.0,0.0
2009-03-02,Kerala,Statewide,0.0,0.0,0.0,0.0,0.0,0.0,0.0,0,2009,3,61,0,0.0,1.06,0.0008539701838418541,0.0,1.0,6.123233995736766e-17,0.0,0.0,0.0,1.06
2009-03-07,Chhattisgarh,Statewide,0.0,0.0,0.0,0.0,0.0,0.0,0.0,0,2009,3,66,0,0.0,0.2,8.124003823816718e-06,0.0,1.0,6.123233995736766e-17,0.0,0.0,0.0,0.2
2009-03-07,Sikkim,Statewide,0.17,0.0,0.0,0.0,0.0,0.0,0.0,0,2009,3,66,0,7.77,102.4,1.6598020639063733,0.0,1.0,6.123233995736766e-17,0.17,0.0,0.0,102.4
2009-03-07,Unknown,Statewide,0.0,0.0,0.0,0.0,0.0,0.0,0.0,1,2009,3,66,0,17.490000000000002,68.22,0.9057559990132349,0.0,1.0,6.123233995736766e-17,0.0,0.0,0.0,68.22
2009-03-08,Jharkhand,Statewide,0.0,0.0,0.0,0.0,0.0,0.0,0.0,0,2009,3,67,0,0.0,1.8299999999999998,8.735495235419441e-05,0.0,1.0,6.123233995736766e-17,0.0,0.0,0.0,1.8299999999999998
2009-03-08,Ladakh,Statewide,0.0,0.0,0.0,0.0,0.0,0.0,0.0,0,2009,3,67,0,0.0,0.0,0.0,0.0,1.0,6.123233995736766e-17,0.0,0.0,0.0,0.0
2009-03-08,Punjab,Statewide,0.0,0.0,0.0,0.0,0.0,0.0,0.0,0,2009,3,67,0,0.0,21.080000000000002,0.0017811607908259067,0.0,1.0,6.123233995736766e-17,0.0,0.0,0.0,21.080000000000002
2009-03-09,Tamil Nadu,Statewide,0.19,0.0,0.0,0.0,0.0,0.0,0.0,0,2009,3,68,0,0.18999999999999956,0.25,0.0570049851804262,0.0,1.0,6.123233995736766e-17,0.19,0.0,0.0,0.25
2009-03-11,Unknown,Statewide,0.0,0.0,0.0,0.0,0.0,0.0,0.0,1,2009,3,70,0,9.66,62.300000000000004,0.6340291993092644,0.0,1.0,6.123233995736766e-17,0.0,0.0,0.0,62.300000000000004
2009-03-13,The Dadra And Nagar Haveli And Daman And Diu,Statewide,0.0,0.0,0.0,0.0,0.0,0.0,0.0,0,2009,3,72,0,0.0,0.0,0.0,0.0,1.0,6.123233995736766e-17,0.0,0.0,0.0,0.0
2009-03-15,The Dadra And Nagar Haveli And Daman And Diu,Statewide,0.14,0.0,0.0,0.0,0.0,0.0,0.0,0,2009,3,74,0,0.14,0.14,0.042,0.0,1.0,6.123233995736766e-17,0.14,0.0,0.0,0.14
2009-03-16,Tamil Nadu,Statewide,1.45,0.0,0.0,0.0,0.0,0.0,0.0,0,2009,3,75,0,29.43,29.62,2.070470815651044,0.0,1.0,6.123233995736766e-17,1.45,0.0,0.0,29.62
2009-03-18,Gujarat,Statewide,0.0,0.0,0.0,0.0,0.0,0.0,0.0,0,2009,3,77,0,0.03,0.03,0.004409999999999999,0.0,1.0,6.123233995736766e-17,0.0,0.0,0.0,0.03
2009-03-19,Himachal Pradesh,Statewide,0.05,0.0,0.0,0.0,0.0,0.0,0.0,0,2009,3,78,0,1.33,21.459999999999997,0.20322381742189882,0.0,1.0,6.123233995736766e-17,0.05,0.0,0.0,21.459999999999997
2009-03-20,Arunachal Pradesh,Statewide,2.56,0.0,0.0,0.0,0.0,0.0,0.0,0,2009,3,79,0,3.7399999999999967,65.3,1.0362523655256162,0.0,1.0,6.123233995736766e-17,2.56,0.0,0.0,65.3
2009-03-20,Bihar,Statewide,0.0,0.0,0.0,0.0,0.0,0.0,0.0,0,2009,3,79,0,0.0,0.16999999999999998,0.000693187526713647,0.0,1.0,6.123233995736766e-17,0.0,0.0,0.0,0.16999999999999998
2009-03-21,Tripura,Statewide,0.0,0.0,0.0,0.0,0.0,0.0,0.0,0,2009,3,80,0,0.0,5.94,0.0027080863470874982,0.0,1.0,6.123233995736766e-17,0.0,0.0,0.0,5.94
2009-03-23,Madhya Pradesh,Statewide,0.14,0.0,0.0,0.0,0.0,0.0,0.0,0,2009,3,82,0,0.32000000000000006,0.67,0.06709517123428038,0.0,1.0,6.123233995736766e-17,0.14,0.0,0.0,0.67
2009-03-26,Madhya Pradesh,Statewide,0.66,0.0,0.0,0.0,0.0,0.0,0.0,0,2009,3,85,0,0.9700000000000001,1.37,0.22941364373335818,0.0,1.0,6.123233995736766e-17,0.66,0.0,0.0,1.37
2009-03-28,Bihar,Statewide,0.0,0.0,0.0,0.0,0.0,0.0,0.0,0,2009,3,87,0,1.5699999999999998,1.7399999999999998,0.3162119078814718,0.0,1.0,6.123233995736766e-17,0.0,0.0,0.0,1.7399999999999998
2009-03-28,Delhi,Statewide,0.3,0.0,0.0,0.0,0.0,0.0,0.0,0,2009,3,87,0,0.42,0.42,0.10764008893719043,0.0,1.0,6.123233995736766e-17,0.3,0.0,0.0,0.42
2009-03-29,Gujarat,Statewide,0.0,0.0,0.0,0.0,0.0,0.0,0.0,0,2009,3,88,0,0.03,0.91,0.019481133549366293,0.0,1.0,6.123233995736766e-17,0.0,0.0,0.0,0.91
2009-03-30,West Bengal,Statewide,4.97,0.0,0.0,0.0,0.0,0.0,0.0,0,2009,3,89,0,11.620000000000001,15.1,2.2917366532572467,0.0,1.0,6.123233995736766e-17,4.97,0.0,0.0,15.1
2009-03-31,Telangana,Statewide,0.0,0.0,0.0,0.0,0.0,0.0,0.0,0,2009,3,90,0,0.12000000000000088,6.91,0.1549404553363393,0.0,1.0,6.123233995736766e-17,0.0,0.0,0.0,6.91
2009-04-05,Haryana,Statewide,0.0,0.0,0.0,0.0,0.0,0.0,0.0,0,2009,4,95,0,0.25000000000000044,8.870000000000001,0.14521455839050362,0.0,0.8660254037844387,-0.4999999999999998,0.0,0.0,0.0,8.870000000000001
2009-04-06,Gujarat,Statewide,0.0,0.0,0.0,0.0,0.0,0.0,0.0,0,2009,4,96,0,0.0,0.91,0.0011230485816652032,0.0,0.8660254037844387,-0.4999999999999998,0.0,0.0,0.0,0.91
2009-04-08,Bihar,Statewide,0.01,0.0,0.0,0.0,0.0,0.0,0.0,0,2009,4,98,0,0.24,1.9899999999999998,0.05894845839909086,0.0,0.8660254037844387,-0.4999999999999998,0.01,0.0,0.0,1.9899999999999998
2009-04-09,Andaman And Nicobar Islands,Statewide,2.5,0.0,0.0,0.0,0.0,0.0,0.0,0,2009,4,99,0,13.9,37.55,2.0578212237247238,0.0,0.8660254037844387,-0.4999999999999998,2.5,0.0,0.0,37.55
2009-04-10,Kerala,Statewide,6.78,0.0,0.0,0.0,0.0,0.0,0.0,0,2009,4,100,0,14.33,87.22,3.0710838458631216,0.0,0.8660254037844387,-0.4999999999999998,6.78,0.0,0.0,87.22
2009-04-11,Rajasthan,Statewide,0.0,0.0,0.0,0.0,0.0,0.0,0.0,0,2009,4,101,0,1.05,5.67,0.0975251941524406,0.0,0.8660254037844387,-0.4999999999999998,0.0,0.0,0.0,5.67
2009-04-11,Tripura,Statewide,0.38,0.0,0.0,0.0,0.0,0.0,0.0,0,2009,4,101,0,13.530000000000001,89.06,2.70696406417629,0.0,0.8660254037844387,-0.4999999999999998,0.38,0.0,0.0,89.06
2009-04-11,West Bengal,Statewide,0.02,0.0,0.0,0.0,0.0,0.0,0.0,0,2009,4,101,0,6.12,24.13,0.6680677186003919,0.0,0.8660254037844387,-0.4999999999999998,0.02,0.0,0.0,24.13
2009-04-14,Kerala,Statewide,8.35,0.0,0.0,0.0,0.0,0.0,0.0,0,2009,4,104,0,29.51,71.33,4.451967231391735,0.0,0.8660254037844387,-0.4999999999999998,8.35,0.0,0.0,71.33
2009-04-16,Arunachal Pradesh,Statewide,1.24,0.0,0.0,0.0,0.0,0.0,0.0,0,2009,4,106,0,18.189999999999998,123.86,1.7043286496497916,0.0,0.8660254037844387,-0.4999999999999998,1.24,0.0,0.0,123.86
2009-04-16,Uttar Pradesh,Statewide,0.48,0.0,0.0,0.0,0.0,0.0,0.0,0,2009,4,106,0,0.97,4.67,0.253466143678445,0.0,0.8660254037844387,-0.4999999999999998,0.48,0.0,0.0,4.67
2009-04-18,Tripura,Statewide,20.68,0.0,0.0,0.0,0.0,0.0,0.0,0,2009,4,108,0,33.41,122.47,9.084480130630393,0.0,0.8660254037844387,-0.4999999999999998,20.68,0.0,0.0,122.47
2009-04-19,Goa,Statewide,0.21,0.0,0.0,0.0,0.0,0.0,0.0,0,2009,4,109,0,0.28,28.18,0.09527651218918565,0.0,0.8660254037844387,-0.4999999999999998,0.21,0.0,0.0,28.18
2009-04-20,Assam,Statewide,5.68,0.0,0.0,0.0,0.0,0.0,0.0,0,2009,4,110,0,38.56,138.37,6.104108343249474,0.0,0.8660254037844387,-0.4999999999999998,5.68,0.0,0.0,138.37
2009-04-21,Jharkhand,Statewide,0.0,0.0,0.0,0.0,0.0,0.0,0.0,0,2009,4,111,0,0.03,3.42,0.012035061894576659,0.0,0.8660254037844387,-0.4999999999999998,0.0,0.0,0.0,3.42
2009-04-24,Puducherry,Statewide,0.07,0.0,0.0,0.0,0.0,0.0,0.0,0,2009,4,114,0,1.3400000000000143,42.02,0.3985530246693243,0.0,0.8660254037844387,-0.4999999999999998,0.07,0.0,0.0,42.02
2009-04-26,Meghalaya,Statewide,0.01,0.0,0.0,0.0,0.0,0.0,0.0,0,2009,4,116,0,98.69,258.33,8.466415761126838,0.0,0.8660254037844387,-0.4999999999999998,0.01,0.0,0.0,258.33
2009-04-27,Puducherry,Statewide,0.06,0.0,0.0,0.0,0.0,0.0,0.0,0,2009,4,117,0,1.2300000000000142,42.07,0.1610036874615782,0.0,0.8660254037844387,-0.4999999999999998,0.06,0.0,0.0,42.07
2009-04-27,Uttarakhand,Statewide,0.0,0.0,0.0,0.0,0.0,0.0,0.0,0,2009,4,117,0,1.25,29.300000000000004,0.11695951721847234,0.0,0.8660254037844387,-0.4999999999999998,0.0,0.0,0.0,29.300000000000004
2009-04-28,Sikkim,Statewide,3.13,0.0,0.0,0.0,0.0,0.0,0.0,0,2009,4,118,0,16.639999999999993,296.31,3.409564397084259,0.0,0.8660254037844387,-0.4999999999999998,3.13,0.0,0.0,296.31
2009-05-02,Nagaland,Statewide,7.28,0.0,0.0,0.0,0.0,0.0,0.0,0,2009,5,122,0,10.129999999999999,73.42999999999999,2.920598400086803,0.0,0.49999999999999994,-0.8660254037844387,7.28,0.0,0.0,73.42999999999999
2009-05-03,Meghalaya,Statewide,3.7,0.0,0.0,0.0,0.0,0.0,0.0,0,2009,5,123,0,105.72000000000001,294.95,20.981715743516563,0.0,0.49999999999999994,-0.8660254037844387,3.7,0.0,0.0,294.95
2009-05-03,Nagaland,Statewide,14.96,0.0,0.0,0.0,0.0,0.0,0.0,0,2009,5,123,0,24.98,84.39,6.532418880060762,0.0,0.49999999999999994,-0.8660254037844387,14.96,0.0,0.0,84.39
2009-05-05,Odisha,Statewide,1.54,0.0,0.0,0.0,0.0,0.0,0.0,0,2009,5,125,0,8.66,11.29,1.816856502595824,0.0,0.49999999999999994,-0.8660254037844387,1.54,0.0,0.0,11.29
2009-05-06,Punjab,Statewide,0.2,0.0,0.0,0.0,0.0,0.0,0.0,0,2009,5,126,0,3.32,21.88,0.6733621656420854,0.0,0.49999999999999994,-0.8660254037844387,0.2,0.0,0.0,21.88
2009-05-09,Andaman And Nicobar Islands,Statewide,8.91,0.0,0.0,0.0,0.0,0.0,0.0,0,2009,5,129,0,63.75,155.92,8.547642546354858,0.0,0.49999999999999994,-0.8660254037844387,8.91,0.0,0.0,155.92
2009-05-09,Gujarat,Statewide,0.0,0.0,0.0,0.0,0.0,0.0,0.0,0,2009,5,129,0,0.05,0.05,0.00514500868228153,0.0,0.49999999999999994,-0.8660254037844387,0.0,0.0,0.0,0.05
2009-05-09,Lakshadweep,Statewide,1624.3426229508195,0.0,0.0,0.0,0.0,0.0,0.0,0,2009,5,129,0,11361.499180327868,48545.93852459016,1623.3538251366117,0.0,0.49999999999999994,-0.8660254037844387,1624.3426229508195,0.0,0.0,48545.93852459016
2009-05-11,Arunachal Pradesh,Statewide,8.28,0.0,0.0,0.0,0.0,0.0,0.0,0,2009,5,131,0,57.16,156.04,8.918937827487877,0.0,0.49999999999999994,-0.8660254037844387,8.28,0.0,0.0,156.04
2009-05-12,Delhi,Statewide,0.0,0.0,0.0,0.0,0.0,0.0,0.0,0,2009,5,132,0,3.24,8.280000000000001,0.8049243528867444,0.0,0.49999999999999994,-0.8660254037844387,0.0,0.0,0.0,8.280000000000001
2009-05-12,Tamil Nadu,Statewide,0.62,0.0,0.0,0.0,0.0,0.0,0.0,0,2009,5,132,0,5.99,22.13,0.9641560185308928,0.0,0.49999999999999994,-0.8660254037844387,0.62,0.0,0.0,22.13
2009-05-15,Andhra Pradesh,Statewide,3.61,0.0,0.0,0.0,0.0,0.0,0.0,0,2009,5,135,0,5.3999999999999995,25.61,1.3382331995266519,0.0,0.49999999999999994,-0.8660254037844387,3.61,0.0,0.0,25.61
2009-05-19,Bihar,Statewide,0.12,0.0,0.0,0.0,0.0,0.0,0.0,0,2009,5,139,0,9.199999999999998,24.95,1.3693716042741835,0.0,0.49999999999999994,-0.8660254037844387,0.12,0.0,0.0,24.95
2009-05-21,Uttar Pradesh,Statewide,0.24,0.0,0.0,0.0,0.0,0.0,0.0,0,2009,5,141,0,4.63,9.44,0.9399129940390222,0.0,0.49999999999999994,-0.8660254037844387,0.24,0.0,0.0,9.44
2009-05-26,Sikkim,Statewide,48.16,0.0,0.0,0.0,0.0,0.0,0.0,0,2009,5,146,0,79.03999999999999,249.38,17.49725270035129,0.0,0.49999999999999994,-0.8660254037844387,48.16,0.0,0.0,249.38
2009-05-28,Nagaland,Statewide,6.22,0.0,0.0,0.0,0.0,0.0,0.0,0,2009,5,148,0,30.16,127.91,5.404278085126861,0.0,0.49999999999999994,-0.8660254037844387,6.22,0.0,0.0,127.91
2009-05-31,Arunachal Pradesh,Statewide,1.27,0.0,0.0,0.0,0.0,0.0,0.0,0,2009,5,151,0,45.449999999999996,156.16,5.0004912260008725,0.0,0.49999999999999994,-0.8660254037844387,1.27,0.0,0.0,156.16
2009-05-31,Haryana,Statewide,1.47,0.0,0.0,0.0,0.0,0.0,0.0,0,2009,5,151,0,7.270000000000001,14.24,1.2571710690426237,0.0,0.49999999999999994,-0.8660254037844387,1.47,0.0,0.0,14.24
2009-06-01,Puducherry,Statewide,0.21,0.0,0.0,0.0,0.0,0.0,0.0,0,2009,6,152,1,5.310000000000014,37.949999999999996,0.6795068816534684,0.0,1.2246467991473532e-16,-1.0,0.21,0.0,0.0,37.949999999999996
2009-06-03,Meghalaya,Statewide,3.26,0.0,0.0,0.0,0.0,0.0,0.0,0,2009,6,154,1,45.51,308.19,9.096153160072525,0.0,1.2246467991473532e-16,-1.0,3.26,0.0,0.0,308.19
2009-06-06,Gujarat,Statewide,0.0,0.0,0.0,0.0,0.0,0.0,0.0,0,2009,6,157,1,0.0,0.01,1.0206542643305816e-05,0.0,1.2246467991473532e-16,-1.0,0.0,0.0,0.0,0.01
2009-06-06,Sikkim,Statewide,26.34,0.0,0.0,0.0,0.0,0.0,0.0,0,2009,6,157,1,92.75999999999999,352.1,19.03515617964463,0.0,1.2246467991473532e-16,-1.0,26.34,0.0,0.0,352.1
2009-06-09,Unknown,Statewide,3.72,0.0,0.0,0.0,0.0,0.0,0.0,1,2009,6,160,1,7.460000000000001,60.1,1.5598204395164852,0.0,1.2246467991473532e-16,-1.0,3.72,0.0,0.0,60.1
2009-06-10,Chhattisgarh,Statewide,0.0,0.0,0.0,0.0,0.0,0.0,0.0,0,2009,6,161,1,18.25,44.97,1.7772572149817518,0.0,1.2246467991473532e-16,-1.0,0.0,0.0,0.0,44.97
2009-06-11,Manipur,Statewide,1.66,0.0,0.0,0.0,0.0,0.0,0.0,0,2009,6,162,1,61.09,150.35,6.44490997484094,0.0,1.2246467991473532e-16,-1.0,1.66,0.0,0.0,150.35
2009-06-12,Andaman And Nicobar Islands,Statewide,11.57,0.0,0.0,0.0,0.0,0.0,0.0,0,2009,6,163,1,93.58000000000001,419.75,12.458020200647047,0.0,1.2246467991473532e-16,-1.0,11.57,0.0,0.0,419.75
2009-06-15,Chandigarh,Statewide,0.0,0.0,0.0,0.0,0.0,0.0,0.0,0,2009,6,166,1,0.0,26.8,0.03470138266479477,0.0,1.2246467991473532e-16,-1.0,0.0,0.0,0.0,26.8
2009-06-15,Jammu And Kashmir,Statewide,0.47,0.0,0.0,0.0,0.0,0.0,0.0,0,2009,6,166,1,3.29,7.05,0.46776864609032665,0.0,1.2246467991473532e-16,-1.0,0.47,0.0,0.0,7.05
2009-06-17,Goa,Statewide,14.02,0.0,0.0,0.0,0.0,0.0,0.0,0,2009,6,168,1,48.04999999999997,334.09000000000003,11.480574474361244,0.0,1.2246467991473532e-16,-1.0,14.02,0.0,0.0,334.09000000000003
2009-06-18,Goa,Statewide,8.02,0.0,0.0,0.0,0.0,0.0,0.0,0,2009,6,169,1,55.68999999999997,341.75,10.44240213205287,0.0,1.2246467991473532e-16,-1.0,8.02,0.0,0.0,341.75
2009-06-18,Uttarakhand,Statewide,0.87,0.0,0.0,0.0,0.0,0.0,0.0,0,2009,6,169,1,2.3899999999999997,50.03,0.427600096473992,0.0,1.2246467991473532e-16,-1.0,0.87,0.0,0.0,50.03
2009-06-19,Puducherry,Statewide,0.57,0.0,0.0,0.0,0.0,0.0,0.0,0,2009,6,170,1,1.9300000000000144,31.13,0.3119714974310833,0.0,1.2246467991473532e-16,-1.0,0.57,0.0,0.0,31.13
2009-06-20,Rajasthan,Statewide,0.12,0.0,0.0,0.0,0.0,0.0,0.0,0,2009,6,171,1,13.52,21.490000000000002,1.2092615371617366,0.0,1.2246467991473532e-16,-1.0,0.12,0.0,0.0,21.490000000000002
2009-06-24,Meghalaya,Statewide,6.6,0.0,0.0,0.0,0.0,0.0,0.0,0,2009,6,175,1,57.53,397.34,8.8975792387566,0.0,1.2246467991473532e-16,-1.0,6.6,0.0,0.0,397.34
2009-06-24,Punjab,Statewide,0.05,0.0,0.0,0.0,0.0,0.0,0.0,0,2009,6,175,1,0.05,9.4,0.08615623420041545,0.0,1.2246467991473532e-16,-1.0,0.05,0.0,0.0,9.4
2009-06-25,Andaman And Nicobar Islands,Statewide,10.79,0.0,0.0,0.0,0.0,0.0,0.0,0,2009,6,176,1,91.45,398.26,12.608726329840449,0.0,1.2246467991473532e-16,-1.0,10.79,0.0,0.0,398.26
2009-06-26,Arunachal Pradesh,Statewide,13.67,0.0,0.0,0.0,0.0,0.0,0.0,0,2009,6,177,1,69.86,219.04,8.881556950512534,0.0,1.2246467991473532e-16,-1.0,13.67,0.0,0.0,219.04
2009-06-26,Himachal Pradesh,Statewide,0.0,0.0,0.0,0.0,0.0,0.0,0.0,0,2009,6,177,1,0.0,37.260000000000005,0.1917894052384295,0.0,1.2246467991473532e-16,-1.0,0.0,0.0,0.0,37.260000000000005
2009-06-26,Uttarakhand,Statewide,1.26,0.0,0.0,0.0,0.0,0.0,0.0,0,2009,6,177,1,1.26,40.730000000000004,0.4056150494375336,0.0,1.2246467991473532e-16,-1.0,1.26,0.0,0.0,40.730000000000004
2009-06-29,Andhra Pradesh,Statewide,1.15,0.0,0.0,0.0,0.0,0.0,0.0,0,2009,6,180,1,19.14,97.75999999999999,3.2476865805142996,0.0,1.2246467991473532e-16,-1.0,1.15,0.0,0.0,97.75999999999999
2009-06-30,Assam,Statewide,14.45,0.0,0.0,0.0,0.0,0.0,0.0,0,2009,6,181,1,79.39,260.27,12.104129779942411,0.0,1.2246467991473532e-16,-1.0,14.45,0.0,0.0,260.27
2009-07-02,Chandigarh,Statewide,1.6,0.0,0.0,0.0,0.0,0.0,0.0,0,2009,7,183,1,41.7,52.1,7.274014830681294,0.0,-0.4999999999999997,-0.8660254037844388,1.6,0.0,0.0,52.1
2009-07-03,Punjab,Statewide,0.39,0.0,0.0,0.0,0.0,0.0,0.0,0,2009,7,184,1,36.56,42.03,5.159421357715523,0.0,-0.4999999999999997,-0.8660254037844388,0.39,0.0,0.0,42.03
2009-07-06,Maharashtra,Statewide,14.21,0.0,0.0,0.0,0.0,0.0,0.0,0,2009,7,187,1,79.47999999999999,159.55,13.06879671615508,0.0,-0.4999999999999997,-0.8660254037844388,14.21,0.0,0.0,159.55
2009-07-09,Karnataka,Statewide,16.81,0.0,0.0,0.0,0.0,0.0,0.0,0,2009,7,190,1,105.32,191.14000000000001,14.084319081877506,0.0,-0.4999999999999997,-0.8660254037844388,16.81,0.0,0.0,191.14000000000001
2009-07-14,Chhattisgarh,Statewide,64.53,0.0,0.0,0.0,0.0,0.0,0.0,0,2009,7,195,1,150.14000000000001,276.23,30.749098559641034,0.0,-0.4999999999999997,-0.8660254037844388,64.53,0.0,0.0,276.23
2009-07-14,Manipur,Statewide,6.33,0.0,0.0,0.0,0.0,0.0,0.0,0,2009,7,195,1,85.51,199.78,6.753887380020135,0.0,-0.4999999999999997,-0.8660254037844388,6.33,0.0,0.0,199.78
2009-07-14,Telangana,Statewide,15.86,0.0,0.0,0.0,0.0,0.0,0.0,0,2009,7,195,1,47.36000000000001,124.73,7.59682738968144,0.0,-0.4999999999999997,-0.8660254037844388,15.86,0.0,0.0,124.73
2009-07-15,Mizoram,Statewide,3.0,0.0,0.0,0.0,0.0,0.0,0.0,0,2009,7,196,1,32.01,264.88,5.105663651276137,0.0,-0.4999999999999997,-0.8660254037844388,3.0,0.0,0.0,264.88
2009-07-16,Himachal Pradesh,Statewide,2.95,0.0,0.0,0.0,0.0,0.0,0.0,0,2009,7,197,1,52.96,109.52,6.197777775760943,0.0,-0.4999999999999997,-0.8660254037844388,2.95,0.0,0.0,109.52
2009-07-16,Tamil Nadu,Statewide,2.93,0.0,0.0,0.0,0.0,0.0,0.0,0,2009,7,197,1,7.430000000000001,25.71,1.59192823128617,0.0,-0.4999999999999997,-0.8660254037844388,2.93,0.0,0.0,25.71
2009-07-18,Andaman And Nicobar Islands,Statewide,10.03,0.0,0.0,0.0,0.0,0.0,0.0,0,2009,7,199,1,78.85000000000001,336.09,10.653631021694267,0.0,-0.4999999999999997,-0.8660254037844388,10.03,0.0,0.0,336.09
2009-07-19,Gujarat,Statewide,14.48,0.0,0.0,0.0,0.0,0.0,0.0,0,2009,7,200,1,141.89999999999998,270.8,20.880294132297326,0.0,-0.4999999999999997,-0.8660254037844388,14.48,0.0,0.0,270.8
2009-07-25,Manipur,Statewide,19.26,0.0,0.0,0.0,0.0,0.0,0.0,0,2009,7,206,1,34.000000000000014,211.89000000000001,7.98527687422754,0.0,-0.4999999999999997,-0.8660254037844388,19.26,0.0,0.0,211.89000000000001
2009-07-26,Nagaland,Statewide,15.13,0.0,0.0,0.0,0.0,0.0,0.0,0,2009,7,207,1,51.370000000000005,259.02,8.752030256344092,0.0,-0.4999999999999997,-0.8660254037844388,15.13,0.0,0.0,259.02
2009-07-26,Tamil Nadu,Statewide,0.04,0.0,0.0,0.0,0.0,0.0,0.0,0,2009,7,207,1,1.8800000000000001,27.63,0.286734385714269,0.0,-0.4999999999999997,-0.8660254037844388,0.04,0.0,0.0,27.63
2009-07-29,Unknown,Delhi Province,7.83,0.0,0.0,0.0,0.0,0.0,0.0,1,2009,7,210,1,7.83,7.83,7.83,0.0,-0.4999999999999997,-0.8660254037844388,7.83,0.0,0.0,7.83
2009-07-30,Meghalaya,Statewide,30.76,0.0,0.0,0.0,0.0,0.0,0.0,0,2009,7,211,1,244.37,693.6899999999999,45.519914962270335,0.0,-0.4999999999999997,-0.8660254037844388,30.76,0.0,0.0,693.6899999999999
2009-08-04,Meghalaya,Statewide,20.86,0.0,0.0,0.0,0.0,0.0,0.0,0,2009,8,216,1,221.83000000000004,474.55999999999995,19.62962510770877,0.0,-0.8660254037844385,-0.5000000000000004,20.86,0.0,0.0,474.55999999999995
2009-08-05,Telangana,Statewide,0.03,0.0,0.0,0.0,0.0,0.0,0.0,0,2009,8,217,1,1.2600000000000036,99.32000000000001,0.2613488806569995,0.0,-0.8660254037844385,-0.5000000000000004,0.03,0.0,0.0,99.32000000000001
2009-08-07,Chhattisgarh,Statewide,1.18,0.0,0.0,0.0,0.0,0.0,0.0,0,2009,8,219,1,9.18,377.75,1.4763241780273901,0.0,-0.8660254037844385,-0.5000000000000004,1.18,0.0,0.0,377.75
2009-08-09,Chandigarh,Statewide,0.0,0.0,0.0,0.0,0.0,0.0,0.0,0,2009,8,221,1,53.199999999999996,235.60000000000002,4.946493657595246,0.0,-0.8660254037844385,-0.5000000000000004,0.0,0.0,0.0,235.60000000000002
2009-08-12,Jharkhand,Statewide,3.37,0.0,0.0,0.0,0.0,0.0,0.0,0,2009,8,224,1,39.13,201.61999999999998,5.721171130883323,0.0,-0.8660254037844385,-0.5000000000000004,3.37,0.0,0.0,201.61999999999998
2009-08-14,Uttarakhand,Statewide,9.86,0.0,0.0,0.0,0.0,0.0,0.0,0,2009,8,226,1,36.10000000000001,251.37000000000003,5.7869162470725515,0.0,-0.8660254037844385,-0.5000000000000004,9.86,0.0,0.0,251.37000000000003
2009-08-15,Unknown,Statewide,5.92,0.0,0.0,0.0,0.0,0.0,0.0,1,2009,8,227,1,9.64,62.28,2.8678743076615394,0.0,-0.8660254037844385,-0.5000000000000004,5.92,0.0,0.0,62.28
2009-08-18,Chhattisgarh,Statewide,3.99,0.0,0.0,0.0,0.0,0.0,0.0,0,2009,8,230,1,57.66,250.69,7.306675045558909,0.0,-0.8660254037844385,-0.5000000000000004,3.99,0.0,0.0,250.69
2009-08-18,Kerala,Statewide,3.45,0.0,0.0,0.0,0.0,0.0,0.0,0,2009,8,230,1,50.050000000000004,228.55,7.96103175880302,0.0,-0.8660254037844385,-0.5000000000000004,3.45,0.0,0.0,228.55
2009-08-18,Unknown,Statewide,5.92,0.0,0.0,0.0,0.0,0.0,0.0,1,2009,8,230,1,15.56,68.03,3.783512015363078,0.0,-0.8660254037844385,-0.5000000000000004,5.92,0.0,0.0,68.03
2009-08-19,Odisha,Statewide,2.79,0.0,0.0,0.0,0.0,0.0,0.0,0,2009,8,231,1,60.75,233.38,5.892059168429044,0.0,-0.8660254037844385,-0.5000000000000004,2.79,0.0,0.0,233.38
2009-08-21,Maharashtra,Statewide,12.33,0.0,0.0,0.0,0.0,0.0,0.0,0,2009,8,233,1,54.75,145.94,10.803272754989159,0.0,-0.8660254037844385,-0.5000000000000004,12.33,0.0,0.0,145.94
2009-08-21,Tamil Nadu,Statewide,3.03,0.0,0.0,0.0,0.0,0.0,0.0,0,2009,8,233,1,39.57,80.22999999999999,3.662631840482523,0.0,-0.8660254037844385,-0.5000000000000004,3.03,0.0,0.0,80.22999999999999
2009-08-22,Lakshadweep,Statewide,1668.8385245901638,0.0,0.0,0.0,0.0,0.0,0.0,0,2009,8,234,1,11672.970491803278,49880.815573770495,1667.8497267759558,0.0,-0.8660254037844385,-0.5000000000000004,1668.8385245901638,0.0,0.0,49880.815573770495
2009-08-23,Nagaland,Statewide,38.18,0.0,0.0,0.0,0.0,0.0,0.0,0,2009,8,235,1,117.10000000000001,405.63,23.472149872908247,0.0,-0.8660254037844385,-0.5000000000000004,38.18,0.0,0.0,405.63
2009-08-25,Kerala,Statewide,5.38,0.0,0.0,0.0,0.0,0.0,0.0,0,2009,8,237,1,86.08,269.36,11.54230420077399,0.0,-0.8660254037844385,-0.5000000000000004,5.38,0.0,0.0,269.36
2009-08-25,Tripura,Statewide,18.11,0.0,0.0,0.0,0.0,0.0,0.0,0,2009,8,237,1,105.53999999999999,429.82,12.514898750863457,0.0,-0.8660254037844385,-0.5000000000000004,18.11,0.0,0.0,429.82
2009-08-26,Unknown,Darbhanga,5.92,0.0,0.0,0.0,0.0,0.0,0.0,1,2009,8,238,1,9.64,9.64,4.38,0.0,-0.8660254037844385,-0.5000000000000004,5.92,0.0,0.0,9.64
2009-08-31,Ladakh,Statewide,0.32,0.0,0.0,0.0,0.0,0.0,0.0,0,2009,8,243,1,2.24,9.6,0.319997317793612,0.0,-0.8660254037844385,-0.5000000000000004,0.32,0.0,0.0,9.6
2009-08-31,Lakshadweep,Statewide,1672.6524590163935,0.0,0.0,0.0,0.0,0.0,0.0,0,2009,8,243,1,11699.668032786885,49995.233606557376,1671.6636612021855,0.0,-0.8660254037844385,-0.5000000000000004,1672.6524590163935,0.0,0.0,49995.233606557376
2009-09-02,Mizoram,Statewide,0.02,0.0,0.0,0.0,0.0,0.0,0.0,0,2009,9,245,1,67.97,313.85,9.843842872951251,0.0,-1.0,-1.8369701987210297e-16,0.02,0.0,0.0,313.85
2009-09-04,Punjab,Statewide,15.25,0.0,0.0,0.0,0.0,0.0,0.0,0,2009,9,247,1,81.21,132.41,11.66956102091665,0.0,-1.0,-1.8369701987210297e-16,15.25,0.0,0.0,132.41
2009-09-05,Tamil Nadu,Statewide,0.92,0.0,0.0,0.0,0.0,0.0,0.0,0,2009,9,248,1,16.77,79.58,1.86320070261288,0.0,-1.0,-1.8369701987210297e-16,0.92,0.0,0.0,79.58
2009-09-06,Andhra Pradesh,Statewide,1.25,0.0,0.0,0.0,0.0,0.0,0.0,0,2009,9,249,1,65.25,175.81,4.597081341695265,0.0,-1.0,-1.8369701987210297e-16,1.25,0.0,0.0,175.81
2009-09-07,Haryana,Statewide,0.0,0.0,0.0,0.0,0.0,0.0,0.0,0,2009,9,250,1,37.300000000000004,98.02000000000001,2.8030016449245454,0.0,-1.0,-1.8369701987210297e-16,0.0,0.0,0.0,98.02000000000001
2009-09-08,Himachal Pradesh,Statewide,2.86,0.0,0.0,0.0,0.0,0.0,0.0,0,2009,9,251,1,43.48,173.68,4.487946086881809,0.0,-1.0,-1.8369701987210297e-16,2.86,0.0,0.0,173.68
2009-09-08,Puducherry,Statewide,0.49,0.0,0.0,0.0,0.0,0.0,0.0,0,2009,9,251,1,18.14000000000002,97.44999999999999,1.4491087233089126,0.0,-1.0,-1.8369701987210297e-16,0.49,0.0,0.0,97.44999999999999
2009-09-09,Haryana,Statewide,13.54,0.0,0.0,0.0,0.0,0.0,0.0,0,2009,9,252,1,33.910000000000004,111.31,5.473270806013026,0.0,-1.0,-1.8369701987210297e-16,13.54,0.0,0.0,111.31
2009-09-09,Karnataka,Statewide,0.93,0.0,0.0,0.0,0.0,0.0,0.0,0,2009,9,252,1,53.92999999999999,226.05,5.468673560768166,0.0,-1.0,-1.8369701987210297e-16,0.93,0.0,0.0,226.05
2009-09-13,Meghalaya,Statewide,0.0,0.0,0.0,0.0,0.0,0.0,0.0,0,2009,9,256,1,25.79,587.9000000000001,4.1704272824633515,0.0,-1.0,-1.8369701987210297e-16,0.0,0.0,0.0,587.9000000000001
2009-09-14,Punjab,Statewide,0.02,0.0,0.0,0.0,0.0,0.0,0.0,0,2009,9,257,1,42.92999999999999,161.15,5.165635441786412,0.0,-1.0,-1.8369701987210297e-16,0.02,0.0,0.0,161.15
2009-09-14,Uttar Pradesh,Statewide,1.17,0.0,0.0,0.0,0.0,0.0,0.0,0,2009,9,257,1,76.69,260.14000000000004,8.21427446842372,0.0,-1.0,-1.8369701987210297e-16,1.17,0.0,0.0,260.14000000000004
2009-09-15,Andhra Pradesh,Statewide,6.34,0.0,0.0,0.0,0.0,0.0,0.0,0,2009,9,258,1,24.419999999999995,155.52,5.222511786029803,0.0,-1.0,-1.8369701987210297e-16,6.34,0.0,0.0,155.52
2009-09-15,Arunachal Pradesh,Statewide,0.89,0.0,0.0,0.0,0.0,0.0,0.0,0,2009,9,258,1,36.89,249.29,2.847639993636331,0.0,-1.0,-1.8369701987210297e-16,0.89,0.0,0.0,249.29
2009-09-19,Puducherry,Statewide,1.85,0.0,0.0,0.0,0.0,0.0,0.0,0,2009,9,262,1,37.33000000000001,98.03999999999999,4.298691873354632,0.0,-1.0,-1.8369701987210297e-16,1.85,0.0,0.0,98.03999999999999
2009-09-22,Bihar,Statewide,0.47,0.0,0.0,0.0,0.0,0.0,0.0,0,2009,9,265,1,14.67,171.01999999999998,1.40206257213945,0.0,-1.0,-1.8369701987210297e-16,0.47,0.0,0.0,171.01999999999998
2009-09-25,Gujarat,Statewide,0.2,0.0,0.0,0.0,0.0,0.0,0.0,0,2009,9,268,1,0.39,141.88,0.11233958144480896,0.0,-1.0,-1.8369701987210297e-16,0.2,0.0,0.0,141.88
2009-09-25,Unknown,Belgaum,3.74,0.0,0.0,0.0,0.0,0.0,0.0,1,2009,9,268,1,3.74,3.74,3.74,0.0,-1.0,-1.8369701987210297e-16,3.74,0.0,0.0,3.74
2009-09-25,Unknown,Statewide,3.74,0.0,0.0,0.0,0.0,0.0,0.0,1,2009,9,268,1,19.3,71.77,3.7704584107541548,0.0,-1.0,-1.8369701987210297e-16,3.74,0.0,0.0,71.77
2009-09-27,Chhattisgarh,Statewide,1.18,0.0,0.0,0.0,0.0,0.0,0.0,0,2009,9,270,1,10.73,111.34,1.2400597221068033,0.0,-1.0,-1.8369701987210297e-16,1.18,0.0,0.0,111.34
2009-09-27,Punjab,Statewide,0.26,0.0,0.0,0.0,0.0,0.0,0.0,0,2009,9,270,1,0.4099999999999965,125.26,0.1486962083310071,0.0,-1.0,-1.8369701987210297e-16,0.26,0.0,0.0,125.26
2009-09-28,Bihar,Statewide,0.23,0.0,0.0,0.0,0.0,0.0,0.0,0,2009,9,271,1,3.46,130.79,0.46910379954963405,0.0,-1.0,-1.8369701987210297e-16,0.23,0.0,0.0,130.79
2009-09-28,Tamil Nadu,Statewide,1.86,0.0,0.0,0.0,0.0,0.0,0.0,0,2009,9,271,1,21.87,107.91,2.6576244046139985,0.0,-1.0,-1.8369701987210297e-16,1.86,0.0,0.0,107.91
2009-09-29,Nagaland,Statewide,3.9,0.0,0.0,0.0,0.0,0.0,0.0,0,2009,9,272,1,70.56000000000002,256.85,5.992533771887348,0.0,-1.0,-1.8369701987210297e-16,3.9,0.0,0.0,256.85
2009-09-29,Tamil Nadu,Statewide,1.88,0.0,0.0,0.0,0.0,0.0,0.0,0,2009,9,272,1,17.67,109.64999999999999,2.4243370832297986,0.0,-1.0,-1.8369701987210297e-16,1.88,0.0,0.0,109.64999999999999
2009-10-02,Andhra Pradesh,Statewide,17.65,0.0,0.0,0.0,0.0,0.0,0.0,0,2009,10,275,0,82.50999999999999,159.98999999999998,14.709754878393113,0.0,-0.8660254037844386,0.5000000000000001,17.65,0.0,0.0,159.98999999999998
2009-10-03,Maharashtra,Statewide,17.81,0.0,0.0,0.0,0.0,0.0,0.0,0,2009,10,276,0,53.959999999999994,147.07999999999998,9.728763507419584,0.0,-0.8660254037844386,0.5000000000000001,17.81,0.0,0.0,147.07999999999998
2009-10-04,Puducherry,Statewide,0.51,0.0,0.0,0.0,0.0,0.0,0.0,0,2009,10,277,0,14.130000000000015,74.72,2.5505250963125468,0.0,-0.8660254037844386,0.5000000000000001,0.51,0.0,0.0,74.72
2009-10-05,Chhattisgarh,Statewide,4.0,0.0,0.0,0.0,0.0,0.0,0.0,0,2009,10,278,0,29.25,83.58000000000001,3.2752891105606095,0.0,-0.8660254037844386,0.5000000000000001,4.0,0.0,0.0,83.58000000000001
2009-10-08,Rajasthan,Statewide,0.01,0.0,0.0,0.0,0.0,0.0,0.0,0,2009,10,281,0,7.85,20.66,0.7891695259296451,0.0,-0.8660254037844386,0.5000000000000001,0.01,0.0,0.0,20.66
2009-10-09,Unknown,Jainta Hills District (Meghalaya Province),0.17,0.0,0.0,0.0,0.0,0.0,0.0,1,2009,10,282,0,0.17,0.17,0.17,0.0,-0.8660254037844386,0.5000000000000001,0.17,0.0,0.0,0.17
2009-10-10,Tamil Nadu,Statewide,1.43,0.0,0.0,0.0,0.0,0.0,0.0,0,2009,10,283,0,3.2199999999999998,96.62,0.7654006885963689,0.0,-0.8660254037844386,0.5000000000000001,1.43,0.0,0.0,96.62
2009-10-11,Kerala,Statewide,0.64,0.0,0.0,0.0,0.0,0.0,0.0,0,2009,10,284,0,10.98,280.34,3.045877477179044,0.0,-0.8660254037844386,0.5000000000000001,0.64,0.0,0.0,280.34
2009-10-12,Maharashtra,Statewide,0.36,0.0,0.0,0.0,0.0,0.0,0.0,0,2009,10,285,0,15.94,141.64000000000001,1.9352222885443506,0.0,-0.8660254037844386,0.5000000000000001,0.36,0.0,0.0,141.64000000000001
2009-10-12,Punjab,Statewide,0.0,0.0,0.0,0.0,0.0,0.0,0.0,0,2009,10,285,0,0.03999999999999645,7.75,0.13103512947736312,0.0,-0.8660254037844386,0.5000000000000001,0.0,0.0,0.0,7.75
2009-10-13,Uttar Pradesh,Statewide,0.0,0.0,0.0,0.0,0.0,0.0,0.0,0,2009,10,286,0,36.42999999999999,103.88,2.4470753501638813,0.0,-0.8660254037844386,0.5000000000000001,0.0,0.0,0.0,103.88
2009-10-16,Maharashtra,Statewide,0.01,0.0,0.0,0.0,0.0,0.0,0.0,0,2009,10,289,0,2.1599999999999997,129.47,0.6825608714794983,0.0,-0.8660254037844386,0.5000000000000001,0.01,0.0,0.0,129.47
2009-10-16,Punjab,Statewide,0.0,0.0,0.0,0.0,0.0,0.0,0.0,0,2009,10,289,0,0.0,5.9,0.031461534587514876,0.0,-0.8660254037844386,0.5000000000000001,0.0,0.0,0.0,5.9
2009-10-17,Bihar,Statewide,0.39,0.0,0.0,0.0,0.0,0.0,0.0,0,2009,10,290,0,1.58,97.61,1.0936776004080175,0.0,-0.8660254037844386,0.5000000000000001,0.39,0.0,0.0,97.61
2009-10-17,Jharkhand,Statewide,0.01,0.0,0.0,0.0,0.0,0.0,0.0,0,2009,10,290,0,0.5700000000000001,138.44,0.6247878891713405,0.0,-0.8660254037844386,0.5000000000000001,0.01,0.0,0.0,138.44
2009-10-18,Maharashtra,Statewide,0.02,0.0,0.0,0.0,0.0,0.0,0.0,0,2009,10,291,0,2.2199999999999998,128.14,0.35725482702495415,0.0,-0.8660254037844386,0.5000000000000001,0.02,0.0,0.0,128.14
2009-10-18,Sikkim,Statewide,0.0,0.0,0.0,0.0,0.0,0.0,0.0,0,2009,10,291,0,9.399999999999984,273.21999999999997,1.926387821024021,0.0,-0.8660254037844386,0.5000000000000001,0.0,0.0,0.0,273.21999999999997
2009-10-19,Madhya Pradesh,Statewide,0.0,0.0,0.0,0.0,0.0,0.0,0.0,0,2009,10,292,0,0.18000000000000002,83.39999999999999,0.20145204746154904,0.0,-0.8660254037844386,0.5000000000000001,0.0,0.0,0.0,83.39999999999999
2009-10-19,Mizoram,Statewide,0.12,0.0,0.0,0.0,0.0,0.0,0.0,0,2009,10,292,0,30.34,188.81,3.819390606602994,0.0,-0.8660254037844386,0.5000000000000001,0.12,0.0,0.0,188.81
2009-10-19,Uttarakhand,Statewide,0.26,0.0,0.0,0.0,0.0,0.0,0.0,0,2009,10,292,0,0.26,135.05,0.4115227037718527,0.0,-0.8660254037844386,0.5000000000000001,0.26,0.0,0.0,135.05
2009-10-23,Mizoram,Statewide,0.0,0.0,0.0,0.0,0.0,0.0,0.0,0,2009,10,296,0,10.13,132.48,0.9242386846453785,0.0,-0.8660254037844386,0.5000000000000001,0.0,0.0,0.0,132.48
2009-10-25,Arunachal Pradesh,Statewide,0.0,0.0,0.0,0.0,0.0,0.0,0.0,0,2009,10,298,0,4.7299999999999995,113.24,0.4179993429299836,0.0,-0.8660254037844386,0.5000000000000001,0.0,0.0,0.0,113.24
2009-10-27,Assam,Statewide,0.0,0.0,0.0,0.0,0.0,0.0,0.0,0,2009,10,300,0,0.44000000000000006,120.91999999999999,0.30038527243614704,0.0,-0.8660254037844386,0.5000000000000001,0.0,0.0,0.0,120.91999999999999
2009-10-28,Andhra Pradesh,Statewide,1.08,0.0,0.0,0.0,0.0,0.0,0.0,0,2009,10,301,0,1.6499999999999928,96.04,0.4491320844157534,0.0,-0.8660254037844386,0.5000000000000001,1.08,0.0,0.0,96.04
2009-10-28,Tripura,Statewide,0.0,0.0,0.0,0.0,0.0,0.0,0.0,0,2009,10,301,0,0.0,166.02999999999997,0.17245326836531322,0.0,-0.8660254037844386,0.5000000000000001,0.0,0.0,0.0,166.02999999999997
2009-11-01,Uttarakhand,Statewide,0.0,0.0,0.0,0.0,0.0,0.0,0.0,0,2009,11,305,0,0.04,112.80000000000001,0.012387202752846776,0.0,-0.5000000000000004,0.8660254037844384,0.0,0.0,0.0,112.80000000000001
2009-11-03,Tripura,Statewide,0.0,0.0,0.0,0.0,0.0,0.0,0.0,0,2009,11,307,0,0.0,135.36999999999998,0.020288954569910728,0.0,-0.5000000000000004,0.8660254037844384,0.0,0.0,0.0,135.36999999999998
2009-11-03,Unknown,Ooty,0.0,0.0,0.0,0.0,0.0,0.0,0.0,1,2009,11,307,0,0.0,0.0,0.0,0.0,-0.5000000000000004,0.8660254037844384,0.0,0.0,0.0,0.0
2009-11-04,Assam,Statewide,0.0,0.0,0.0,0.0,0.0,0.0,0.0,0,2009,11,308,0,0.0,113.41,0.01731661318925172,0.0,-0.5000000000000004,0.8660254037844384,0.0,0.0,0.0,113.41
2009-11-04,The Dadra And Nagar Haveli And Daman And Diu,Statewide,0.0,0.0,0.0,0.0,0.0,0.0,0.0,0,2009,11,308,0,0.0,24.0,0.0007352324425168919,0.0,-0.5000000000000004,0.8660254037844384,0.0,0.0,0.0,24.0
2009-11-05,Sikkim,Statewide,0.0,0.0,0.0,0.0,0.0,0.0,0.0,0,2009,11,309,0,0.009999999999987566,180.09,0.00456949860996563,0.0,-0.5000000000000004,0.8660254037844384,0.0,0.0,0.0,180.09
2009-11-06,Andaman And Nicobar Islands,Statewide,10.86,0.0,0.0,0.0,0.0,0.0,0.0,0,2009,11,310,0,71.87,286.52000000000004,10.92887790171649,0.0,-0.5000000000000004,0.8660254037844384,10.86,0.0,0.0,286.52000000000004
2009-11-07,Unknown,Statewide,0.0,0.0,0.0,0.0,0.0,0.0,0.0,1,2009,11,311,0,19.3,71.77,2.639320887527908,0.0,-0.5000000000000004,0.8660254037844384,0.0,0.0,0.0,71.77
2009-11-10,Bihar,Statewide,0.27,0.0,0.0,0.0,0.0,0.0,0.0,0,2009,11,314,0,0.73,5.65,0.15668748814225447,0.0,-0.5000000000000004,0.8660254037844384,0.27,0.0,0.0,5.65
2009-11-10,Mizoram,Statewide,0.0,0.0,0.0,0.0,0.0,0.0,0.0,0,2009,11,314,0,0.0,30.41,0.0015050428417914,0.0,-0.5000000000000004,0.8660254037844384,0.0,0.0,0.0,30.41
2009-11-13,Bihar,Statewide,0.85,0.0,0.0,0.0,0.0,0.0,0.0,0,2009,11,317,0,1.6099999999999999,6.11,0.3137838084327933,0.0,-0.5000000000000004,0.8660254037844384,0.85,0.0,0.0,6.11
2009-11-13,Gujarat,Statewide,0.14,0.0,0.0,0.0,0.0,0.0,0.0,0,2009,11,317,0,5.909999999999999,5.909999999999999,1.1458421524258557,0.0,-0.5000000000000004,0.8660254037844384,0.14,0.0,0.0,5.909999999999999
2009-11-13,The Dadra And Nagar Haveli And Daman And Diu,Statewide,0.0,0.0,0.0,0.0,0.0,0.0,0.0,0,2009,11,317,0,37.75999999999999,37.760000000000005,6.668231069281038,0.0,-0.5000000000000004,0.8660254037844384,0.0,0.0,0.0,37.760000000000005
2009-11-15,Haryana,Statewide,0.04,0.0,0.0,0.0,0.0,0.0,0.0,0,2009,11,319,0,1.08,1.08,0.13210901680294068,0.0,-0.5000000000000004,0.8660254037844384,0.04,0.0,0.0,1.08
2009-11-15,Puducherry,Statewide,47.07,0.0,0.0,0.0,0.0,0.0,0.0,0,2009,11,319,0,141.34000000000003,592.5,25.89748692122882,0.0,-0.5000000000000004,0.8660254037844384,47.07,0.0,0.0,592.5
2009-11-16,Haryana,Statewide,0.01,0.0,0.0,0.0,0.0,0.0,0.0,0,2009,11,320,0,0.95,1.09,0.09547631176205848,0.0,-0.5000000000000004,0.8660254037844384,0.01,0.0,0.0,1.09
2009-11-16,Nagaland,Statewide,8.85,0.0,0.0,0.0,0.0,0.0,0.0,0,2009,11,320,0,10.700000000000006,22.509999999999998,2.9987588017855913,0.0,-0.5000000000000004,0.8660254037844384,8.85,0.0,0.0,22.509999999999998
2009-11-17,Maharashtra,Statewide,13.36,0.0,0.0,0.0,0.0,0.0,0.0,0,2009,11,321,0,78.12,88.03,9.800969515411126,0.0,-0.5000000000000004,0.8660254037844384,13.36,0.0,0.0,88.03
2009-11-18,Karnataka,Statewide,2.92,0.0,0.0,0.0,0.0,0.0,0.0,0,2009,11,322,0,22.709999999999994,52.89,4.100829692985097,0.0,-0.5000000000000004,0.8660254037844384,2.92,0.0,0.0,52.89
2009-11-18,Lakshadweep,Statewide,1706.1303278688524,0.0,0.0,0.0,0.0,0.0,0.0,0,2009,11,322,0,11934.0131147541,50999.56967213115,1705.1415300546444,0.0,-0.5000000000000004,0.8660254037844384,1706.1303278688524,0.0,0.0,50999.56967213115
2009-11-21,Delhi,Statewide,0.0,0.0,0.0,0.0,0.0,0.0,0.0,0,2009,11,325,0,4.4,5.9,0.3446525255457137,0.0,-0.5000000000000004,0.8660254037844384,0.0,0.0,0.0,5.9
2009-11-22,Mizoram,Statewide,0.0,0.0,0.0,0.0,0.0,0.0,0.0,0,2009,11,326,0,16.159999999999997,16.259999999999998,1.0506041067302225,0.0,-0.5000000000000004,0.8660254037844384,0.0,0.0,0.0,16.259999999999998
2009-11-27,Chandigarh,Statewide,0.0,0.0,0.0,0.0,0.0,0.0,0.0,0,2009,11,331,0,0.0999999999999858,13.799999999999999,0.013716538818887878,0.0,-0.5000000000000004,0.8660254037844384,0.0,0.0,0.0,13.799999999999999
2009-11-27,Lakshadweep,Statewide,1709.944262295082,0.0,0.0,0.0,0.0,0.0,0.0,0,2009,11,331,0,11960.710655737705,51113.987704918036,1708.955464480874,0.0,-0.5000000000000004,0.8660254037844384,1709.944262295082,0.0,0.0,51113.987704918036
2009-11-27,Uttarakhand,Statewide,0.0,0.0,0.0,0.0,0.0,0.0,0.0,0,2009,11,331,0,0.0,12.490000000000014,0.02854813813566292,0.0,-0.5000000000000004,0.8660254037844384,0.0,0.0,0.0,12.490000000000014
2009-11-28,Goa,Statewide,0.0,0.0,0.0,0.0,0.0,0.0,0.0,0,2009,11,332,0,0.0,112.83,0.2986411196564139,0.0,-0.5000000000000004,0.8660254037844384,0.0,0.0,0.0,112.83
2009-11-29,Telangana,Statewide,0.0,0.0,0.0,0.0,0.0,0.0,0.0,0,2009,11,333,0,0.44000000000000716,52.11,0.29513593288366513,0.0,-0.5000000000000004,0.8660254037844384,0.0,0.0,0.0,52.11
2009-11-30,Nagaland,Statewide,0.0,0.0,0.0,0.0,0.0,0.0,0.0,0,2009,11,334,0,0.0,20.35,0.06440932800613262,0.0,-0.5000000000000004,0.8660254037844384,0.0,0.0,0.0,20.35
2009-12-01,Rajasthan,Statewide,0.0,0.0,0.0,0.0,0.0,0.0,0.0,0,2009,12,335,0,0.0,5.780000000000001,0.003828446140422557,0.0,-2.4492935982947064e-16,1.0,0.0,0.0,0.0,5.780000000000001
2009-12-01,Telangana,Statewide,0.0,0.0,0.0,0.0,0.0,0.0,0.0,0,2009,12,335,0,0.0,52.11,0.1446166071129959,0.0,-2.4492935982947064e-16,1.0,0.0,0.0,0.0,52.11
2009-12-01,The Dadra And Nagar Haveli And Daman And Diu,Statewide,0.0,0.0,0.0,0.0,0.0,0.0,0.0,0,2009,12,335,0,0.0,47.160000000000004,0.0210299495707426,0.0,-2.4492935982947064e-16,1.0,0.0,0.0,0.0,47.160000000000004
2009-12-02,Haryana,Statewide,0.0,0.0,0.0,0.0,0.0,0.0,0.0,0,2009,12,336,0,0.0,1.73,0.0012288275738920615,0.0,-2.4492935982947064e-16,1.0,0.0,0.0,0.0,1.73
2009-12-05,The Dadra And Nagar Haveli And Daman And Diu,Statewide,0.0,0.0,0.0,0.0,0.0,0.0,0.0,0,2009,12,339,0,0.0,47.160000000000004,0.005049290891935297,0.0,-2.4492935982947064e-16,1.0,0.0,0.0,0.0,47.160000000000004
2009-12-06,Punjab,Statewide,0.0,0.0,0.0,0.0,0.0,0.0,0.0,0,2009,12,340,0,0.0,6.329999999999999,0.0006769299194143097,0.0,-2.4492935982947064e-16,1.0,0.0,0.0,0.0,6.329999999999999
2009-12-08,Himachal Pradesh,Statewide,0.0,0.0,0.0,0.0,0.0,0.0,0.0,0,2009,12,342,0,0.0,71.89,0.003840173766769389,0.0,-2.4492935982947064e-16,1.0,0.0,0.0,0.0,71.89
2009-12-09,Jammu And Kashmir,Statewide,0.0,0.0,0.0,0.0,0.0,0.0,0.0,0,2009,12,343,0,0.0,0.0,3.2749614135084186e-07,0.0,-2.4492935982947064e-16,1.0,0.0,0.0,0.0,0.0
2009-12-09,Karnataka,Statewide,0.01,0.0,0.0,0.0,0.0,0.0,0.0,0,2009,12,343,0,1.249999999999993,51.93,0.10006224657140882,0.0,-2.4492935982947064e-16,1.0,0.01,0.0,0.0,51.93
2009-12-09,Manipur,Statewide,0.0,0.0,0.0,0.0,0.0,0.0,0.0,0,2009,12,343,0,0.0,14.75,0.002195803187923675,0.0,-2.4492935982947064e-16,1.0,0.0,0.0,0.0,14.75
2009-12-09,Tripura,Statewide,0.0,0.0,0.0,0.0,0.0,0.0,0.0,0,2009,12,343,0,0.0,11.14,0.0015187303504248886,0.0,-2.4492935982947064e-16,1.0,0.0,0.0,0.0,11.14
2009-12-10,Haryana,Statewide,0.0,0.0,0.0,0.0,0.0,0.0,0.0,0,2009,12,344,0,0.0,1.44,7.083946426800526e-05,0.0,-2.4492935982947064e-16,1.0,0.0,0.0,0.0,1.44
2009-12-10,Punjab,Statewide,0.0,0.0,0.0,0.0,0.0,0.0,0.0,0,2009,12,344,0,0.0,4.199999999999999,0.00016253087365137572,0.0,-2.4492935982947064e-16,1.0,0.0,0.0,0.0,4.199999999999999
2009-12-12,Madhya Pradesh,Statewide,0.37,0.0,0.0,0.0,0.0,0.0,0.0,0,2009,12,346,0,0.76,52.85,0.19110177913821547,0.0,-2.4492935982947064e-16,1.0,0.37,0.0,0.0,52.85
2009-12-14,Mizoram,Statewide,0.0,0.0,0.0,0.0,0.0,0.0,0.0,0,2009,12,348,0,0.0,16.259999999999998,0.0004107674050221548,0.0,-2.4492935982947064e-16,1.0,0.0,0.0,0.0,16.259999999999998
2009-12-14,Telangana,Statewide,0.0,0.0,0.0,0.0,0.0,0.0,0.0,0,2009,12,348,0,0.0,40.199999999999996,0.0014011759951596079,0.0,-2.4492935982947064e-16,1.0,0.0,0.0,0.0,40.199999999999996
2009-12-15,Tamil Nadu,Statewide,9.28,0.0,0.0,0.0,0.0,0.0,0.0,0,2009,12,349,0,20.65,106.82,4.681483669295616,0.0,-2.4492935982947064e-16,1.0,9.28,0.0,0.0,106.82
2009-12-16,Arunachal Pradesh,Statewide,0.34,0.0,0.0,0.0,0.0,0.0,0.0,0,2009,12,350,0,0.34,43.96,0.23582171146349543,0.0,-2.4492935982947064e-16,1.0,0.34,0.0,0.0,43.96
2009-12-18,Puducherry,Statewide,4.5,0.0,0.0,0.0,0.0,0.0,0.0,0,2009,12,352,0,202.58,349.75,27.394267102658883,0.0,-2.4492935982947064e-16,1.0,4.5,0.0,0.0,349.75
2009-12-19,Chandigarh,Statewide,0.0,0.0,0.0,0.0,0.0,0.0,0.0,0,2009,12,353,0,1.1999999999999857,1.3,0.08644136292121875,0.0,-2.4492935982947064e-16,1.0,0.0,0.0,0.0,1.3
2009-12-19,Mizoram,Statewide,0.0,0.0,0.0,0.0,0.0,0.0,0.0,0,2009,12,353,0,0.0,0.0,6.903767776207353e-05,0.0,-2.4492935982947064e-16,1.0,0.0,0.0,0.0,0.0
2009-12-20,Arunachal Pradesh,Statewide,2.67,0.0,0.0,0.0,0.0,0.0,0.0,0,2009,12,354,0,4.58,14.410000000000002,1.1039087929223852,0.0,-2.4492935982947064e-16,1.0,2.67,0.0,0.0,14.410000000000002
2009-12-21,Delhi,Statewide,0.0,0.0,0.0,0.0,0.0,0.0,0.0,0,2009,12,355,0,1.43,1.43,0.0574372872405553,0.0,-2.4492935982947064e-16,1.0,0.0,0.0,0.0,1.43
2009-12-21,Himachal Pradesh,Statewide,0.0,0.0,0.0,0.0,0.0,0.0,0.0,0,2009,12,355,0,0.09999999999999645,8.189999999999996,0.057427944463335275,0.0,-2.4492935982947064e-16,1.0,0.0,0.0,0.0,8.189999999999996
2009-12-22,Haryana,Statewide,0.0,0.0,0.0,0.0,0.0,0.0,0.0,0,2009,12,356,0,0.05,0.25,0.006706973509370095,0.0,-2.4492935982947064e-16,1.0,0.0,0.0,0.0,0.25
2009-12-22,Jharkhand,Statewide,0.0,0.0,0.0,0.0,0.0,0.0,0.0,0,2009,12,356,0,1.6600000000000001,1.6600000000000001,0.15941306941725303,0.0,-2.4492935982947064e-16,1.0,0.0,0.0,0.0,1.6600000000000001
2009-12-22,Uttarakhand,Statewide,0.0,0.0,0.0,0.0,0.0,0.0,0.0,0,2009,12,356,0,0.92,1.280000000000014,0.04136921690122035,0.0,-2.4492935982947064e-16,1.0,0.0,0.0,0.0,1.280000000000014
2009-12-24,Jammu And Kashmir,Statewide,0.0,0.0,0.0,0.0,0.0,0.0,0.0,0,2009,12,358,0,0.0,0.0,1.5548080753321078e-09,0.0,-2.4492935982947064e-16,1.0,0.0,0.0,0.0,0.0
2009-12-25,Delhi,Statewide,0.0,0.0,0.0,0.0,0.0,0.0,0.0,0,2009,12,359,0,0.0,1.43,0.013790692666457324,0.0,-2.4492935982947064e-16,1.0,0.0,0.0,0.0,1.43
2009-12-28,West Bengal,Statewide,0.0,0.0,0.0,0.0,0.0,0.0,0.0,0,2009,12,362,0,0.0,0.6199999999999999,0.006722917828361916,0.0,-2.4492935982947064e-16,1.0,0.0,0.0,0.0,0.6199999999999999
2009-12-30,Telangana,Statewide,1.02,0.0,0.0,0.0,0.0,0.0,0.0,0,2009,12,364,0,1.0200000000000071,1.57,0.3076656109825763,0.0,-2.4492935982947064e-16,1.0,1.02,0.0,0.0,1.57
2010-01-01,Vidarbha,Statewide,1338.1,0.0,0.0,0.0,0.0,0.0,0.0,0,2010,1,1,0,7304.6,31905.9,1071.078038137036,0.0,0.49999999999999994,0.8660254037844387,1338.1,0.0,0.0,31905.9
2010-01-02,Tripura,Statewide,0.0,0.0,0.0,0.0,0.0,0.0,0.0,0,2010,1,2,0,0.0,0.0,2.9096023066943893e-07,0.0,0.49999999999999994,0.8660254037844387,0.0,0.0,0.0,0.0
2010-01-05,Delhi,Statewide,0.0,0.0,0.0,0.0,0.0,0.0,0.0,0,2010,1,5,0,0.88,2.31,0.1296326870541388,0.0,0.49999999999999994,0.8660254037844387,0.0,0.0,0.0,2.31
2010-01-05,Meghalaya,Statewide,0.0,0.0,0.0,0.0,0.0,0.0,0.0,0,2010,1,5,0,0.49,0.71,0.025465988502154938,0.0,0.49999999999999994,0.8660254037844387,0.0,0.0,0.0,0.71
2010-01-06,Meghalaya,Statewide,0.01,0.0,0.0,0.0,0.0,0.0,0.0,0,2010,1,6,0,0.5,0.6799999999999999,0.020826191951508453,0.0,0.49999999999999994,0.8660254037844387,0.01,0.0,0.0,0.6799999999999999
2010-01-06,Uttar Pradesh,Statewide,0.0,0.0,0.0,0.0,0.0,0.0,0.0,0,2010,1,6,0,1.1000000000000005,3.5900000000000003,0.07646585974175979,0.0,0.49999999999999994,0.8660254037844387,0.0,0.0,0.0,3.5900000000000003
2010-01-09,Andaman And Nicobar Islands,Statewide,5.5,0.0,0.0,0.0,0.0,0.0,0.0,0,2010,1,9,0,31.32,171.46,5.185153711948766,0.0,0.49999999999999994,0.8660254037844387,5.5,0.0,0.0,171.46
2010-01-09,Unknown,Statewide,0.0,0.0,0.0,0.0,0.0,0.0,0.0,1,2010,1,9,0,19.3,71.77,1.8475246212695355,0.0,0.49999999999999994,0.8660254037844387,0.0,0.0,0.0,71.77
2010-01-10,Mizoram,Statewide,0.0,0.0,0.0,0.0,0.0,0.0,0.0,0,2010,1,10,0,0.0,0.0,2.6992496565944432e-08,0.0,0.49999999999999994,0.8660254037844387,0.0,0.0,0.0,0.0
2010-01-12,Puducherry,Statewide,0.04,0.0,0.0,0.0,0.0,0.0,0.0,0,2010,1,12,0,24.510000000000016,246.89000000000001,3.1276960467793327,0.0,0.49999999999999994,0.8660254037844387,0.04,0.0,0.0,246.89000000000001
2010-01-12,Rajasthan,Statewide,0.18,0.0,0.0,0.0,0.0,0.0,0.0,0,2010,1,12,0,0.18,1.9600000000000006,0.06930725173766303,0.0,0.49999999999999994,0.8660254037844387,0.18,0.0,0.0,1.9600000000000006
2010-01-13,Nagaland,Statewide,0.0,0.0,0.0,0.0,0.0,0.0,0.0,0,2010,1,13,0,0.0,0.02,1.5351631276177455e-06,0.0,0.49999999999999994,0.8660254037844387,0.0,0.0,0.0,0.02
2010-01-15,Gujarat,Statewide,0.0,0.0,0.0,0.0,0.0,0.0,0.0,0,2010,1,15,0,0.0,0.4999999999999991,0.0006857989037751277,0.0,0.49999999999999994,0.8660254037844387,0.0,0.0,0.0,0.4999999999999991
2010-01-16,Maharashtra,Statewide,0.0,0.0,0.0,0.0,0.0,0.0,0.0,0,2010,1,16,0,9.51,13.97,0.8531599160636919,0.0,0.49999999999999994,0.8660254037844387,0.0,0.0,0.0,13.97
2010-01-16,Tamil Nadu,Statewide,0.0,0.0,0.0,0.0,0.0,0.0,0.0,0,2010,1,16,0,9.69,1136.03,2.3538229830136865,0.0,0.49999999999999994,0.8660254037844387,0.0,0.0,0.0,1136.03
2010-01-17,Maharashtra,Statewide,0.0,0.0,0.0,0.0,0.0,0.0,0.0,0,2010,1,17,0,9.51,11.46,0.5972119412445843,0.0,0.49999999999999994,0.8660254037844387,0.0,0.0,0.0,11.46
2010-01-18,Telangana,Statewide,0.0,0.0,0.0,0.0,0.0,0.0,0.0,0,2010,1,18,0,7.08,1284.55,1.3608721523235445,0.0,0.49999999999999994,0.8660254037844387,0.0,0.0,0.0,1284.55
2010-01-25,Jharkhand,Statewide,0.0,0.0,0.0,0.0,0.0,0.0,0.0,0,2010,1,25,0,0.0,697.4800000000001,0.041375528446064715,0.0,0.49999999999999994,0.8660254037844387,0.0,0.0,0.0,697.4800000000001
2010-01-27,Tripura,Statewide,0.0,0.0,0.0,0.0,0.0,0.0,0.0,0,2010,1,27,0,0.0,0.05,0.0008647201890197631,0.0,0.49999999999999994,0.8660254037844387,0.0,0.0,0.0,0.05
2010-01-28,Bihar,Statewide,0.0,0.0,0.0,0.0,0.0,0.0,0.0,0,2010,1,28,0,0.0,629.97,0.013284839313330297,0.0,0.49999999999999994,0.8660254037844387,0.0,0.0,0.0,629.97
2010-01-28,Odisha,Statewide,0.0,0.0,0.0,0.0,0.0,0.0,0.0,0,2010,1,28,0,0.0,11.940000000000001,0.02413800322777214,0.0,0.49999999999999994,0.8660254037844387,0.0,0.0,0.0,11.940000000000001
2010-01-30,Lakshadweep,Statewide,1710.0265027322405,0.0,0.0,0.0,0.0,0.0,0.0,0,2010,1,30,0,11981.173224043716,51528.397540983606,1711.24728768547,0.0,0.49999999999999994,0.8660254037844387,1710.0265027322405,0.0,0.0,51528.397540983606
2010-02-02,Meghalaya,Statewide,0.0,0.0,0.0,0.0,0.0,0.0,0.0,0,2010,2,33,0,0.0,0.03,0.0004954943382721697,0.0,0.8660254037844386,0.5000000000000001,0.0,0.0,0.0,0.03
2010-02-02,Tripura,Statewide,0.0,0.0,0.0,0.0,0.0,0.0,0.0,0,2010,2,33,0,0.0,0.05,0.00010173346551798605,0.0,0.8660254037844386,0.5000000000000001,0.0,0.0,0.0,0.05
2010-02-05,Ladakh,Statewide,9.58,0.0,0.0,0.0,0.0,0.0,0.0,0,2010,2,36,0,47.9,47.9,7.9698894,0.0,0.8660254037844386,0.5000000000000001,9.58,0.0,0.0,47.9
2010-02-08,Arunachal Pradesh,Statewide,0.0,0.0,0.0,0.0,0.0,0.0,0.0,0,2010,2,39,0,0.0,0.0,0.0011132059416440138,0.0,0.8660254037844386,0.5000000000000001,0.0,0.0,0.0,0.0
2010-02-08,Assam,Statewide,0.0,0.0,0.0,0.0,0.0,0.0,0.0,0,2010,2,39,0,0.0,0.7099999999999929,0.0020637995595743654,0.0,0.8660254037844386,0.5000000000000001,0.0,0.0,0.0,0.7099999999999929
2010-02-09,Mizoram,Statewide,0.0,0.0,0.0,0.0,0.0,0.0,0.0,0,2010,2,40,0,0.0,1.55,0.0031537372893562393,0.0,0.8660254037844386,0.5000000000000001,0.0,0.0,0.0,1.55
2010-02-11,The Dadra And Nagar Haveli And Daman And Diu,Statewide,0.0,0.0,0.0,0.0,0.0,0.0,0.0,0,2010,2,42,0,0.1399999999999858,0.14,0.020580002109855278,0.0,0.8660254037844386,0.5000000000000001,0.0,0.0,0.0,0.14
2010-02-13,Puducherry,Statewide,0.0,0.0,0.0,0.0,0.0,0.0,0.0,0,2010,2,44,0,0.1500000000000142,0.44,0.022258146041188597,0.0,0.8660254037844386,0.5000000000000001,0.0,0.0,0.0,0.44
2010-02-15,Chhattisgarh,Statewide,0.06,0.0,0.0,0.0,0.0,0.0,0.0,0,2010,2,46,0,0.06999999999999999,0.8899999999999999,0.025493194411218896,0.0,0.8660254037844386,0.5000000000000001,0.06,0.0,0.0,0.8899999999999999
2010-02-15,Uttar Pradesh,Statewide,0.0,0.0,0.0,0.0,0.0,0.0,0.0,0,2010,2,46,0,15.5,15.510000000000002,0.8877421641450954,0.0,0.8660254037844386,0.5000000000000001,0.0,0.0,0.0,15.510000000000002
2010-02-18,Himachal Pradesh,Statewide,0.0,0.0,0.0,0.0,0.0,0.0,0.0,0,2010,2,49,0,1.130000000000007,100.11,1.1640836087347708,0.0,0.8660254037844386,0.5000000000000001,0.0,0.0,0.0,100.11
2010-02-22,Telangana,Statewide,0.0,0.0,0.0,0.0,0.0,0.0,0.0,0,2010,2,53,0,1.8900000000000001,2.46,0.21574204653809084,0.0,0.8660254037844386,0.5000000000000001,0.0,0.0,0.0,2.46
2010-02-24,Assam,Statewide,0.48,0.0,0.0,0.0,0.0,0.0,0.0,0,2010,2,55,0,1.6199999999999997,2.399999999999993,0.19373383522677726,0.0,0.8660254037844386,0.5000000000000001,0.48,0.0,0.0,2.399999999999993
2010-02-25,Lakshadweep,Statewide,1696.4226775956286,0.0,0.0,0.0,0.0,0.0,0.0,0,2010,2,56,0,11885.946448087432,51120.28278688525,1697.6435336909526,0.0,0.8660254037844386,0.5000000000000001,1696.4226775956286,0.0,0.0,51120.28278688525
2010-02-26,The Dadra And Nagar Haveli And Daman And Diu,Statewide,0.0,0.0,0.0,0.0,0.0,0.0,0.0,0,2010,2,57,0,0.0,0.14,9.770482589129455e-05,0.0,0.8660254037844386,0.5000000000000001,0.0,0.0,0.0,0.14
2010-02-28,Assam,Statewide,0.32,0.0,0.0,0.0,0.0,0.0,0.0,0,2010,2,59,0,3.2199999999999998,4.429999999999993,0.43783849383794915,0.0,0.8660254037844386,0.5000000000000001,0.32,0.0,0.0,4.429999999999993
2010-03-02,Ladakh,Statewide,9.58,0.0,0.0,0.0,0.0,0.0,0.0,0,2010,3,61,0,67.06,287.4,9.579784073120015,0.0,1.0,6.123233995736766e-17,9.58,0.0,0.0,287.4
2010-03-03,Jammu And Kashmir,Statewide,11.55,0.0,0.0,0.0,0.0,0.0,0.0,0,2010,3,62,0,80.85000000000001,346.5,11.549817769433748,0.0,1.0,6.123233995736766e-17,11.55,0.0,0.0,346.5
2010-03-03,Ladakh,Statewide,9.58,0.0,0.0,0.0,0.0,0.0,0.0,0,2010,3,62,0,67.06,287.4,9.57984885118401,0.0,1.0,6.123233995736766e-17,9.58,0.0,0.0,287.4
2010-03-04,Punjab,Statewide,0.26,0.0,0.0,0.0,0.0,0.0,0.0,0,2010,3,63,0,0.3,10.7,0.09645027855265156,0.0,1.0,6.123233995736766e-17,0.26,0.0,0.0,10.7
2010-03-08,Nagaland,Statewide,1.19,0.0,0.0,0.0,0.0,0.0,0.0,0,2010,3,67,0,46.67000000000001,49.59,3.554152006851176,0.0,1.0,6.123233995736766e-17,1.19,0.0,0.0,49.59
2010-03-09,Gujarat,Statewide,0.0,0.0,0.0,0.0,0.0,0.0,0.0,0,2010,3,68,0,0.0,0.14999999999999913,4.713189894320762e-06,0.0,1.0,6.123233995736766e-17,0.0,0.0,0.0,0.14999999999999913
2010-03-10,Andhra Pradesh,Statewide,0.0,0.0,0.0,0.0,0.0,0.0,0.0,0,2010,3,69,0,0.0,0.54,0.0013707952223017824,0.0,1.0,6.123233995736766e-17,0.0,0.0,0.0,0.54
2010-03-12,Uttarakhand,Statewide,0.0,0.0,0.0,0.0,0.0,0.0,0.0,0,2010,3,71,0,0.01,10.88,0.039613660405954695,0.0,1.0,6.123233995736766e-17,0.0,0.0,0.0,10.88
2010-03-19,Jammu And Kashmir,Statewide,11.55,0.0,0.0,0.0,0.0,0.0,0.0,0,2010,3,78,0,80.85000000000001,346.5,11.549999394394423,0.0,1.0,6.123233995736766e-17,11.55,0.0,0.0,346.5
2010-03-22,Karnataka,Statewide,0.0,0.0,0.0,0.0,0.0,0.0,0.0,0,2010,3,81,0,5.039999999999993,5.41,0.2671260564536595,0.0,1.0,6.123233995736766e-17,0.0,0.0,0.0,5.41
2010-03-23,Tripura,Statewide,0.31,0.0,0.0,0.0,0.0,0.0,0.0,0,2010,3,82,0,0.31,11.33,0.10385022107457348,0.0,1.0,6.123233995736766e-17,0.31,0.0,0.0,11.33
2010-03-24,Delhi,Statewide,0.0,0.0,0.0,0.0,0.0,0.0,0.0,0,2010,3,83,0,0.0,1.43,1.4776937092996452e-05,0.0,1.0,6.123233995736766e-17,0.0,0.0,0.0,1.43
2010-03-24,Manipur,Statewide,0.0,0.0,0.0,0.0,0.0,0.0,0.0,0,2010,3,83,0,0.010000000000012435,24.919999999999998,0.013547295304052806,0.0,1.0,6.123233995736766e-17,0.0,0.0,0.0,24.919999999999998
2010-03-24,Unknown,Statewide,0.0,0.0,0.0,0.0,0.0,0.0,0.0,1,2010,3,83,0,19.3,71.77,1.293267234888675,0.0,1.0,6.123233995736766e-17,0.0,0.0,0.0,71.77
2010-03-25,Ladakh,Statewide,9.58,0.0,0.0,0.0,0.0,0.0,0.0,0,2010,3,84,0,67.06,287.4,9.579999940903516,0.0,1.0,6.123233995736766e-17,9.58,0.0,0.0,287.4
2010-03-28,Arunachal Pradesh,Statewide,15.88,0.0,0.0,0.0,0.0,0.0,0.0,0,2010,3,87,0,113.66999999999999,159.14999999999998,18.183120738995598,0.0,1.0,6.123233995736766e-17,15.88,0.0,0.0,159.14999999999998
2010-03-28,Bihar,Statewide,0.01,0.0,0.0,0.0,0.0,0.0,0.0,0,2010,3,87,0,0.01,0.56,0.007077979687333861,0.0,1.0,6.123233995736766e-17,0.01,0.0,0.0,0.56
2010-03-28,Haryana,Statewide,0.0,0.0,0.0,0.0,0.0,0.0,0.0,0,2010,3,87,0,0.0,0.3699999999999982,6.070545319100734e-05,0.0,1.0,6.123233995736766e-17,0.0,0.0,0.0,0.3699999999999982
2010-03-28,Puducherry,Statewide,0.0,0.0,0.0,0.0,0.0,0.0,0.0,0,2010,3,87,0,0.0,0.13999999999999999,0.0006169308045819305,0.0,1.0,6.123233995736766e-17,0.0,0.0,0.0,0.13999999999999999
2010-03-28,Punjab,Statewide,0.0,0.0,0.0,0.0,0.0,0.0,0.0,0,2010,3,87,0,0.0,1.67,0.0001446368174526068,0.0,1.0,6.123233995736766e-17,0.0,0.0,0.0,1.67
2010-03-31,Tripura,Statewide,23.33,0.0,0.0,0.0,0.0,0.0,0.0,0,2010,3,90,0,97.53,108.65,20.89082559958301,0.0,1.0,6.123233995736766e-17,23.33,0.0,0.0,108.65
2010-04-01,Mizoram,Statewide,27.85,0.0,0.0,0.0,0.0,0.0,0.0,0,2010,4,91,0,107.34,133.12,21.59125774417528,0.0,0.8660254037844387,-0.4999999999999998,27.85,0.0,0.0,133.12
2010-04-09,Delhi,Statewide,0.0,0.0,0.0,0.0,0.0,0.0,0.0,0,2010,4,99,0,0.0,0.0,4.910809244429123e-08,0.0,0.8660254037844387,-0.4999999999999998,0.0,0.0,0.0,0.0
2010-04-11,Bihar,Statewide,0.0,0.0,0.0,0.0,0.0,0.0,0.0,0,2010,4,101,0,0.01,0.55,0.0021895283529340635,0.0,0.8660254037844387,-0.4999999999999998,0.0,0.0,0.0,0.55
2010-04-11,Telangana,Statewide,0.0,0.0,0.0,0.0,0.0,0.0,0.0,0,2010,4,101,0,0.0,1.32,0.005193826593858553,0.0,0.8660254037844387,-0.4999999999999998,0.0,0.0,0.0,1.32
2010-04-14,Kerala,Statewide,3.24,0.0,0.0,0.0,0.0,0.0,0.0,0,2010,4,104,0,15.92,70.57000000000001,2.1794624098554243,0.0,0.8660254037844387,-0.4999999999999998,3.24,0.0,0.0,70.57000000000001
2010-04-18,Unknown,Statewide,0.18,0.0,0.0,0.0,0.0,0.0,0.0,1,2010,4,108,0,15.76,68.23,0.9592870644220725,0.0,0.8660254037844387,-0.4999999999999998,0.18,0.0,0.0,68.23
2010-04-19,Bihar,Statewide,0.85,0.0,0.0,0.0,0.0,0.0,0.0,0,2010,4,109,0,5.239999999999999,5.33,0.6363351353523852,0.0,0.8660254037844387,-0.4999999999999998,0.85,0.0,0.0,5.33
2010-04-20,Jharkhand,Statewide,0.0,0.0,0.0,0.0,0.0,0.0,0.0,0,2010,4,110,0,1.82,2.47,0.1360866823997239,0.0,0.8660254037844387,-0.4999999999999998,0.0,0.0,0.0,2.47
2010-04-23,Gujarat,Statewide,0.0,0.0,0.0,0.0,0.0,0.0,0.0,0,2010,4,113,0,0.0,0.0,5.043438605518488e-13,0.0,0.8660254037844387,-0.4999999999999998,0.0,0.0,0.0,0.0
2010-04-25,Lakshadweep,Statewide,1665.5524590163934,0.0,0.0,0.0,0.0,0.0,0.0,0,2010,4,115,0,11669.854918032786,50194.1762295082,1666.7733151183968,0.0,0.8660254037844387,-0.4999999999999998,1665.5524590163934,0.0,0.0,50194.1762295082
2010-05-02,Arunachal Pradesh,Statewide,0.01,0.0,0.0,0.0,0.0,0.0,0.0,0,2010,5,122,0,20.83,418.86999999999995,4.560296435065663,0.0,0.49999999999999994,-0.8660254037844387,0.01,0.0,0.0,418.86999999999995
2010-05-02,Madhya Pradesh,Statewide,0.02,0.0,0.0,0.0,0.0,0.0,0.0,0,2010,5,122,0,1.5400000000000003,1.54,0.22566000458033347,0.0,0.49999999999999994,-0.8660254037844387,0.02,0.0,0.0,1.54
2010-05-03,Andaman And Nicobar Islands,Statewide,7.77,0.0,0.0,0.0,0.0,0.0,0.0,0,2010,5,123,0,53.53,111.39,7.332648865310034,0.0,0.49999999999999994,-0.8660254037844387,7.77,0.0,0.0,111.39
2010-05-05,Gujarat,Statewide,0.0,0.0,0.0,0.0,0.0,0.0,0.0,0,2010,5,125,0,0.22999999999999915,0.22999999999999915,0.036519000000006976,0.0,0.49999999999999994,-0.8660254037844387,0.0,0.0,0.0,0.22999999999999915
2010-05-07,Kerala,Statewide,8.62,0.0,0.0,0.0,0.0,0.0,0.0,0,2010,5,127,0,50.33,158.19,5.294104319396712,0.0,0.49999999999999994,-0.8660254037844387,8.62,0.0,0.0,158.19
2010-05-07,Unknown,Statewide,0.75,0.0,0.0,0.0,0.0,0.0,0.0,1,2010,5,127,0,10.59,65.26,0.8965009450954506,0.0,0.49999999999999994,-0.8660254037844387,0.75,0.0,0.0,65.26
2010-05-08,Uttar Pradesh,Statewide,3.78,0.0,0.0,0.0,0.0,0.0,0.0,0,2010,5,128,0,15.26,16.62,2.66878957041813,0.0,0.49999999999999994,-0.8660254037844387,3.78,0.0,0.0,16.62
2010-05-09,Unknown,Statewide,0.75,0.0,0.0,0.0,0.0,0.0,0.0,1,2010,5,129,0,5.42,62.290000000000006,0.8525506615668154,0.0,0.49999999999999994,-0.8660254037844387,0.75,0.0,0.0,62.290000000000006
2010-05-12,Chandigarh,Statewide,0.0,0.0,0.0,0.0,0.0,0.0,0.0,0,2010,5,132,0,12.599999999999982,16.5,0.9235492346543523,0.0,0.49999999999999994,-0.8660254037844387,0.0,0.0,0.0,16.5
2010-05-12,Telangana,Statewide,0.0,0.0,0.0,0.0,0.0,0.0,0.0,0,2010,5,132,0,2.3900000000000006,17.68,0.22326439112660845,0.0,0.49999999999999994,-0.8660254037844387,0.0,0.0,0.0,17.68
2010-05-12,Tripura,Statewide,11.67,0.0,0.0,0.0,0.0,0.0,0.0,0,2010,5,132,0,104.25999999999999,469.39,16.949785196190064,0.0,0.49999999999999994,-0.8660254037844387,11.67,0.0,0.0,469.39
2010-05-13,Lakshadweep,Statewide,1656.1344262295083,0.0,0.0,0.0,0.0,0.0,0.0,0,2010,5,133,0,11603.928688524591,49911.63524590164,1657.3552823315117,0.0,0.49999999999999994,-0.8660254037844387,1656.1344262295083,0.0,0.0,49911.63524590164
2010-05-15,Unknown,Statewide,0.75,0.0,0.0,0.0,0.0,0.0,0.0,1,2010,5,135,0,2.4299999999999997,55.21000000000001,0.8217854630967707,0.0,0.49999999999999994,-0.8660254037844387,0.75,0.0,0.0,55.21000000000001
2010-05-18,Unknown,Andhra Pradesh Province,0.75,0.0,0.0,0.0,0.0,0.0,0.0,1,2010,5,138,0,0.75,0.75,0.75,0.0,0.49999999999999994,-0.8660254037844387,0.75,0.0,0.0,0.75
2010-05-18,Unknown,Statewide,0.75,0.0,0.0,0.0,0.0,0.0,0.0,1,2010,5,138,0,3.1799999999999997,50.040000000000006,0.8002498241677394,0.0,0.49999999999999994,-0.8660254037844387,0.75,0.0,0.0,50.040000000000006
2010-05-20,The Dadra And Nagar Haveli And Daman And Diu,Statewide,0.0,0.0,0.0,0.0,0.0,0.0,0.0,0,2010,5,140,0,0.0,0.9800000000000001,0.0009516249674202011,0.0,0.49999999999999994,-0.8660254037844387,0.0,0.0,0.0,0.9800000000000001
2010-05-27,Jharkhand,Statewide,1.31,0.0,0.0,0.0,0.0,0.0,0.0,0,2010,5,147,0,20.49,68.83,2.596863383727719,0.0,0.49999999999999994,-0.8660254037844387,1.31,0.0,0.0,68.83
2010-06-08,Tamil Nadu,Statewide,1.55,0.0,0.0,0.0,0.0,0.0,0.0,0,2010,6,159,1,18.03,63.29,2.717525961074336,0.0,1.2246467991473532e-16,-1.0,1.55,0.0,0.0,63.29
2010-06-08,Unknown,Statewide,3.72,0.0,0.0,0.0,0.0,0.0,0.0,1,2010,6,159,1,6.9,50.02,1.6761748769174176,0.0,1.2246467991473532e-16,-1.0,3.72,0.0,0.0,50.02
2010-06-09,Punjab,Statewide,8.33,0.0,0.0,0.0,0.0,0.0,0.0,0,2010,6,160,1,26.78,29.090000000000003,5.557594559922018,0.0,1.2246467991473532e-16,-1.0,8.33,0.0,0.0,29.090000000000003
2010-06-14,Arunachal Pradesh,Statewide,14.28,0.0,0.0,0.0,0.0,0.0,0.0,0,2010,6,165,1,81.25999999999999,424.85,12.76803008259133,0.0,1.2246467991473532e-16,-1.0,14.28,0.0,0.0,424.85
2010-06-14,Ladakh,Statewide,0.0,0.0,0.0,0.0,0.0,0.0,0.0,0,2010,6,165,1,0.0,7.2,0.003051955697819174,0.0,1.2246467991473532e-16,-1.0,0.0,0.0,0.0,7.2
2010-06-18,Haryana,Statewide,0.0,0.0,0.0,0.0,0.0,0.0,0.0,0,2010,6,169,1,0.4399999999999983,18.3,0.16633369654820732,0.0,1.2246467991473532e-16,-1.0,0.0,0.0,0.0,18.3
2010-06-19,West Bengal,Statewide,19.17,0.0,0.0,0.0,0.0,0.0,0.0,0,2010,6,170,1,68.03,219.72000000000003,12.360142918003683,0.0,1.2246467991473532e-16,-1.0,19.17,0.0,0.0,219.72000000000003
2010-06-21,Punjab,Statewide,0.03,0.0,0.0,0.0,0.0,0.0,0.0,0,2010,6,172,1,0.21000000000000013,29.830000000000002,0.1159170776840258,0.0,1.2246467991473532e-16,-1.0,0.03,0.0,0.0,29.830000000000002
2010-06-25,Jammu And Kashmir,Statewide,0.0,0.0,0.0,0.0,0.0,0.0,0.0,0,2010,6,176,1,0.0,2.5,6.705237359595385e-05,0.0,1.2246467991473532e-16,-1.0,0.0,0.0,0.0,2.5
2010-06-25,Karnataka,Statewide,5.31,0.0,0.0,0.0,0.0,0.0,0.0,0,2010,6,176,1,30.42999999999999,146.42,5.29257795192606,0.0,1.2246467991473532e-16,-1.0,5.31,0.0,0.0,146.42
2010-06-25,Ladakh,Statewide,0.0,0.0,0.0,0.0,0.0,0.0,0.0,0,2010,6,176,1,0.0,2.25,6.034713619749075e-05,0.0,1.2246467991473532e-16,-1.0,0.0,0.0,0.0,2.25
2010-06-26,Nagaland,Statewide,28.45,0.0,0.0,0.0,0.0,0.0,0.0,0,2010,6,177,1,118.34,412.03999999999996,17.662499297262073,0.0,1.2246467991473532e-16,-1.0,28.45,0.0,0.0,412.03999999999996
2010-06-27,Manipur,Statewide,0.34,0.0,0.0,0.0,0.0,0.0,0.0,0,2010,6,178,1,61.150000000000006,350.9,7.780067523317837,0.0,1.2246467991473532e-16,-1.0,0.34,0.0,0.0,350.9
2010-06-30,West Bengal,Statewide,25.5,0.0,0.0,0.0,0.0,0.0,0.0,0,2010,6,181,1,123.17999999999999,301.12,19.811126595398104,0.0,1.2246467991473532e-16,-1.0,25.5,0.0,0.0,301.12
2010-07-02,Bihar,Statewide,7.61,0.0,0.0,0.0,0.0,0.0,0.0,0,2010,7,183,1,59.339999999999996,154.29999999999998,8.829409288692531,0.0,-0.4999999999999997,-0.8660254037844388,7.61,0.0,0.0,154.29999999999998
2010-07-02,Gujarat,Statewide,0.43,0.0,0.0,0.0,0.0,0.0,0.0,0,2010,7,183,1,7.58,66.19999999999999,0.6919718781210256,0.0,-0.4999999999999997,-0.8660254037844388,0.43,0.0,0.0,66.19999999999999
2010-07-02,Uttarakhand,Statewide,1.54,0.0,0.0,0.0,0.0,0.0,0.0,0,2010,7,183,1,27.709999999999997,126.56,4.771179287864768,0.0,-0.4999999999999997,-0.8660254037844388,1.54,0.0,0.0,126.56
2010-07-03,Karnataka,Statewide,8.64,0.0,0.0,0.0,0.0,0.0,0.0,0,2010,7,184,1,37.599999999999994,172.63,6.982937413398412,0.0,-0.4999999999999997,-0.8660254037844388,8.64,0.0,0.0,172.63
2010-07-05,Unknown,Ambala,7.83,0.0,0.0,0.0,0.0,0.0,0.0,1,2010,7,186,1,7.83,7.83,7.83,0.0,-0.4999999999999997,-0.8660254037844388,7.83,0.0,0.0,7.83
2010-07-06,Tripura,Statewide,4.27,0.0,0.0,0.0,0.0,0.0,0.0,0,2010,7,187,1,65.45999999999998,361.85,8.994891761944695,0.0,-0.4999999999999997,-0.8660254037844388,4.27,0.0,0.0,361.85
2010-07-09,Maharashtra,Statewide,11.14,0.0,0.0,0.0,0.0,0.0,0.0,0,2010,7,190,1,94.75000000000001,310.51000000000005,12.514415503733218,0.0,-0.4999999999999997,-0.8660254037844388,11.14,0.0,0.0,310.51000000000005
2010-07-10,Maharashtra,Statewide,2.74,0.0,0.0,0.0,0.0,0.0,0.0,0,2010,7,191,1,69.21,308.66999999999996,9.582090852613252,0.0,-0.4999999999999997,-0.8660254037844388,2.74,0.0,0.0,308.66999999999996
2010-07-12,Chhattisgarh,Statewide,28.15,0.0,0.0,0.0,0.0,0.0,0.0,0,2010,7,193,1,88.62,233.3,15.271930949746448,0.0,-0.4999999999999997,-0.8660254037844388,28.15,0.0,0.0,233.3
2010-07-13,Andaman And Nicobar Islands,Statewide,13.3,0.0,0.0,0.0,0.0,0.0,0.0,0,2010,7,194,1,70.36,338.87,10.947132276398332,0.0,-0.4999999999999997,-0.8660254037844388,13.3,0.0,0.0,338.87
2010-07-13,Meghalaya,Statewide,33.94,0.0,0.0,0.0,0.0,0.0,0.0,0,2010,7,194,1,224.83999999999997,925.21,33.94975899809083,0.0,-0.4999999999999997,-0.8660254037844388,33.94,0.0,0.0,925.21
2010-07-13,Unknown,Delhi Province,7.83,0.0,0.0,0.0,0.0,0.0,0.0,1,2010,7,194,1,15.66,15.66,7.83,0.0,-0.4999999999999997,-0.8660254037844388,7.83,0.0,0.0,15.66
2010-07-15,Tripura,Statewide,18.27,0.0,0.0,0.0,0.0,0.0,0.0,0,2010,7,196,1,58.379999999999974,309.74,9.553511153929053,0.0,-0.4999999999999997,-0.8660254037844388,18.27,0.0,0.0,309.74
2010-07-16,Puducherry,Statewide,0.74,0.0,0.0,0.0,0.0,0.0,0.0,0,2010,7,197,1,8.450000000000015,104.2,1.3309279952974933,0.0,-0.4999999999999997,-0.8660254037844388,0.74,0.0,0.0,104.2
2010-07-16,Telangana,Statewide,14.15,0.0,0.0,0.0,0.0,0.0,0.0,0,2010,7,197,1,58.61,255.54,8.743089486231824,0.0,-0.4999999999999997,-0.8660254037844388,14.15,0.0,0.0,255.54
2010-07-19,West Bengal,Statewide,8.24,0.0,0.0,0.0,0.0,0.0,0.0,0,2010,7,200,1,74.98,358.20000000000005,10.376352891356529,0.0,-0.4999999999999997,-0.8660254037844388,8.24,0.0,0.0,358.20000000000005
2010-07-24,Sikkim,Statewide,1.61,0.0,0.0,0.0,0.0,0.0,0.0,0,2010,7,205,1,144.26,585.7600000000001,13.997703296398473,0.0,-0.4999999999999997,-0.8660254037844388,1.61,0.0,0.0,585.7600000000001
2010-07-27,Jammu And Kashmir,Statewide,0.08,0.0,0.0,0.0,0.0,0.0,0.0,0,2010,7,208,1,0.56,2.16,0.07999474375155588,0.0,-0.4999999999999997,-0.8660254037844388,0.08,0.0,0.0,2.16
2010-07-28,Telangana,Statewide,7.83,0.0,0.0,0.0,0.0,0.0,0.0,0,2010,7,209,1,89.42000000000002,330.31,10.979697518720956,0.0,-0.4999999999999997,-0.8660254037844388,7.83,0.0,0.0,330.31
2010-07-29,Sikkim,Statewide,33.18,0.0,0.0,0.0,0.0,0.0,0.0,0,2010,7,210,1,123.50999999999999,604.0,21.67143479302569,0.0,-0.4999999999999997,-0.8660254037844388,33.18,0.0,0.0,604.0
2010-07-30,Maharashtra,Statewide,22.35,0.0,0.0,0.0,0.0,0.0,0.0,0,2010,7,211,1,147.58,405.55,19.518294781486393,0.0,-0.4999999999999997,-0.8660254037844388,22.35,0.0,0.0,405.55
2010-07-31,Tripura,Statewide,15.98,0.0,0.0,0.0,0.0,0.0,0.0,0,2010,7,212,1,105.59999999999997,279.76,17.899666616754214,0.0,-0.4999999999999997,-0.8660254037844388,15.98,0.0,0.0,279.76
2010-07-31,Uttarakhand,Statewide,57.11,0.0,0.0,0.0,0.0,0.0,0.0,0,2010,7,212,1,151.97,499.08,27.03828303444528,0.0,-0.4999999999999997,-0.8660254037844388,57.11,0.0,0.0,499.08
2010-08-02,Andhra Pradesh,Statewide,0.7,0.0,0.0,0.0,0.0,0.0,0.0,0,2010,8,214,1,34.53999999999999,214.05,3.824051918649513,0.0,-0.8660254037844385,-0.5000000000000004,0.7,0.0,0.0,214.05
2010-08-02,Arunachal Pradesh,Statewide,5.05,0.0,0.0,0.0,0.0,0.0,0.0,0,2010,8,214,1,89.78,456.78999999999996,13.663402937762424,0.0,-0.8660254037844385,-0.5000000000000004,5.05,0.0,0.0,456.78999999999996
2010-08-04,Mizoram,Statewide,13.47,0.0,0.0,0.0,0.0,0.0,0.0,0,2010,8,216,1,155.53000000000003,361.05,14.499341855350291,0.0,-0.8660254037844385,-0.5000000000000004,13.47,0.0,0.0,361.05
2010-08-05,Andhra Pradesh,Statewide,6.28,0.0,0.0,0.0,0.0,0.0,0.0,0,2010,8,217,1,21.559999999999995,196.15,3.754459808096783,0.0,-0.8660254037844385,-0.5000000000000004,6.28,0.0,0.0,196.15
2010-08-06,Unknown,Leh,5.92,0.0,0.0,0.0,0.0,0.0,0.0,1,2010,8,218,1,5.92,5.92,5.92,0.0,-0.8660254037844385,-0.5000000000000004,5.92,0.0,0.0,5.92
2010-08-06,Uttar Pradesh,Statewide,2.72,0.0,0.0,0.0,0.0,0.0,0.0,0,2010,8,218,1,50.660000000000004,256.90999999999997,5.5472500864201,0.0,-0.8660254037844385,-0.5000000000000004,2.72,0.0,0.0,256.90999999999997
2010-08-07,Assam,Statewide,4.38,0.0,0.0,0.0,0.0,0.0,0.0,0,2010,8,219,1,52.230000000000004,307.91999999999996,5.558761627289825,0.0,-0.8660254037844385,-0.5000000000000004,4.38,0.0,0.0,307.91999999999996
2010-08-07,Tamil Nadu,Statewide,0.29,0.0,0.0,0.0,0.0,0.0,0.0,0,2010,8,219,1,2.8900000000000023,70.52,0.5012165973438679,0.0,-0.8660254037844385,-0.5000000000000004,0.29,0.0,0.0,70.52
2010-08-07,Tripura,Statewide,4.91,0.0,0.0,0.0,0.0,0.0,0.0,0,2010,8,219,1,56.17999999999997,285.15000000000003,9.160841369456161,0.0,-0.8660254037844385,-0.5000000000000004,4.91,0.0,0.0,285.15000000000003
2010-08-10,Chandigarh,Statewide,1.3,0.0,0.0,0.0,0.0,0.0,0.0,0,2010,8,222,1,37.59999999999999,194.9,8.663641441774404,0.0,-0.8660254037844385,-0.5000000000000004,1.3,0.0,0.0,194.9
2010-08-10,Lakshadweep,Statewide,1609.5674863387978,0.0,0.0,0.0,0.0,0.0,0.0,0,2010,8,222,1,11277.960109289617,48514.62704918033,1610.7883424408014,0.0,-0.8660254037844385,-0.5000000000000004,1609.5674863387978,0.0,0.0,48514.62704918033
2010-08-10,Tamil Nadu,Statewide,2.13,0.0,0.0,0.0,0.0,0.0,0.0,0,2010,8,222,1,9.740000000000002,55.56,1.8327772928889465,0.0,-0.8660254037844385,-0.5000000000000004,2.13,0.0,0.0,55.56
2010-08-10,The Dadra And Nagar Haveli And Daman And Diu,Statewide,4.49,0.0,0.0,0.0,0.0,0.0,0.0,0,2010,8,222,1,135.10000000000002,876.56,20.349124948085727,0.0,-0.8660254037844385,-0.5000000000000004,4.49,0.0,0.0,876.56
2010-08-10,West Bengal,Statewide,1.6,0.0,0.0,0.0,0.0,0.0,0.0,0,2010,8,222,1,27.479999999999997,270.93,3.355921102924978,0.0,-0.8660254037844385,-0.5000000000000004,1.6,0.0,0.0,270.93
2010-08-12,Arunachal Pradesh,Statewide,3.89,0.0,0.0,0.0,0.0,0.0,0.0,0,2010,8,224,1,40.79999999999999,363.84999999999997,6.239631020662176,0.0,-0.8660254037844385,-0.5000000000000004,3.89,0.0,0.0,363.84999999999997
2010-08-14,Andaman And Nicobar Islands,Statewide,7.37,0.0,0.0,0.0,0.0,0.0,0.0,0,2010,8,226,1,77.14,336.21000000000004,9.972306673544827,0.0,-0.8660254037844385,-0.5000000000000004,7.37,0.0,0.0,336.21000000000004
2010-08-15,Gujarat,Statewide,6.86,0.0,0.0,0.0,0.0,0.0,0.0,0,2010,8,227,1,47.13,468.25,7.1805028371284045,0.0,-0.8660254037844385,-0.5000000000000004,6.86,0.0,0.0,468.25
2010-08-15,Kerala,Statewide,1.01,0.0,0.0,0.0,0.0,0.0,0.0,0,2010,8,227,1,38.88,446.89000000000004,5.756416931649301,0.0,-0.8660254037844385,-0.5000000000000004,1.01,0.0,0.0,446.89000000000004
2010-08-15,Manipur,Statewide,6.46,0.0,0.0,0.0,0.0,0.0,0.0,0,2010,8,227,1,31.930000000000014,251.69000000000003,6.351466536777073,0.0,-0.8660254037844385,-0.5000000000000004,6.46,0.0,0.0,251.69000000000003
2010-08-16,Andhra Pradesh,Statewide,6.86,0.0,0.0,0.0,0.0,0.0,0.0,0,2010,8,228,1,43.739999999999995,167.07000000000002,6.513926975782282,0.0,-0.8660254037844385,-0.5000000000000004,6.86,0.0,0.0,167.07000000000002
2010-08-16,Delhi,Statewide,5.17,0.0,0.0,0.0,0.0,0.0,0.0,0,2010,8,228,1,85.34000000000002,191.93,11.595039766437635,0.0,-0.8660254037844385,-0.5000000000000004,5.17,0.0,0.0,191.93
2010-08-20,Tamil Nadu,Statewide,2.37,0.0,0.0,0.0,0.0,0.0,0.0,0,2010,8,232,1,26.01,52.04,2.7638298488220343,0.0,-0.8660254037844385,-0.5000000000000004,2.37,0.0,0.0,52.04
2010-08-22,Punjab,Statewide,5.17,0.0,0.0,0.0,0.0,0.0,0.0,0,2010,8,234,1,36.1,128.52,5.6630371057864535,0.0,-0.8660254037844385,-0.5000000000000004,5.17,0.0,0.0,128.52
2010-08-22,Telangana,Statewide,7.28,0.0,0.0,0.0,0.0,0.0,0.0,0,2010,8,234,1,63.56,329.91999999999996,9.33073507283489,0.0,-0.8660254037844385,-0.5000000000000004,7.28,0.0,0.0,329.91999999999996
2010-08-24,Telangana,Statewide,16.1,0.0,0.0,0.0,0.0,0.0,0.0,0,2010,8,236,1,65.5,292.89,9.811560185689096,0.0,-0.8660254037844385,-0.5000000000000004,16.1,0.0,0.0,292.89
2010-08-27,Punjab,Statewide,1.3,0.0,0.0,0.0,0.0,0.0,0.0,0,2010,8,239,1,40.290000000000006,147.65,4.694140546369528,0.0,-0.8660254037844385,-0.5000000000000004,1.3,0.0,0.0,147.65
2010-08-29,Delhi,Statewide,0.28,0.0,0.0,0.0,0.0,0.0,0.0,0,2010,8,241,1,48.06000000000001,308.23,5.612036458121034,0.0,-0.8660254037844385,-0.5000000000000004,0.28,0.0,0.0,308.23
2010-08-29,Goa,Statewide,13.8,0.0,0.0,0.0,0.0,0.0,0.0,0,2010,8,241,1,130.59999999999997,825.5100000000001,17.56264895423593,0.0,-0.8660254037844385,-0.5000000000000004,13.8,0.0,0.0,825.5100000000001
2010-08-31,Karnataka,Statewide,16.88,0.0,0.0,0.0,0.0,0.0,0.0,0,2010,8,243,1,77.68999999999998,233.79999999999998,10.175998161247334,0.0,-0.8660254037844385,-0.5000000000000004,16.88,0.0,0.0,233.79999999999998
2010-09-01,Andaman And Nicobar Islands,Statewide,10.04,0.0,0.0,0.0,0.0,0.0,0.0,0,2010,9,244,1,74.74,324.96000000000004,10.389657999129088,0.0,-1.0,-1.8369701987210297e-16,10.04,0.0,0.0,324.96000000000004
2010-09-02,The Dadra And Nagar Haveli And Daman And Diu,Statewide,10.03,0.0,0.0,0.0,0.0,0.0,0.0,0,2010,9,245,1,267.10999999999996,595.28,36.85112738323426,0.0,-1.0,-1.8369701987210297e-16,10.03,0.0,0.0,595.28
2010-09-03,Uttar Pradesh,Statewide,8.17,0.0,0.0,0.0,0.0,0.0,0.0,0,2010,9,246,1,29.090000000000007,234.32000000000002,5.319760076130446,0.0,-1.0,-1.8369701987210297e-16,8.17,0.0,0.0,234.32000000000002
2010-09-05,Unknown,Lakhimpur District (Assam Province),3.74,0.0,0.0,0.0,0.0,0.0,0.0,1,2010,9,248,1,3.74,3.74,3.74,0.0,-1.0,-1.8369701987210297e-16,3.74,0.0,0.0,3.74
2010-09-07,Tamil Nadu,Statewide,0.07,0.0,0.0,0.0,0.0,0.0,0.0,0,2010,9,250,1,3.5800000000000036,110.49000000000001,0.7364194268082235,0.0,-1.0,-1.8369701987210297e-16,0.07,0.0,0.0,110.49000000000001
2010-09-09,Tamil Nadu,Statewide,0.28,0.0,0.0,0.0,0.0,0.0,0.0,0,2010,9,252,1,4.340000000000003,105.37,0.5477455191360294,0.0,-1.0,-1.8369701987210297e-16,0.28,0.0,0.0,105.37
2010-09-09,Unknown,Punjab,3.74,0.0,0.0,0.0,0.0,0.0,0.0,1,2010,9,252,1,15.31,15.31,4.5988999999999995,0.0,-1.0,-1.8369701987210297e-16,3.74,0.0,0.0,15.31
2010-09-13,Kerala,Statewide,5.44,0.0,0.0,0.0,0.0,0.0,0.0,0,2010,9,256,1,69.74000000000001,265.13,7.959300549517161,0.0,-1.0,-1.8369701987210297e-16,5.44,0.0,0.0,265.13
2010-09-14,Jammu And Kashmir,Statewide,3.21,0.0,0.0,0.0,0.0,0.0,0.0,0,2010,9,257,1,22.47,196.3,3.2523879383281638,0.0,-1.0,-1.8369701987210297e-16,3.21,0.0,0.0,196.3
2010-09-15,Delhi,Statewide,0.77,0.0,0.0,0.0,0.0,0.0,0.0,0,2010,9,258,1,75.78000000000002,312.24,10.824647694424744,0.0,-1.0,-1.8369701987210297e-16,0.77,0.0,0.0,312.24
2010-09-15,Jharkhand,Statewide,15.94,0.0,0.0,0.0,0.0,0.0,0.0,0,2010,9,258,1,73.95,191.82999999999998,11.836297479020088,0.0,-1.0,-1.8369701987210297e-16,15.94,0.0,0.0,191.82999999999998
2010-09-15,Puducherry,Statewide,1.41,0.0,0.0,0.0,0.0,0.0,0.0,0,2010,9,258,1,89.44000000000001,245.62,11.922682703611953,0.0,-1.0,-1.8369701987210297e-16,1.41,0.0,0.0,245.62
2010-09-16,Karnataka,Statewide,7.91,0.0,0.0,0.0,0.0,0.0,0.0,0,2010,9,259,1,29.009999999999994,224.82000000000002,4.785389714777783,0.0,-1.0,-1.8369701987210297e-16,7.91,0.0,0.0,224.82000000000002
2010-09-17,Goa,Statewide,25.49,0.0,0.0,0.0,0.0,0.0,0.0,0,2010,9,260,1,72.10999999999997,627.56,15.733747680801137,0.0,-1.0,-1.8369701987210297e-16,25.49,0.0,0.0,627.56
2010-09-18,Unknown,Almora,3.74,0.0,0.0,0.0,0.0,0.0,0.0,1,2010,9,261,1,3.74,3.74,3.74,0.0,-1.0,-1.8369701987210297e-16,3.74,0.0,0.0,3.74
2010-09-18,Unknown,Statewide,3.74,0.0,0.0,0.0,0.0,0.0,0.0,1,2010,9,261,1,10.64,50.019999999999996,2.295322413842192,0.0,-1.0,-1.8369701987210297e-16,3.74,0.0,0.0,50.019999999999996
2010-09-23,Tripura,Statewide,0.21,0.0,0.0,0.0,0.0,0.0,0.0,0,2010,9,266,1,75.90999999999997,280.82,8.495713132057348,0.0,-1.0,-1.8369701987210297e-16,0.21,0.0,0.0,280.82
2010-09-24,Chandigarh,Statewide,0.0,0.0,0.0,0.0,0.0,0.0,0.0,0,2010,9,267,1,163.7,355.59999999999997,28.645258285219327,0.0,-1.0,-1.8369701987210297e-16,0.0,0.0,0.0,355.59999999999997
2010-09-24,Nagaland,Statewide,18.6,0.0,0.0,0.0,0.0,0.0,0.0,0,2010,9,267,1,111.11,304.29,12.936981215172729,0.0,-1.0,-1.8369701987210297e-16,18.6,0.0,0.0,304.29
2010-09-25,Karnataka,Statewide,7.9,0.0,0.0,0.0,0.0,0.0,0.0,0,2010,9,268,1,45.199999999999996,163.04,8.182956454641984,0.0,-1.0,-1.8369701987210297e-16,7.9,0.0,0.0,163.04
2010-09-26,Arunachal Pradesh,Statewide,23.58,0.0,0.0,0.0,0.0,0.0,0.0,0,2010,9,269,1,69.56,429.21,12.642073195587098,0.0,-1.0,-1.8369701987210297e-16,23.58,0.0,0.0,429.21
2010-09-26,Jharkhand,Statewide,0.37,0.0,0.0,0.0,0.0,0.0,0.0,0,2010,9,269,1,28.520000000000007,201.03000000000003,3.7236209421003976,0.0,-1.0,-1.8369701987210297e-16,0.37,0.0,0.0,201.03000000000003
2010-09-29,Delhi,Statewide,0.0,0.0,0.0,0.0,0.0,0.0,0.0,0,2010,9,272,1,32.79000000000002,275.28,2.542355324122681,0.0,-1.0,-1.8369701987210297e-16,0.0,0.0,0.0,275.28
2010-10-01,Haryana,Statewide,0.0,0.0,0.0,0.0,0.0,0.0,0.0,0,2010,10,274,0,0.0,200.13,0.7728094349096614,0.0,-0.8660254037844386,0.5000000000000001,0.0,0.0,0.0,200.13
2010-10-03,Delhi,Statewide,0.0,0.0,0.0,0.0,0.0,0.0,0.0,0,2010,10,276,0,0.0,252.07000000000002,0.6104195133218555,0.0,-0.8660254037844386,0.5000000000000001,0.0,0.0,0.0,252.07000000000002
2010-10-03,Sikkim,Statewide,22.92,0.0,0.0,0.0,0.0,0.0,0.0,0,2010,10,276,0,46.78999999999999,343.12000000000006,9.022613514799724,0.0,-0.8660254037844386,0.5000000000000001,22.92,0.0,0.0,343.12000000000006
2010-10-04,Nagaland,Statewide,0.54,0.0,0.0,0.0,0.0,0.0,0.0,0,2010,10,277,0,4.4,268.39,1.3630539760754232,0.0,-0.8660254037844386,0.5000000000000001,0.54,0.0,0.0,268.39
2010-10-04,Punjab,Statewide,0.0,0.0,0.0,0.0,0.0,0.0,0.0,0,2010,10,277,0,0.0,98.23,0.1578462008529038,0.0,-0.8660254037844386,0.5000000000000001,0.0,0.0,0.0,98.23
2010-10-07,Tripura,Statewide,14.02,0.0,0.0,0.0,0.0,0.0,0.0,0,2010,10,280,0,23.89999999999997,230.88000000000002,6.589035686552201,0.0,-0.8660254037844386,0.5000000000000001,14.02,0.0,0.0,230.88000000000002
2010-10-10,Meghalaya,Statewide,0.85,0.0,0.0,0.0,0.0,0.0,0.0,0,2010,10,283,0,227.98,504.75,38.767817175012,0.0,-0.8660254037844386,0.5000000000000001,0.85,0.0,0.0,504.75
2010-10-11,Nagaland,Statewide,0.06,0.0,0.0,0.0,0.0,0.0,0.0,0,2010,10,284,0,75.62,276.76,9.255294295061908,0.0,-0.8660254037844386,0.5000000000000001,0.06,0.0,0.0,276.76
2010-10-14,Lakshadweep,Statewide,1575.557923497268,0.0,0.0,0.0,0.0,0.0,0.0,0,2010,10,287,0,11039.893169398907,47494.34016393443,1576.7787795992717,0.0,-0.8660254037844386,0.5000000000000001,1575.557923497268,0.0,0.0,47494.34016393443
2010-10-15,The Dadra And Nagar Haveli And Daman And Diu,Statewide,0.0,0.0,0.0,0.0,0.0,0.0,0.0,0,2010,10,288,0,7.979999999999997,112.78,0.9123100969066518,0.0,-0.8660254037844386,0.5000000000000001,0.0,0.0,0.0,112.78
2010-10-17,Mizoram,Statewide,38.62,0.0,0.0,0.0,0.0,0.0,0.0,0,2010,10,290,0,51.32000000000001,328.88,15.566469432039321,0.0,-0.8660254037844386,0.5000000000000001,38.62,0.0,0.0,328.88
2010-10-17,Telangana,Statewide,13.47,0.0,0.0,0.0,0.0,0.0,0.0,0,2010,10,290,0,18.9,84.43,5.099350782895369,0.0,-0.8660254037844386,0.5000000000000001,13.47,0.0,0.0,84.43
2010-10-19,Madhya Pradesh,Statewide,0.63,0.0,0.0,0.0,0.0,0.0,0.0,0,2010,10,292,0,2.37,25.790000000000003,0.4472749515045819,0.0,-0.8660254037844386,0.5000000000000001,0.63,0.0,0.0,25.790000000000003
2010-10-20,Chandigarh,Statewide,0.0,0.0,0.0,0.0,0.0,0.0,0.0,0,2010,10,293,0,0.0,158.09999999999997,0.0026890679891933733,0.0,-0.8660254037844386,0.5000000000000001,0.0,0.0,0.0,158.09999999999997
2010-10-24,Bihar,Statewide,0.0,0.0,0.0,0.0,0.0,0.0,0.0,0,2010,10,297,0,20.54,58.019999999999996,2.5582126381254344,0.0,-0.8660254037844386,0.5000000000000001,0.0,0.0,0.0,58.019999999999996
2010-10-24,Ladakh,Statewide,0.0,0.0,0.0,0.0,0.0,0.0,0.0,0,2010,10,297,0,0.0,2.58,8.238368617360578e-05,0.0,-0.8660254037844386,0.5000000000000001,0.0,0.0,0.0,2.58
2010-10-24,Madhya Pradesh,Statewide,0.0,0.0,0.0,0.0,0.0,0.0,0.0,0,2010,10,297,0,9.02,13.65,0.9637927010993749,0.0,-0.8660254037844386,0.5000000000000001,0.0,0.0,0.0,13.65
2010-10-27,Lakshadweep,Statewide,1568.7560109289618,0.0,0.0,0.0,0.0,0.0,0.0,0,2010,10,300,0,10992.279781420766,47290.28278688525,1569.9768670309654,0.0,-0.8660254037844386,0.5000000000000001,1568.7560109289618,0.0,0.0,47290.28278688525
2010-10-28,Andaman And Nicobar Islands,Statewide,8.21,0.0,0.0,0.0,0.0,0.0,0.0,0,2010,10,301,0,57.830000000000005,315.83,8.359945423131387,0.0,-0.8660254037844386,0.5000000000000001,8.21,0.0,0.0,315.83
2010-10-28,Himachal Pradesh,Statewide,0.0,0.0,0.0,0.0,0.0,0.0,0.0,0,2010,10,301,0,25.790000000000003,28.209999999999997,1.3193302498067476,0.0,-0.8660254037844386,0.5000000000000001,0.0,0.0,0.0,28.209999999999997
2010-10-28,Manipur,Statewide,6.58,0.0,0.0,0.0,0.0,0.0,0.0,0,2010,10,301,0,14.130000000000013,178.75,2.7836711047814338,0.0,-0.8660254037844386,0.5000000000000001,6.58,0.0,0.0,178.75
2010-10-28,Mizoram,Statewide,0.23,0.0,0.0,0.0,0.0,0.0,0.0,0,2010,10,301,0,26.990000000000023,267.92,3.2785753763392327,0.0,-0.8660254037844386,0.5000000000000001,0.23,0.0,0.0,267.92
2010-10-28,Nagaland,Statewide,19.37,0.0,0.0,0.0,0.0,0.0,0.0,0,2010,10,301,0,36.760000000000005,146.81,7.793230779455065,0.0,-0.8660254037844386,0.5000000000000001,19.37,0.0,0.0,146.81
2010-11-01,Arunachal Pradesh,Statewide,0.0,0.0,0.0,0.0,0.0,0.0,0.0,0,2010,11,305,0,6.030000000000007,78.77999999999999,0.8018617853933687,0.0,-0.5000000000000004,0.8660254037844384,0.0,0.0,0.0,78.77999999999999
2010-11-01,Chandigarh,Statewide,0.0,0.0,0.0,0.0,0.0,0.0,0.0,0,2010,11,305,0,0.0,16.6,0.20099818302234138,0.0,-0.5000000000000004,0.8660254037844384,0.0,0.0,0.0,16.6
2010-11-01,Meghalaya,Statewide,0.0,0.0,0.0,0.0,0.0,0.0,0.0,0,2010,11,305,0,4.300000000000015,276.13,0.4245259902060407,0.0,-0.5000000000000004,0.8660254037844384,0.0,0.0,0.0,276.13
2010-11-03,Chhattisgarh,Statewide,0.25,0.0,0.0,0.0,0.0,0.0,0.0,0,2010,11,307,0,9.370000000000006,71.03999999999999,1.6877894579290427,0.0,-0.5000000000000004,0.8660254037844384,0.25,0.0,0.0,71.03999999999999
2010-11-04,Goa,Statewide,12.75,0.0,0.0,0.0,0.0,0.0,0.0,0,2010,11,308,0,24.229999999999972,188.66,5.89678364018395,0.0,-0.5000000000000004,0.8660254037844384,12.75,0.0,0.0,188.66
2010-11-04,Tamil Nadu,Statewide,9.06,0.0,0.0,0.0,0.0,0.0,0.0,0,2010,11,308,0,97.81,168.36,11.125220013064395,0.0,-0.5000000000000004,0.8660254037844384,9.06,0.0,0.0,168.36
2010-11-04,Uttar Pradesh,Statewide,0.0,0.0,0.0,0.0,0.0,0.0,0.0,0,2010,11,308,0,0.14000000000000712,12.56,0.02743096302917558,0.0,-0.5000000000000004,0.8660254037844384,0.0,0.0,0.0,12.56
2010-11-06,Assam,Statewide,0.0,0.0,0.0,0.0,0.0,0.0,0.0,0,2010,11,310,0,1.61,85.83000000000001,0.24706436127966996,0.0,-0.5000000000000004,0.8660254037844384,0.0,0.0,0.0,85.83000000000001
2010-11-07,Himachal Pradesh,Statewide,0.0,0.0,0.0,0.0,0.0,0.0,0.0,0,2010,11,311,0,0.0,28.39,0.044185575282739295,0.0,-0.5000000000000004,0.8660254037844384,0.0,0.0,0.0,28.39
2010-11-08,Haryana,Statewide,0.0,0.0,0.0,0.0,0.0,0.0,0.0,0,2010,11,312,0,0.0,2.19,0.002171655345630593,0.0,-0.5000000000000004,0.8660254037844384,0.0,0.0,0.0,2.19
2010-11-10,Mizoram,Statewide,0.0,0.0,0.0,0.0,0.0,0.0,0.0,0,2010,11,314,0,0.0,144.65,0.054372047725826544,0.0,-0.5000000000000004,0.8660254037844384,0.0,0.0,0.0,144.65
2010-11-15,Unknown,Chennai,0.0,0.0,0.0,0.0,0.0,0.0,0.0,1,2010,11,319,0,0.17,0.17,0.119,0.0,-0.5000000000000004,0.8660254037844384,0.0,0.0,0.0,0.17
2010-11-15,Unknown,Statewide,0.0,0.0,0.0,0.0,0.0,0.0,0.0,1,2010,11,319,0,10.46,49.849999999999994,1.6067256896895343,0.0,-0.5000000000000004,0.8660254037844384,0.0,0.0,0.0,49.849999999999994
2010-11-17,Andaman And Nicobar Islands,Statewide,9.28,0.0,0.0,0.0,0.0,0.0,0.0,0,2010,11,321,0,65.09,278.35,9.956094686502055,0.0,-0.5000000000000004,0.8660254037844384,9.28,0.0,0.0,278.35
2010-11-18,West Bengal,Statewide,0.18,0.0,0.0,0.0,0.0,0.0,0.0,0,2010,11,322,0,1.04,14.17,0.11842593197602963,0.0,-0.5000000000000004,0.8660254037844384,0.18,0.0,0.0,14.17
2010-11-19,Manipur,Statewide,0.0,0.0,0.0,0.0,0.0,0.0,0.0,0,2010,11,323,0,0.040000000000013324,21.88,0.007456180523625257,0.0,-0.5000000000000004,0.8660254037844384,0.0,0.0,0.0,21.88
2010-11-23,Sikkim,Statewide,0.0,0.0,0.0,0.0,0.0,0.0,0.0,0,2010,11,327,0,13.439999999999987,30.990000000000002,1.629437827397969,0.0,-0.5000000000000004,0.8660254037844384,0.0,0.0,0.0,30.990000000000002
2010-11-25,Ladakh,Statewide,0.0,0.0,0.0,0.0,0.0,0.0,0.0,0,2010,11,329,0,0.0,0.0,9.098682291635633e-10,0.0,-0.5000000000000004,0.8660254037844384,0.0,0.0,0.0,0.0
2010-11-26,Puducherry,Statewide,31.91,0.0,0.0,0.0,0.0,0.0,0.0,0,2010,11,330,0,104.44000000000003,426.07,18.04643869352118,0.0,-0.5000000000000004,0.8660254037844384,31.91,0.0,0.0,426.07
2010-11-27,Maharashtra,Statewide,0.01,0.0,0.0,0.0,0.0,0.0,0.0,0,2010,11,331,0,11.940000000000001,62.21,1.0175341316437145,0.0,-0.5000000000000004,0.8660254037844384,0.01,0.0,0.0,62.21
2010-11-29,Telangana,Statewide,0.0,0.0,0.0,0.0,0.0,0.0,0.0,0,2010,11,333,0,0.3500000000000005,59.99,0.1249189981886426,0.0,-0.5000000000000004,0.8660254037844384,0.0,0.0,0.0,59.99
2010-12-01,Andaman And Nicobar Islands,Statewide,8.57,0.0,0.0,0.0,0.0,0.0,0.0,0,2010,12,335,0,58.93,285.93,8.268645959627602,0.0,-2.4492935982947064e-16,1.0,8.57,0.0,0.0,285.93
2010-12-01,Jharkhand,Statewide,0.0,0.0,0.0,0.0,0.0,0.0,0.0,0,2010,12,335,0,0.8700000000000071,5.85,0.130977812295747,0.0,-2.4492935982947064e-16,1.0,0.0,0.0,0.0,5.85
2010-12-01,Tamil Nadu,Statewide,15.36,0.0,0.0,0.0,0.0,0.0,0.0,0,2010,12,335,0,112.74,357.9,14.083967476221822,0.0,-2.4492935982947064e-16,1.0,15.36,0.0,0.0,357.9
2010-12-04,Madhya Pradesh,Statewide,0.0,0.0,0.0,0.0,0.0,0.0,0.0,0,2010,12,338,0,2.68,31.700000000000003,0.25026519763957616,0.0,-2.4492935982947064e-16,1.0,0.0,0.0,0.0,31.700000000000003
2010-12-06,Mizoram,Statewide,0.0,0.0,0.0,0.0,0.0,0.0,0.0,0,2010,12,340,0,0.0,19.42,0.014787380591130987,0.0,-2.4492935982947064e-16,1.0,0.0,0.0,0.0,19.42
2010-12-07,Unknown,Statewide,0.0,0.0,0.0,0.0,0.0,0.0,0.0,1,2010,12,341,0,9.71,49.68000000000001,1.124707982782674,0.0,-2.4492935982947064e-16,1.0,0.0,0.0,0.0,49.68000000000001
2010-12-09,Puducherry,Statewide,1.73,0.0,0.0,0.0,0.0,0.0,0.0,0,2010,12,343,0,123.76000000000002,571.87,12.72415572044273,0.0,-2.4492935982947064e-16,1.0,1.73,0.0,0.0,571.87
2010-12-10,Ladakh,Statewide,0.0,0.0,0.0,0.0,0.0,0.0,0.0,0,2010,12,344,0,0.0,0.0,4.319655383896927e-12,0.0,-2.4492935982947064e-16,1.0,0.0,0.0,0.0,0.0
2010-12-11,The Dadra And Nagar Haveli And Daman And Diu,Statewide,0.0,0.0,0.0,0.0,0.0,0.0,0.0,0,2010,12,345,0,0.0,20.21,0.008680062395053544,0.0,-2.4492935982947064e-16,1.0,0.0,0.0,0.0,20.21
2010-12-17,Karnataka,Statewide,0.09,0.0,0.0,0.0,0.0,0.0,0.0,0,2010,12,351,0,1.599999999999993,22.279999999999998,0.18938811336681685,0.0,-2.4492935982947064e-16,1.0,0.09,0.0,0.0,22.279999999999998
2010-12-17,Tamil Nadu,Statewide,4.03,0.0,0.0,0.0,0.0,0.0,0.0,0,2010,12,351,0,19.990000000000002,322.84,4.016690782180013,0.0,-2.4492935982947064e-16,1.0,4.03,0.0,0.0,322.84
2010-12-18,Assam,Statewide,0.0,0.0,0.0,0.0,0.0,0.0,0.0,0,2010,12,352,0,3.4299999999999997,21.58,0.22752246558446537,0.0,-2.4492935982947064e-16,1.0,0.0,0.0,0.0,21.58
2010-12-18,Ladakh,Statewide,0.0,0.0,0.0,0.0,0.0,0.0,0.0,0,2010,12,352,0,0.0,0.0,2.490195367674437e-13,0.0,-2.4492935982947064e-16,1.0,0.0,0.0,0.0,0.0
2010-12-22,Odisha,Statewide,0.0,0.0,0.0,0.0,0.0,0.0,0.0,0,2010,12,356,0,0.0,45.21,0.12807686204732435,0.0,-2.4492935982947064e-16,1.0,0.0,0.0,0.0,45.21
2010-12-23,Telangana,Statewide,0.0,0.0,0.0,0.0,0.0,0.0,0.0,0,2010,12,357,0,0.0,26.879999999999995,0.04212901216449678,0.0,-2.4492935982947064e-16,1.0,0.0,0.0,0.0,26.879999999999995
2010-12-24,Jharkhand,Statewide,0.0,0.0,0.0,0.0,0.0,0.0,0.0,0,2010,12,358,0,0.0,32.5,0.04005838667341929,0.0,-2.4492935982947064e-16,1.0,0.0,0.0,0.0,32.5
2010-12-24,Maharashtra,Statewide,0.0,0.0,0.0,0.0,0.0,0.0,0.0,0,2010,12,358,0,0.0,3.2,0.004270857661938994,0.0,-2.4492935982947064e-16,1.0,0.0,0.0,0.0,3.2
2010-12-24,Sikkim,Statewide,0.0,0.0,0.0,0.0,0.0,0.0,0.0,0,2010,12,358,0,0.0,0.0,2.5708517571974318e-05,0.0,-2.4492935982947064e-16,1.0,0.0,0.0,0.0,0.0
2010-12-27,Delhi,Statewide,0.0,0.0,0.0,0.0,0.0,0.0,0.0,0,2010,12,361,0,0.0,0.0,4.5308233187702045e-06,0.0,-2.4492935982947064e-16,1.0,0.0,0.0,0.0,0.0
2010-12-30,Chandigarh,Statewide,11.6,0.0,0.0,0.0,0.0,0.0,0.0,0,2010,12,364,0,11.599999999999985,11.6,3.4800001472190867,0.0,-2.4492935982947064e-16,1.0,11.6,0.0,0.0,11.6
2011-01-01,Andaman & Nicobar Islands,Statewide,3828.0,0.0,0.0,0.0,0.0,0.0,0.0,0,2011,1,1,0,21005.899999999998,82454.2,3169.6457038181416,0.0,0.49999999999999994,0.8660254037844387,3828.0,0.0,0.0,82454.2
2011-01-01,Goa,Statewide,0.0,0.0,0.0,0.0,0.0,0.0,0.0,0,2011,1,1,0,0.0,3.9299999999999997,0.0005576399582383992,0.0,0.49999999999999994,0.8660254037844387,0.0,0.0,0.0,3.9299999999999997
2011-01-01,Himachal Pradesh,Statewide,0.12,0.0,0.0,0.0,0.0,0.0,0.0,0,2011,1,1,0,68.08000000000001,68.08,13.249830662234173,0.0,0.49999999999999994,0.8660254037844387,0.12,0.0,0.0,68.08
2011-01-01,Himachal Pradesh,Statewide,1108.3,0.0,0.0,0.0,0.0,0.0,0.0,0,2011,1,1,0,1176.3799999999999,1176.3799999999999,341.7648814635639,0.0,0.49999999999999994,0.8660254037844387,1108.3,0.0,0.0,1176.3799999999999
2011-01-04,Goa,Statewide,0.0,0.0,0.0,0.0,0.0,0.0,0.0,0,2011,1,4,0,0.0,3.6499999999999995,0.00019127050567577087,0.0,0.49999999999999994,0.8660254037844387,0.0,0.0,0.0,3.6499999999999995
2011-01-04,Kerala,Statewide,5.39,0.0,0.0,0.0,0.0,0.0,0.0,0,2011,1,4,0,3047.3299999999995,3081.7399999999993,314.6569612832459,0.0,0.49999999999999994,0.8660254037844387,5.39,0.0,0.0,3081.7399999999993
2011-01-05,Karnataka,Statewide,0.01,0.0,0.0,0.0,0.0,0.0,0.0,0,2011,1,5,0,0.019999999999992895,3.0300000000000002,0.0043478805643816275,0.0,0.49999999999999994,0.8660254037844387,0.01,0.0,0.0,3.0300000000000002
2011-01-06,Unknown,Statewide,0.0,0.0,0.0,0.0,0.0,0.0,0.0,1,2011,1,6,0,8.96,49.68000000000001,0.7872955879478718,0.0,0.49999999999999994,0.8660254037844387,0.0,0.0,0.0,49.68000000000001
2011-01-07,Unknown,Statewide,0.0,0.0,0.0,0.0,0.0,0.0,0.0,1,2011,1,7,0,8.21,49.68000000000001,0.5511069115635102,0.0,0.49999999999999994,0.8660254037844387,0.0,0.0,0.0,49.68000000000001
2011-01-09,Jharkhand,Statewide,0.0,0.0,0.0,0.0,0.0,0.0,0.0,0,2011,1,9,0,0.01,1374.72,23.775334262951798,0.0,0.49999999999999994,0.8660254037844387,0.0,0.0,0.0,1374.72
2011-01-11,Arunachal Pradesh,Statewide,0.0,0.0,0.0,0.0,0.0,0.0,0.0,0,2011,1,11,0,0.0,2194.77,18.60192451816969,0.0,0.49999999999999994,0.8660254037844387,0.0,0.0,0.0,2194.77
2011-01-11,Himachal Pradesh,Statewide,0.0,0.0,0.0,0.0,0.0,0.0,0.0,0,2011,1,11,0,6.68,1183.08,10.12801385188756,0.0,0.49999999999999994,0.8660254037844387,0.0,0.0,0.0,1183.08
2011-01-11,Meghalaya,Statewide,0.0,0.0,0.0,0.0,0.0,0.0,0.0,0,2011,1,11,0,0.010000000000014211,0.43,0.007265812419691833,0.0,0.49999999999999994,0.8660254037844387,0.0,0.0,0.0,0.43
2011-01-17,Gujarat,Statewide,0.0,0.0,0.0,0.0,0.0,0.0,0.0,0,2011,1,17,0,0.0,0.12,4.1068103171859254e-05,0.0,0.49999999999999994,0.8660254037844387,0.0,0.0,0.0,0.12
2011-01-20,Andaman And Nicobar Islands,Statewide,1.63,0.0,0.0,0.0,0.0,0.0,0.0,0,2011,1,20,0,12.18,113.87,1.9003683605998194,0.0,0.49999999999999994,0.8660254037844387,1.63,0.0,0.0,113.87
2011-01-24,Jammu And Kashmir,Statewide,0.0,0.0,0.0,0.0,0.0,0.0,0.0,0,2011,1,24,0,0.0,0.0,3.4506167981913816e-18,0.0,0.49999999999999994,0.8660254037844387,0.0,0.0,0.0,0.0
2011-01-24,Karnataka,Statewide,0.0,0.0,0.0,0.0,0.0,0.0,0.0,0,2011,1,24,0,0.0,0.02,4.9561034831907144e-06,0.0,0.49999999999999994,0.8660254037844387,0.0,0.0,0.0,0.02
2011-01-24,Kerala,Statewide,0.0,0.0,0.0,0.0,0.0,0.0,0.0,0,2011,1,24,0,0.0,3057.5099999999998,0.2646677346498927,0.0,0.49999999999999994,0.8660254037844387,0.0,0.0,0.0,3057.5099999999998
2011-01-26,Uttar Pradesh,Statewide,0.09,0.0,0.0,0.0,0.0,0.0,0.0,0,2011,1,26,0,0.09000000000000734,4.390000000000001,0.0281173132708067,0.0,0.49999999999999994,0.8660254037844387,0.09,0.0,0.0,4.390000000000001
2011-01-27,Tamil Nadu,Statewide,0.0,0.0,0.0,0.0,0.0,0.0,0.0,0,2011,1,27,0,0.0,958.91,0.032287998602934825,0.0,0.49999999999999994,0.8660254037844387,0.0,0.0,0.0,958.91
2011-01-27,Tripura,Statewide,0.0,0.0,0.0,0.0,0.0,0.0,0.0,0,2011,1,27,0,0.0,6.800000000000015,0.045576280593376026,0.0,0.49999999999999994,0.8660254037844387,0.0,0.0,0.0,6.800000000000015
2011-01-28,Maharashtra,Statewide,0.0,0.0,0.0,0.0,0.0,0.0,0.0,0,2011,1,28,0,0.0,0.03,1.3200888387154557e-05,0.0,0.49999999999999994,0.8660254037844387,0.0,0.0,0.0,0.03
2011-01-28,Puducherry,Statewide,0.0,0.0,0.0,0.0,0.0,0.0,0.0,0,2011,1,28,0,0.0,26.14,0.0032409787505179775,0.0,0.49999999999999994,0.8660254037844387,0.0,0.0,0.0,26.14
2011-01-31,Bihar,Statewide,0.03,0.0,0.0,0.0,0.0,0.0,0.0,0,2011,1,31,0,1.63,6.68,0.2046071085587356,0.0,0.49999999999999994,0.8660254037844387,0.03,0.0,0.0,6.68
2011-01-31,The Dadra And Nagar Haveli And Daman And Diu,Statewide,0.0,0.0,0.0,0.0,0.0,0.0,0.0,0,2011,1,31,0,0.0,0.0,1.0927552149851484e-10,0.0,0.49999999999999994,0.8660254037844387,0.0,0.0,0.0,0.0
2011-02-01,Lakshadweep,Statewide,1522.8415300546449,0.0,0.0,0.0,0.0,0.0,0.0,0,2011,2,32,0,10667.246448087433,45837.61475409836,1523.6588406111355,0.0,0.8660254037844386,0.5000000000000001,1522.8415300546449,0.0,0.0,45837.61475409836
2011-02-03,Kerala,Statewide,0.0,0.0,0.0,0.0,0.0,0.0,0.0,0,2011,2,34,0,0.0,10.13,0.007476208424749433,0.0,0.8660254037844386,0.5000000000000001,0.0,0.0,0.0,10.13
2011-02-03,Meghalaya,Statewide,0.0,0.0,0.0,0.0,0.0,0.0,0.0,0,2011,2,34,0,0.0,8.2,0.005546936260311838,0.0,0.8660254037844386,0.5000000000000001,0.0,0.0,0.0,8.2
2011-02-03,Rajasthan,Statewide,0.0,0.0,0.0,0.0,0.0,0.0,0.0,0,2011,2,34,0,0.0,0.0,2.1660453965652336e-06,0.0,0.8660254037844386,0.5000000000000001,0.0,0.0,0.0,0.0
2011-02-05,Meghalaya,Statewide,0.0,0.0,0.0,0.0,0.0,0.0,0.0,0,2011,2,36,0,0.0,8.2,0.0027179987675528,0.0,0.8660254037844386,0.5000000000000001,0.0,0.0,0.0,8.2
2011-02-07,Haryana,Statewide,0.11,0.0,0.0,0.0,0.0,0.0,0.0,0,2011,2,38,0,0.1099999999999929,1.1300000000000001,0.033129552332954185,0.0,0.8660254037844386,0.5000000000000001,0.11,0.0,0.0,1.1300000000000001
2011-02-07,Uttarakhand,Statewide,0.45,0.0,0.0,0.0,0.0,0.0,0.0,0,2011,2,38,0,0.45,9.879999999999999,0.13749013818078318,0.0,0.8660254037844386,0.5000000000000001,0.45,0.0,0.0,9.879999999999999
2011-02-09,Ladakh,Statewide,0.0,0.0,0.0,0.0,0.0,0.0,0.0,0,2011,2,40,0,0.0,0.0,1.5361355561168675e-21,0.0,0.8660254037844386,0.5000000000000001,0.0,0.0,0.0,0.0
2011-02-13,Rajasthan,Statewide,0.0,0.0,0.0,0.0,0.0,0.0,0.0,0,2011,2,44,0,0.31,0.31,0.015241609185421268,0.0,0.8660254037844386,0.5000000000000001,0.0,0.0,0.0,0.31
2011-02-13,Tamil Nadu,Statewide,0.0,0.0,0.0,0.0,0.0,0.0,0.0,0,2011,2,44,0,0.38999999999999996,0.38999999999999996,0.02940161173710618,0.0,0.8660254037844386,0.5000000000000001,0.0,0.0,0.0,0.38999999999999996
2011-02-16,Arunachal Pradesh,Statewide,0.94,0.0,0.0,0.0,0.0,0.0,0.0,0,2011,2,47,0,4.949999999999999,8.459999999999999,0.9249210355389068,0.0,0.8660254037844386,0.5000000000000001,0.94,0.0,0.0,8.459999999999999
2011-02-16,Tamil Nadu,Statewide,0.0,0.0,0.0,0.0,0.0,0.0,0.0,0,2011,2,47,0,0.04,0.38999999999999996,0.01008475282582742,0.0,0.8660254037844386,0.5000000000000001,0.0,0.0,0.0,0.38999999999999996
2011-02-17,West Bengal,Statewide,1.2,0.0,0.0,0.0,0.0,0.0,0.0,0,2011,2,48,0,1.4699999999999964,2.7800000000000002,0.42607057034165324,0.0,0.8660254037844386,0.5000000000000001,1.2,0.0,0.0,2.7800000000000002
2011-02-19,Delhi,Statewide,0.0,0.0,0.0,0.0,0.0,0.0,0.0,0,2011,2,50,0,20.300000000000015,20.790000000000017,1.8481241897205447,0.0,0.8660254037844386,0.5000000000000001,0.0,0.0,0.0,20.790000000000017
2011-02-20,The Dadra And Nagar Haveli And Daman And Diu,Statewide,0.0,0.0,0.0,0.0,0.0,0.0,0.0,0,2011,2,51,0,0.019999999999996448,0.02,0.0020580000000871928,0.0,0.8660254037844386,0.5000000000000001,0.0,0.0,0.0,0.02
2011-02-22,Lakshadweep,Statewide,1515.4857923497268,0.0,0.0,0.0,0.0,0.0,0.0,0,2011,2,53,0,10615.756284153007,45616.94262295082,1516.3030965427183,0.0,0.8660254037844386,0.5000000000000001,1515.4857923497268,0.0,0.0,45616.94262295082
2011-02-24,Lakshadweep,Statewide,1514.7852459016394,0.0,0.0,0.0,0.0,0.0,0.0,0,2011,2,55,0,10610.852459016394,45595.92622950819,1515.6025500928172,0.0,0.8660254037844386,0.5000000000000001,1514.7852459016394,0.0,0.0,45595.92622950819
2011-02-24,The Dadra And Nagar Haveli And Daman And Diu,Statewide,0.0,0.0,0.0,0.0,0.0,0.0,0.0,0,2011,2,55,0,0.0,0.02,0.0004941258000209349,0.0,0.8660254037844386,0.5000000000000001,0.0,0.0,0.0,0.02
2011-02-25,Meghalaya,Statewide,0.0,0.0,0.0,0.0,0.0,0.0,0.0,0,2011,2,56,0,0.06000000000001421,8.639999999999999,0.16577280159404256,0.0,0.8660254037844386,0.5000000000000001,0.0,0.0,0.0,8.639999999999999
2011-02-26,Tamil Nadu,Statewide,12.13,0.0,0.0,0.0,0.0,0.0,0.0,0,2011,2,57,0,66.37,66.76,10.044907519306555,0.0,0.8660254037844386,0.5000000000000001,12.13,0.0,0.0,66.76
2011-02-27,Gujarat,Statewide,0.0,0.0,0.0,0.0,0.0,0.0,0.0,0,2011,2,58,0,0.0,1.06,0.004161284148946579,0.0,0.8660254037844386,0.5000000000000001,0.0,0.0,0.0,1.06
2011-02-27,Telangana,Statewide,0.51,0.0,0.0,0.0,0.0,0.0,0.0,0,2011,2,58,0,7.9799999999999995,9.379999999999999,0.610947920449233,0.0,0.8660254037844386,0.5000000000000001,0.51,0.0,0.0,9.379999999999999
2011-03-04,Ladakh,Statewide,9.06,0.0,0.0,0.0,0.0,0.0,0.0,0,2011,3,63,0,36.24,36.24,6.884694,0.0,1.0,6.123233995736766e-17,9.06,0.0,0.0,36.24
2011-03-04,Rajasthan,Statewide,0.22,0.0,0.0,0.0,0.0,0.0,0.0,0,2011,3,63,0,0.92,13.299999999999999,0.1421196378173024,0.0,1.0,6.123233995736766e-17,0.22,0.0,0.0,13.299999999999999
2011-03-06,Andhra Pradesh,Statewide,0.0,0.0,0.0,0.0,0.0,0.0,0.0,0,2011,3,65,0,0.0,13.39,0.06491092684145429,0.0,1.0,6.123233995736766e-17,0.0,0.0,0.0,13.39
2011-03-08,Andhra Pradesh,Statewide,0.0,0.0,0.0,0.0,0.0,0.0,0.0,0,2011,3,67,0,0.0,13.39,0.0318063541523126,0.0,1.0,6.123233995736766e-17,0.0,0.0,0.0,13.39
2011-03-08,Tripura,Statewide,0.0,0.0,0.0,0.0,0.0,0.0,0.0,0,2011,3,67,0,0.039999999999968026,7.760000000000014,0.00518322291029318,0.0,1.0,6.123233995736766e-17,0.0,0.0,0.0,7.760000000000014
2011-03-11,Himachal Pradesh,Statewide,0.0,0.0,0.0,0.0,0.0,0.0,0.0,0,2011,3,70,0,7.709999999999996,80.51,0.9448078259185944,0.0,1.0,6.123233995736766e-17,0.0,0.0,0.0,80.51
2011-03-12,Himachal Pradesh,Statewide,0.06,0.0,0.0,0.0,0.0,0.0,0.0,0,2011,3,71,0,6.259999999999996,80.54,0.6793654781430161,0.0,1.0,6.123233995736766e-17,0.06,0.0,0.0,80.54
2011-03-20,Chandigarh,Statewide,0.0,0.0,0.0,0.0,0.0,0.0,0.0,0,2011,3,79,0,0.0,17.2,0.009053111656065913,0.0,1.0,6.123233995736766e-17,0.0,0.0,0.0,17.2
2011-03-21,Nagaland,Statewide,3.98,0.0,0.0,0.0,0.0,0.0,0.0,0,2011,3,80,0,48.82000000000001,63.37,8.652627129501676,0.0,1.0,6.123233995736766e-17,3.98,0.0,0.0,63.37
2011-03-23,Sikkim,Statewide,0.12,0.0,0.0,0.0,0.0,0.0,0.0,0,2011,3,82,0,8.959999999999987,52.16,0.9982309340417901,0.0,1.0,6.123233995736766e-17,0.12,0.0,0.0,52.16
2011-03-26,Assam,Statewide,11.53,0.0,0.0,0.0,0.0,0.0,0.0,0,2011,3,85,0,46.36,90.33,6.71186402026261,0.0,1.0,6.123233995736766e-17,11.53,0.0,0.0,90.33
2011-03-26,Uttar Pradesh,Statewide,0.0,0.0,0.0,0.0,0.0,0.0,0.0,0,2011,3,85,0,0.06000000000000788,2.46,0.004430042905699206,0.0,1.0,6.123233995736766e-17,0.0,0.0,0.0,2.46
2011-03-27,Puducherry,Statewide,1.7,0.0,0.0,0.0,0.0,0.0,0.0,0,2011,3,86,0,7.590000000000028,26.41,1.0630206880687518,0.0,1.0,6.123233995736766e-17,1.7,0.0,0.0,26.41
2011-04-02,Uttar Pradesh,Statewide,0.0,0.0,0.0,0.0,0.0,0.0,0.0,0,2011,4,92,0,3.390000000000008,4.71,0.4234161330824688,0.0,0.8660254037844387,-0.4999999999999998,0.0,0.0,0.0,4.71
2011-04-03,Karnataka,Statewide,1.37,0.0,0.0,0.0,0.0,0.0,0.0,0,2011,4,93,0,1.849999999999993,5.6899999999999995,0.5470950274751527,0.0,0.8660254037844387,-0.4999999999999998,1.37,0.0,0.0,5.6899999999999995
2011-04-04,Uttar Pradesh,Statewide,0.51,0.0,0.0,0.0,0.0,0.0,0.0,0,2011,4,94,0,3.630000000000008,4.0600000000000005,0.36677390521040965,0.0,0.8660254037844387,-0.4999999999999998,0.51,0.0,0.0,4.0600000000000005
2011-04-05,Kerala,Statewide,0.0,0.0,0.0,0.0,0.0,0.0,0.0,0,2011,4,95,0,19.159999999999997,45.03,2.977668798540071,0.0,0.8660254037844387,-0.4999999999999998,0.0,0.0,0.0,45.03
2011-04-05,Odisha,Statewide,5.94,0.0,0.0,0.0,0.0,0.0,0.0,0,2011,4,95,0,6.889999999999999,10.27,1.8817821065109213,0.0,0.8660254037844387,-0.4999999999999998,5.94,0.0,0.0,10.27
2011-04-07,Bihar,Statewide,0.11,0.0,0.0,0.0,0.0,0.0,0.0,0,2011,4,97,0,6.6000000000000005,16.01,0.8985005103536732,0.0,0.8660254037844387,-0.4999999999999998,0.11,0.0,0.0,16.01
2011-04-07,Kerala,Statewide,0.29,0.0,0.0,0.0,0.0,0.0,0.0,0,2011,4,97,0,13.36,45.33,1.5481577112846345,0.0,0.8660254037844387,-0.4999999999999998,0.29,0.0,0.0,45.33
2011-04-12,Madhya Pradesh,Statewide,0.09,0.0,0.0,0.0,0.0,0.0,0.0,0,2011,4,102,0,1.01,1.28,0.14551521867437178,0.0,0.8660254037844387,-0.4999999999999998,0.09,0.0,0.0,1.28
2011-04-12,Maharashtra,Statewide,0.26,0.0,0.0,0.0,0.0,0.0,0.0,0,2011,4,102,0,1.9299999999999997,2.06,0.2388331102431524,0.0,0.8660254037844387,-0.4999999999999998,0.26,0.0,0.0,2.06
2011-04-17,Gujarat,Statewide,0.0,0.0,0.0,0.0,0.0,0.0,0.0,0,2011,4,107,0,0.0,0.0,1.069132010629027e-10,0.0,0.8660254037844387,-0.4999999999999998,0.0,0.0,0.0,0.0
2011-04-17,Maharashtra,Statewide,0.46,0.0,0.0,0.0,0.0,0.0,0.0,0,2011,4,107,0,2.6799999999999997,4.24,0.4210329808385666,0.0,0.8660254037844387,-0.4999999999999998,0.46,0.0,0.0,4.24
2011-04-18,The Dadra And Nagar Haveli And Daman And Diu,Statewide,0.0,0.0,0.0,0.0,0.0,0.0,0.0,0,2011,4,108,0,0.0,0.0,3.048131164566871e-12,0.0,0.8660254037844387,-0.4999999999999998,0.0,0.0,0.0,0.0
2011-04-19,Jammu And Kashmir,Statewide,1.12,0.0,0.0,0.0,0.0,0.0,0.0,0,2011,4,109,0,7.840000000000001,86.07,1.1254371216754357,0.0,0.8660254037844387,-0.4999999999999998,1.12,0.0,0.0,86.07
2011-04-21,Mizoram,Statewide,1.1,0.0,0.0,0.0,0.0,0.0,0.0,0,2011,4,111,0,22.83000000000002,62.54,3.103959058275526,0.0,0.8660254037844387,-0.4999999999999998,1.1,0.0,0.0,62.54
2011-04-22,Delhi,Statewide,0.0,0.0,0.0,0.0,0.0,0.0,0.0,0,2011,4,112,0,6.300000000000014,6.3200000000000145,0.412090481540051,0.0,0.8660254037844387,-0.4999999999999998,0.0,0.0,0.0,6.3200000000000145
2011-04-25,Tripura,Statewide,0.15,0.0,0.0,0.0,0.0,0.0,0.0,0,2011,4,115,0,21.849999999999966,88.96000000000001,1.3390675367534346,0.0,0.8660254037844387,-0.4999999999999998,0.15,0.0,0.0,88.96000000000001
2011-04-27,Meghalaya,Statewide,1.44,0.0,0.0,0.0,0.0,0.0,0.0,0,2011,4,117,0,20.500000000000014,87.30000000000001,2.9744485084327996,0.0,0.8660254037844387,-0.4999999999999998,1.44,0.0,0.0,87.30000000000001
2011-04-28,Ladakh,Statewide,1.07,0.0,0.0,0.0,0.0,0.0,0.0,0,2011,4,118,0,7.49,48.08,1.0703675226674447,0.0,0.8660254037844387,-0.4999999999999998,1.07,0.0,0.0,48.08
2011-04-28,Sikkim,Statewide,0.0,0.0,0.0,0.0,0.0,0.0,0.0,0,2011,4,118,0,5.56999999999999,130.10999999999999,1.0925755027468163,0.0,0.8660254037844387,-0.4999999999999998,0.0,0.0,0.0,130.10999999999999
2011-05-01,Madhya Pradesh,Statewide,0.25,0.0,0.0,0.0,0.0,0.0,0.0,0,2011,5,121,0,0.47,6.0200000000000005,0.1275537427161497,0.0,0.49999999999999994,-0.8660254037844387,0.25,0.0,0.0,6.0200000000000005
2011-05-01,The Dadra And Nagar Haveli And Daman And Diu,Statewide,0.0,0.0,0.0,0.0,0.0,0.0,0.0,0,2011,5,121,0,0.0,0.0,2.953304121256203e-14,0.0,0.49999999999999994,-0.8660254037844387,0.0,0.0,0.0,0.0
2011-05-03,Mizoram,Statewide,20.16,0.0,0.0,0.0,0.0,0.0,0.0,0,2011,5,123,0,37.59000000000002,61.08,7.748815126295776,0.0,0.49999999999999994,-0.8660254037844387,20.16,0.0,0.0,61.08
2011-05-06,Karnataka,Statewide,0.0,0.0,0.0,0.0,0.0,0.0,0.0,0,2011,5,126,0,8.379999999999992,73.99,0.8632319124246992,0.0,0.49999999999999994,-0.8660254037844387,0.0,0.0,0.0,73.99
2011-05-09,Unknown,Statewide,0.75,0.0,0.0,0.0,0.0,0.0,0.0,1,2011,5,129,0,8.21,50.43000000000001,0.6107748380944571,0.0,0.49999999999999994,-0.8660254037844387,0.75,0.0,0.0,50.43000000000001
2011-05-11,Madhya Pradesh,Statewide,0.0,0.0,0.0,0.0,0.0,0.0,0.0,0,2011,5,131,0,0.39,5.27,0.042127665807462626,0.0,0.49999999999999994,-0.8660254037844387,0.0,0.0,0.0,5.27
2011-05-14,Chhattisgarh,Statewide,0.01,0.0,0.0,0.0,0.0,0.0,0.0,0,2011,5,134,0,1.0699999999999992,37.269999999999996,0.11129089209277797,0.0,0.49999999999999994,-0.8660254037844387,0.01,0.0,0.0,37.269999999999996
2011-05-14,West Bengal,Statewide,7.74,0.0,0.0,0.0,0.0,0.0,0.0,0,2011,5,134,0,22.34,104.07000000000001,3.727220282996559,0.0,0.49999999999999994,-0.8660254037844387,7.74,0.0,0.0,104.07000000000001
2011-05-17,Gujarat,Statewide,0.0,0.0,0.0,0.0,0.0,0.0,0.0,0,2011,5,137,0,0.0,0.0,2.40975302032396e-15,0.0,0.49999999999999994,-0.8660254037844387,0.0,0.0,0.0,0.0
2011-05-19,Uttarakhand,Statewide,1.66,0.0,0.0,0.0,0.0,0.0,0.0,0,2011,5,139,0,7.05,19.0,0.78679236672537,0.0,0.49999999999999994,-0.8660254037844387,1.66,0.0,0.0,19.0
2011-05-20,Kerala,Statewide,0.69,0.0,0.0,0.0,0.0,0.0,0.0,0,2011,5,140,0,16.5,103.05000000000001,2.31189645626698,0.0,0.49999999999999994,-0.8660254037844387,0.69,0.0,0.0,103.05000000000001
2011-05-21,Chandigarh,Statewide,4.4,0.0,0.0,0.0,0.0,0.0,0.0,0,2011,5,141,0,4.699999999999986,18.6,1.4616155150989383,0.0,0.49999999999999994,-0.8660254037844387,4.4,0.0,0.0,18.6
2011-05-21,Maharashtra,Statewide,0.01,0.0,0.0,0.0,0.0,0.0,0.0,0,2011,5,141,0,0.4399999999999999,2.27,0.05413360521364085,0.0,0.49999999999999994,-0.8660254037844387,0.01,0.0,0.0,2.27
2011-05-21,Mizoram,Statewide,64.21,0.0,0.0,0.0,0.0,0.0,0.0,0,2011,5,141,0,103.37000000000002,197.34,25.977409910669863,0.0,0.49999999999999994,-0.8660254037844387,64.21,0.0,0.0,197.34
2011-05-23,Jammu And Kashmir,Statewide,0.59,0.0,0.0,0.0,0.0,0.0,0.0,0,2011,5,143,0,4.13,21.41,0.5901450837849498,0.0,0.49999999999999994,-0.8660254037844387,0.59,0.0,0.0,21.41
2011-05-27,Gujarat,Statewide,0.0,0.0,0.0,0.0,0.0,0.0,0.0,0,2011,5,147,0,0.0,0.0,6.806955844445122e-17,0.0,0.49999999999999994,-0.8660254037844387,0.0,0.0,0.0,0.0
2011-05-29,Gujarat,Statewide,0.0,0.0,0.0,0.0,0.0,0.0,0.0,0,2011,5,149,0,0.0,0.0,3.335408363778109e-17,0.0,0.49999999999999994,-0.8660254037844387,0.0,0.0,0.0,0.0
2011-05-30,Puducherry,Statewide,8.53,0.0,0.0,0.0,0.0,0.0,0.0,0,2011,5,150,0,20.34000000000003,34.67,4.266216584434754,0.0,0.49999999999999994,-0.8660254037844387,8.53,0.0,0.0,34.67
2011-06-01,Nagaland,Statewide,10.08,0.0,0.0,0.0,0.0,0.0,0.0,0,2011,6,152,1,77.98,213.66,14.33734538269167,0.0,1.2246467991473532e-16,-1.0,10.08,0.0,0.0,213.66
2011-06-03,Lakshadweep,Statewide,1480.1081967213115,0.0,0.0,0.0,0.0,0.0,0.0,0,2011,6,154,1,10368.1131147541,44555.61475409836,1480.9255009107467,0.0,1.2246467991473532e-16,-1.0,1480.1081967213115,0.0,0.0,44555.61475409836
2011-06-05,Tamil Nadu,Statewide,20.53,0.0,0.0,0.0,0.0,0.0,0.0,0,2011,6,156,1,128.99,171.2,17.732596219541694,0.0,1.2246467991473532e-16,-1.0,20.53,0.0,0.0,171.2
2011-06-08,Mizoram,Statewide,26.51,0.0,0.0,0.0,0.0,0.0,0.0,0,2011,6,159,1,43.050000000000026,313.84000000000003,11.642382459114925,0.0,1.2246467991473532e-16,-1.0,26.51,0.0,0.0,313.84000000000003
2011-06-11,Odisha,Statewide,2.79,0.0,0.0,0.0,0.0,0.0,0.0,0,2011,6,162,1,25.9,100.80999999999999,3.5530193273789914,0.0,1.2246467991473532e-16,-1.0,2.79,0.0,0.0,100.80999999999999
2011-06-15,Unknown,Uttar Pradesh,3.72,0.0,0.0,0.0,0.0,0.0,0.0,1,2011,6,166,1,32.43,36.34,4.206369050299999,0.0,1.2246467991473532e-16,-1.0,3.72,0.0,0.0,36.34
2011-06-17,Arunachal Pradesh,Statewide,3.1,0.0,0.0,0.0,0.0,0.0,0.0,0,2011,6,168,1,34.18,193.81,3.2774758589971222,0.0,1.2246467991473532e-16,-1.0,3.1,0.0,0.0,193.81
2011-06-17,Chhattisgarh,Statewide,6.7,0.0,0.0,0.0,0.0,0.0,0.0,0,2011,6,168,1,31.139999999999997,68.48,5.033052241961211,0.0,1.2246467991473532e-16,-1.0,6.7,0.0,0.0,68.48
2011-06-18,Unknown,Statewide,3.72,0.0,0.0,0.0,0.0,0.0,0.0,1,2011,6,169,1,8.21,53.400000000000006,1.54354238666612,0.0,1.2246467991473532e-16,-1.0,3.72,0.0,0.0,53.400000000000006
2011-06-18,Uttar Pradesh,Statewide,5.82,0.0,0.0,0.0,0.0,0.0,0.0,0,2011,6,169,1,30.49000000000001,72.38,4.761272622646196,0.0,1.2246467991473532e-16,-1.0,5.82,0.0,0.0,72.38
2011-06-18,West Bengal,Statewide,47.39,0.0,0.0,0.0,0.0,0.0,0.0,0,2011,6,169,1,129.32999999999998,247.76,27.049327378776443,0.0,1.2246467991473532e-16,-1.0,47.39,0.0,0.0,247.76
2011-06-20,Rajasthan,Statewide,2.89,0.0,0.0,0.0,0.0,0.0,0.0,0,2011,6,171,1,9.360000000000001,20.85,1.4527363693650777,0.0,1.2246467991473532e-16,-1.0,2.89,0.0,0.0,20.85
2011-06-21,Mizoram,Statewide,3.56,0.0,0.0,0.0,0.0,0.0,0.0,0,2011,6,172,1,64.46000000000002,306.81,8.79552661610123,0.0,1.2246467991473532e-16,-1.0,3.56,0.0,0.0,306.81
2011-06-24,Punjab,Statewide,7.33,0.0,0.0,0.0,0.0,0.0,0.0,0,2011,6,175,1,13.910000000000004,90.44,3.2910615599306268,0.0,1.2246467991473532e-16,-1.0,7.33,0.0,0.0,90.44
2011-06-25,Maharashtra,Statewide,2.4,0.0,0.0,0.0,0.0,0.0,0.0,0,2011,6,176,1,21.39,137.72,3.376918190270378,0.0,1.2246467991473532e-16,-1.0,2.4,0.0,0.0,137.72
2011-06-26,Chandigarh,Statewide,25.0,0.0,0.0,0.0,0.0,0.0,0.0,0,2011,6,177,1,30.499999999999986,214.0,8.966333942856366,0.0,1.2246467991473532e-16,-1.0,25.0,0.0,0.0,214.0
2011-06-26,Sikkim,Statewide,11.91,0.0,0.0,0.0,0.0,0.0,0.0,0,2011,6,177,1,105.31,333.86,13.468958585565497,0.0,1.2246467991473532e-16,-1.0,11.91,0.0,0.0,333.86
2011-06-28,Delhi,Statewide,3.23,0.0,0.0,0.0,0.0,0.0,0.0,0,2011,6,179,1,31.660000000000014,71.31,6.295357905332728,0.0,1.2246467991473532e-16,-1.0,3.23,0.0,0.0,71.31
2011-06-28,The Dadra And Nagar Haveli And Daman And Diu,Statewide,13.52,0.0,0.0,0.0,0.0,0.0,0.0,0,2011,6,179,1,55.699999999999996,198.52,8.46427839728133,0.0,1.2246467991473532e-16,-1.0,13.52,0.0,0.0,198.52
2011-06-30,Delhi,Statewide,4.39,0.0,0.0,0.0,0.0,0.0,0.0,0,2011,6,181,1,36.84000000000002,75.70000000000002,4.567625373613036,0.0,1.2246467991473532e-16,-1.0,4.39,0.0,0.0,75.70000000000002
2011-07-01,Ladakh,Statewide,0.84,0.0,0.0,0.0,0.0,0.0,0.0,0,2011,7,182,1,2.04,6.64,0.39202492833366553,0.0,-0.4999999999999997,-0.8660254037844388,0.84,0.0,0.0,6.64
2011-07-01,Punjab,Statewide,10.28,0.0,0.0,0.0,0.0,0.0,0.0,0,2011,7,182,1,92.78,165.62,10.56553792502499,0.0,-0.4999999999999997,-0.8660254037844388,10.28,0.0,0.0,165.62
2011-07-04,Assam,Statewide,13.72,0.0,0.0,0.0,0.0,0.0,0.0,0,2011,7,185,1,107.44000000000001,329.1,16.133326029171876,0.0,-0.4999999999999997,-0.8660254037844388,13.72,0.0,0.0,329.1
2011-07-08,Nagaland,Statewide,0.69,0.0,0.0,0.0,0.0,0.0,0.0,0,2011,7,189,1,101.78999999999999,314.18,10.80130083242435,0.0,-0.4999999999999997,-0.8660254037844388,0.69,0.0,0.0,314.18
2011-07-13,Gujarat,Statewide,3.35,0.0,0.0,0.0,0.0,0.0,0.0,0,2011,7,194,1,88.44,149.06,8.947372042857113,0.0,-0.4999999999999997,-0.8660254037844388,3.35,0.0,0.0,149.06
2011-07-14,Punjab,Statewide,11.98,0.0,0.0,0.0,0.0,0.0,0.0,0,2011,7,195,1,88.68,238.76999999999998,11.141870326808228,0.0,-0.4999999999999997,-0.8660254037844388,11.98,0.0,0.0,238.76999999999998
2011-07-15,Karnataka,Statewide,10.83,0.0,0.0,0.0,0.0,0.0,0.0,0,2011,7,196,1,55.04999999999999,218.85000000000002,10.033168337056532,0.0,-0.4999999999999997,-0.8660254037844388,10.83,0.0,0.0,218.85000000000002
2011-07-15,Ladakh,Statewide,0.84,0.0,0.0,0.0,0.0,0.0,0.0,0,2011,7,196,1,5.88,15.600000000000001,0.8369617297033469,0.0,-0.4999999999999997,-0.8660254037844388,0.84,0.0,0.0,15.600000000000001
2011-07-16,Andaman And Nicobar Islands,Statewide,10.31,0.0,0.0,0.0,0.0,0.0,0.0,0,2011,7,197,1,77.05,332.51,11.002716370804627,0.0,-0.4999999999999997,-0.8660254037844388,10.31,0.0,0.0,332.51
2011-07-18,Andhra Pradesh,Statewide,2.24,0.0,0.0,0.0,0.0,0.0,0.0,0,2011,7,199,1,22.589999999999982,83.99000000000001,2.465445689380837,0.0,-0.4999999999999997,-0.8660254037844388,2.24,0.0,0.0,83.99000000000001
2011-07-20,The Dadra And Nagar Haveli And Daman And Diu,Statewide,60.72,0.0,0.0,0.0,0.0,0.0,0.0,0,2011,7,201,1,269.90999999999997,614.05,47.67863697541544,0.0,-0.4999999999999997,-0.8660254037844388,60.72,0.0,0.0,614.05
2011-07-22,The Dadra And Nagar Haveli And Daman And Diu,Statewide,5.19,0.0,0.0,0.0,0.0,0.0,0.0,0,2011,7,203,1,213.26,621.98,28.712132117953562,0.0,-0.4999999999999997,-0.8660254037844388,5.19,0.0,0.0,621.98
2011-07-23,Arunachal Pradesh,Statewide,19.29,0.0,0.0,0.0,0.0,0.0,0.0,0,2011,7,204,1,151.8,457.90999999999997,20.32168714579912,0.0,-0.4999999999999997,-0.8660254037844388,19.29,0.0,0.0,457.90999999999997
2011-07-23,Unknown,Gonda,7.83,0.0,0.0,0.0,0.0,0.0,0.0,1,2011,7,204,1,7.83,7.83,7.83,0.0,-0.4999999999999997,-0.8660254037844388,7.83,0.0,0.0,7.83
2011-07-23,Unknown,Statewide,7.83,0.0,0.0,0.0,0.0,0.0,0.0,1,2011,7,204,1,12.3,60.480000000000004,3.4294796706662836,0.0,-0.4999999999999997,-0.8660254037844388,7.83,0.0,0.0,60.480000000000004
2011-07-26,Nagaland,Statewide,2.06,0.0,0.0,0.0,0.0,0.0,0.0,0,2011,7,207,1,115.49,504.28999999999996,16.137495856864383,0.0,-0.4999999999999997,-0.8660254037844388,2.06,0.0,0.0,504.28999999999996
2011-07-27,Madhya Pradesh,Statewide,3.23,0.0,0.0,0.0,0.0,0.0,0.0,0,2011,7,208,1,111.5,340.60999999999996,9.312262424724677,0.0,-0.4999999999999997,-0.8660254037844388,3.23,0.0,0.0,340.60999999999996
2011-07-27,Uttar Pradesh,Statewide,1.72,0.0,0.0,0.0,0.0,0.0,0.0,0,2011,7,208,1,46.77000000000001,261.58,3.6609722648881333,0.0,-0.4999999999999997,-0.8660254037844388,1.72,0.0,0.0,261.58
2011-08-01,Haryana,Statewide,3.08,0.0,0.0,0.0,0.0,0.0,0.0,0,2011,8,213,1,24.40999999999999,120.51,3.6253193426927814,0.0,-0.8660254037844385,-0.5000000000000004,3.08,0.0,0.0,120.51
2011-08-01,Tamil Nadu,Statewide,3.98,0.0,0.0,0.0,0.0,0.0,0.0,0,2011,8,213,1,36.03,185.2,4.622044051873002,0.0,-0.8660254037844385,-0.5000000000000004,3.98,0.0,0.0,185.2
2011-08-03,Goa,Statewide,136.02,0.0,0.0,0.0,0.0,0.0,0.0,0,2011,8,215,1,348.73999999999995,1354.75,65.05756024353255,0.0,-0.8660254037844385,-0.5000000000000004,136.02,0.0,0.0,1354.75
2011-08-03,Uttar Pradesh,Statewide,8.48,0.0,0.0,0.0,0.0,0.0,0.0,0,2011,8,215,1,64.65,221.13000000000002,7.504882203194276,0.0,-0.8660254037844385,-0.5000000000000004,8.48,0.0,0.0,221.13000000000002
2011-08-04,Jammu And Kashmir,Statewide,0.68,0.0,0.0,0.0,0.0,0.0,0.0,0,2011,8,216,1,11.809999999999999,81.49999999999999,1.2442494324585303,0.0,-0.8660254037844385,-0.5000000000000004,0.68,0.0,0.0,81.49999999999999
2011-08-04,Karnataka,Statewide,16.65,0.0,0.0,0.0,0.0,0.0,0.0,0,2011,8,216,1,81.28999999999999,309.19,12.99233138384447,0.0,-0.8660254037844385,-0.5000000000000004,16.65,0.0,0.0,309.19
2011-08-05,Maharashtra,Statewide,7.06,0.0,0.0,0.0,0.0,0.0,0.0,0,2011,8,217,1,88.77000000000001,373.83000000000004,11.431965184158456,0.0,-0.8660254037844385,-0.5000000000000004,7.06,0.0,0.0,373.83000000000004
2011-08-06,Punjab,Statewide,0.66,0.0,0.0,0.0,0.0,0.0,0.0,0,2011,8,218,1,17.080000000000005,205.42,2.5870891982249535,0.0,-0.8660254037844385,-0.5000000000000004,0.66,0.0,0.0,205.42
2011-08-09,Meghalaya,Statewide,12.14,0.0,0.0,0.0,0.0,0.0,0.0,0,2011,8,221,1,82.67000000000002,273.16999999999996,10.430484229750471,0.0,-0.8660254037844385,-0.5000000000000004,12.14,0.0,0.0,273.16999999999996
2011-08-10,Unknown,West Bengal Province,5.92,0.0,0.0,0.0,0.0,0.0,0.0,1,2011,8,222,1,5.92,5.92,5.92,0.0,-0.8660254037844385,-0.5000000000000004,5.92,0.0,0.0,5.92
2011-08-13,Haryana,Statewide,0.7,0.0,0.0,0.0,0.0,0.0,0.0,0,2011,8,225,1,23.36999999999999,88.46000000000001,2.3513422988148207,0.0,-0.8660254037844385,-0.5000000000000004,0.7,0.0,0.0,88.46000000000001
2011-08-15,Manipur,Statewide,3.89,0.0,0.0,0.0,0.0,0.0,0.0,0,2011,8,227,1,56.26,204.94000000000003,6.112107131325415,0.0,-0.8660254037844385,-0.5000000000000004,3.89,0.0,0.0,204.94000000000003
2011-08-15,Unknown,Barpeta,5.92,0.0,0.0,0.0,0.0,0.0,0.0,1,2011,8,227,1,9.64,9.64,4.38,0.0,-0.8660254037844385,-0.5000000000000004,5.92,0.0,0.0,9.64
2011-08-15,Unknown,Dhemaji District (Assam Province),5.92,0.0,0.0,0.0,0.0,0.0,0.0,1,2011,8,227,1,5.92,5.92,5.92,0.0,-0.8660254037844385,-0.5000000000000004,5.92,0.0,0.0,5.92
2011-08-15,Unknown,Statewide,5.92,0.0,0.0,0.0,0.0,0.0,0.0,1,2011,8,227,1,18.22,65.65,4.176635769466398,0.0,-0.8660254037844385,-0.5000000000000004,5.92,0.0,0.0,65.65
2011-08-16,Chandigarh,Statewide,60.3,0.0,0.0,0.0,0.0,0.0,0.0,0,2011,8,228,1,131.2,320.5,26.286848708686744,0.0,-0.8660254037844385,-0.5000000000000004,60.3,0.0,0.0,320.5
2011-08-17,Odisha,Statewide,13.26,0.0,0.0,0.0,0.0,0.0,0.0,0,2011,8,229,1,101.5,258.72,11.78441205641773,0.0,-0.8660254037844385,-0.5000000000000004,13.26,0.0,0.0,258.72
2011-08-18,Puducherry,Statewide,17.48,0.0,0.0,0.0,0.0,0.0,0.0,0,2011,8,230,1,47.54000000000003,227.49,9.120626605385098,0.0,-0.8660254037844385,-0.5000000000000004,17.48,0.0,0.0,227.49
2011-08-22,Arunachal Pradesh,Statewide,6.15,0.0,0.0,0.0,0.0,0.0,0.0,0,2011,8,234,1,108.48,304.09000000000003,9.736929191754092,0.0,-0.8660254037844385,-0.5000000000000004,6.15,0.0,0.0,304.09000000000003
2011-08-25,Sikkim,Statewide,7.96,0.0,0.0,0.0,0.0,0.0,0.0,0,2011,8,237,1,76.78999999999999,440.05,10.597831335266962,0.0,-0.8660254037844385,-0.5000000000000004,7.96,0.0,0.0,440.05
2011-08-25,Unknown,Statewide,5.92,0.0,0.0,0.0,0.0,0.0,0.0,1,2011,8,237,1,24.14,63.74000000000001,4.699645038626478,0.0,-0.8660254037844385,-0.5000000000000004,5.92,0.0,0.0,63.74000000000001
2011-08-26,The Dadra And Nagar Haveli And Daman And Diu,Statewide,20.52,0.0,0.0,0.0,0.0,0.0,0.0,0,2011,8,238,1,71.60999999999999,551.85,14.944806184810979,0.0,-0.8660254037844385,-0.5000000000000004,20.52,0.0,0.0,551.85
2011-08-27,Rajasthan,Statewide,5.4,0.0,0.0,0.0,0.0,0.0,0.0,0,2011,8,239,1,47.730000000000004,236.26,7.00571011451119,0.0,-0.8660254037844385,-0.5000000000000004,5.4,0.0,0.0,236.26
2011-08-30,Uttar Pradesh,Statewide,0.13,0.0,0.0,0.0,0.0,0.0,0.0,0,2011,8,242,1,19.410000000000007,273.13,1.8948669325035135,0.0,-0.8660254037844385,-0.5000000000000004,0.13,0.0,0.0,273.13
2011-09-02,Kerala,Statewide,25.88,0.0,0.0,0.0,0.0,0.0,0.0,0,2011,9,245,1,141.72,449.51,26.79116230828416,0.0,-1.0,-1.8369701987210297e-16,25.88,0.0,0.0,449.51
2011-09-03,Jammu And Kashmir,Statewide,14.8,0.0,0.0,0.0,0.0,0.0,0.0,0,2011,9,246,1,47.120000000000005,62.760000000000005,9.956852717809968,0.0,-1.0,-1.8369701987210297e-16,14.8,0.0,0.0,62.760000000000005
2011-09-03,Manipur,Statewide,0.8,0.0,0.0,0.0,0.0,0.0,0.0,0,2011,9,246,1,25.1,282.34,4.723156455600764,0.0,-1.0,-1.8369701987210297e-16,0.8,0.0,0.0,282.34
2011-09-05,Unknown,Orissa Province,3.74,0.0,0.0,0.0,0.0,0.0,0.0,1,2011,9,248,1,3.74,3.74,3.74,0.0,-1.0,-1.8369701987210297e-16,3.74,0.0,0.0,3.74
2011-09-06,Kerala,Statewide,1.9,0.0,0.0,0.0,0.0,0.0,0.0,0,2011,9,249,1,175.38999999999996,388.05,14.837721070219027,0.0,-1.0,-1.8369701987210297e-16,1.9,0.0,0.0,388.05
2011-09-08,Andaman And Nicobar Islands,Statewide,13.91,0.0,0.0,0.0,0.0,0.0,0.0,0,2011,9,251,1,83.97,333.52,12.387578801757675,0.0,-1.0,-1.8369701987210297e-16,13.91,0.0,0.0,333.52
2011-09-08,Jharkhand,Statewide,6.47,0.0,0.0,0.0,0.0,0.0,0.0,0,2011,9,251,1,58.64,287.58,6.558007180560026,0.0,-1.0,-1.8369701987210297e-16,6.47,0.0,0.0,287.58
2011-09-10,Kerala,Statewide,8.86,0.0,0.0,0.0,0.0,0.0,0.0,0,2011,9,253,1,55.70999999999999,366.16,10.173492828959587,0.0,-1.0,-1.8369701987210297e-16,8.86,0.0,0.0,366.16
2011-09-12,Bihar,Statewide,0.89,0.0,0.0,0.0,0.0,0.0,0.0,0,2011,9,255,1,16.29,171.01,2.223018696748142,0.0,-1.0,-1.8369701987210297e-16,0.89,0.0,0.0,171.01
2011-09-14,Meghalaya,Statewide,7.09,0.0,0.0,0.0,0.0,0.0,0.0,0,2011,9,257,1,40.500000000000014,172.45999999999998,4.615474028651018,0.0,-1.0,-1.8369701987210297e-16,7.09,0.0,0.0,172.45999999999998
2011-09-17,Kerala,Statewide,1.52,0.0,0.0,0.0,0.0,0.0,0.0,0,2011,9,260,1,109.57999999999998,400.53999999999996,12.416682165483984,0.0,-1.0,-1.8369701987210297e-16,1.52,0.0,0.0,400.53999999999996
2011-09-17,Mizoram,Statewide,1.51,0.0,0.0,0.0,0.0,0.0,0.0,0,2011,9,260,1,38.81000000000003,296.33,7.258172992543855,0.0,-1.0,-1.8369701987210297e-16,1.51,0.0,0.0,296.33
2011-09-17,Nagaland,Statewide,2.3,0.0,0.0,0.0,0.0,0.0,0.0,0,2011,9,260,1,98.63999999999999,285.95,18.856494846562207,0.0,-1.0,-1.8369701987210297e-16,2.3,0.0,0.0,285.95
2011-09-18,Gujarat,Statewide,1.43,0.0,0.0,0.0,0.0,0.0,0.0,0,2011,9,261,1,68.83000000000001,342.63,5.052789192973672,0.0,-1.0,-1.8369701987210297e-16,1.43,0.0,0.0,342.63
2011-09-21,Maharashtra,Statewide,2.77,0.0,0.0,0.0,0.0,0.0,0.0,0,2011,9,264,1,31.85,321.95,2.9892116663753057,0.0,-1.0,-1.8369701987210297e-16,2.77,0.0,0.0,321.95
2011-09-21,Odisha,Statewide,19.53,0.0,0.0,0.0,0.0,0.0,0.0,0,2011,9,264,1,88.53,440.88,12.760469323585381,0.0,-1.0,-1.8369701987210297e-16,19.53,0.0,0.0,440.88
2011-09-21,Tripura,Statewide,23.0,0.0,0.0,0.0,0.0,0.0,0.0,0,2011,9,264,1,80.68999999999994,249.85000000000002,12.39798754688773,0.0,-1.0,-1.8369701987210297e-16,23.0,0.0,0.0,249.85000000000002
2011-09-23,Unknown,Angul,3.74,0.0,0.0,0.0,0.0,0.0,0.0,1,2011,9,266,1,3.74,3.74,3.74,0.0,-1.0,-1.8369701987210297e-16,3.74,0.0,0.0,3.74
2011-09-24,Arunachal Pradesh,Statewide,17.06,0.0,0.0,0.0,0.0,0.0,0.0,0,2011,9,267,1,51.75,199.85,9.83547517163459,0.0,-1.0,-1.8369701987210297e-16,17.06,0.0,0.0,199.85
2011-09-24,Karnataka,Statewide,0.27,0.0,0.0,0.0,0.0,0.0,0.0,0,2011,9,267,1,16.559999999999995,189.41000000000003,1.720176715455504,0.0,-1.0,-1.8369701987210297e-16,0.27,0.0,0.0,189.41000000000003
2011-09-25,West Bengal,Statewide,5.46,0.0,0.0,0.0,0.0,0.0,0.0,0,2011,9,268,1,64.67999999999999,270.18,9.059761545049337,0.0,-1.0,-1.8369701987210297e-16,5.46,0.0,0.0,270.18
2011-09-26,Chhattisgarh,Statewide,1.74,0.0,0.0,0.0,0.0,0.0,0.0,0,2011,9,269,1,56.56,441.40000000000003,7.276361339991484,0.0,-1.0,-1.8369701987210297e-16,1.74,0.0,0.0,441.40000000000003
2011-09-28,Assam,Statewide,0.59,0.0,0.0,0.0,0.0,0.0,0.0,0,2011,9,271,1,40.93,209.18,3.852118721182651,0.0,-1.0,-1.8369701987210297e-16,0.59,0.0,0.0,209.18
2011-09-29,Odisha,Statewide,0.0,0.0,0.0,0.0,0.0,0.0,0.0,0,2011,9,272,1,44.5,410.12,3.3767856106707415,0.0,-1.0,-1.8369701987210297e-16,0.0,0.0,0.0,410.12
2011-09-30,Meghalaya,Statewide,0.31,0.0,0.0,0.0,0.0,0.0,0.0,0,2011,9,273,1,10.190000000000015,156.94,1.3214177567399419,0.0,-1.0,-1.8369701987210297e-16,0.31,0.0,0.0,156.94
2011-09-30,Tamil Nadu,Statewide,0.2,0.0,0.0,0.0,0.0,0.0,0.0,0,2011,9,273,1,0.54,154.59,0.43372948601494127,0.0,-1.0,-1.8369701987210297e-16,0.2,0.0,0.0,154.59
2011-10-02,Sikkim,Statewide,0.2,0.0,0.0,0.0,0.0,0.0,0.0,0,2011,10,275,0,12.93,245.08,1.5729025424663134,0.0,-0.8660254037844386,0.5000000000000001,0.2,0.0,0.0,245.08
2011-10-04,Tripura,Statewide,6.47,0.0,0.0,0.0,0.0,0.0,0.0,0,2011,10,277,0,48.54999999999994,215.10000000000005,7.321756398213821,0.0,-0.8660254037844386,0.5000000000000001,6.47,0.0,0.0,215.10000000000005
2011-10-06,Bihar,Statewide,0.39,0.0,0.0,0.0,0.0,0.0,0.0,0,2011,10,279,0,2.7,232.73,1.1656574751785627,0.0,-0.8660254037844386,0.5000000000000001,0.39,0.0,0.0,232.73
2011-10-08,Unknown,Statewide,0.17,0.0,0.0,0.0,0.0,0.0,0.0,1,2011,10,281,0,24.310000000000002,57.99,3.3407515270385346,0.0,-0.8660254037844386,0.5000000000000001,0.17,0.0,0.0,57.99
2011-10-09,Jammu And Kashmir,Statewide,0.0,0.0,0.0,0.0,0.0,0.0,0.0,0,2011,10,282,0,0.0,310.8,0.5972205408769604,0.0,-0.8660254037844386,0.5000000000000001,0.0,0.0,0.0,310.8
2011-10-11,Ladakh,Statewide,0.0,0.0,0.0,0.0,0.0,0.0,0.0,0,2011,10,284,0,0.0,62.31999999999999,0.0648553634207874,0.0,-0.8660254037844386,0.5000000000000001,0.0,0.0,0.0,62.31999999999999
2011-10-15,Puducherry,Statewide,3.53,0.0,0.0,0.0,0.0,0.0,0.0,0,2011,10,288,0,66.49000000000004,117.41,7.962432763489153,0.0,-0.8660254037844386,0.5000000000000001,3.53,0.0,0.0,117.41
2011-10-18,Andhra Pradesh,Statewide,0.26,0.0,0.0,0.0,0.0,0.0,0.0,0,2011,10,291,0,17.689999999999976,62.97,1.4237123331211332,0.0,-0.8660254037844386,0.5000000000000001,0.26,0.0,0.0,62.97
2011-10-18,Himachal Pradesh,Statewide,0.0,0.0,0.0,0.0,0.0,0.0,0.0,0,2011,10,291,0,1.8099999999999823,16.349999999999998,0.1419280186647033,0.0,-0.8660254037844386,0.5000000000000001,0.0,0.0,0.0,16.349999999999998
2011-10-19,Chhattisgarh,Statewide,0.0,0.0,0.0,0.0,0.0,0.0,0.0,0,2011,10,292,0,0.22,70.83,0.16456317743795798,0.0,-0.8660254037844386,0.5000000000000001,0.0,0.0,0.0,70.83
2011-10-21,Himachal Pradesh,Statewide,0.0,0.0,0.0,0.0,0.0,0.0,0.0,0,2011,10,294,0,0.0,11.75,0.04868131040199323,0.0,-0.8660254037844386,0.5000000000000001,0.0,0.0,0.0,11.75
2011-10-21,Telangana,Statewide,0.0,0.0,0.0,0.0,0.0,0.0,0.0,0,2011,10,294,0,3.81,26.69,0.28263501016352777,0.0,-0.8660254037844386,0.5000000000000001,0.0,0.0,0.0,26.69
2011-10-23,Uttarakhand,Statewide,0.0,0.0,0.0,0.0,0.0,0.0,0.0,0,2011,10,296,0,1.0699999999999998,8.72,0.20363060242345815,0.0,-0.8660254037844386,0.5000000000000001,0.0,0.0,0.0,8.72
2011-10-27,Odisha,Statewide,0.08,0.0,0.0,0.0,0.0,0.0,0.0,0,2011,10,300,0,13.340000000000002,26.25,0.8849922023860052,0.0,-0.8660254037844386,0.5000000000000001,0.08,0.0,0.0,26.25
2011-10-30,Delhi,Statewide,0.0,0.0,0.0,0.0,0.0,0.0,0.0,0,2011,10,303,0,0.0,0.0,9.106200657657298e-07,0.0,-0.8660254037844386,0.5000000000000001,0.0,0.0,0.0,0.0
2011-10-30,West Bengal,Statewide,0.08,0.0,0.0,0.0,0.0,0.0,0.0,0,2011,10,303,0,1.17,23.65,0.3152069833987816,0.0,-0.8660254037844386,0.5000000000000001,0.08,0.0,0.0,23.65
2011-11-01,Chhattisgarh,Statewide,0.0,0.0,0.0,0.0,0.0,0.0,0.0,0,2011,11,305,0,0.03,14.68,0.01387908421095552,0.0,-0.5000000000000004,0.8660254037844384,0.0,0.0,0.0,14.68
2011-11-01,Telangana,Statewide,0.51,0.0,0.0,0.0,0.0,0.0,0.0,0,2011,11,305,0,3.7499999999999996,26.19,0.38325160270504416,0.0,-0.5000000000000004,0.8660254037844384,0.51,0.0,0.0,26.19
2011-11-02,Sikkim,Statewide,2.44,0.0,0.0,0.0,0.0,0.0,0.0,0,2011,11,306,0,22.960000000000004,94.58,3.4510015674132184,0.0,-0.5000000000000004,0.8660254037844384,2.44,0.0,0.0,94.58
2011-11-03,Sikkim,Statewide,3.04,0.0,0.0,0.0,0.0,0.0,0.0,0,2011,11,307,0,19.340000000000003,97.62,3.3277010971892524,0.0,-0.5000000000000004,0.8660254037844384,3.04,0.0,0.0,97.62
2011-11-04,Haryana,Statewide,0.0,0.0,0.0,0.0,0.0,0.0,0.0,0,2011,11,308,0,0.0,0.030000000000000006,5.8651213696946414e-06,0.0,-0.5000000000000004,0.8660254037844384,0.0,0.0,0.0,0.030000000000000006
2011-11-06,Gujarat,Statewide,0.0,0.0,0.0,0.0,0.0,0.0,0.0,0,2011,11,310,0,0.0,8.55,0.0010197618366995357,0.0,-0.5000000000000004,0.8660254037844384,0.0,0.0,0.0,8.55
2011-11-06,Jharkhand,Statewide,0.0,0.0,0.0,0.0,0.0,0.0,0.0,0,2011,11,310,0,0.0,22.43,0.014940795596895077,0.0,-0.5000000000000004,0.8660254037844384,0.0,0.0,0.0,22.43
2011-11-06,West Bengal,Statewide,0.03,0.0,0.0,0.0,0.0,0.0,0.0,0,2011,11,310,0,1.64,23.96,0.16512229947291826,0.0,-0.5000000000000004,0.8660254037844384,0.03,0.0,0.0,23.96
2011-11-07,Ladakh,Statewide,0.2,0.0,0.0,0.0,0.0,0.0,0.0,0,2011,11,311,0,1.4000000000000001,1.4000000000000001,0.1835334017991423,0.0,-0.5000000000000004,0.8660254037844384,0.2,0.0,0.0,1.4000000000000001
2011-11-08,Meghalaya,Statewide,0.0,0.0,0.0,0.0,0.0,0.0,0.0,0,2011,11,312,0,5.930000000000014,21.509999999999998,0.817178758582913,0.0,-0.5000000000000004,0.8660254037844384,0.0,0.0,0.0,21.509999999999998
2011-11-10,Mizoram,Statewide,0.0,0.0,0.0,0.0,0.0,0.0,0.0,0,2011,11,314,0,0.0,17.28,0.0036215434346805507,0.0,-0.5000000000000004,0.8660254037844384,0.0,0.0,0.0,17.28
2011-11-12,Odisha,Statewide,0.0,0.0,0.0,0.0,0.0,0.0,0.0,0,2011,11,316,0,0.0,15.43,0.004796950827583234,0.0,-0.5000000000000004,0.8660254037844384,0.0,0.0,0.0,15.43
2011-11-13,Ladakh,Statewide,0.2,0.0,0.0,0.0,0.0,0.0,0.0,0,2011,11,317,0,1.4000000000000001,2.6,0.19806272118826726,0.0,-0.5000000000000004,0.8660254037844384,0.2,0.0,0.0,2.6
2011-11-13,Puducherry,Statewide,0.0,0.0,0.0,0.0,0.0,0.0,0.0,0,2011,11,317,0,23.34000000000003,175.91,1.45234679319178,0.0,-0.5000000000000004,0.8660254037844384,0.0,0.0,0.0,175.91
2011-11-14,Tripura,Statewide,0.0,0.0,0.0,0.0,0.0,0.0,0.0,0,2011,11,318,0,0.0,15.240000000000027,0.0011935539483076923,0.0,-0.5000000000000004,0.8660254037844384,0.0,0.0,0.0,15.240000000000027
2011-11-20,Chandigarh,Statewide,0.0,0.0,0.0,0.0,0.0,0.0,0.0,0,2011,11,324,0,0.0,0.0,2.2204842620727154e-09,0.0,-0.5000000000000004,0.8660254037844384,0.0,0.0,0.0,0.0
2011-11-21,West Bengal,Statewide,0.0,0.0,0.0,0.0,0.0,0.0,0.0,0,2011,11,325,0,3.32,8.82,0.19368998545708935,0.0,-0.5000000000000004,0.8660254037844384,0.0,0.0,0.0,8.82
2011-11-22,Assam,Statewide,0.0,0.0,0.0,0.0,0.0,0.0,0.0,0,2011,11,326,0,5.340000000000002,9.889999999999999,0.23739680742889707,0.0,-0.5000000000000004,0.8660254037844384,0.0,0.0,0.0,9.889999999999999
2011-11-22,Meghalaya,Statewide,0.0,0.0,0.0,0.0,0.0,0.0,0.0,0,2011,11,326,0,6.520000000000014,15.930000000000001,0.2857446845368302,0.0,-0.5000000000000004,0.8660254037844384,0.0,0.0,0.0,15.930000000000001
2011-11-23,Lakshadweep,Statewide,1419.5109289617487,0.0,0.0,0.0,0.0,0.0,0.0,0,2011,11,327,0,9943.932240437158,42737.69672131148,1420.3282331511837,0.0,-0.5000000000000004,0.8660254037844384,1419.5109289617487,0.0,0.0,42737.69672131148
2011-11-23,Odisha,Statewide,0.0,0.0,0.0,0.0,0.0,0.0,0.0,0,2011,11,327,0,0.0,1.1600000000000001,0.0005889771915623628,0.0,-0.5000000000000004,0.8660254037844384,0.0,0.0,0.0,1.1600000000000001
2011-11-25,Jammu And Kashmir,Statewide,0.21,0.0,0.0,0.0,0.0,0.0,0.0,0,2011,11,329,0,1.47,5.25,0.20997186887328048,0.0,-0.5000000000000004,0.8660254037844384,0.21,0.0,0.0,5.25
2011-11-26,West Bengal,Statewide,0.04,0.0,0.0,0.0,0.0,0.0,0.0,0,2011,11,330,0,0.07,5.35,0.050853475855773,0.0,-0.5000000000000004,0.8660254037844384,0.04,0.0,0.0,5.35
2011-11-28,Bihar,Statewide,0.0,0.0,0.0,0.0,0.0,0.0,0.0,0,2011,11,332,0,0.12,4.23,0.02235405533759376,0.0,-0.5000000000000004,0.8660254037844384,0.0,0.0,0.0,4.23
2011-11-28,Kerala,Statewide,9.72,0.0,0.0,0.0,0.0,0.0,0.0,0,2011,11,332,0,28.529999999999987,190.64000000000001,6.496061486494529,0.0,-0.5000000000000004,0.8660254037844384,9.72,0.0,0.0,190.64000000000001
2011-12-02,West Bengal,Statewide,0.0,0.0,0.0,0.0,0.0,0.0,0.0,0,2011,12,336,0,0.18000000000000002,4.109999999999999,0.015304130580955833,0.0,-2.4492935982947064e-16,1.0,0.0,0.0,0.0,4.109999999999999
2011-12-04,Gujarat,Statewide,0.0,0.0,0.0,0.0,0.0,0.0,0.0,0,2011,12,338,0,0.0,0.0,4.6907671536392134e-08,0.0,-2.4492935982947064e-16,1.0,0.0,0.0,0.0,0.0
2011-12-04,Sikkim,Statewide,0.02,0.0,0.0,0.0,0.0,0.0,0.0,0,2011,12,338,0,0.020000000000001777,36.04,0.016197703210604434,0.0,-2.4492935982947064e-16,1.0,0.02,0.0,0.0,36.04
2011-12-04,Telangana,Statewide,0.0,0.0,0.0,0.0,0.0,0.0,0.0,0,2011,12,338,0,0.05999999999999978,0.07,0.002526727955088024,0.0,-2.4492935982947064e-16,1.0,0.0,0.0,0.0,0.07
2011-12-05,Uttarakhand,Statewide,0.25,0.0,0.0,0.0,0.0,0.0,0.0,0,2011,12,339,0,0.5799999999999998,2.19,0.14453960319440368,0.0,-2.4492935982947064e-16,1.0,0.25,0.0,0.0,2.19
2011-12-07,The Dadra And Nagar Haveli And Daman And Diu,Statewide,0.0,0.0,0.0,0.0,0.0,0.0,0.0,0,2011,12,341,0,0.0,0.0,1.3911997005660307e-07,0.0,-2.4492935982947064e-16,1.0,0.0,0.0,0.0,0.0
2011-12-08,Arunachal Pradesh,Statewide,0.0,0.0,0.0,0.0,0.0,0.0,0.0,0,2011,12,342,0,0.04,5.42,0.0036580404465545546,0.0,-2.4492935982947064e-16,1.0,0.0,0.0,0.0,5.42
2011-12-08,Himachal Pradesh,Statewide,0.91,0.0,0.0,0.0,0.0,0.0,0.0,0,2011,12,342,0,9.089999999999982,18.49,1.5981120524859262,0.0,-2.4492935982947064e-16,1.0,0.91,0.0,0.0,18.49
2011-12-09,Delhi,Statewide,0.78,0.0,0.0,0.0,0.0,0.0,0.0,0,2011,12,343,0,0.7800000000000071,0.7800000000000142,0.23400000000057977,0.0,-2.4492935982947064e-16,1.0,0.78,0.0,0.0,0.7800000000000142
2011-12-10,Odisha,Statewide,0.0,0.0,0.0,0.0,0.0,0.0,0.0,0,2011,12,344,0,0.0,0.1,0.001977873340667998,0.0,-2.4492935982947064e-16,1.0,0.0,0.0,0.0,0.1
2011-12-13,Nagaland,Statewide,0.0,0.0,0.0,0.0,0.0,0.0,0.0,0,2011,12,347,0,0.5199999999999911,3.3400000000000003,0.07780037111266142,0.0,-2.4492935982947064e-16,1.0,0.0,0.0,0.0,3.3400000000000003
2011-12-15,Rajasthan,Statewide,0.0,0.0,0.0,0.0,0.0,0.0,0.0,0,2011,12,349,0,0.0,0.0,3.1945584518804055e-11,0.0,-2.4492935982947064e-16,1.0,0.0,0.0,0.0,0.0
2011-12-16,Maharashtra,Statewide,0.0,0.0,0.0,0.0,0.0,0.0,0.0,0,2011,12,350,0,0.0,0.07,5.484848209953147e-05,0.0,-2.4492935982947064e-16,1.0,0.0,0.0,0.0,0.07
2011-12-18,Meghalaya,Statewide,0.0,0.0,0.0,0.0,0.0,0.0,0.0,0,2011,12,352,0,0.010000000000014211,0.66,0.005470406411888115,0.0,-2.4492935982947064e-16,1.0,0.0,0.0,0.0,0.66
2011-12-18,Odisha,Statewide,0.05,0.0,0.0,0.0,0.0,0.0,0.0,0,2011,12,352,0,0.05,0.13,0.015114020462121562,0.0,-2.4492935982947064e-16,1.0,0.05,0.0,0.0,0.13
2011-12-18,Tripura,Statewide,0.0,0.0,0.0,0.0,0.0,0.0,0.0,0,2011,12,352,0,0.0,0.07000000000002843,0.00014243330444894486,0.0,-2.4492935982947064e-16,1.0,0.0,0.0,0.0,0.07000000000002843
2011-12-21,Nagaland,Statewide,0.0,0.0,0.0,0.0,0.0,0.0,0.0,0,2011,12,355,0,0.0,0.7,0.004485036571906414,0.0,-2.4492935982947064e-16,1.0,0.0,0.0,0.0,0.7
2011-12-25,The Dadra And Nagar Haveli And Daman And Diu,Statewide,0.0,0.0,0.0,0.0,0.0,0.0,0.0,0,2011,12,359,0,0.0,0.0,2.2654485098106668e-10,0.0,-2.4492935982947064e-16,1.0,0.0,0.0,0.0,0.0
2011-12-28,Uttar Pradesh,Statewide,0.0,0.0,0.0,0.0,0.0,0.0,0.0,0,2011,12,362,0,0.0,0.25,7.777694359454401e-05,0.0,-2.4492935982947064e-16,1.0,0.0,0.0,0.0,0.25
2011-12-29,Andhra Pradesh,Statewide,0.4,0.0,0.0,0.0,0.0,0.0,0.0,0,2011,12,363,0,0.39999999999997515,4.62,0.12131678459756604,0.0,-2.4492935982947064e-16,1.0,0.4,0.0,0.0,4.62
2011-12-29,Bihar,Statewide,0.0,0.0,0.0,0.0,0.0,0.0,0.0,0,2011,12,363,0,0.0,3.55,0.0062930648117608375,0.0,-2.4492935982947064e-16,1.0,0.0,0.0,0.0,3.55
2011-12-29,Tamil Nadu,Statewide,0.05,0.0,0.0,0.0,0.0,0.0,0.0,0,2011,12,363,0,9.419999999999993,59.46,0.6954950760456848,0.0,-2.4492935982947064e-16,1.0,0.05,0.0,0.0,59.46
2012-01-01,Tamil Nadu,Statewide,636.1,0.0,0.0,0.0,0.0,0.0,0.0,0,2012,1,1,0,696.69,718.33,200.0390633677586,0.0,0.49999999999999994,0.8660254037844387,636.1,0.0,0.0,718.33
2012-01-03,Kerala,Statewide,0.0,0.0,0.0,0.0,0.0,0.0,0.0,0,2012,1,3,0,2194.5699999999997,2201.64,319.6098883678636,0.0,0.49999999999999994,0.8660254037844387,0.0,0.0,0.0,2201.64
2012-01-05,Punjab,Statewide,0.25,0.0,0.0,0.0,0.0,0.0,0.0,0,2012,1,5,0,493.85,498.01000000000005,35.629242021535546,0.0,0.49999999999999994,0.8660254037844387,0.25,0.0,0.0,498.01000000000005
2012-01-09,Chhattisgarh,Statewide,3.42,0.0,0.0,0.0,0.0,0.0,0.0,0,2012,1,9,0,7.73,1407.3,25.899977167860705,0.0,0.49999999999999994,0.8660254037844387,3.42,0.0,0.0,1407.3
2012-01-12,Chhattisgarh,Statewide,0.01,0.0,0.0,0.0,0.0,0.0,0.0,0,2012,1,12,0,9.08,1409.26,9.20295216857622,0.0,0.49999999999999994,0.8660254037844387,0.01,0.0,0.0,1409.26
2012-01-20,Andaman And Nicobar Islands,Statewide,1.63,0.0,0.0,0.0,0.0,0.0,0.0,0,2012,1,20,0,12.18,113.87,1.9003683605998194,0.0,0.49999999999999994,0.8660254037844387,1.63,0.0,0.0,113.87
2012-01-20,Gujarat,Statewide,0.0,0.0,0.0,0.0,0.0,0.0,0.0,0,2012,1,20,0,0.0,0.0,2.459527915165831e-15,0.0,0.49999999999999994,0.8660254037844387,0.0,0.0,0.0,0.0
2012-01-21,Telangana,Statewide,0.0,0.0,0.0,0.0,0.0,0.0,0.0,0,2012,1,21,0,0.0,1019.18,0.2916781665678902,0.0,0.49999999999999994,0.8660254037844387,0.0,0.0,0.0,1019.18
2012-01-22,Tripura,Statewide,0.0,0.0,0.0,0.0,0.0,0.0,0.0,0,2012,1,22,0,0.34999999999994313,11.000000000000028,0.0753369847171431,0.0,0.49999999999999994,0.8660254037844387,0.0,0.0,0.0,11.000000000000028
2012-01-25,Kerala,Statewide,0.0,0.0,0.0,0.0,0.0,0.0,0.0,0,2012,1,25,0,0.0,2195.3500000000004,0.12654878887805973,0.0,0.49999999999999994,0.8660254037844387,0.0,0.0,0.0,2195.3500000000004
2012-01-27,Tamil Nadu,Statewide,0.0,0.0,0.0,0.0,0.0,0.0,0.0,0,2012,1,27,0,0.0,697.3199999999999,0.019666132001361993,0.0,0.49999999999999994,0.8660254037844387,0.0,0.0,0.0,697.3199999999999
2012-01-28,Jharkhand,Statewide,0.0,0.0,0.0,0.0,0.0,0.0,0.0,0,2012,1,28,0,0.02,1103.07,0.04251125420958661,0.0,0.49999999999999994,0.8660254037844387,0.0,0.0,0.0,1103.07
2012-01-30,Gujarat,Statewide,0.0,0.0,0.0,0.0,0.0,0.0,0.0,0,2012,1,30,0,0.0,0.0,6.947557602589186e-17,0.0,0.49999999999999994,0.8660254037844387,0.0,0.0,0.0,0.0
2012-01-30,Rajasthan,Statewide,0.0,0.0,0.0,0.0,0.0,0.0,0.0,0,2012,1,30,0,0.010000000000007106,2.5,0.0013381096156548221,0.0,0.49999999999999994,0.8660254037844387,0.0,0.0,0.0,2.5
2012-01-31,The Dadra And Nagar Haveli And Daman And Diu,Statewide,0.0,0.0,0.0,0.0,0.0,0.0,0.0,0,2012,1,31,0,0.0,0.0,4.2051517852202e-16,0.0,0.49999999999999994,0.8660254037844387,0.0,0.0,0.0,0.0
2012-02-02,Gujarat,Statewide,0.0,0.0,0.0,0.0,0.0,0.0,0.0,0,2012,2,33,0,0.0,0.0,2.3830122576880905e-17,0.0,0.8660254037844386,0.5000000000000001,0.0,0.0,0.0,0.0
2012-02-02,Manipur,Statewide,0.0,0.0,0.0,0.0,0.0,0.0,0.0,0,2012,2,33,0,3.01,13.52,0.4076911887098381,0.0,0.8660254037844386,0.5000000000000001,0.0,0.0,0.0,13.52
2012-02-02,Punjab,Statewide,0.0,0.0,0.0,0.0,0.0,0.0,0.0,0,2012,2,33,0,0.0,59.45,0.03924653443191223,0.0,0.8660254037844386,0.5000000000000001,0.0,0.0,0.0,59.45
2012-02-05,Andhra Pradesh,Statewide,0.0,0.0,0.0,0.0,0.0,0.0,0.0,0,2012,2,36,0,0.4799999999999751,12.940000000000001,0.027721562419095458,0.0,0.8660254037844386,0.5000000000000001,0.0,0.0,0.0,12.940000000000001
2012-02-05,Karnataka,Statewide,0.0,0.0,0.0,0.0,0.0,0.0,0.0,0,2012,2,36,0,0.0,0.2900000000000071,1.7978386161809817e-05,0.0,0.8660254037844386,0.5000000000000001,0.0,0.0,0.0,0.2900000000000071
2012-02-05,Odisha,Statewide,0.0,0.0,0.0,0.0,0.0,0.0,0.0,0,2012,2,36,0,1.4699999999999984,48.25,0.10545936514689078,0.0,0.8660254037844386,0.5000000000000001,0.0,0.0,0.0,48.25
2012-02-05,Rajasthan,Statewide,0.0,0.0,0.0,0.0,0.0,0.0,0.0,0,2012,2,36,0,0.030000000000007104,0.49,0.004567427258172173,0.0,0.8660254037844386,0.5000000000000001,0.0,0.0,0.0,0.49
2012-02-07,Chhattisgarh,Statewide,0.0,0.0,0.0,0.0,0.0,0.0,0.0,0,2012,2,38,0,0.0,10.19,0.05396481347550618,0.0,0.8660254037844386,0.5000000000000001,0.0,0.0,0.0,10.19
2012-02-07,Kerala,Statewide,0.0,0.0,0.0,0.0,0.0,0.0,0.0,0,2012,2,38,0,0.0,0.78,0.0012261186922599564,0.0,0.8660254037844386,0.5000000000000001,0.0,0.0,0.0,0.78
2012-02-07,Rajasthan,Statewide,0.0,0.0,0.0,0.0,0.0,0.0,0.0,0,2012,2,38,0,0.030000000000007104,0.45999999999999996,0.002238039356504364,0.0,0.8660254037844386,0.5000000000000001,0.0,0.0,0.0,0.45999999999999996
2012-02-08,Maharashtra,Statewide,0.0,0.0,0.0,0.0,0.0,0.0,0.0,0,2012,2,39,0,0.0,0.5700000000000001,0.007244858877715423,0.0,0.8660254037844386,0.5000000000000001,0.0,0.0,0.0,0.5700000000000001
2012-02-09,Bihar,Statewide,0.73,0.0,0.0,0.0,0.0,0.0,0.0,0,2012,2,40,0,1.56,2.12,0.3465121219802246,0.0,0.8660254037844386,0.5000000000000001,0.73,0.0,0.0,2.12
2012-02-11,Gujarat,Statewide,0.0,0.0,0.0,0.0,0.0,0.0,0.0,0,2012,2,42,0,0.0,0.0,9.616314012292789e-19,0.0,0.8660254037844386,0.5000000000000001,0.0,0.0,0.0,0.0
2012-02-12,Puducherry,Statewide,2.15,0.0,0.0,0.0,0.0,0.0,0.0,0,2012,2,43,0,4.660000000000014,4.8,1.1012235915805126,0.0,0.8660254037844386,0.5000000000000001,2.15,0.0,0.0,4.8
2012-02-15,Tripura,Statewide,0.0,0.0,0.0,0.0,0.0,0.0,0.0,0,2012,2,46,0,0.0,0.3500000000000284,1.4433152300609165e-05,0.0,0.8660254037844386,0.5000000000000001,0.0,0.0,0.0,0.3500000000000284
2012-02-18,Tamil Nadu,Statewide,0.0,0.0,0.0,0.0,0.0,0.0,0.0,0,2012,2,49,0,3.49,6.9,0.19490855197568424,0.0,0.8660254037844386,0.5000000000000001,0.0,0.0,0.0,6.9
2012-02-20,Andhra Pradesh,Statewide,0.0,0.0,0.0,0.0,0.0,0.0,0.0,0,2012,2,51,0,0.0,1.06,0.0003045538527363798,0.0,0.8660254037844386,0.5000000000000001,0.0,0.0,0.0,1.06
2012-02-23,Assam,Statewide,0.0,0.0,0.0,0.0,0.0,0.0,0.0,0,2012,2,54,0,3.5000000000000018,7.27,0.192630021730265,0.0,0.8660254037844386,0.5000000000000001,0.0,0.0,0.0,7.27
2012-02-23,Gujarat,Statewide,0.0,0.0,0.0,0.0,0.0,0.0,0.0,0,2012,2,54,0,0.0,0.0,1.3310216405914504e-20,0.0,0.8660254037844386,0.5000000000000001,0.0,0.0,0.0,0.0
2012-02-25,Assam,Statewide,0.37,0.0,0.0,0.0,0.0,0.0,0.0,0,2012,2,56,0,0.4700000000000022,7.71,0.22008871064782984,0.0,0.8660254037844386,0.5000000000000001,0.37,0.0,0.0,7.71
2012-02-25,Uttarakhand,Statewide,0.0,0.0,0.0,0.0,0.0,0.0,0.0,0,2012,2,56,0,0.43000000000000005,12.43,0.0404969450646018,0.0,0.8660254037844386,0.5000000000000001,0.0,0.0,0.0,12.43
2012-02-26,Assam,Statewide,0.0,0.0,0.0,0.0,0.0,0.0,0.0,0,2012,2,57,0,0.4700000000000022,7.6499999999999995,0.15406209745348087,0.0,0.8660254037844386,0.5000000000000001,0.0,0.0,0.0,7.6499999999999995
2012-02-28,Jammu And Kashmir,Statewide,0.03,0.0,0.0,0.0,0.0,0.0,0.0,0,2012,2,59,0,0.21,0.84,0.029998620040392762,0.0,0.8660254037844386,0.5000000000000001,0.03,0.0,0.0,0.84
2012-02-28,Ladakh,Statewide,0.49,0.0,0.0,0.0,0.0,0.0,0.0,0,2012,2,59,0,3.4299999999999997,13.719999999999999,0.4899774606597115,0.0,0.8660254037844386,0.5000000000000001,0.49,0.0,0.0,13.719999999999999
2012-02-29,Delhi,Statewide,0.0,0.0,0.0,0.0,0.0,0.0,0.0,0,2012,2,60,0,0.0,0.0,1.6249234824670855e-08,0.0,0.8660254037844386,0.5000000000000001,0.0,0.0,0.0,0.0
2012-03-01,Madhya Pradesh,Statewide,0.0,0.0,0.0,0.0,0.0,0.0,0.0,0,2012,3,61,0,0.0,0.92,0.001783009409088007,0.0,1.0,6.123233995736766e-17,0.0,0.0,0.0,0.92
2012-03-04,Tamil Nadu,Statewide,0.0,0.0,0.0,0.0,0.0,0.0,0.0,0,2012,3,64,0,0.08,6.98,0.017725340339318482,0.0,1.0,6.123233995736766e-17,0.0,0.0,0.0,6.98
2012-03-06,Delhi,Statewide,0.0,0.0,0.0,0.0,0.0,0.0,0.0,0,2012,3,66,0,0.0,0.0,1.9117062278877006e-09,0.0,1.0,6.123233995736766e-17,0.0,0.0,0.0,0.0
2012-03-06,Maharashtra,Statewide,0.0,0.0,0.0,0.0,0.0,0.0,0.0,0,2012,3,66,0,0.0,0.0,4.760767918451032e-07,0.0,1.0,6.123233995736766e-17,0.0,0.0,0.0,0.0
2012-03-07,Uttar Pradesh,Statewide,0.25,0.0,0.0,0.0,0.0,0.0,0.0,0,2012,3,67,0,0.660000000000007,8.95,0.1575549680783716,0.0,1.0,6.123233995736766e-17,0.25,0.0,0.0,8.95
2012-03-08,Himachal Pradesh,Statewide,1.28,0.0,0.0,0.0,0.0,0.0,0.0,0,2012,3,68,0,21.830000000000002,64.85,2.767587465548062,0.0,1.0,6.123233995736766e-17,1.28,0.0,0.0,64.85
2012-03-08,Unknown,Statewide,0.0,0.0,0.0,0.0,0.0,0.0,0.0,1,2012,3,68,0,24.310000000000002,54.25,2.3385260689269742,0.0,1.0,6.123233995736766e-17,0.0,0.0,0.0,54.25
2012-03-09,Punjab,Statewide,0.49,0.0,0.0,0.0,0.0,0.0,0.0,0,2012,3,69,0,9.36,23.65,0.8375486341335527,0.0,1.0,6.123233995736766e-17,0.49,0.0,0.0,23.65
2012-03-10,Kerala,Statewide,0.0,0.0,0.0,0.0,0.0,0.0,0.0,0,2012,3,70,0,5.460000000000001,17.169999999999998,0.6521805108174996,0.0,1.0,6.123233995736766e-17,0.0,0.0,0.0,17.169999999999998
2012-03-12,Chhattisgarh,Statewide,0.0,0.0,0.0,0.0,0.0,0.0,0.0,0,2012,3,72,0,0.6300000000000004,4.08,0.08217552029490797,0.0,1.0,6.123233995736766e-17,0.0,0.0,0.0,4.08
2012-03-13,Himachal Pradesh,Statewide,0.4,0.0,0.0,0.0,0.0,0.0,0.0,0,2012,3,73,0,7.93,66.25,1.0032311253346622,0.0,1.0,6.123233995736766e-17,0.4,0.0,0.0,66.25
2012-03-13,Jammu And Kashmir,Statewide,0.23,0.0,0.0,0.0,0.0,0.0,0.0,0,2012,3,73,0,1.61,3.5,0.22806221043265554,0.0,1.0,6.123233995736766e-17,0.23,0.0,0.0,3.5
2012-03-13,Karnataka,Statewide,0.01,0.0,0.0,0.0,0.0,0.0,0.0,0,2012,3,73,0,0.009999999999992895,0.010000000000007106,0.003000426026903183,0.0,1.0,6.123233995736766e-17,0.01,0.0,0.0,0.010000000000007106
2012-03-15,Himachal Pradesh,Statewide,0.0,0.0,0.0,0.0,0.0,0.0,0.0,0,2012,3,75,0,5.35,45.06,0.5020832514139845,0.0,1.0,6.123233995736766e-17,0.0,0.0,0.0,45.06
2012-03-16,Rajasthan,Statewide,0.0,0.0,0.0,0.0,0.0,0.0,0.0,0,2012,3,76,0,0.0,0.0,2.9079922179863446e-09,0.0,1.0,6.123233995736766e-17,0.0,0.0,0.0,0.0
2012-03-17,Puducherry,Statewide,0.99,0.0,0.0,0.0,0.0,0.0,0.0,0,2012,3,77,0,5.8600000000000145,8.31,0.5375223616823793,0.0,1.0,6.123233995736766e-17,0.99,0.0,0.0,8.31
2012-03-17,Uttarakhand,Statewide,0.0,0.0,0.0,0.0,0.0,0.0,0.0,0,2012,3,77,0,5.6700000000000035,40.3,0.7040850104413144,0.0,1.0,6.123233995736766e-17,0.0,0.0,0.0,40.3
2012-03-18,Rajasthan,Statewide,0.0,0.0,0.0,0.0,0.0,0.0,0.0,0,2012,3,78,0,0.0,0.0,1.4249161868133087e-09,0.0,1.0,6.123233995736766e-17,0.0,0.0,0.0,0.0
2012-03-19,Sikkim,Statewide,0.0,0.0,0.0,0.0,0.0,0.0,0.0,0,2012,3,79,0,7.6899999999999995,54.61,0.8170458008967555,0.0,1.0,6.123233995736766e-17,0.0,0.0,0.0,54.61
2012-03-21,Goa,Statewide,0.0,0.0,0.0,0.0,0.0,0.0,0.0,0,2012,3,81,0,0.0,0.0,3.141249460423888e-17,0.0,1.0,6.123233995736766e-17,0.0,0.0,0.0,0.0
2012-03-26,Puducherry,Statewide,0.0,0.0,0.0,0.0,0.0,0.0,0.0,0,2012,3,86,0,0.7100000000000142,9.6,0.06752062987704256,0.0,1.0,6.123233995736766e-17,0.0,0.0,0.0,9.6
2012-03-26,Punjab,Statewide,0.33,0.0,0.0,0.0,0.0,0.0,0.0,0,2012,3,86,0,0.7,11.13,0.11873518848907721,0.0,1.0,6.123233995736766e-17,0.33,0.0,0.0,11.13
2012-03-28,Uttar Pradesh,Statewide,0.0,0.0,0.0,0.0,0.0,0.0,0.0,0,2012,3,88,0,0.0,7.32,0.015363713429702466,0.0,1.0,6.123233995736766e-17,0.0,0.0,0.0,7.32
2012-03-29,The Dadra And Nagar Haveli And Daman And Diu,Statewide,0.0,0.0,0.0,0.0,0.0,0.0,0.0,0,2012,3,89,0,0.0,0.0,4.3598143563675665e-25,0.0,1.0,6.123233995736766e-17,0.0,0.0,0.0,0.0
2012-03-30,Ladakh,Statewide,2.26,0.0,0.0,0.0,0.0,0.0,0.0,0,2012,3,90,0,15.819999999999999,67.8,2.2599601050120697,0.0,1.0,6.123233995736766e-17,2.26,0.0,0.0,67.8
2012-03-30,Sikkim,Statewide,3.8,0.0,0.0,0.0,0.0,0.0,0.0,0,2012,3,90,0,43.96,97.53,8.095198790123689,0.0,1.0,6.123233995736766e-17,3.8,0.0,0.0,97.53
2012-03-31,Telangana,Statewide,0.51,0.0,0.0,0.0,0.0,0.0,0.0,0,2012,3,91,0,0.51,0.5700000000000001,0.1530696467368708,0.0,1.0,6.123233995736766e-17,0.51,0.0,0.0,0.5700000000000001
2012-04-01,Punjab,Statewide,0.0,0.0,0.0,0.0,0.0,0.0,0.0,0,2012,4,92,0,1.05,11.729999999999999,0.06363890619055142,0.0,0.8660254037844387,-0.4999999999999998,0.0,0.0,0.0,11.729999999999999
2012-04-02,Bihar,Statewide,0.0,0.0,0.0,0.0,0.0,0.0,0.0,0,2012,4,93,0,0.01,6.97,0.004252571302061379,0.0,0.8660254037844387,-0.4999999999999998,0.0,0.0,0.0,6.97
2012-04-02,Punjab,Statewide,0.0,0.0,0.0,0.0,0.0,0.0,0.0,0,2012,4,93,0,0.72,11.729999999999999,0.04454723433338599,0.0,0.8660254037844387,-0.4999999999999998,0.0,0.0,0.0,11.729999999999999
2012-04-03,Tripura,Statewide,0.0,0.0,0.0,0.0,0.0,0.0,0.0,0,2012,4,94,0,0.0,14.95000000000003,0.002909890822855834,0.0,0.8660254037844387,-0.4999999999999998,0.0,0.0,0.0,14.95000000000003
2012-04-05,Madhya Pradesh,Statewide,0.07,0.0,0.0,0.0,0.0,0.0,0.0,0,2012,4,96,0,0.1,0.48,0.027344628748450246,0.0,0.8660254037844387,-0.4999999999999998,0.07,0.0,0.0,0.48
2012-04-05,Odisha,Statewide,0.57,0.0,0.0,0.0,0.0,0.0,0.0,0,2012,4,96,0,2.139999999999998,2.3,0.295579942081937,0.0,0.8660254037844387,-0.4999999999999998,0.57,0.0,0.0,2.3
2012-04-07,Rajasthan,Statewide,0.03,0.0,0.0,0.0,0.0,0.0,0.0,0,2012,4,98,0,1.2800000000000071,1.28,0.200940000001137,0.0,0.8660254037844387,-0.4999999999999998,0.03,0.0,0.0,1.28
2012-04-07,Sikkim,Statewide,14.36,0.0,0.0,0.0,0.0,0.0,0.0,0,2012,4,98,0,45.7,102.56,9.643913448405037,0.0,0.8660254037844387,-0.4999999999999998,14.36,0.0,0.0,102.56
2012-04-07,Unknown,Statewide,0.18,0.0,0.0,0.0,0.0,0.0,0.0,1,2012,4,98,0,23.740000000000002,54.43,1.690968248248882,0.0,0.8660254037844387,-0.4999999999999998,0.18,0.0,0.0,54.43
2012-04-08,Chhattisgarh,Statewide,0.47,0.0,0.0,0.0,0.0,0.0,0.0,0,2012,4,99,0,2.420000000000001,4.62,0.45990385555934477,0.0,0.8660254037844387,-0.4999999999999998,0.47,0.0,0.0,4.62
2012-04-08,Haryana,Statewide,0.02,0.0,0.0,0.0,0.0,0.0,0.0,0,2012,4,99,0,0.1799999999999929,1.76,0.03334470268304854,0.0,0.8660254037844387,-0.4999999999999998,0.02,0.0,0.0,1.76
2012-04-08,Jammu And Kashmir,Statewide,0.0,0.0,0.0,0.0,0.0,0.0,0.0,0,2012,4,99,0,0.0,5.06,0.013258860390385374,0.0,0.8660254037844387,-0.4999999999999998,0.0,0.0,0.0,5.06
2012-04-08,Unknown,Statewide,0.18,0.0,0.0,0.0,0.0,0.0,0.0,1,2012,4,99,0,20.200000000000003,54.61,1.2376777737742173,0.0,0.8660254037844387,-0.4999999999999998,0.18,0.0,0.0,54.61
2012-04-10,The Dadra And Nagar Haveli And Daman And Diu,Statewide,0.0,0.0,0.0,0.0,0.0,0.0,0.0,0,2012,4,101,0,0.0,0.0,6.03454426495264e-27,0.0,0.8660254037844387,-0.4999999999999998,0.0,0.0,0.0,0.0
2012-04-10,West Bengal,Statewide,1.34,0.0,0.0,0.0,0.0,0.0,0.0,0,2012,4,101,0,29.44,37.019999999999996,3.4459108913743397,0.0,0.8660254037844387,-0.4999999999999998,1.34,0.0,0.0,37.019999999999996
2012-04-11,Madhya Pradesh,Statewide,0.0,0.0,0.0,0.0,0.0,0.0,0.0,0,2012,4,102,0,0.43999999999999995,0.85,0.032276028227626416,0.0,0.8660254037844387,-0.4999999999999998,0.0,0.0,0.0,0.85
2012-04-11,Maharashtra,Statewide,0.0,0.0,0.0,0.0,0.0,0.0,0.0,0,2012,4,102,0,0.1,0.8300000000000001,0.020153239695962423,0.0,0.8660254037844387,-0.4999999999999998,0.0,0.0,0.0,0.8300000000000001
2012-04-11,Punjab,Statewide,9.92,0.0,0.0,0.0,0.0,0.0,0.0,0,2012,4,102,0,11.709999999999999,14.18,3.2365527239772263,0.0,0.8660254037844387,-0.4999999999999998,9.92,0.0,0.0,14.18
2012-04-11,Unknown,Statewide,0.18,0.0,0.0,0.0,0.0,0.0,0.0,1,2012,4,102,0,12.55,54.79,0.9203744416419521,0.0,0.8660254037844387,-0.4999999999999998,0.18,0.0,0.0,54.79
2012-04-13,Andhra Pradesh,Statewide,2.38,0.0,0.0,0.0,0.0,0.0,0.0,0,2012,4,104,0,5.839999999999975,9.969999999999999,1.1728448589792557,0.0,0.8660254037844387,-0.4999999999999998,2.38,0.0,0.0,9.969999999999999
2012-04-15,Goa,Statewide,2.11,0.0,0.0,0.0,0.0,0.0,0.0,0,2012,4,106,0,5.559999999999944,6.5600000000000005,0.9935607231973318,0.0,0.8660254037844387,-0.4999999999999998,2.11,0.0,0.0,6.5600000000000005
2012-04-16,Delhi,Statewide,0.0,0.0,0.0,0.0,0.0,0.0,0.0,0,2012,4,107,0,12.690000000000007,12.690000000000014,1.6825725015957518,0.0,0.8660254037844387,-0.4999999999999998,0.0,0.0,0.0,12.690000000000014
2012-04-17,Puducherry,Statewide,1.92,0.0,0.0,0.0,0.0,0.0,0.0,0,2012,4,108,0,15.510000000000014,39.269999999999996,2.563973513784508,0.0,0.8660254037844387,-0.4999999999999998,1.92,0.0,0.0,39.269999999999996
2012-04-18,Assam,Statewide,5.03,0.0,0.0,0.0,0.0,0.0,0.0,0,2012,4,109,0,55.809999999999995,140.79,7.466828859057555,0.0,0.8660254037844387,-0.4999999999999998,5.03,0.0,0.0,140.79
2012-04-20,Tamil Nadu,Statewide,0.0,0.0,0.0,0.0,0.0,0.0,0.0,0,2012,4,111,0,17.19,62.980000000000004,1.4718732654872324,0.0,0.8660254037844387,-0.4999999999999998,0.0,0.0,0.0,62.980000000000004
2012-04-22,Sikkim,Statewide,10.54,0.0,0.0,0.0,0.0,0.0,0.0,0,2012,4,113,0,62.44,235.67000000000002,9.741699668431991,0.0,0.8660254037844387,-0.4999999999999998,10.54,0.0,0.0,235.67000000000002
2012-04-22,Tripura,Statewide,3.07,0.0,0.0,0.0,0.0,0.0,0.0,0,2012,4,113,0,67.24999999999994,219.70000000000002,6.854346906699905,0.0,0.8660254037844387,-0.4999999999999998,3.07,0.0,0.0,219.70000000000002
2012-04-23,Delhi,Statewide,0.05,0.0,0.0,0.0,0.0,0.0,0.0,0,2012,4,114,0,1.200000000000007,13.890000000000013,0.2023241875681669,0.0,0.8660254037844387,-0.4999999999999998,0.05,0.0,0.0,13.890000000000013
2012-04-23,Haryana,Statewide,0.0,0.0,0.0,0.0,0.0,0.0,0.0,0,2012,4,114,0,3.289999999999993,11.06,0.2168938677226372,0.0,0.8660254037844387,-0.4999999999999998,0.0,0.0,0.0,11.06
2012-04-25,Nagaland,Statewide,37.05,0.0,0.0,0.0,0.0,0.0,0.0,0,2012,4,116,0,105.64999999999998,225.36,18.056871252370517,0.0,0.8660254037844387,-0.4999999999999998,37.05,0.0,0.0,225.36
2012-04-26,Goa,Statewide,0.0,0.0,0.0,0.0,0.0,0.0,0.0,0,2012,4,117,0,0.0,7.18,0.027984067699825033,0.0,0.8660254037844387,-0.4999999999999998,0.0,0.0,0.0,7.18
2012-04-27,Tripura,Statewide,14.6,0.0,0.0,0.0,0.0,0.0,0.0,0,2012,4,118,0,66.16999999999993,272.01000000000005,11.857071484609051,0.0,0.8660254037844387,-0.4999999999999998,14.6,0.0,0.0,272.01000000000005
2012-04-27,Uttarakhand,Statewide,2.55,0.0,0.0,0.0,0.0,0.0,0.0,0,2012,4,118,0,5.370000000000003,27.32,0.9982196895835476,0.0,0.8660254037844387,-0.4999999999999998,2.55,0.0,0.0,27.32
2012-04-29,Jammu And Kashmir,Statewide,0.0,0.0,0.0,0.0,0.0,0.0,0.0,0,2012,4,120,0,0.0,0.23,7.405681633507417e-06,0.0,0.8660254037844387,-0.4999999999999998,0.0,0.0,0.0,0.23
2012-04-30,Maharashtra,Statewide,0.0,0.0,0.0,0.0,0.0,0.0,0.0,0,2012,4,121,0,0.060000000000000005,1.04,0.00613716420053191,0.0,0.8660254037844387,-0.4999999999999998,0.0,0.0,0.0,1.04
2012-04-30,The Dadra And Nagar Haveli And Daman And Diu,Statewide,0.0,0.0,0.0,0.0,0.0,0.0,0.0,0,2012,4,121,0,0.0,0.36,0.0030507326891999983,0.0,0.8660254037844387,-0.4999999999999998,0.0,0.0,0.0,0.36
2012-05-02,Tamil Nadu,Statewide,4.16,0.0,0.0,0.0,0.0,0.0,0.0,0,2012,5,123,0,50.33,141.5,6.905419285632061,0.0,0.49999999999999994,-0.8660254037844387,4.16,0.0,0.0,141.5
2012-05-05,Meghalaya,Statewide,0.0,0.0,0.0,0.0,0.0,0.0,0.0,0,2012,5,126,0,70.55000000000001,258.29,7.645691210826062,0.0,0.49999999999999994,-0.8660254037844387,0.0,0.0,0.0,258.29
2012-05-09,Uttarakhand,Statewide,0.0,0.0,0.0,0.0,0.0,0.0,0.0,0,2012,5,130,0,1.8900000000000032,35.98,0.3068081213974888,0.0,0.49999999999999994,-0.8660254037844387,0.0,0.0,0.0,35.98
2012-05-11,Tamil Nadu,Statewide,11.95,0.0,0.0,0.0,0.0,0.0,0.0,0,2012,5,132,0,25.86,155.77,4.524231155962616,0.0,0.49999999999999994,-0.8660254037844387,11.95,0.0,0.0,155.77
2012-05-12,Uttar Pradesh,Statewide,0.02,0.0,0.0,0.0,0.0,0.0,0.0,0,2012,5,133,0,0.5100000000000071,3.5599999999999996,0.07725855043131487,0.0,0.49999999999999994,-0.8660254037844387,0.02,0.0,0.0,3.5599999999999996
2012-05-14,Gujarat,Statewide,0.0,0.0,0.0,0.0,0.0,0.0,0.0,0,2012,5,135,0,0.23000000000001422,0.7,0.04083405066667134,0.0,0.49999999999999994,-0.8660254037844387,0.0,0.0,0.0,0.7
2012-05-14,West Bengal,Statewide,0.98,0.0,0.0,0.0,0.0,0.0,0.0,0,2012,5,135,0,11.78,62.019999999999996,1.9268067352945215,0.0,0.49999999999999994,-0.8660254037844387,0.98,0.0,0.0,62.019999999999996
2012-05-16,Telangana,Statewide,0.42,0.0,0.0,0.0,0.0,0.0,0.0,0,2012,5,137,0,10.15,25.759999999999998,0.9272619341797058,0.0,0.49999999999999994,-0.8660254037844387,0.42,0.0,0.0,25.759999999999998
2012-05-17,Kerala,Statewide,1.49,0.0,0.0,0.0,0.0,0.0,0.0,0,2012,5,138,0,35.029999999999994,172.14,3.191132416623298,0.0,0.49999999999999994,-0.8660254037844387,1.49,0.0,0.0,172.14
2012-05-18,Goa,Statewide,0.0,0.0,0.0,0.0,0.0,0.0,0.0,0,2012,5,139,0,0.0,0.98,0.01805658679524527,0.0,0.49999999999999994,-0.8660254037844387,0.0,0.0,0.0,0.98
2012-05-18,Jharkhand,Statewide,0.0,0.0,0.0,0.0,0.0,0.0,0.0,0,2012,5,139,0,1.4100000000000006,11.21,0.16027376548307418,0.0,0.49999999999999994,-0.8660254037844387,0.0,0.0,0.0,11.21
2012-05-19,Tamil Nadu,Statewide,0.23,0.0,0.0,0.0,0.0,0.0,0.0,0,2012,5,140,0,6.75,152.04000000000002,1.382137398221244,0.0,0.49999999999999994,-0.8660254037844387,0.23,0.0,0.0,152.04000000000002
2012-05-23,Arunachal Pradesh,Statewide,14.03,0.0,0.0,0.0,0.0,0.0,0.0,0,2012,5,144,0,57.7,207.12,11.650962169312425,0.0,0.49999999999999994,-0.8660254037844387,14.03,0.0,0.0,207.12
2012-05-29,Himachal Pradesh,Statewide,0.0,0.0,0.0,0.0,0.0,0.0,0.0,0,2012,5,150,0,2.42,28.67,0.3279908543661432,0.0,0.49999999999999994,-0.8660254037844387,0.0,0.0,0.0,28.67
2012-05-30,Himachal Pradesh,Statewide,0.0,0.0,0.0,0.0,0.0,0.0,0.0,0,2012,5,151,0,2.19,24.73,0.22959359805630025,0.0,0.49999999999999994,-0.8660254037844387,0.0,0.0,0.0,24.73
2012-05-31,The Dadra And Nagar Haveli And Daman And Diu,Statewide,0.0,0.0,0.0,0.0,0.0,0.0,0.0,0,2012,5,152,0,0.0,0.0,4.8133051552472136e-08,0.0,0.49999999999999994,-0.8660254037844387,0.0,0.0,0.0,0.0
2012-05-31,Tripura,Statewide,12.97,0.0,0.0,0.0,0.0,0.0,0.0,0,2012,5,152,0,49.409999999999954,173.61000000000004,9.674452950027439,0.0,0.49999999999999994,-0.8660254037844387,12.97,0.0,0.0,173.61000000000004
2012-06-02,Punjab,Statewide,0.03,0.0,0.0,0.0,0.0,0.0,0.0,0,2012,6,154,1,0.16000000000000006,7.930000000000001,0.039631355715560056,0.0,1.2246467991473532e-16,-1.0,0.03,0.0,0.0,7.930000000000001
2012-06-06,Puducherry,Statewide,2.1,0.0,0.0,0.0,0.0,0.0,0.0,0,2012,6,158,1,5.040000000000014,17.560000000000002,1.0467003342022299,0.0,1.2246467991473532e-16,-1.0,2.1,0.0,0.0,17.560000000000002
2012-06-06,Unknown,Statewide,3.72,0.0,0.0,0.0,0.0,0.0,0.0,1,2012,6,158,1,10.35,58.510000000000005,1.7602621091493664,0.0,1.2246467991473532e-16,-1.0,3.72,0.0,0.0,58.510000000000005
2012-06-07,Himachal Pradesh,Statewide,0.54,0.0,0.0,0.0,0.0,0.0,0.0,0,2012,6,159,1,4.449999999999999,21.82,0.8487812350366855,0.0,1.2246467991473532e-16,-1.0,0.54,0.0,0.0,21.82
2012-06-10,Gujarat,Statewide,0.94,0.0,0.0,0.0,0.0,0.0,0.0,0,2012,6,162,1,4.800000000000015,5.199999999999999,1.0440839290809836,0.0,1.2246467991473532e-16,-1.0,0.94,0.0,0.0,5.199999999999999
2012-06-11,Goa,Statewide,4.0,0.0,0.0,0.0,0.0,0.0,0.0,0,2012,6,163,1,133.93999999999994,138.53,11.10312995592313,0.0,1.2246467991473532e-16,-1.0,4.0,0.0,0.0,138.53
2012-06-11,Ladakh,Statewide,5.28,0.0,0.0,0.0,0.0,0.0,0.0,0,2012,6,163,1,36.96,168.85,5.290873478296989,0.0,1.2246467991473532e-16,-1.0,5.28,0.0,0.0,168.85
2012-06-11,Maharashtra,Statewide,4.96,0.0,0.0,0.0,0.0,0.0,0.0,0,2012,6,163,1,19.89,20.34,3.137850765509903,0.0,1.2246467991473532e-16,-1.0,4.96,0.0,0.0,20.34
2012-06-11,Uttar Pradesh,Statewide,0.11,0.0,0.0,0.0,0.0,0.0,0.0,0,2012,6,163,1,1.340000000000007,2.6499999999999995,0.10934094702624134,0.0,1.2246467991473532e-16,-1.0,0.11,0.0,0.0,2.6499999999999995
2012-06-14,Gujarat,Statewide,4.46,0.0,0.0,0.0,0.0,0.0,0.0,0,2012,6,166,1,19.650000000000013,20.049999999999997,3.7371525513723434,0.0,1.2246467991473532e-16,-1.0,4.46,0.0,0.0,20.049999999999997
2012-06-14,Mizoram,Statewide,1.79,0.0,0.0,0.0,0.0,0.0,0.0,0,2012,6,166,1,40.810000000000024,281.33000000000004,4.843442436207961,0.0,1.2246467991473532e-16,-1.0,1.79,0.0,0.0,281.33000000000004
2012-06-16,West Bengal,Statewide,10.73,0.0,0.0,0.0,0.0,0.0,0.0,0,2012,6,168,1,69.81,149.13,11.377522127554307,0.0,1.2246467991473532e-16,-1.0,10.73,0.0,0.0,149.13
2012-06-18,Rajasthan,Statewide,0.09,0.0,0.0,0.0,0.0,0.0,0.0,0,2012,6,170,1,7.370000000000007,13.1,0.7834510962691007,0.0,1.2246467991473532e-16,-1.0,0.09,0.0,0.0,13.1
2012-06-18,Sikkim,Statewide,6.36,0.0,0.0,0.0,0.0,0.0,0.0,0,2012,6,170,1,132.8,350.15999999999997,20.19692471078626,0.0,1.2246467991473532e-16,-1.0,6.36,0.0,0.0,350.15999999999997
2012-06-18,Telangana,Statewide,22.85,0.0,0.0,0.0,0.0,0.0,0.0,0,2012,6,170,1,46.629999999999995,57.35,10.99517171396262,0.0,1.2246467991473532e-16,-1.0,22.85,0.0,0.0,57.35
2012-06-21,Lakshadweep,Statewide,1415.2482288828337,0.0,0.0,0.0,0.0,0.0,0.0,0,2012,6,173,1,9905.547411444142,42432.79291553134,1415.1159854677564,0.0,1.2246467991473532e-16,-1.0,1415.2482288828337,0.0,0.0,42432.79291553134
2012-06-23,Uttar Pradesh,Statewide,4.68,0.0,0.0,0.0,0.0,0.0,0.0,0,2012,6,175,1,13.640000000000008,16.52,2.3626673602249095,0.0,1.2246467991473532e-16,-1.0,4.68,0.0,0.0,16.52
2012-06-24,Nagaland,Statewide,5.33,0.0,0.0,0.0,0.0,0.0,0.0,0,2012,6,176,1,142.54,311.35,17.46131730331321,0.0,1.2246467991473532e-16,-1.0,5.33,0.0,0.0,311.35
2012-06-25,Andhra Pradesh,Statewide,0.4,0.0,0.0,0.0,0.0,0.0,0.0,0,2012,6,177,1,16.689999999999976,47.56,1.6268675106500838,0.0,1.2246467991473532e-16,-1.0,0.4,0.0,0.0,47.56
2012-06-25,Maharashtra,Statewide,5.91,0.0,0.0,0.0,0.0,0.0,0.0,0,2012,6,177,1,29.01,109.08000000000001,4.462724973014565,0.0,1.2246467991473532e-16,-1.0,5.91,0.0,0.0,109.08000000000001
2012-06-26,Sikkim,Statewide,19.4,0.0,0.0,0.0,0.0,0.0,0.0,0,2012,6,178,1,110.30000000000001,426.79999999999995,17.064185125396648,0.0,1.2246467991473532e-16,-1.0,19.4,0.0,0.0,426.79999999999995
2012-06-26,Unknown,Anjaw (70044),3.72,0.0,0.0,0.0,0.0,0.0,0.0,1,2012,6,178,1,3.72,3.72,3.72,0.0,1.2246467991473532e-16,-1.0,3.72,0.0,0.0,3.72
2012-06-28,Himachal Pradesh,Statewide,2.82,0.0,0.0,0.0,0.0,0.0,0.0,0,2012,6,180,1,15.899999999999999,22.61,2.6537802844691525,0.0,1.2246467991473532e-16,-1.0,2.82,0.0,0.0,22.61
2012-06-29,Bihar,Statewide,1.31,0.0,0.0,0.0,0.0,0.0,0.0,0,2012,6,181,1,45.24,117.25,4.470864351138363,0.0,1.2246467991473532e-16,-1.0,1.31,0.0,0.0,117.25
2012-06-29,Punjab,Statewide,0.0,0.0,0.0,0.0,0.0,0.0,0.0,0,2012,6,181,1,7.61,15.25,0.8656032485457978,0.0,1.2246467991473532e-16,-1.0,0.0,0.0,0.0,15.25
2012-06-30,Andhra Pradesh,Statewide,0.76,0.0,0.0,0.0,0.0,0.0,0.0,0,2012,6,182,1,17.479999999999976,64.09,2.210741522514959,0.0,1.2246467991473532e-16,-1.0,0.76,0.0,0.0,64.09
2012-07-07,Andaman And Nicobar Islands,Statewide,9.82,0.0,0.0,0.0,0.0,0.0,0.0,0,2012,7,189,1,69.98,351.69,10.113331319419052,0.0,-0.4999999999999997,-0.8660254037844388,9.82,0.0,0.0,351.69
2012-07-07,Assam,Statewide,4.29,0.0,0.0,0.0,0.0,0.0,0.0,0,2012,7,189,1,81.33,483.93,9.78710899749565,0.0,-0.4999999999999997,-0.8660254037844388,4.29,0.0,0.0,483.93
2012-07-07,Chhattisgarh,Statewide,16.9,0.0,0.0,0.0,0.0,0.0,0.0,0,2012,7,189,1,82.38,238.89,13.373647142807336,0.0,-0.4999999999999997,-0.8660254037844388,16.9,0.0,0.0,238.89
2012-07-10,Jammu And Kashmir,Statewide,0.36,0.0,0.0,0.0,0.0,0.0,0.0,0,2012,7,192,1,2.52,90.6,0.4727064082665892,0.0,-0.4999999999999997,-0.8660254037844388,0.36,0.0,0.0,90.6
2012-07-11,Chhattisgarh,Statewide,4.74,0.0,0.0,0.0,0.0,0.0,0.0,0,2012,7,193,1,96.61,285.66999999999996,11.67395567898804,0.0,-0.4999999999999997,-0.8660254037844388,4.74,0.0,0.0,285.66999999999996
2012-07-16,Lakshadweep,Statewide,1416.6651226158037,0.0,0.0,0.0,0.0,0.0,0.0,0,2012,7,198,1,9915.465667574932,42475.29972752043,1416.5328792007263,0.0,-0.4999999999999997,-0.8660254037844388,1416.6651226158037,0.0,0.0,42475.29972752043
2012-07-17,Madhya Pradesh,Statewide,4.57,0.0,0.0,0.0,0.0,0.0,0.0,0,2012,7,199,1,37.58,202.27,7.100111410842363,0.0,-0.4999999999999997,-0.8660254037844388,4.57,0.0,0.0,202.27
2012-07-18,Andhra Pradesh,Statewide,9.05,0.0,0.0,0.0,0.0,0.0,0.0,0,2012,7,200,1,59.75999999999998,144.10000000000002,10.089827018782174,0.0,-0.4999999999999997,-0.8660254037844388,9.05,0.0,0.0,144.10000000000002
2012-07-18,Himachal Pradesh,Statewide,0.0,0.0,0.0,0.0,0.0,0.0,0.0,0,2012,7,200,1,44.9,122.34,3.173057945857325,0.0,-0.4999999999999997,-0.8660254037844388,0.0,0.0,0.0,122.34
2012-07-18,The Dadra And Nagar Haveli And Daman And Diu,Statewide,19.38,0.0,0.0,0.0,0.0,0.0,0.0,0,2012,7,200,1,102.31999999999996,287.15999999999997,13.560747331717213,0.0,-0.4999999999999997,-0.8660254037844388,19.38,0.0,0.0,287.15999999999997
2012-07-20,Tripura,Statewide,11.01,0.0,0.0,0.0,0.0,0.0,0.0,0,2012,7,202,1,129.53999999999994,390.87,13.67670686976745,0.0,-0.4999999999999997,-0.8660254037844388,11.01,0.0,0.0,390.87
2012-07-21,Telangana,Statewide,28.56,0.0,0.0,0.0,0.0,0.0,0.0,0,2012,7,203,1,90.75,185.56,15.365860550967543,0.0,-0.4999999999999997,-0.8660254037844388,28.56,0.0,0.0,185.56
2012-07-21,Uttar Pradesh,Statewide,12.86,0.0,0.0,0.0,0.0,0.0,0.0,0,2012,7,203,1,65.80000000000001,211.01,11.724530941802904,0.0,-0.4999999999999997,-0.8660254037844388,12.86,0.0,0.0,211.01
2012-07-23,Chhattisgarh,Statewide,5.6,0.0,0.0,0.0,0.0,0.0,0.0,0,2012,7,205,1,105.36000000000001,309.67999999999995,14.562585889296967,0.0,-0.4999999999999997,-0.8660254037844388,5.6,0.0,0.0,309.67999999999995
2012-07-24,Uttarakhand,Statewide,9.89,0.0,0.0,0.0,0.0,0.0,0.0,0,2012,7,206,1,27.640000000000008,184.47,6.109572854835618,0.0,-0.4999999999999997,-0.8660254037844388,9.89,0.0,0.0,184.47
2012-07-25,Andaman And Nicobar Islands,Statewide,8.01,0.0,0.0,0.0,0.0,0.0,0.0,0,2012,7,207,1,82.14999999999999,326.79,10.459680104249914,0.0,-0.4999999999999997,-0.8660254037844388,8.01,0.0,0.0,326.79
2012-07-25,Gujarat,Statewide,0.57,0.0,0.0,0.0,0.0,0.0,0.0,0,2012,7,207,1,7.100000000000008,108.34,1.1970031148456395,0.0,-0.4999999999999997,-0.8660254037844388,0.57,0.0,0.0,108.34
2012-07-30,Karnataka,Statewide,3.59,0.0,0.0,0.0,0.0,0.0,0.0,0,2012,7,212,1,54.41,213.75000000000003,7.043975667137069,0.0,-0.4999999999999997,-0.8660254037844388,3.59,0.0,0.0,213.75000000000003
2012-07-31,Andaman And Nicobar Islands,Statewide,10.44,0.0,0.0,0.0,0.0,0.0,0.0,0,2012,7,213,1,81.69999999999999,329.2,11.732366554584896,0.0,-0.4999999999999997,-0.8660254037844388,10.44,0.0,0.0,329.2
2012-08-03,Gujarat,Statewide,0.63,0.0,0.0,0.0,0.0,0.0,0.0,0,2012,8,216,1,18.180000000000007,104.42,2.3177103082242563,0.0,-0.8660254037844385,-0.5000000000000004,0.63,0.0,0.0,104.42
2012-08-04,Ladakh,Statewide,0.04,0.0,0.0,0.0,0.0,0.0,0.0,0,2012,8,217,1,0.79,5.62,0.08083620615465077,0.0,-0.8660254037844385,-0.5000000000000004,0.04,0.0,0.0,5.62
2012-08-04,Unknown,Palchan Village (Kullu District,5.92,0.0,0.0,0.0,0.0,0.0,0.0,1,2012,8,217,1,5.92,5.92,5.92,0.0,-0.8660254037844385,-0.5000000000000004,5.92,0.0,0.0,5.92
2012-08-05,Haryana,Statewide,0.04,0.0,0.0,0.0,0.0,0.0,0.0,0,2012,8,218,1,19.14999999999999,117.38999999999999,2.744213463694332,0.0,-0.8660254037844385,-0.5000000000000004,0.04,0.0,0.0,117.38999999999999
2012-08-08,Delhi,Statewide,2.42,0.0,0.0,0.0,0.0,0.0,0.0,0,2012,8,221,1,31.150000000000006,113.65000000000002,4.500922484795858,0.0,-0.8660254037844385,-0.5000000000000004,2.42,0.0,0.0,113.65000000000002
2012-08-09,Goa,Statewide,50.76,0.0,0.0,0.0,0.0,0.0,0.0,0,2012,8,222,1,327.77,931.69,40.65180736023761,0.0,-0.8660254037844385,-0.5000000000000004,50.76,0.0,0.0,931.69
2012-08-10,Maharashtra,Statewide,9.57,0.0,0.0,0.0,0.0,0.0,0.0,0,2012,8,223,1,57.74,295.96000000000004,8.354566839192433,0.0,-0.8660254037844385,-0.5000000000000004,9.57,0.0,0.0,295.96000000000004
2012-08-10,Mizoram,Statewide,4.58,0.0,0.0,0.0,0.0,0.0,0.0,0,2012,8,223,1,38.310000000000024,333.23,5.895343649505793,0.0,-0.8660254037844385,-0.5000000000000004,4.58,0.0,0.0,333.23
2012-08-11,Haryana,Statewide,1.07,0.0,0.0,0.0,0.0,0.0,0.0,0,2012,8,224,1,35.989999999999995,110.30000000000001,5.391027239790173,0.0,-0.8660254037844385,-0.5000000000000004,1.07,0.0,0.0,110.30000000000001
2012-08-12,Haryana,Statewide,7.48,0.0,0.0,0.0,0.0,0.0,0.0,0,2012,8,225,1,43.43,112.37,6.017719067853121,0.0,-0.8660254037844385,-0.5000000000000004,7.48,0.0,0.0,112.37
2012-08-13,Uttar Pradesh,Statewide,8.12,0.0,0.0,0.0,0.0,0.0,0.0,0,2012,8,226,1,44.05000000000001,278.82,7.374002342961903,0.0,-0.8660254037844385,-0.5000000000000004,8.12,0.0,0.0,278.82
2012-08-15,Manipur,Statewide,11.92,0.0,0.0,0.0,0.0,0.0,0.0,0,2012,8,228,1,58.46,248.07,9.02061744547038,0.0,-0.8660254037844385,-0.5000000000000004,11.92,0.0,0.0,248.07
2012-08-16,Unknown,Statewide,5.92,0.0,0.0,0.0,0.0,0.0,0.0,1,2012,8,229,1,10.35,64.43,3.0081834764045565,0.0,-0.8660254037844385,-0.5000000000000004,5.92,0.0,0.0,64.43
2012-08-20,Haryana,Statewide,3.21,0.0,0.0,0.0,0.0,0.0,0.0,0,2012,8,233,1,13.389999999999992,97.59,2.524986597800787,0.0,-0.8660254037844385,-0.5000000000000004,3.21,0.0,0.0,97.59
2012-08-20,Himachal Pradesh,Statewide,12.51,0.0,0.0,0.0,0.0,0.0,0.0,0,2012,8,233,1,55.019999999999996,233.69,8.077183957506804,0.0,-0.8660254037844385,-0.5000000000000004,12.51,0.0,0.0,233.69
2012-08-20,Uttar Pradesh,Statewide,2.47,0.0,0.0,0.0,0.0,0.0,0.0,0,2012,8,233,1,16.360000000000007,229.38,3.052784735152987,0.0,-0.8660254037844385,-0.5000000000000004,2.47,0.0,0.0,229.38
2012-08-21,Ladakh,Statewide,0.04,0.0,0.0,0.0,0.0,0.0,0.0,0,2012,8,234,1,0.28,2.73,0.04009499747627043,0.0,-0.8660254037844385,-0.5000000000000004,0.04,0.0,0.0,2.73
2012-08-21,Unknown,Himachel Pradesh Province,5.92,0.0,0.0,0.0,0.0,0.0,0.0,1,2012,8,234,1,5.92,5.92,5.92,0.0,-0.8660254037844385,-0.5000000000000004,5.92,0.0,0.0,5.92
2012-08-21,Unknown,Jaipur,5.92,0.0,0.0,0.0,0.0,0.0,0.0,1,2012,8,234,1,5.92,5.92,5.92,0.0,-0.8660254037844385,-0.5000000000000004,5.92,0.0,0.0,5.92
2012-08-22,Madhya Pradesh,Statewide,24.61,0.0,0.0,0.0,0.0,0.0,0.0,0,2012,8,235,1,71.85,458.98999999999995,14.544005868656816,0.0,-0.8660254037844385,-0.5000000000000004,24.61,0.0,0.0,458.98999999999995
2012-08-22,Maharashtra,Statewide,9.47,0.0,0.0,0.0,0.0,0.0,0.0,0,2012,8,235,1,51.440000000000005,260.16,8.271926076589551,0.0,-0.8660254037844385,-0.5000000000000004,9.47,0.0,0.0,260.16
2012-08-23,Puducherry,Statewide,0.79,0.0,0.0,0.0,0.0,0.0,0.0,0,2012,8,236,1,28.640000000000022,127.62,3.6390451261664185,0.0,-0.8660254037844385,-0.5000000000000004,0.79,0.0,0.0,127.62
2012-08-27,Rajasthan,Statewide,10.31,0.0,0.0,0.0,0.0,0.0,0.0,0,2012,8,240,1,74.79,243.14000000000001,8.152670882236597,0.0,-0.8660254037844385,-0.5000000000000004,10.31,0.0,0.0,243.14000000000001
2012-08-27,The Dadra And Nagar Haveli And Daman And Diu,Statewide,10.11,0.0,0.0,0.0,0.0,0.0,0.0,0,2012,8,240,1,47.38999999999996,365.88,7.265592595303245,0.0,-0.8660254037844385,-0.5000000000000004,10.11,0.0,0.0,365.88
2012-08-28,Rajasthan,Statewide,17.67,0.0,0.0,0.0,0.0,0.0,0.0,0,2012,8,241,1,84.71000000000001,257.72,11.007869617565618,0.0,-0.8660254037844385,-0.5000000000000004,17.67,0.0,0.0,257.72
2012-08-29,Jharkhand,Statewide,0.7,0.0,0.0,0.0,0.0,0.0,0.0,0,2012,8,242,1,27.230000000000008,318.64000000000004,3.695012665642777,0.0,-0.8660254037844385,-0.5000000000000004,0.7,0.0,0.0,318.64000000000004
2012-08-29,Kerala,Statewide,19.79,0.0,0.0,0.0,0.0,0.0,0.0,0,2012,8,242,1,93.81,337.89,16.202715982896,0.0,-0.8660254037844385,-0.5000000000000004,19.79,0.0,0.0,337.89
2012-08-31,Gujarat,Statewide,3.73,0.0,0.0,0.0,0.0,0.0,0.0,0,2012,8,244,1,31.830000000000005,133.35,4.298996509516542,0.0,-0.8660254037844385,-0.5000000000000004,3.73,0.0,0.0,133.35
2012-09-02,Maharashtra,Statewide,4.47,0.0,0.0,0.0,0.0,0.0,0.0,0,2012,9,246,1,82.78,233.07999999999998,8.903535211601593,0.0,-1.0,-1.8369701987210297e-16,4.47,0.0,0.0,233.07999999999998
2012-09-02,Uttarakhand,Statewide,4.01,0.0,0.0,0.0,0.0,0.0,0.0,0,2012,9,246,1,38.49000000000001,412.37,5.608934436747862,0.0,-1.0,-1.8369701987210297e-16,4.01,0.0,0.0,412.37
2012-09-04,Tamil Nadu,Statewide,15.82,0.0,0.0,0.0,0.0,0.0,0.0,0,2012,9,248,1,78.25999999999999,238.47,10.602291640363212,0.0,-1.0,-1.8369701987210297e-16,15.82,0.0,0.0,238.47
2012-09-07,Meghalaya,Statewide,0.0,0.0,0.0,0.0,0.0,0.0,0.0,0,2012,9,251,1,24.950000000000014,173.67999999999998,2.503220583192253,0.0,-1.0,-1.8369701987210297e-16,0.0,0.0,0.0,173.67999999999998
2012-09-09,The Dadra And Nagar Haveli And Daman And Diu,Statewide,5.98,0.0,0.0,0.0,0.0,0.0,0.0,0,2012,9,253,1,227.11999999999995,434.1,19.570702564596314,0.0,-1.0,-1.8369701987210297e-16,5.98,0.0,0.0,434.1
2012-09-12,Lakshadweep,Statewide,1419.9523160762942,0.0,0.0,0.0,0.0,0.0,0.0,0,2012,9,256,1,9938.476021798364,42573.915531335144,1419.8200726612167,0.0,-1.0,-1.8369701987210297e-16,1419.9523160762942,0.0,0.0,42573.915531335144
2012-09-14,Lakshadweep,Statewide,1420.065667574932,0.0,0.0,0.0,0.0,0.0,0.0,0,2012,9,258,1,9939.269482288828,42577.31607629428,1419.9334241598544,0.0,-1.0,-1.8369701987210297e-16,1420.065667574932,0.0,0.0,42577.31607629428
2012-09-16,Unknown,Rudra Prayag,3.74,0.0,0.0,0.0,0.0,0.0,0.0,1,2012,9,260,1,3.74,3.74,3.74,0.0,-1.0,-1.8369701987210297e-16,3.74,0.0,0.0,3.74
2012-09-16,Unknown,Statewide,3.74,0.0,0.0,0.0,0.0,0.0,0.0,1,2012,9,260,1,13.92,64.45,3.2277284334831897,0.0,-1.0,-1.8369701987210297e-16,3.74,0.0,0.0,64.45
2012-09-17,Kerala,Statewide,5.89,0.0,0.0,0.0,0.0,0.0,0.0,0,2012,9,261,1,55.019999999999996,347.54999999999995,7.973799295322754,0.0,-1.0,-1.8369701987210297e-16,5.89,0.0,0.0,347.54999999999995
2012-09-19,Unknown,Barpeta,3.74,0.0,0.0,0.0,0.0,0.0,0.0,1,2012,9,263,1,13.38,13.38,4.188,0.0,-1.0,-1.8369701987210297e-16,3.74,0.0,0.0,13.38
2012-09-19,Unknown,Statewide,3.74,0.0,0.0,0.0,0.0,0.0,0.0,1,2012,9,263,1,17.66,62.27,3.3814099034382323,0.0,-1.0,-1.8369701987210297e-16,3.74,0.0,0.0,62.27
2012-09-20,Arunachal Pradesh,Statewide,0.0,0.0,0.0,0.0,0.0,0.0,0.0,0,2012,9,264,1,0.0,72.94,0.006164080779519578,0.0,-1.0,-1.8369701987210297e-16,0.0,0.0,0.0,72.94
2012-09-21,Himachal Pradesh,Statewide,0.0,0.0,0.0,0.0,0.0,0.0,0.0,0,2012,9,265,1,81.03,228.97,8.137696632788153,0.0,-1.0,-1.8369701987210297e-16,0.0,0.0,0.0,228.97
2012-09-25,West Bengal,Statewide,1.15,0.0,0.0,0.0,0.0,0.0,0.0,0,2012,9,269,1,32.7,248.98,3.89663675330371,0.0,-1.0,-1.8369701987210297e-16,1.15,0.0,0.0,248.98
2012-09-26,Uttar Pradesh,Statewide,0.0,0.0,0.0,0.0,0.0,0.0,0.0,0,2012,9,270,1,0.3000000000000071,247.6,1.7322525450579376,0.0,-1.0,-1.8369701987210297e-16,0.0,0.0,0.0,247.6
2012-09-27,Nagaland,Statewide,0.0,0.0,0.0,0.0,0.0,0.0,0.0,0,2012,9,271,1,0.0,20.56,0.00038165612402362776,0.0,-1.0,-1.8369701987210297e-16,0.0,0.0,0.0,20.56
2012-09-27,Punjab,Statewide,0.0,0.0,0.0,0.0,0.0,0.0,0.0,0,2012,9,271,1,0.0,185.21,0.6616462735903826,0.0,-1.0,-1.8369701987210297e-16,0.0,0.0,0.0,185.21
2012-09-27,Tripura,Statewide,8.16,0.0,0.0,0.0,0.0,0.0,0.0,0,2012,9,271,1,28.409999999999943,194.21000000000004,6.329287966546244,0.0,-1.0,-1.8369701987210297e-16,8.16,0.0,0.0,194.21000000000004
2012-09-28,Uttarakhand,Statewide,0.0,0.0,0.0,0.0,0.0,0.0,0.0,0,2012,9,272,1,1.22,219.92,1.3339693480303325,0.0,-1.0,-1.8369701987210297e-16,0.0,0.0,0.0,219.92
2012-09-29,Chandigarh,Statewide,0.0,0.0,0.0,0.0,0.0,0.0,0.0,0,2012,9,273,1,0.7000000000000142,145.29999999999998,0.7868120465459684,0.0,-1.0,-1.8369701987210297e-16,0.0,0.0,0.0,145.29999999999998
2012-09-29,The Dadra And Nagar Haveli And Daman And Diu,Statewide,0.0,0.0,0.0,0.0,0.0,0.0,0.0,0,2012,9,273,1,9.769999999999957,431.08,0.7369371629003035,0.0,-1.0,-1.8369701987210297e-16,0.0,0.0,0.0,431.08
2012-09-30,Delhi,Statewide,0.0,0.0,0.0,0.0,0.0,0.0,0.0,0,2012,9,274,1,0.0,105.66000000000001,0.2164382145326432,0.0,-1.0,-1.8369701987210297e-16,0.0,0.0,0.0,105.66000000000001
2012-10-02,West Bengal,Statewide,8.57,0.0,0.0,0.0,0.0,0.0,0.0,0,2012,10,276,0,25.47,239.59,5.686811802172599,0.0,-0.8660254037844386,0.5000000000000001,8.57,0.0,0.0,239.59
2012-10-04,Telangana,Statewide,7.37,0.0,0.0,0.0,0.0,0.0,0.0,0,2012,10,278,0,90.19,200.16,14.164573307527384,0.0,-0.8660254037844386,0.5000000000000001,7.37,0.0,0.0,200.16
2012-10-06,Jammu And Kashmir,Statewide,0.0,0.0,0.0,0.0,0.0,0.0,0.0,0,2012,10,280,0,0.0,0.0,7.231157431443933e-05,0.0,-0.8660254037844386,0.5000000000000001,0.0,0.0,0.0,0.0
2012-10-07,Madhya Pradesh,Statewide,0.01,0.0,0.0,0.0,0.0,0.0,0.0,0,2012,10,281,0,6.109999999999999,93.7,0.5775810623650248,0.0,-0.8660254037844386,0.5000000000000001,0.01,0.0,0.0,93.7
2012-10-07,The Dadra And Nagar Haveli And Daman And Diu,Statewide,40.12,0.0,0.0,0.0,0.0,0.0,0.0,0,2012,10,281,0,72.95999999999995,257.53000000000003,16.698798800936245,0.0,-0.8660254037844386,0.5000000000000001,40.12,0.0,0.0,257.53000000000003
2012-10-09,Andhra Pradesh,Statewide,0.13,0.0,0.0,0.0,0.0,0.0,0.0,0,2012,10,283,0,24.63999999999998,158.76000000000002,3.324182216829429,0.0,-0.8660254037844386,0.5000000000000001,0.13,0.0,0.0,158.76000000000002
2012-10-10,Uttar Pradesh,Statewide,0.5,0.0,0.0,0.0,0.0,0.0,0.0,0,2012,10,284,0,1.2800000000000071,175.97,0.22846891810671904,0.0,-0.8660254037844386,0.5000000000000001,0.5,0.0,0.0,175.97
2012-10-12,Chhattisgarh,Statewide,0.14,0.0,0.0,0.0,0.0,0.0,0.0,0,2012,10,286,0,4.89,126.71,1.2154474010156247,0.0,-0.8660254037844386,0.5000000000000001,0.14,0.0,0.0,126.71
2012-10-12,Kerala,Statewide,9.75,0.0,0.0,0.0,0.0,0.0,0.0,0,2012,10,286,0,16.53,81.36999999999999,4.0737281745989256,0.0,-0.8660254037844386,0.5000000000000001,9.75,0.0,0.0,81.36999999999999
2012-10-15,Chandigarh,Statewide,0.0,0.0,0.0,0.0,0.0,0.0,0.0,0,2012,10,289,0,0.0,96.89999999999999,0.0026148070114187815,0.0,-0.8660254037844386,0.5000000000000001,0.0,0.0,0.0,96.89999999999999
2012-10-15,Goa,Statewide,0.0,0.0,0.0,0.0,0.0,0.0,0.0,0,2012,10,289,0,10.209999999999942,178.78,1.141409160879651,0.0,-0.8660254037844386,0.5000000000000001,0.0,0.0,0.0,178.78
2012-10-16,Punjab,Statewide,2.03,0.0,0.0,0.0,0.0,0.0,0.0,0,2012,10,290,0,2.030000000000007,44.18,0.6098250389586102,0.0,-0.8660254037844386,0.5000000000000001,2.03,0.0,0.0,44.18
2012-10-17,Tripura,Statewide,0.0,0.0,0.0,0.0,0.0,0.0,0.0,0,2012,10,291,0,55.28999999999994,223.93,2.9928054319908166,0.0,-0.8660254037844386,0.5000000000000001,0.0,0.0,0.0,223.93
2012-10-18,Tripura,Statewide,0.0,0.0,0.0,0.0,0.0,0.0,0.0,0,2012,10,292,0,9.779999999999944,212.32000000000002,2.0949638023935715,0.0,-0.8660254037844386,0.5000000000000001,0.0,0.0,0.0,212.32000000000002
2012-10-20,Tamil Nadu,Statewide,23.59,0.0,0.0,0.0,0.0,0.0,0.0,0,2012,10,294,0,103.14,163.93,15.757176746788902,0.0,-0.8660254037844386,0.5000000000000001,23.59,0.0,0.0,163.93
2012-10-21,Gujarat,Statewide,0.0,0.0,0.0,0.0,0.0,0.0,0.0,0,2012,10,295,0,0.0,27.09,0.010976083047350739,0.0,-0.8660254037844386,0.5000000000000001,0.0,0.0,0.0,27.09
2012-10-25,Arunachal Pradesh,Statewide,0.0,0.0,0.0,0.0,0.0,0.0,0.0,0,2012,10,299,0,0.0,0.0,2.3350690199175214e-08,0.0,-0.8660254037844386,0.5000000000000001,0.0,0.0,0.0,0.0
2012-10-27,Rajasthan,Statewide,0.0,0.0,0.0,0.0,0.0,0.0,0.0,0,2012,10,301,0,0.24000000000000707,1.2700000000000002,0.023654350899835176,0.0,-0.8660254037844386,0.5000000000000001,0.0,0.0,0.0,1.2700000000000002
2012-10-30,Lakshadweep,Statewide,1422.6727520435968,0.0,0.0,0.0,0.0,0.0,0.0,0,2012,10,304,0,9957.519073569483,42655.528610354224,1422.5405086285195,0.0,-0.8660254037844386,0.5000000000000001,1422.6727520435968,0.0,0.0,42655.528610354224
2012-10-31,Ladakh,Statewide,0.0,0.0,0.0,0.0,0.0,0.0,0.0,0,2012,10,305,0,0.0,0.0,7.888733549754756e-07,0.0,-0.8660254037844386,0.5000000000000001,0.0,0.0,0.0,0.0
2012-10-31,Punjab,Statewide,0.0,0.0,0.0,0.0,0.0,0.0,0.0,0,2012,10,305,0,0.0,4.3500000000000005,0.024734710727863127,0.0,-0.8660254037844386,0.5000000000000001,0.0,0.0,0.0,4.3500000000000005
2012-11-02,Chhattisgarh,Statewide,5.1,0.0,0.0,0.0,0.0,0.0,0.0,0,2012,11,307,0,5.7299999999999995,22.7,1.5715026279447633,0.0,-0.5000000000000004,0.8660254037844384,5.1,0.0,0.0,22.7
2012-11-02,Gujarat,Statewide,0.0,0.0,0.0,0.0,0.0,0.0,0.0,0,2012,11,307,0,0.0,5.74,0.0001519231178004087,0.0,-0.5000000000000004,0.8660254037844384,0.0,0.0,0.0,5.74
2012-11-02,Puducherry,Statewide,8.72,0.0,0.0,0.0,0.0,0.0,0.0,0,2012,11,307,0,92.61000000000003,246.11999999999998,17.581938163030948,0.0,-0.5000000000000004,0.8660254037844384,8.72,0.0,0.0,246.11999999999998
2012-11-06,Maharashtra,Statewide,0.0,0.0,0.0,0.0,0.0,0.0,0.0,0,2012,11,311,0,3.7400000000000007,12.76,0.4047897518268001,0.0,-0.5000000000000004,0.8660254037844384,0.0,0.0,0.0,12.76
2012-11-08,Lakshadweep,Statewide,1423.1828337874658,0.0,0.0,0.0,0.0,0.0,0.0,0,2012,11,313,0,9961.089645776567,42670.831062670295,1423.0505903723883,0.0,-0.5000000000000004,0.8660254037844384,1423.1828337874658,0.0,0.0,42670.831062670295
2012-11-10,Ladakh,Statewide,0.0,0.0,0.0,0.0,0.0,0.0,0.0,0,2012,11,315,0,0.0,0.0,2.2283719737616274e-08,0.0,-0.5000000000000004,0.8660254037844384,0.0,0.0,0.0,0.0
2012-11-14,Maharashtra,Statewide,0.0,0.0,0.0,0.0,0.0,0.0,0.0,0,2012,11,319,0,0.0,8.040000000000001,0.023335323661208877,0.0,-0.5000000000000004,0.8660254037844384,0.0,0.0,0.0,8.040000000000001
2012-11-17,Gujarat,Statewide,0.0,0.0,0.0,0.0,0.0,0.0,0.0,0,2012,11,322,0,0.0,0.0,7.212643465397559e-07,0.0,-0.5000000000000004,0.8660254037844384,0.0,0.0,0.0,0.0
2012-11-19,Goa,Statewide,0.0,0.0,0.0,0.0,0.0,0.0,0.0,0,2012,11,324,0,0.43999999999994316,27.29,0.0401327526605239,0.0,-0.5000000000000004,0.8660254037844384,0.0,0.0,0.0,27.29
2012-11-19,Haryana,Statewide,0.0,0.0,0.0,0.0,0.0,0.0,0.0,0,2012,11,324,0,0.0,0.4,1.3951270444924477e-05,0.0,-0.5000000000000004,0.8660254037844384,0.0,0.0,0.0,0.4
2012-11-20,Tamil Nadu,Statewide,0.0,0.0,0.0,0.0,0.0,0.0,0.0,0,2012,11,325,0,4.26,109.60000000000001,0.45176928105846603,0.0,-0.5000000000000004,0.8660254037844384,0.0,0.0,0.0,109.60000000000001
2012-11-20,The Dadra And Nagar Haveli And Daman And Diu,Statewide,0.0,0.0,0.0,0.0,0.0,0.0,0.0,0,2012,11,325,0,0.0,0.0,2.892287430824322e-06,0.0,-0.5000000000000004,0.8660254037844384,0.0,0.0,0.0,0.0
2012-11-21,Mizoram,Statewide,0.0,0.0,0.0,0.0,0.0,0.0,0.0,0,2012,11,326,0,0.0,0.0,5.478038600670536e-06,0.0,-0.5000000000000004,0.8660254037844384,0.0,0.0,0.0,0.0
2012-11-22,Nagaland,Statewide,0.0,0.0,0.0,0.0,0.0,0.0,0.0,0,2012,11,327,0,0.0,0.0,8.075370857524169e-13,0.0,-0.5000000000000004,0.8660254037844384,0.0,0.0,0.0,0.0
2012-11-22,Tripura,Statewide,0.0,0.0,0.0,0.0,0.0,0.0,0.0,0,2012,11,327,0,0.0,0.0,7.936114479666359e-06,0.0,-0.5000000000000004,0.8660254037844384,0.0,0.0,0.0,0.0
2012-11-25,Chandigarh,Statewide,0.0,0.0,0.0,0.0,0.0,0.0,0.0,0,2012,11,330,0,0.0,0.0,1.1653577840776458e-09,0.0,-0.5000000000000004,0.8660254037844384,0.0,0.0,0.0,0.0
2012-11-25,Tripura,Statewide,0.0,0.0,0.0,0.0,0.0,0.0,0.0,0,2012,11,330,0,0.0,0.0,2.7220872665255606e-06,0.0,-0.5000000000000004,0.8660254037844384,0.0,0.0,0.0,0.0
2012-11-27,Manipur,Statewide,0.0,0.0,0.0,0.0,0.0,0.0,0.0,0,2012,11,332,0,0.0,0.0,6.932040040616606e-08,0.0,-0.5000000000000004,0.8660254037844384,0.0,0.0,0.0,0.0
2012-11-30,Manipur,Statewide,0.0,0.0,0.0,0.0,0.0,0.0,0.0,0,2012,11,335,0,0.0,0.0,2.3776897339314952e-08,0.0,-0.5000000000000004,0.8660254037844384,0.0,0.0,0.0,0.0
2012-12-02,Haryana,Statewide,0.0,0.0,0.0,0.0,0.0,0.0,0.0,0,2012,12,337,0,1.119999999999993,1.12,0.16464013517247872,0.0,-2.4492935982947064e-16,1.0,0.0,0.0,0.0,1.12
2012-12-02,Tripura,Statewide,0.0,0.0,0.0,0.0,0.0,0.0,0.0,0,2012,12,337,0,0.0,0.0,2.241755913736259e-07,0.0,-2.4492935982947064e-16,1.0,0.0,0.0,0.0,0.0
2012-12-03,The Dadra And Nagar Haveli And Daman And Diu,Statewide,0.0,0.0,0.0,0.0,0.0,0.0,0.0,0,2012,12,338,0,0.0,0.0,2.8023086698517284e-08,0.0,-2.4492935982947064e-16,1.0,0.0,0.0,0.0,0.0
2012-12-06,Chandigarh,Statewide,0.0,0.0,0.0,0.0,0.0,0.0,0.0,0,2012,12,341,0,2.400000000000014,2.3999999999999786,0.0847072800230429,0.0,-2.4492935982947064e-16,1.0,0.0,0.0,0.0,2.3999999999999786
2012-12-06,Lakshadweep,Statewide,1424.7697547683924,0.0,0.0,0.0,0.0,0.0,0.0,0,2012,12,341,0,9972.198092643051,42718.43869209809,1424.637511353315,0.0,-2.4492935982947064e-16,1.0,1424.7697547683924,0.0,0.0,42718.43869209809
2012-12-06,Punjab,Statewide,0.0,0.0,0.0,0.0,0.0,0.0,0.0,0,2012,12,341,0,1.240000000000007,1.24,0.04376549358979539,0.0,-2.4492935982947064e-16,1.0,0.0,0.0,0.0,1.24
2012-12-10,Haryana,Statewide,0.0,0.0,0.0,0.0,0.0,0.0,0.0,0,2012,12,345,0,0.0,1.12,0.009491176158824399,0.0,-2.4492935982947064e-16,1.0,0.0,0.0,0.0,1.12
2012-12-12,Lakshadweep,Statewide,1425.109809264305,0.0,0.0,0.0,0.0,0.0,0.0,0,2012,12,347,0,9974.578474114442,42728.640326975474,1424.9775658492276,0.0,-2.4492935982947064e-16,1.0,1425.109809264305,0.0,0.0,42728.640326975474
2012-12-13,Gujarat,Statewide,0.0,0.0,0.0,0.0,0.0,0.0,0.0,0,2012,12,348,0,0.0,0.0,6.770854871388303e-11,0.0,-2.4492935982947064e-16,1.0,0.0,0.0,0.0,0.0
2012-12-13,Telangana,Statewide,0.0,0.0,0.0,0.0,0.0,0.0,0.0,0,2012,12,348,0,0.0,0.7099999999999929,0.00018714941102521496,0.0,-2.4492935982947064e-16,1.0,0.0,0.0,0.0,0.7099999999999929
2012-12-14,The Dadra And Nagar Haveli And Daman And Diu,Statewide,0.0,0.0,0.0,0.0,0.0,0.0,0.0,0,2012,12,349,0,0.0,0.0,5.541079875038576e-10,0.0,-2.4492935982947064e-16,1.0,0.0,0.0,0.0,0.0
2012-12-17,Jammu And Kashmir,Statewide,0.0,0.0,0.0,0.0,0.0,0.0,0.0,0,2012,12,352,0,0.0,0.0,5.084715962578806e-16,0.0,-2.4492935982947064e-16,1.0,0.0,0.0,0.0,0.0
2012-12-20,Delhi,Statewide,0.0,0.0,0.0,0.0,0.0,0.0,0.0,0,2012,12,355,0,3.4100000000000072,5.3600000000000145,0.15507167476563358,0.0,-2.4492935982947064e-16,1.0,0.0,0.0,0.0,5.3600000000000145
2012-12-21,Assam,Statewide,0.0,0.0,0.0,0.0,0.0,0.0,0.0,0,2012,12,356,0,0.0,0.0,3.1498785912827744e-11,0.0,-2.4492935982947064e-16,1.0,0.0,0.0,0.0,0.0
2012-12-22,Arunachal Pradesh,Statewide,0.0,0.0,0.0,0.0,0.0,0.0,0.0,0,2012,12,357,0,0.0,0.0,2.4209512417427428e-17,0.0,-2.4492935982947064e-16,1.0,0.0,0.0,0.0,0.0
2012-12-23,The Dadra And Nagar Haveli And Daman And Diu,Statewide,0.0,0.0,0.0,0.0,0.0,0.0,0.0,0,2012,12,358,0,0.0,0.0,2.2360255963291566e-11,0.0,-2.4492935982947064e-16,1.0,0.0,0.0,0.0,0.0
2012-12-27,Goa,Statewide,0.0,0.0,0.0,0.0,0.0,0.0,0.0,0,2012,12,362,0,0.0,0.0,5.214641649799184e-08,0.0,-2.4492935982947064e-16,1.0,0.0,0.0,0.0,0.0
2012-12-30,Telangana,Statewide,0.0,0.0,0.0,0.0,0.0,0.0,0.0,0,2012,12,365,0,0.0,0.0,4.3536663679198776e-07,0.0,-2.4492935982947064e-16,1.0,0.0,0.0,0.0,0.0
2012-12-31,The Dadra And Nagar Haveli And Daman And Diu,Statewide,0.0,0.0,0.0,0.0,0.0,0.0,0.0,0,2012,12,366,0,0.0,0.0,1.2890242593743914e-12,0.0,-2.4492935982947064e-16,1.0,0.0,0.0,0.0,0.0
2013-01-01,Saurashtra & Kutch,Statewide,681.8,0.0,0.0,0.0,0.0,0.0,0.0,0,2013,1,1,0,4963.5,15663.0,649.9459380172848,0.0,0.49999999999999994,0.8660254037844387,681.8,0.0,0.0,15663.0
2013-01-01,Tripura,Statewide,0.0,0.0,0.0,0.0,0.0,0.0,0.0,0,2013,1,1,0,0.0,0.0,5.052769938837321e-12,0.0,0.49999999999999994,0.8660254037844387,0.0,0.0,0.0,0.0
2013-01-02,Ladakh,Statewide,0.0,0.0,0.0,0.0,0.0,0.0,0.0,0,2013,1,2,0,0.0,0.0,1.3746236402111437e-16,0.0,0.49999999999999994,0.8660254037844387,0.0,0.0,0.0,0.0
2013-01-02,Mizoram,Statewide,0.0,0.0,0.0,0.0,0.0,0.0,0.0,0,2013,1,2,0,0.0,0.0,1.709002778340324e-12,0.0,0.49999999999999994,0.8660254037844387,0.0,0.0,0.0,0.0
2013-01-06,Odisha,Statewide,0.0,0.0,0.0,0.0,0.0,0.0,0.0,0,2013,1,6,0,3.0799999999999996,6.9,0.32456115782877853,0.0,0.49999999999999994,0.8660254037844387,0.0,0.0,0.0,6.9
2013-01-07,Kerala,Wayanad,0.0,0.0,0.0,0.0,0.0,0.0,0.0,1,2013,1,7,0,0.0,0.0,0.0,0.0,0.49999999999999994,0.8660254037844387,0.0,0.0,0.0,0.0
2013-01-07,Tripura,Statewide,0.0,0.0,0.0,0.0,0.0,0.0,0.0,0,2013,1,7,0,0.0,0.0,5.944533305342718e-13,0.0,0.49999999999999994,0.8660254037844387,0.0,0.0,0.0,0.0
2013-01-08,Andhra Pradesh,East Godavari,0.0,0.0,0.0,0.0,0.0,0.0,0.0,1,2013,1,8,0,0.0,0.0,0.0,0.0,0.49999999999999994,0.8660254037844387,0.0,0.0,0.0,0.0
2013-01-08,Chhattisgarh,Korba And Raipur,0.0,0.0,0.0,0.0,0.0,0.0,0.0,1,2013,1,8,0,0.0,0.0,0.0,0.0,0.49999999999999994,0.8660254037844387,0.0,0.0,0.0,0.0
2013-01-08,Jammu & Kashmir,Kargil,1100.5,0.0,0.0,0.0,0.0,0.0,0.0,1,2013,1,8,0,1100.5,1100.5,1100.5,0.0,0.49999999999999994,0.8660254037844387,1100.5,0.0,0.0,1100.5
2013-01-08,Karnataka,Kodagu,0.0,0.0,0.0,0.0,0.0,0.0,0.0,1,2013,1,8,0,0.0,0.0,0.0,0.0,0.49999999999999994,0.8660254037844387,0.0,0.0,0.0,0.0
2013-01-08,Kerala,Wayanad,0.0,0.0,0.0,0.0,0.0,0.0,0.0,1,2013,1,8,0,0.0,0.0,0.0,0.0,0.49999999999999994,0.8660254037844387,0.0,0.0,0.0,0.0
2013-01-08,Maharashtra,Amaravati,0.0,0.0,0.0,0.0,0.0,0.0,0.0,1,2013,1,8,0,0.0,0.0,0.0,0.0,0.49999999999999994,0.8660254037844387,0.0,0.0,0.0,0.0
2013-01-09,Kerala,Idukki,0.0,0.0,0.0,0.0,0.0,0.0,0.0,1,2013,1,9,0,0.0,0.0,0.0,0.0,0.49999999999999994,0.8660254037844387,0.0,0.0,0.0,0.0
2013-01-09,Kerala,Statewide,0.63,0.0,0.0,0.0,0.0,0.0,0.0,0,2013,1,9,0,1.3399999999999999,3262.5400000000004,56.6537296693385,0.0,0.49999999999999994,0.8660254037844387,0.63,0.0,0.0,3262.5400000000004
2013-01-13,Jammu And Kashmir,Statewide,0.0,0.0,0.0,0.0,0.0,0.0,0.0,0,2013,1,13,0,0.0,0.0,3.34128697848625e-20,0.0,0.49999999999999994,0.8660254037844387,0.0,0.0,0.0,0.0
2013-01-15,Ladakh,Statewide,0.0,0.0,0.0,0.0,0.0,0.0,0.0,0,2013,1,15,0,0.0,0.0,1.3318592418212558e-18,0.0,0.49999999999999994,0.8660254037844387,0.0,0.0,0.0,0.0
2013-01-15,Madhya Pradesh,Statewide,0.0,0.0,0.0,0.0,0.0,0.0,0.0,0,2013,1,15,0,0.0,0.74,0.0024737955660046012,0.0,0.49999999999999994,0.8660254037844387,0.0,0.0,0.0,0.74
2013-01-16,Andhra Pradesh,Statewide,0.0,0.0,0.0,0.0,0.0,0.0,0.0,0,2013,1,16,0,0.0,7.329999999999999,0.0178268495820762,0.0,0.49999999999999994,0.8660254037844387,0.0,0.0,0.0,7.329999999999999
2013-01-17,Haryana,Statewide,0.85,0.0,0.0,0.0,0.0,0.0,0.0,0,2013,1,17,0,0.8499999999999929,0.85,0.25500840164646216,0.0,0.49999999999999994,0.8660254037844387,0.85,0.0,0.0,0.85
2013-01-18,Chandigarh,Statewide,35.5,0.0,0.0,0.0,0.0,0.0,0.0,0,2013,1,18,0,35.90000000000001,35.89999999999998,10.734015149161058,0.0,0.49999999999999994,0.8660254037844387,35.5,0.0,0.0,35.89999999999998
2013-01-18,Himachal Pradesh,Statewide,42.7,0.0,0.0,0.0,0.0,0.0,0.0,0,2013,1,18,0,47.120000000000005,1259.1000000000001,13.88925613878519,0.0,0.49999999999999994,0.8660254037844387,42.7,0.0,0.0,1259.1000000000001
2013-01-23,Manipur,Statewide,0.0,0.0,0.0,0.0,0.0,0.0,0.0,0,2013,1,23,0,0.0,0.0,1.0267136676838513e-16,0.0,0.49999999999999994,0.8660254037844387,0.0,0.0,0.0,0.0
2013-01-24,Puducherry,Statewide,0.0,0.0,0.0,0.0,0.0,0.0,0.0,0,2013,1,24,0,0.0,29.63,0.0042189423466104615,0.0,0.49999999999999994,0.8660254037844387,0.0,0.0,0.0,29.63
2013-01-25,Tamil Nadu,Statewide,0.0,0.0,0.0,0.0,0.0,0.0,0.0,0,2013,1,25,0,0.0,759.1099999999999,0.04856389064584767,0.0,0.49999999999999994,0.8660254037844387,0.0,0.0,0.0,759.1099999999999
2013-01-26,Jammu And Kashmir,Statewide,0.0,0.0,0.0,0.0,0.0,0.0,0.0,0,2013,1,26,0,0.0,0.0,3.237339888313276e-22,0.0,0.49999999999999994,0.8660254037844387,0.0,0.0,0.0,0.0
2013-01-28,Odisha,Statewide,0.0,0.0,0.0,0.0,0.0,0.0,0.0,0,2013,1,28,0,0.16,3.3000000000000003,0.00578841221257671,0.0,0.49999999999999994,0.8660254037844387,0.0,0.0,0.0,3.3000000000000003
2013-01-29,Uttarakhand,Statewide,0.0,0.0,0.0,0.0,0.0,0.0,0.0,0,2013,1,29,0,0.0,1806.89,0.5238212716205072,0.0,0.49999999999999994,0.8660254037844387,0.0,0.0,0.0,1806.89
2013-01-30,Bihar,Statewide,0.0,0.0,0.0,0.0,0.0,0.0,0.0,0,2013,1,30,0,0.0,1075.4,0.04303709133411521,0.0,0.49999999999999994,0.8660254037844387,0.0,0.0,0.0,1075.4
2013-01-31,Maharashtra,Statewide,0.01,0.0,0.0,0.0,0.0,0.0,0.0,0,2013,1,31,0,0.8700000000000004,2.39,0.06627582554359397,0.0,0.49999999999999994,0.8660254037844387,0.01,0.0,0.0,2.39
2013-02-03,Karnataka,Statewide,0.0,0.0,0.0,0.0,0.0,0.0,0.0,0,2013,2,34,0,0.0499999999999929,0.050000000000014214,0.0025258624016221798,0.0,0.8660254037844386,0.5000000000000001,0.0,0.0,0.0,0.050000000000014214
2013-02-04,Haryana,Statewide,2.44,0.0,0.0,0.0,0.0,0.0,0.0,0,2013,2,35,0,2.439999999999993,33.67,0.7562462613309776,0.0,0.8660254037844386,0.5000000000000001,2.44,0.0,0.0,33.67
2013-02-05,Arunachal Pradesh,Statewide,0.0,0.0,0.0,0.0,0.0,0.0,0.0,0,2013,2,36,0,0.3,14.6,0.05932173641465706,0.0,0.8660254037844386,0.5000000000000001,0.0,0.0,0.0,14.6
2013-02-06,Kerala,Thiruvananthapuram.,0.0,0.0,0.0,0.0,0.0,0.0,0.0,1,2013,2,37,0,0.0,0.0,0.0,0.0,0.8660254037844386,0.5000000000000001,0.0,0.0,0.0,0.0
2013-02-07,Karnataka,Belgaum,0.0,0.0,0.0,0.0,0.0,0.0,0.0,1,2013,2,38,0,0.0,0.0,0.0,0.0,0.8660254037844386,0.5000000000000001,0.0,0.0,0.0,0.0
2013-02-08,Chandigarh,Statewide,0.0,0.0,0.0,0.0,0.0,0.0,0.0,0,2013,2,39,0,41.30000000000001,101.99999999999997,5.386314984379112,0.0,0.8660254037844386,0.5000000000000001,0.0,0.0,0.0,101.99999999999997
2013-02-08,Himachal Pradesh,Chamba,0.045,0.0,0.0,0.0,0.0,0.0,0.0,1,2013,2,39,0,0.045,0.045,0.045,0.0,0.8660254037844386,0.5000000000000001,0.045,0.0,0.0,0.045
2013-02-08,Kerala,Thiruvananthapuram,0.0,0.0,0.0,0.0,0.0,0.0,0.0,1,2013,2,39,0,0.0,0.0,0.0,0.0,0.8660254037844386,0.5000000000000001,0.0,0.0,0.0,0.0
2013-02-08,Odisha,Bhadrak,0.0,0.0,0.0,0.0,0.0,0.0,0.0,1,2013,2,39,0,0.0,0.0,0.0,0.0,0.8660254037844386,0.5000000000000001,0.0,0.0,0.0,0.0
2013-02-10,Jharkhand,Ranchi,0.0,0.0,0.0,0.0,0.0,0.0,0.0,1,2013,2,41,0,0.0,0.0,0.0,0.0,0.8660254037844386,0.5000000000000001,0.0,0.0,0.0,0.0
2013-02-12,Puducherry,Statewide,0.0,0.0,0.0,0.0,0.0,0.0,0.0,0,2013,2,43,0,0.0,0.16,0.0003303562031277343,0.0,0.8660254037844386,0.5000000000000001,0.0,0.0,0.0,0.16
2013-02-13,Madhya Pradesh,Statewide,0.76,0.0,0.0,0.0,0.0,0.0,0.0,0,2013,2,44,0,4.56,9.27,0.9414202371237749,0.0,0.8660254037844386,0.5000000000000001,0.76,0.0,0.0,9.27
2013-02-13,Meghalaya,Statewide,0.0,0.0,0.0,0.0,0.0,0.0,0.0,0,2013,2,44,0,0.0,0.85,0.009563804858999995,0.0,0.8660254037844386,0.5000000000000001,0.0,0.0,0.0,0.85
2013-02-16,Delhi,Statewide,14.05,0.0,0.0,0.0,0.0,0.0,0.0,0,2013,2,47,0,14.050000000000008,85.50000000000001,4.523715089730006,0.0,0.8660254037844386,0.5000000000000001,14.05,0.0,0.0,85.50000000000001
2013-02-16,Rajasthan,Banswara,0.0,0.0,0.0,0.0,0.0,0.0,0.0,1,2013,2,47,0,0.0,0.0,0.0,0.0,0.8660254037844386,0.5000000000000001,0.0,0.0,0.0,0.0
2013-02-20,Karnataka,Statewide,0.02,0.0,0.0,0.0,0.0,0.0,0.0,0,2013,2,51,0,6.569999999999993,9.620000000000015,0.6174698571195844,0.0,0.8660254037844386,0.5000000000000001,0.02,0.0,0.0,9.620000000000015
2013-02-20,Tripura,Statewide,0.0,0.0,0.0,0.0,0.0,0.0,0.0,0,2013,2,51,0,4.139999999999943,4.250000000000028,0.6092325472398324,0.0,0.8660254037844386,0.5000000000000001,0.0,0.0,0.0,4.250000000000028
2013-02-23,Kerala,Statewide,0.0,0.0,0.0,0.0,0.0,0.0,0.0,0,2013,2,54,0,26.159999999999997,40.099999999999994,1.9389811289886059,0.0,0.8660254037844386,0.5000000000000001,0.0,0.0,0.0,40.099999999999994
2013-02-23,Ladakh,Statewide,0.0,0.0,0.0,0.0,0.0,0.0,0.0,0,2013,2,54,0,0.0,0.0,1.2113841562210688e-24,0.0,0.8660254037844386,0.5000000000000001,0.0,0.0,0.0,0.0
2013-02-23,Maharashtra,Wardha,0.0,0.0,0.0,0.0,0.0,0.0,0.0,1,2013,2,54,0,0.0,0.0,0.0,0.0,0.8660254037844386,0.5000000000000001,0.0,0.0,0.0,0.0
2013-02-25,Ladakh,Statewide,0.0,0.0,0.0,0.0,0.0,0.0,0.0,0,2013,2,56,0,0.0,0.0,5.935782365483237e-25,0.0,0.8660254037844386,0.5000000000000001,0.0,0.0,0.0,0.0
2013-02-28,Karnataka,Statewide,0.0,0.0,0.0,0.0,0.0,0.0,0.0,0,2013,2,59,0,0.009999999999992895,9.580000000000014,0.03610011849792835,0.0,0.8660254037844386,0.5000000000000001,0.0,0.0,0.0,9.580000000000014
2013-03-01,Mizoram,Statewide,0.0,0.0,0.0,0.0,0.0,0.0,0.0,0,2013,3,60,0,0.0,4.119999999999999,0.02269013995566774,0.0,1.0,6.123233995736766e-17,0.0,0.0,0.0,4.119999999999999
2013-03-02,Bihar,Statewide,0.0,0.0,0.0,0.0,0.0,0.0,0.0,0,2013,3,61,0,0.04,22.13,0.06253609320451785,0.0,1.0,6.123233995736766e-17,0.0,0.0,0.0,22.13
2013-03-03,Andhra Pradesh,Statewide,0.0,0.0,0.0,0.0,0.0,0.0,0.0,0,2013,3,62,0,0.0,32.81,0.06679194044836437,0.0,1.0,6.123233995736766e-17,0.0,0.0,0.0,32.81
2013-03-04,Punjab,Statewide,0.0,0.0,0.0,0.0,0.0,0.0,0.0,0,2013,3,63,0,7.82,70.26,0.8845515221327738,0.0,1.0,6.123233995736766e-17,0.0,0.0,0.0,70.26
2013-03-05,Gujarat,Statewide,0.0,0.0,0.0,0.0,0.0,0.0,0.0,0,2013,3,64,0,0.0,0.8,0.0002711809851288109,0.0,1.0,6.123233995736766e-17,0.0,0.0,0.0,0.8
2013-03-05,Kerala,Wayanad,0.14500000000000002,0.0,0.0,0.0,0.0,0.0,0.0,1,2013,3,64,0,0.14500000000000002,0.14500000000000002,0.043500000000000004,0.0,1.0,6.123233995736766e-17,0.14500000000000002,0.0,0.0,0.14500000000000002
2013-03-07,Maharashtra,Raigad And Ratnagiri,0.0,0.0,0.0,0.0,0.0,0.0,0.0,1,2013,3,66,0,0.0,0.0,0.0,0.0,1.0,6.123233995736766e-17,0.0,0.0,0.0,0.0
2013-03-08,Ladakh,Statewide,0.09,0.0,0.0,0.0,0.0,0.0,0.0,0,2013,3,67,0,0.63,0.72,0.0848116791,0.0,1.0,6.123233995736766e-17,0.09,0.0,0.0,0.72
2013-03-12,Himachal Pradesh,Statewide,0.0,0.0,0.0,0.0,0.0,0.0,0.0,0,2013,3,71,0,2.900000000000007,82.35,0.6648199222531627,0.0,1.0,6.123233995736766e-17,0.0,0.0,0.0,82.35
2013-03-17,Himachal Pradesh,Statewide,1.01,0.0,0.0,0.0,0.0,0.0,0.0,0,2013,3,76,0,31.55000000000001,111.42000000000002,4.214980284333089,0.0,1.0,6.123233995736766e-17,1.01,0.0,0.0,111.42000000000002
2013-03-18,Goa,Statewide,0.01,0.0,0.0,0.0,0.0,0.0,0.0,0,2013,3,77,0,0.11999999999994317,4.79,0.029133466727123775,0.0,1.0,6.123233995736766e-17,0.01,0.0,0.0,4.79
2013-03-18,Tamil Nadu,Statewide,0.09,0.0,0.0,0.0,0.0,0.0,0.0,0,2013,3,77,0,1.5,45.059999999999995,0.42575275445333094,0.0,1.0,6.123233995736766e-17,0.09,0.0,0.0,45.059999999999995
2013-03-19,Andaman And Nicobar Islands,Statewide,1.25,0.0,0.0,0.0,0.0,0.0,0.0,0,2013,3,78,0,6.76,41.41,1.1334458925626076,0.0,1.0,6.123233995736766e-17,1.25,0.0,0.0,41.41
2013-03-20,Ladakh,Statewide,0.09,0.0,0.0,0.0,0.0,0.0,0.0,0,2013,3,79,0,0.63,1.7999999999999998,0.08992818696033213,0.0,1.0,6.123233995736766e-17,0.09,0.0,0.0,1.7999999999999998
2013-03-24,Arunachal Pradesh,Statewide,0.0,0.0,0.0,0.0,0.0,0.0,0.0,0,2013,3,83,0,47.0,69.09,5.516574534044682,0.0,1.0,6.123233995736766e-17,0.0,0.0,0.0,69.09
2013-03-24,Maharashtra,Statewide,0.01,0.0,0.0,0.0,0.0,0.0,0.0,0,2013,3,83,0,0.33000000000000046,4.54,0.045399849924109545,0.0,1.0,6.123233995736766e-17,0.01,0.0,0.0,4.54
2013-03-24,Meghalaya,Statewide,0.0,0.0,0.0,0.0,0.0,0.0,0.0,0,2013,3,83,0,9.960000000000008,19.099999999999998,1.5381616984752695,0.0,1.0,6.123233995736766e-17,0.0,0.0,0.0,19.099999999999998
2013-03-26,Kerala,Thiruvananthapuram,0.14500000000000002,0.0,0.0,0.0,0.0,0.0,0.0,1,2013,3,85,0,0.14500000000000002,0.14500000000000002,0.043500000000000004,0.0,1.0,6.123233995736766e-17,0.14500000000000002,0.0,0.0,0.14500000000000002
2013-03-29,Kerala,Wayanad,0.14500000000000002,0.0,0.0,0.0,0.0,0.0,0.0,1,2013,3,88,0,0.29000000000000004,0.29000000000000004,0.07395,0.0,1.0,6.123233995736766e-17,0.14500000000000002,0.0,0.0,0.29000000000000004
2013-03-29,Lakshadweep,Statewide,1418.8598360655737,0.0,0.0,0.0,0.0,0.0,0.0,0,2013,3,88,0,9933.814754098361,42602.99590163935,1419.0593806921672,0.0,1.0,6.123233995736766e-17,1418.8598360655737,0.0,0.0,42602.99590163935
2013-03-31,Andhra Pradesh,Statewide,0.0,0.0,0.0,0.0,0.0,0.0,0.0,0,2013,3,90,0,0.0,6.6899999999999995,0.0007707602515513625,0.0,1.0,6.123233995736766e-17,0.0,0.0,0.0,6.6899999999999995
2013-04-01,Meghalaya,Statewide,0.34,0.0,0.0,0.0,0.0,0.0,0.0,0,2013,4,91,0,4.930000000000007,25.099999999999998,0.5784256692753191,0.0,0.8660254037844387,-0.4999999999999998,0.34,0.0,0.0,25.099999999999998
2013-04-02,Haryana,Statewide,0.0,0.0,0.0,0.0,0.0,0.0,0.0,0,2013,4,92,0,1.3199999999999932,8.270000000000001,0.12293069376325776,0.0,0.8660254037844387,-0.4999999999999998,0.0,0.0,0.0,8.270000000000001
2013-04-03,Andhra Pradesh,Statewide,1.11,0.0,0.0,0.0,0.0,0.0,0.0,0,2013,4,93,0,2.5999999999999717,9.29,0.5819043707662821,0.0,0.8660254037844387,-0.4999999999999998,1.11,0.0,0.0,9.29
2013-04-03,Uttarakhand,Statewide,0.02,0.0,0.0,0.0,0.0,0.0,0.0,0,2013,4,93,0,2.77,24.380000000000003,0.3913051076339526,0.0,0.8660254037844387,-0.4999999999999998,0.02,0.0,0.0,24.380000000000003
2013-04-07,Goa,Statewide,0.0,0.0,0.0,0.0,0.0,0.0,0.0,0,2013,4,97,0,0.0,0.88,2.3246253352632765e-05,0.0,0.8660254037844387,-0.4999999999999998,0.0,0.0,0.0,0.88
2013-04-07,Madhya Pradesh,Indore,0.0,0.0,0.0,0.0,0.0,0.0,0.0,1,2013,4,97,0,0.0,0.0,0.0,0.0,0.8660254037844387,-0.4999999999999998,0.0,0.0,0.0,0.0
2013-04-08,Kerala,Alappuzha,2.0949999999999998,0.0,0.0,0.0,0.0,0.0,0.0,1,2013,4,98,0,2.0949999999999998,2.0949999999999998,2.0949999999999998,0.0,0.8660254037844387,-0.4999999999999998,2.0949999999999998,0.0,0.0,2.0949999999999998
2013-04-11,Tamil Nadu,Statewide,0.0,0.0,0.0,0.0,0.0,0.0,0.0,0,2013,4,101,0,1.1700000000000002,6.24,0.11996837003624317,0.0,0.8660254037844387,-0.4999999999999998,0.0,0.0,0.0,6.24
2013-04-12,Chandigarh,Statewide,0.0,0.0,0.0,0.0,0.0,0.0,0.0,0,2013,4,102,0,0.0,21.49999999999998,0.005670087932705815,0.0,0.8660254037844387,-0.4999999999999998,0.0,0.0,0.0,21.49999999999998
2013-04-12,Delhi,Statewide,0.0,0.0,0.0,0.0,0.0,0.0,0.0,0,2013,4,102,0,0.0,12.820000000000014,0.07526735503797809,0.0,0.8660254037844387,-0.4999999999999998,0.0,0.0,0.0,12.820000000000014
2013-04-12,Tamil Nadu,Statewide,0.01,0.0,0.0,0.0,0.0,0.0,0.0,0,2013,4,102,0,1.1800000000000002,6.25,0.08697785902537021,0.0,0.8660254037844387,-0.4999999999999998,0.01,0.0,0.0,6.25
2013-04-13,Mizoram,Statewide,0.02,0.0,0.0,0.0,0.0,0.0,0.0,0,2013,4,103,0,0.05000000000002221,14.99,0.11454395019564872,0.0,0.8660254037844387,-0.4999999999999998,0.02,0.0,0.0,14.99
2013-04-14,Chandigarh,Statewide,0.2,0.0,0.0,0.0,0.0,0.0,0.0,0,2013,4,104,0,0.20000000000001422,8.499999999999979,0.06277834308702585,0.0,0.8660254037844387,-0.4999999999999998,0.2,0.0,0.0,8.499999999999979
2013-04-15,Odisha,Statewide,1.92,0.0,0.0,0.0,0.0,0.0,0.0,0,2013,4,105,0,6.6,12.16,1.4679720023945886,0.0,0.8660254037844387,-0.4999999999999998,1.92,0.0,0.0,12.16
2013-04-15,Sikkim,Statewide,23.24,0.0,0.0,0.0,0.0,0.0,0.0,0,2013,4,105,0,58.309999999999995,159.64000000000001,10.12391469616167,0.0,0.8660254037844387,-0.4999999999999998,23.24,0.0,0.0,159.64000000000001
2013-04-16,Ladakh,Statewide,0.14,0.0,0.0,0.0,0.0,0.0,0.0,0,2013,4,106,0,0.9800000000000001,3.5000000000000004,0.1398338306281475,0.0,0.8660254037844387,-0.4999999999999998,0.14,0.0,0.0,3.5000000000000004
2013-04-17,Arunachal Pradesh,Statewide,1.94,0.0,0.0,0.0,0.0,0.0,0.0,0,2013,4,107,0,120.39,261.54,13.008631444878072,0.0,0.8660254037844387,-0.4999999999999998,1.94,0.0,0.0,261.54
2013-04-17,Himachal Pradesh,Statewide,5.79,0.0,0.0,0.0,0.0,0.0,0.0,0,2013,4,107,0,15.810000000000008,71.64999999999999,2.5996876885270774,0.0,0.8660254037844387,-0.4999999999999998,5.79,0.0,0.0,71.64999999999999
2013-04-17,Maharashtra,Jalgaon,0.04,0.0,0.0,0.0,0.0,0.0,0.0,1,2013,4,107,0,0.04,0.04,0.04,0.0,0.8660254037844387,-0.4999999999999998,0.04,0.0,0.0,0.04
2013-04-19,Odisha,Statewide,2.65,0.0,0.0,0.0,0.0,0.0,0.0,0,2013,4,109,0,10.5,15.989999999999998,1.5709040777749403,0.0,0.8660254037844387,-0.4999999999999998,2.65,0.0,0.0,15.989999999999998
2013-04-23,Maharashtra,Nagpur,0.04,0.0,0.0,0.0,0.0,0.0,0.0,1,2013,4,113,0,0.04,0.04,0.04,0.0,0.8660254037844387,-0.4999999999999998,0.04,0.0,0.0,0.04
2013-04-23,Meghalaya,Statewide,5.26,0.0,0.0,0.0,0.0,0.0,0.0,0,2013,4,113,0,47.34000000000001,120.95,6.239454764264432,0.0,0.8660254037844387,-0.4999999999999998,5.26,0.0,0.0,120.95
2013-04-24,Karnataka,Statewide,1.29,0.0,0.0,0.0,0.0,0.0,0.0,0,2013,4,114,0,1.6299999999999928,9.460000000000015,0.4741889014985139,0.0,0.8660254037844387,-0.4999999999999998,1.29,0.0,0.0,9.460000000000015
2013-04-25,Haryana,Statewide,0.0,0.0,0.0,0.0,0.0,0.0,0.0,0,2013,4,115,0,1.989999999999993,4.49,0.19890744307012664,0.0,0.8660254037844387,-0.4999999999999998,0.0,0.0,0.0,4.49
2013-04-25,Himachal Pradesh,Statewide,0.18,0.0,0.0,0.0,0.0,0.0,0.0,0,2013,4,115,0,3.8600000000000074,34.11000000000001,0.5873226617650856,0.0,0.8660254037844387,-0.4999999999999998,0.18,0.0,0.0,34.11000000000001
2013-04-26,Kerala,Wayanad,2.0949999999999998,0.0,0.0,0.0,0.0,0.0,0.0,1,2013,4,116,0,2.385,2.385,0.6802649999999999,0.0,0.8660254037844387,-0.4999999999999998,2.0949999999999998,0.0,0.0,2.385
2013-04-26,Odisha,Statewide,0.4,0.0,0.0,0.0,0.0,0.0,0.0,0,2013,4,116,0,36.01,51.76,2.3777292526923,0.0,0.8660254037844387,-0.4999999999999998,0.4,0.0,0.0,51.76
2013-04-27,Odisha,Statewide,2.95,0.0,0.0,0.0,0.0,0.0,0.0,0,2013,4,117,0,21.550000000000004,54.71,2.54941047688461,0.0,0.8660254037844387,-0.4999999999999998,2.95,0.0,0.0,54.71
2013-04-27,Tripura,Statewide,2.04,0.0,0.0,0.0,0.0,0.0,0.0,0,2013,4,117,0,2.609999999999943,45.46000000000003,0.959260080569659,0.0,0.8660254037844387,-0.4999999999999998,2.04,0.0,0.0,45.46000000000003
2013-04-28,Lakshadweep,Statewide,1416.294262295082,0.0,0.0,0.0,0.0,0.0,0.0,0,2013,4,118,0,9915.855737704918,42526.02868852459,1416.4938069216755,0.0,0.8660254037844387,-0.4999999999999998,1416.294262295082,0.0,0.0,42526.02868852459
2013-04-29,Jharkhand,Statewide,0.01,0.0,0.0,0.0,0.0,0.0,0.0,0,2013,4,119,0,1.830000000000001,30.26,0.3878038474227876,0.0,0.8660254037844387,-0.4999999999999998,0.01,0.0,0.0,30.26
2013-05-05,Kerala,Thiruvananthapuram,4.055,0.0,0.0,0.0,0.0,0.0,0.0,1,2013,5,125,0,4.199999999999999,4.199999999999999,1.24695,0.0,0.49999999999999994,-0.8660254037844387,4.055,0.0,0.0,4.199999999999999
2013-05-06,Karnataka,Belgaum,1.84,0.0,0.0,0.0,0.0,0.0,0.0,1,2013,5,126,0,1.84,1.84,0.552,0.0,0.49999999999999994,-0.8660254037844387,1.84,0.0,0.0,1.84
2013-05-07,Assam,Bongaigaon,7.6,0.0,0.0,0.0,0.0,0.0,0.0,1,2013,5,127,0,7.6,7.6,7.6,0.0,0.49999999999999994,-0.8660254037844387,7.6,0.0,0.0,7.6
2013-05-07,Kerala,Idukki And Thiruvananthapuram,4.055,0.0,0.0,0.0,0.0,0.0,0.0,1,2013,5,127,0,4.055,4.055,4.055,0.0,0.49999999999999994,-0.8660254037844387,4.055,0.0,0.0,4.055
2013-05-08,Karnataka,Udupi,1.84,0.0,0.0,0.0,0.0,0.0,0.0,1,2013,5,128,0,1.84,1.84,1.84,0.0,0.49999999999999994,-0.8660254037844387,1.84,0.0,0.0,1.84
2013-05-09,The Dadra And Nagar Haveli And Daman And Diu,Statewide,0.0,0.0,0.0,0.0,0.0,0.0,0.0,0,2013,5,129,0,0.0,0.06,5.981927502757088e-05,0.0,0.49999999999999994,-0.8660254037844387,0.0,0.0,0.0,0.06
2013-05-10,Gujarat,Statewide,0.0,0.0,0.0,0.0,0.0,0.0,0.0,0,2013,5,130,0,0.0,9.120000000000001,0.004563246457551072,0.0,0.49999999999999994,-0.8660254037844387,0.0,0.0,0.0,9.120000000000001
2013-05-13,Lakshadweep,Statewide,1415.011475409836,0.0,0.0,0.0,0.0,0.0,0.0,0,2013,5,133,0,9906.876229508198,42487.54508196721,1415.2110200364295,0.0,0.49999999999999994,-0.8660254037844387,1415.011475409836,0.0,0.0,42487.54508196721
2013-05-13,Puducherry,Statewide,0.99,0.0,0.0,0.0,0.0,0.0,0.0,0,2013,5,133,0,1.0100000000000282,5.83,0.3034439116552476,0.0,0.49999999999999994,-0.8660254037844387,0.99,0.0,0.0,5.83
2013-05-16,Arunachal Pradesh,Statewide,4.16,0.0,0.0,0.0,0.0,0.0,0.0,0,2013,5,136,0,75.58,266.58,10.464484867603113,0.0,0.49999999999999994,-0.8660254037844387,4.16,0.0,0.0,266.58
2013-05-16,Assam,Assam,7.6,0.0,0.0,0.0,0.0,0.0,0.0,1,2013,5,136,0,7.6,7.6,7.6,0.0,0.49999999999999994,-0.8660254037844387,7.6,0.0,0.0,7.6
2013-05-16,The Dadra And Nagar Haveli And Daman And Diu,Statewide,0.0,0.0,0.0,0.0,0.0,0.0,0.0,0,2013,5,136,0,0.0,0.06,4.926374521403079e-06,0.0,0.49999999999999994,-0.8660254037844387,0.0,0.0,0.0,0.06
2013-05-17,Chandigarh,Statewide,0.0,0.0,0.0,0.0,0.0,0.0,0.0,0,2013,5,137,0,10.600000000000016,11.79999999999998,0.5844438561936807,0.0,0.49999999999999994,-0.8660254037844387,0.0,0.0,0.0,11.79999999999998
2013-05-17,Chhattisgarh,Statewide,0.0,0.0,0.0,0.0,0.0,0.0,0.0,0,2013,5,137,0,1.3700000000000003,33.37,0.10552561021673745,0.0,0.49999999999999994,-0.8660254037844387,0.0,0.0,0.0,33.37
2013-05-20,Telangana,Statewide,0.09,0.0,0.0,0.0,0.0,0.0,0.0,0,2013,5,140,0,0.3400000000000001,20.289999999999996,0.06733801221705582,0.0,0.49999999999999994,-0.8660254037844387,0.09,0.0,0.0,20.289999999999996
2013-05-21,Andaman And Nicobar Islands,Statewide,11.88,0.0,0.0,0.0,0.0,0.0,0.0,0,2013,5,141,0,88.81,266.81,12.434041599849932,0.0,0.49999999999999994,-0.8660254037844387,11.88,0.0,0.0,266.81
2013-05-21,Jharkhand,Statewide,0.02,0.0,0.0,0.0,0.0,0.0,0.0,0,2013,5,141,0,6.19,30.07,1.0039604013255412,0.0,0.49999999999999994,-0.8660254037844387,0.02,0.0,0.0,30.07
2013-05-24,Andaman & Nicobar Islands,South Andaman,0.75,0.0,0.0,0.0,0.0,0.0,0.0,1,2013,5,144,0,0.75,0.75,0.75,0.0,0.49999999999999994,-0.8660254037844387,0.75,0.0,0.0,0.75
2013-05-24,Rajasthan,Statewide,0.0,0.0,0.0,0.0,0.0,0.0,0.0,0,2013,5,144,0,0.0,1.1400000000000001,0.005427318924715052,0.0,0.49999999999999994,-0.8660254037844387,0.0,0.0,0.0,1.1400000000000001
2013-05-25,Gujarat,Statewide,0.0,0.0,0.0,0.0,0.0,0.0,0.0,0,2013,5,145,0,0.0,0.08000000000000089,0.0004962227115622529,0.0,0.49999999999999994,-0.8660254037844387,0.0,0.0,0.0,0.08000000000000089
2013-05-25,Sikkim,Statewide,4.15,0.0,0.0,0.0,0.0,0.0,0.0,0,2013,5,145,0,61.519999999999996,405.89000000000004,7.99963575154021,0.0,0.49999999999999994,-0.8660254037844387,4.15,0.0,0.0,405.89000000000004
2013-05-25,Telangana,Statewide,0.0,0.0,0.0,0.0,0.0,0.0,0.0,0,2013,5,145,0,0.2400000000000001,6.879999999999997,0.01996109971332057,0.0,0.49999999999999994,-0.8660254037844387,0.0,0.0,0.0,6.879999999999997
2013-05-26,Jammu & Kashmir,Baramulla,0.75,0.0,0.0,0.0,0.0,0.0,0.0,1,2013,5,146,0,0.75,0.75,0.75,0.0,0.49999999999999994,-0.8660254037844387,0.75,0.0,0.0,0.75
2013-05-27,Bihar,Nalanda,0.915,0.0,0.0,0.0,0.0,0.0,0.0,1,2013,5,147,0,0.915,0.915,0.915,0.0,0.49999999999999994,-0.8660254037844387,0.915,0.0,0.0,0.915
2013-05-28,Puducherry,Statewide,0.11,0.0,0.0,0.0,0.0,0.0,0.0,0,2013,5,148,0,2.6900000000000284,5.24,0.5164561583882615,0.0,0.49999999999999994,-0.8660254037844387,0.11,0.0,0.0,5.24
2013-05-29,Assam,Golaghat And Kamrup,7.6,0.0,0.0,0.0,0.0,0.0,0.0,1,2013,5,149,0,7.6,7.6,7.6,0.0,0.49999999999999994,-0.8660254037844387,7.6,0.0,0.0,7.6
2013-05-29,Delhi,Statewide,0.0,0.0,0.0,0.0,0.0,0.0,0.0,0,2013,5,149,0,0.0,0.2900000000000142,0.0002502696972595625,0.0,0.49999999999999994,-0.8660254037844387,0.0,0.0,0.0,0.2900000000000142
2013-05-29,Jammu & Kashmir,Anantanag,0.75,0.0,0.0,0.0,0.0,0.0,0.0,1,2013,5,149,0,0.75,0.75,0.75,0.0,0.49999999999999994,-0.8660254037844387,0.75,0.0,0.0,0.75
2013-05-30,Ladakh,Statewide,0.71,0.0,0.0,0.0,0.0,0.0,0.0,0,2013,5,150,0,4.97,21.299999999999997,0.7099871525506324,0.0,0.49999999999999994,-0.8660254037844387,0.71,0.0,0.0,21.299999999999997
2013-05-31,Karnataka,Bangalore Urban,1.84,0.0,0.0,0.0,0.0,0.0,0.0,1,2013,5,151,0,1.84,1.84,1.84,0.0,0.49999999999999994,-0.8660254037844387,1.84,0.0,0.0,1.84
2013-06-02,Tamil Nadu,Statewide,1.68,0.0,0.0,0.0,0.0,0.0,0.0,0,2013,6,153,1,26.38,46.81999999999999,3.5180775273493836,0.0,1.2246467991473532e-16,-1.0,1.68,0.0,0.0,46.81999999999999
2013-06-03,Jharkhand,Statewide,0.8,0.0,0.0,0.0,0.0,0.0,0.0,0,2013,6,154,1,102.03,132.82,11.275191445011842,0.0,1.2246467991473532e-16,-1.0,0.8,0.0,0.0,132.82
2013-06-03,Lakshadweep,Statewide,1413.2155737704918,0.0,0.0,0.0,0.0,0.0,0.0,0,2013,6,154,1,9894.304918032787,42433.66803278688,1413.4151183970853,0.0,1.2246467991473532e-16,-1.0,1413.2155737704918,0.0,0.0,42433.66803278688
2013-06-04,West Bengal,Statewide,7.93,0.0,0.0,0.0,0.0,0.0,0.0,0,2013,6,155,1,106.84,215.04,9.367625299022464,0.0,1.2246467991473532e-16,-1.0,7.93,0.0,0.0,215.04
2013-06-06,Tamil Nadu,Statewide,0.25,0.0,0.0,0.0,0.0,0.0,0.0,0,2013,6,157,1,18.45,48.27,1.5091394143165866,0.0,1.2246467991473532e-16,-1.0,0.25,0.0,0.0,48.27
2013-06-06,The Dadra And Nagar Haveli And Daman And Diu,Statewide,0.12,0.0,0.0,0.0,0.0,0.0,0.0,0,2013,6,157,1,5.819999999999958,5.82,0.962100002751606,0.0,1.2246467991473532e-16,-1.0,0.12,0.0,0.0,5.82
2013-06-07,Himachal Pradesh,Kangra,1.505,0.0,0.0,0.0,0.0,0.0,0.0,1,2013,6,158,1,1.505,1.505,1.505,0.0,1.2246467991473532e-16,-1.0,1.505,0.0,0.0,1.505
2013-06-07,Uttarakhand,Statewide,4.61,0.0,0.0,0.0,0.0,0.0,0.0,0,2013,6,158,1,15.89,36.42,2.8874736129583787,0.0,1.2246467991473532e-16,-1.0,4.61,0.0,0.0,36.42
2013-06-10,Assam,Kamrup,10.995000000000001,0.0,0.0,0.0,0.0,0.0,0.0,1,2013,6,161,1,10.995000000000001,10.995000000000001,10.995000000000001,0.0,1.2246467991473532e-16,-1.0,10.995000000000001,0.0,0.0,10.995000000000001
2013-06-10,Meghalaya,Statewide,7.2,0.0,0.0,0.0,0.0,0.0,0.0,0,2013,6,161,1,187.93,558.4899999999999,29.025301732219003,0.0,1.2246467991473532e-16,-1.0,7.2,0.0,0.0,558.4899999999999
2013-06-12,Unknown,Uttarakhand,3.72,0.0,0.0,0.0,0.0,0.0,0.0,1,2013,6,163,1,9.64,9.64,5.26,0.0,1.2246467991473532e-16,-1.0,3.72,0.0,0.0,9.64
2013-06-13,Jammu And Kashmir,Statewide,0.0,0.0,0.0,0.0,0.0,0.0,0.0,0,2013,6,164,1,0.0,11.56,0.006588365575342938,0.0,1.2246467991473532e-16,-1.0,0.0,0.0,0.0,11.56
2013-06-14,Andhra Pradesh,Adilabad,2.165,0.0,0.0,0.0,0.0,0.0,0.0,1,2013,6,165,1,2.165,2.165,2.165,0.0,1.2246467991473532e-16,-1.0,2.165,0.0,0.0,2.165
2013-06-14,Uttarakhand,12 Out Of 13 Districts Affected Badly And Worst Affected Chamoli,2.99,0.0,0.0,0.0,0.0,0.0,0.0,1,2013,6,165,1,2.99,2.99,2.99,0.0,1.2246467991473532e-16,-1.0,2.99,0.0,0.0,2.99
2013-06-16,Maharashtra,Pune And Thane,4.595,0.0,0.0,0.0,0.0,0.0,0.0,1,2013,6,167,1,4.595,4.595,4.595,0.0,1.2246467991473532e-16,-1.0,4.595,0.0,0.0,4.595
2013-06-16,New Delhi,Delhi,3.72,0.0,0.0,0.0,0.0,0.0,0.0,1,2013,6,167,1,3.72,3.72,3.72,0.0,1.2246467991473532e-16,-1.0,3.72,0.0,0.0,3.72
2013-06-17,Himachal Pradesh,Kinnaur,1.505,0.0,0.0,0.0,0.0,0.0,0.0,1,2013,6,168,1,1.505,1.505,1.505,0.0,1.2246467991473532e-16,-1.0,1.505,0.0,0.0,1.505
2013-06-17,Kerala,Kasaragod,10.59,0.0,0.0,0.0,0.0,0.0,0.0,1,2013,6,168,1,10.59,10.59,10.59,0.0,1.2246467991473532e-16,-1.0,10.59,0.0,0.0,10.59
2013-06-17,Uttar Pradesh,Muzaffar Nagar,1.0750000000000002,0.0,0.0,0.0,0.0,0.0,0.0,1,2013,6,168,1,1.0750000000000002,1.0750000000000002,1.0750000000000002,0.0,1.2246467991473532e-16,-1.0,1.0750000000000002,0.0,0.0,1.0750000000000002
2013-06-18,Bihar,Muzaffarpur,3.005,0.0,0.0,0.0,0.0,0.0,0.0,1,2013,6,169,1,3.005,3.005,3.005,0.0,1.2246467991473532e-16,-1.0,3.005,0.0,0.0,3.005
2013-06-18,Gujarat,Dahod,0.91,0.0,0.0,0.0,0.0,0.0,0.0,1,2013,6,169,1,0.91,0.91,0.91,0.0,1.2246467991473532e-16,-1.0,0.91,0.0,0.0,0.91
2013-06-18,Telangana,Statewide,0.09,0.0,0.0,0.0,0.0,0.0,0.0,0,2013,6,169,1,80.89999999999999,158.72,6.52144164454825,0.0,1.2246467991473532e-16,-1.0,0.09,0.0,0.0,158.72
2013-06-19,Haryana,Statewide,0.23,0.0,0.0,0.0,0.0,0.0,0.0,0,2013,6,170,1,76.25999999999999,83.57000000000001,8.011784480737186,0.0,1.2246467991473532e-16,-1.0,0.23,0.0,0.0,83.57000000000001
2013-06-19,Nagaland,Statewide,0.87,0.0,0.0,0.0,0.0,0.0,0.0,0,2013,6,170,1,23.279999999999983,129.60999999999999,3.2116659569779915,0.0,1.2246467991473532e-16,-1.0,0.87,0.0,0.0,129.60999999999999
2013-06-19,Uttar Pradesh,Barabanki And Bahraich,1.0750000000000002,0.0,0.0,0.0,0.0,0.0,0.0,1,2013,6,170,1,1.0750000000000002,1.0750000000000002,1.0750000000000002,0.0,1.2246467991473532e-16,-1.0,1.0750000000000002,0.0,0.0,1.0750000000000002
2013-06-20,Delhi,Statewide,0.66,0.0,0.0,0.0,0.0,0.0,0.0,0,2013,6,171,1,71.34,80.20000000000002,7.717784493636811,0.0,1.2246467991473532e-16,-1.0,0.66,0.0,0.0,80.20000000000002
2013-06-22,Maharashtra,Akola,4.595,0.0,0.0,0.0,0.0,0.0,0.0,1,2013,6,173,1,4.595,4.595,4.595,0.0,1.2246467991473532e-16,-1.0,4.595,0.0,0.0,4.595
2013-06-23,Unknown,Dhemaji,3.72,0.0,0.0,0.0,0.0,0.0,0.0,1,2013,6,174,1,3.72,3.72,3.72,0.0,1.2246467991473532e-16,-1.0,3.72,0.0,0.0,3.72
2013-06-23,Unknown,Statewide,3.72,0.0,0.0,0.0,0.0,0.0,0.0,1,2013,6,174,1,21.2,60.07,3.4829869324067624,0.0,1.2246467991473532e-16,-1.0,3.72,0.0,0.0,60.07
2013-06-24,Kerala,Kasaragod And Wayanad,10.59,0.0,0.0,0.0,0.0,0.0,0.0,1,2013,6,175,1,10.59,10.59,10.59,0.0,1.2246467991473532e-16,-1.0,10.59,0.0,0.0,10.59
2013-06-24,Maharashtra,Statewide,8.15,0.0,0.0,0.0,0.0,0.0,0.0,0,2013,6,175,1,45.83,251.37,7.2133915381875635,0.0,1.2246467991473532e-16,-1.0,8.15,0.0,0.0,251.37
2013-06-25,Chandigarh,Statewide,0.3,0.0,0.0,0.0,0.0,0.0,0.0,0,2013,6,176,1,4.600000000000015,188.79999999999998,1.9750766083002553,0.0,1.2246467991473532e-16,-1.0,0.3,0.0,0.0,188.79999999999998
2013-06-25,Kerala,Idukki,10.59,0.0,0.0,0.0,0.0,0.0,0.0,1,2013,6,176,1,10.59,10.59,3.177,0.0,1.2246467991473532e-16,-1.0,10.59,0.0,0.0,10.59
2013-06-25,Kerala,Statewide,53.01,0.0,0.0,0.0,0.0,0.0,0.0,0,2013,6,176,1,239.78,745.57,41.214117596512374,0.0,1.2246467991473532e-16,-1.0,53.01,0.0,0.0,745.57
2013-06-25,Uttar Pradesh,Faizabad,1.0750000000000002,0.0,0.0,0.0,0.0,0.0,0.0,1,2013,6,176,1,1.0750000000000002,1.0750000000000002,1.0750000000000002,0.0,1.2246467991473532e-16,-1.0,1.0750000000000002,0.0,0.0,1.0750000000000002
2013-06-26,Arunachal Pradesh,Changlang,11.825,0.0,0.0,0.0,0.0,0.0,0.0,1,2013,6,177,1,11.825,11.825,11.825,0.0,1.2246467991473532e-16,-1.0,11.825,0.0,0.0,11.825
2013-06-26,Assam,Dhemaji,10.995000000000001,0.0,0.0,0.0,0.0,0.0,0.0,1,2013,6,177,1,10.995000000000001,10.995000000000001,10.995000000000001,0.0,1.2246467991473532e-16,-1.0,10.995000000000001,0.0,0.0,10.995000000000001
2013-06-26,Chhattisgarh,Statewide,15.74,0.0,0.0,0.0,0.0,0.0,0.0,0,2013,6,177,1,83.95,251.17,15.445765180451671,0.0,1.2246467991473532e-16,-1.0,15.74,0.0,0.0,251.17
2013-06-26,Lakshadweep,Statewide,1411.2486338797814,0.0,0.0,0.0,0.0,0.0,0.0,0,2013,6,177,1,9880.536338797814,42374.65983606558,1411.448178506375,0.0,1.2246467991473532e-16,-1.0,1411.2486338797814,0.0,0.0,42374.65983606558
2013-06-26,Madhya Pradesh,Betul,2.3899999999999997,0.0,0.0,0.0,0.0,0.0,0.0,1,2013,6,177,1,2.3899999999999997,2.3899999999999997,2.3899999999999997,0.0,1.2246467991473532e-16,-1.0,2.3899999999999997,0.0,0.0,2.3899999999999997
2013-06-27,Kerala,Alappuzha,10.59,0.0,0.0,0.0,0.0,0.0,0.0,1,2013,6,178,1,12.684999999999999,12.684999999999999,4.6434999999999995,0.0,1.2246467991473532e-16,-1.0,10.59,0.0,0.0,12.684999999999999
2013-06-28,Haryana,Statewide,6.82,0.0,0.0,0.0,0.0,0.0,0.0,0,2013,6,179,1,10.359999999999992,93.08,2.778488727364367,0.0,1.2246467991473532e-16,-1.0,6.82,0.0,0.0,93.08
2013-06-28,Karnataka,Statewide,4.18,0.0,0.0,0.0,0.0,0.0,0.0,0,2013,6,179,1,53.39999999999999,202.22,7.367302246291346,0.0,1.2246467991473532e-16,-1.0,4.18,0.0,0.0,202.22
2013-07-05,Puducherry,Statewide,2.09,0.0,0.0,0.0,0.0,0.0,0.0,0,2013,7,186,1,20.340000000000025,93.33999999999999,2.7355515144187956,0.0,-0.4999999999999997,-0.8660254037844388,2.09,0.0,0.0,93.33999999999999
2013-07-06,Maharashtra,Pune,10.58,0.0,0.0,0.0,0.0,0.0,0.0,1,2013,7,187,1,10.58,10.58,10.58,0.0,-0.4999999999999997,-0.8660254037844388,10.58,0.0,0.0,10.58
2013-07-08,Bihar,Bhojpur And Monghyr,7.455,0.0,0.0,0.0,0.0,0.0,0.0,1,2013,7,189,1,7.455,7.455,7.455,0.0,-0.4999999999999997,-0.8660254037844388,7.455,0.0,0.0,7.455
2013-07-09,Assam,Bongaigaon,11.5,0.0,0.0,0.0,0.0,0.0,0.0,1,2013,7,190,1,19.1,19.1,8.77,0.0,-0.4999999999999997,-0.8660254037844388,11.5,0.0,0.0,19.1
2013-07-09,Unknown,Sultanpur,7.83,0.0,0.0,0.0,0.0,0.0,0.0,1,2013,7,190,1,7.83,7.83,7.83,0.0,-0.4999999999999997,-0.8660254037844388,7.83,0.0,0.0,7.83
2013-07-12,Delhi,Statewide,0.25,0.0,0.0,0.0,0.0,0.0,0.0,0,2013,7,193,1,36.17,120.51,5.057042920036659,0.0,-0.4999999999999997,-0.8660254037844388,0.25,0.0,0.0,120.51
2013-07-13,Chhattisgarh,Bilaspur,10.58,0.0,0.0,0.0,0.0,0.0,0.0,1,2013,7,194,1,10.58,10.58,10.58,0.0,-0.4999999999999997,-0.8660254037844388,10.58,0.0,0.0,10.58
2013-07-13,Madhya Pradesh,Betul And Harda,10.15,0.0,0.0,0.0,0.0,0.0,0.0,1,2013,7,194,1,10.15,10.15,10.15,0.0,-0.4999999999999997,-0.8660254037844388,10.15,0.0,0.0,10.15
2013-07-14,Maharashtra,Amaravati,10.58,0.0,0.0,0.0,0.0,0.0,0.0,1,2013,7,195,1,10.58,10.58,3.174,0.0,-0.4999999999999997,-0.8660254037844388,10.58,0.0,0.0,10.58
2013-07-14,Nagaland,Statewide,4.38,0.0,0.0,0.0,0.0,0.0,0.0,0,2013,7,195,1,104.25999999999996,353.65999999999997,12.110180189695713,0.0,-0.4999999999999997,-0.8660254037844388,4.38,0.0,0.0,353.65999999999997
2013-07-15,Karnataka,Bellary And Shimoga,7.965,0.0,0.0,0.0,0.0,0.0,0.0,1,2013,7,196,1,7.965,7.965,7.965,0.0,-0.4999999999999997,-0.8660254037844388,7.965,0.0,0.0,7.965
2013-07-15,Telangana,Statewide,6.18,0.0,0.0,0.0,0.0,0.0,0.0,0,2013,7,196,1,86.74000000000001,190.62,9.884735848234238,0.0,-0.4999999999999997,-0.8660254037844388,6.18,0.0,0.0,190.62
2013-07-15,Uttar Pradesh,Faizabad,6.385,0.0,0.0,0.0,0.0,0.0,0.0,1,2013,7,196,1,7.46,7.46,2.6679999999999997,0.0,-0.4999999999999997,-0.8660254037844388,6.385,0.0,0.0,7.46
2013-07-16,Andhra Pradesh,Adilabad,3.55,0.0,0.0,0.0,0.0,0.0,0.0,1,2013,7,197,1,5.715,5.715,2.5805,0.0,-0.4999999999999997,-0.8660254037844388,3.55,0.0,0.0,5.715
2013-07-16,Delhi,Statewide,0.0,0.0,0.0,0.0,0.0,0.0,0.0,0,2013,7,197,1,45.92,126.18000000000002,3.8330850051008016,0.0,-0.4999999999999997,-0.8660254037844388,0.0,0.0,0.0,126.18000000000002
2013-07-16,Himachal Pradesh,Mandi,7.13,0.0,0.0,0.0,0.0,0.0,0.0,1,2013,7,197,1,7.13,7.13,7.13,0.0,-0.4999999999999997,-0.8660254037844388,7.13,0.0,0.0,7.13
2013-07-16,Jharkhand,Statewide,2.04,0.0,0.0,0.0,0.0,0.0,0.0,0,2013,7,197,1,45.7,180.61999999999998,4.932092513071625,0.0,-0.4999999999999997,-0.8660254037844388,2.04,0.0,0.0,180.61999999999998
2013-07-19,Assam,Dibrugarh,11.5,0.0,0.0,0.0,0.0,0.0,0.0,1,2013,7,200,1,11.5,11.5,11.5,0.0,-0.4999999999999997,-0.8660254037844388,11.5,0.0,0.0,11.5
2013-07-19,Kerala,Thiruvananthapuram,14.315000000000001,0.0,0.0,0.0,0.0,0.0,0.0,1,2013,7,200,1,18.515,18.515,5.167365,0.0,-0.4999999999999997,-0.8660254037844388,14.315000000000001,0.0,0.0,18.515
2013-07-20,Jammu & Kashmir,Jammu,7.83,0.0,0.0,0.0,0.0,0.0,0.0,1,2013,7,201,1,7.83,7.83,7.83,0.0,-0.4999999999999997,-0.8660254037844388,7.83,0.0,0.0,7.83
2013-07-20,Karnataka,Davanagere,7.965,0.0,0.0,0.0,0.0,0.0,0.0,1,2013,7,201,1,7.965,7.965,7.965,0.0,-0.4999999999999997,-0.8660254037844388,7.965,0.0,0.0,7.965
2013-07-21,Tamil Nadu,Statewide,2.56,0.0,0.0,0.0,0.0,0.0,0.0,0,2013,7,202,1,13.34,45.86,2.3201289947078734,0.0,-0.4999999999999997,-0.8660254037844388,2.56,0.0,0.0,45.86
2013-07-23,Chandigarh,Statewide,0.4,0.0,0.0,0.0,0.0,0.0,0.0,0,2013,7,204,1,63.50000000000002,200.89999999999998,6.471621241726027,0.0,-0.4999999999999997,-0.8660254037844388,0.4,0.0,0.0,200.89999999999998
2013-07-23,Kerala,Ernakulam,14.315000000000001,0.0,0.0,0.0,0.0,0.0,0.0,1,2013,7,204,1,14.315000000000001,14.315000000000001,14.315000000000001,0.0,-0.4999999999999997,-0.8660254037844388,14.315000000000001,0.0,0.0,14.315000000000001
2013-07-24,Himachal Pradesh,Mandi,7.13,0.0,0.0,0.0,0.0,0.0,0.0,1,2013,7,205,1,14.26,14.26,7.13,0.0,-0.4999999999999997,-0.8660254037844388,7.13,0.0,0.0,14.26
2013-07-24,Maharashtra,Buldhana,10.58,0.0,0.0,0.0,0.0,0.0,0.0,1,2013,7,205,1,10.58,10.58,10.58,0.0,-0.4999999999999997,-0.8660254037844388,10.58,0.0,0.0,10.58
2013-07-25,Karnataka,Uttara Kannada,7.965,0.0,0.0,0.0,0.0,0.0,0.0,1,2013,7,206,1,7.965,7.965,7.965,0.0,-0.4999999999999997,-0.8660254037844388,7.965,0.0,0.0,7.965
2013-07-26,Kerala,Statewide,30.06,0.0,0.0,0.0,0.0,0.0,0.0,0,2013,7,207,1,190.76999999999998,694.49,27.712853099788852,0.0,-0.4999999999999997,-0.8660254037844388,30.06,0.0,0.0,694.49
2013-07-26,Ladakh,Statewide,1.7,0.0,0.0,0.0,0.0,0.0,0.0,0,2013,7,207,1,11.9,44.199999999999996,1.6998404143365127,0.0,-0.4999999999999997,-0.8660254037844388,1.7,0.0,0.0,44.199999999999996
2013-07-26,Uttar Pradesh,Balrampur,6.385,0.0,0.0,0.0,0.0,0.0,0.0,1,2013,7,207,1,6.385,6.385,6.385,0.0,-0.4999999999999997,-0.8660254037844388,6.385,0.0,0.0,6.385
2013-07-27,Karnataka,Statewide,10.17,0.0,0.0,0.0,0.0,0.0,0.0,0,2013,7,208,1,91.25,305.12,12.540084126471687,0.0,-0.4999999999999997,-0.8660254037844388,10.17,0.0,0.0,305.12
2013-07-29,Delhi,Statewide,0.0,0.0,0.0,0.0,0.0,0.0,0.0,0,2013,7,210,1,35.27,169.61,4.557644256726824,0.0,-0.4999999999999997,-0.8660254037844388,0.0,0.0,0.0,169.61
2013-07-29,Kerala,Pathanamthitta,14.315000000000001,0.0,0.0,0.0,0.0,0.0,0.0,1,2013,7,210,1,14.315000000000001,14.315000000000001,14.315000000000001,0.0,-0.4999999999999997,-0.8660254037844388,14.315000000000001,0.0,0.0,14.315000000000001
2013-07-30,Bihar,Statewide,0.42,0.0,0.0,0.0,0.0,0.0,0.0,0,2013,7,211,1,31.200000000000003,175.66,4.2847807251798375,0.0,-0.4999999999999997,-0.8660254037844388,0.42,0.0,0.0,175.66
2013-07-30,Chandigarh,Statewide,9.8,0.0,0.0,0.0,0.0,0.0,0.0,0,2013,7,211,1,43.90000000000002,203.79999999999998,8.784876777227476,0.0,-0.4999999999999997,-0.8660254037844388,9.8,0.0,0.0,203.79999999999998
2013-07-30,Chhattisgarh,Durg,10.58,0.0,0.0,0.0,0.0,0.0,0.0,1,2013,7,211,1,10.58,10.58,10.58,0.0,-0.4999999999999997,-0.8660254037844388,10.58,0.0,0.0,10.58
2013-07-30,Jammu & Kashmir,Anantanag,7.83,0.0,0.0,0.0,0.0,0.0,0.0,1,2013,7,211,1,8.58,8.58,2.8739999999999997,0.0,-0.4999999999999997,-0.8660254037844388,7.83,0.0,0.0,8.58
2013-07-31,Andhra Pradesh,Adilabad,3.55,0.0,0.0,0.0,0.0,0.0,0.0,1,2013,7,212,1,9.265,9.265,2.8713499999999996,0.0,-0.4999999999999997,-0.8660254037844388,3.55,0.0,0.0,9.265
2013-07-31,Maharashtra,Statewide,28.02,0.0,0.0,0.0,0.0,0.0,0.0,0,2013,7,212,1,88.69,489.53,15.322112280498784,0.0,-0.4999999999999997,-0.8660254037844388,28.02,0.0,0.0,489.53
2013-08-03,Arunachal Pradesh,Statewide,2.08,0.0,0.0,0.0,0.0,0.0,0.0,0,2013,8,215,1,41.43,362.65,5.6413614398878,0.0,-0.8660254037844385,-0.5000000000000004,2.08,0.0,0.0,362.65
2013-08-03,Chhattisgarh,Statewide,3.13,0.0,0.0,0.0,0.0,0.0,0.0,0,2013,8,215,1,115.65,401.19,14.220901394297824,0.0,-0.8660254037844385,-0.5000000000000004,3.13,0.0,0.0,401.19
2013-08-03,West Bengal,Statewide,2.09,0.0,0.0,0.0,0.0,0.0,0.0,0,2013,8,215,1,81.58000000000001,343.91,8.137632740330405,0.0,-0.8660254037844385,-0.5000000000000004,2.09,0.0,0.0,343.91
2013-08-04,Rajasthan,Statewide,5.15,0.0,0.0,0.0,0.0,0.0,0.0,0,2013,8,216,1,47.89000000000001,208.29,6.479913156667324,0.0,-0.8660254037844385,-0.5000000000000004,5.15,0.0,0.0,208.29
2013-08-05,Odisha,Statewide,8.35,0.0,0.0,0.0,0.0,0.0,0.0,0,2013,8,217,1,86.26,354.51,7.71137551946463,0.0,-0.8660254037844385,-0.5000000000000004,8.35,0.0,0.0,354.51
2013-08-06,Kerala,Thiruvananthapuram And Thrissur,7.04,0.0,0.0,0.0,0.0,0.0,0.0,1,2013,8,218,1,7.04,7.04,7.04,0.0,-0.8660254037844385,-0.5000000000000004,7.04,0.0,0.0,7.04
2013-08-06,Kerala,Wayanad,7.04,0.0,0.0,0.0,0.0,0.0,0.0,1,2013,8,218,1,9.425,9.425,2.5881855,0.0,-0.8660254037844385,-0.5000000000000004,7.04,0.0,0.0,9.425
2013-08-06,Rajasthan,Kota,4.11,0.0,0.0,0.0,0.0,0.0,0.0,1,2013,8,218,1,4.11,4.11,4.11,0.0,-0.8660254037844385,-0.5000000000000004,4.11,0.0,0.0,4.11
2013-08-06,West Bengal,Statewide,10.74,0.0,0.0,0.0,0.0,0.0,0.0,0,2013,8,218,1,47.44,322.64,8.396078029933328,0.0,-0.8660254037844385,-0.5000000000000004,10.74,0.0,0.0,322.64
2013-08-08,Uttar Pradesh,Statewide,8.27,0.0,0.0,0.0,0.0,0.0,0.0,0,2013,8,220,1,44.169999999999995,216.18,8.419171063805777,0.0,-0.8660254037844385,-0.5000000000000004,8.27,0.0,0.0,216.18
2013-08-13,Andhra Pradesh,Statewide,6.85,0.0,0.0,0.0,0.0,0.0,0.0,0,2013,8,225,1,26.179999999999975,108.1,5.180516148599169,0.0,-0.8660254037844385,-0.5000000000000004,6.85,0.0,0.0,108.1
2013-08-13,Himachal Pradesh,Chamba,5.3,0.0,0.0,0.0,0.0,0.0,0.0,1,2013,8,225,1,5.345,5.345,1.6215,0.0,-0.8660254037844385,-0.5000000000000004,5.3,0.0,0.0,5.345
2013-08-14,Jammu & Kashmir,Poonch And Ramban,5.92,0.0,0.0,0.0,0.0,0.0,0.0,1,2013,8,226,1,5.92,5.92,5.92,0.0,-0.8660254037844385,-0.5000000000000004,5.92,0.0,0.0,5.92
2013-08-14,Ladakh,Statewide,1.04,0.0,0.0,0.0,0.0,0.0,0.0,0,2013,8,226,1,7.28,41.76,1.0444760903707782,0.0,-0.8660254037844385,-0.5000000000000004,1.04,0.0,0.0,41.76
2013-08-16,Andhra Pradesh,Khammam,3.2,0.0,0.0,0.0,0.0,0.0,0.0,1,2013,8,228,1,3.2,3.2,3.2,0.0,-0.8660254037844385,-0.5000000000000004,3.2,0.0,0.0,3.2
2013-08-16,Nagaland,Statewide,29.92,0.0,0.0,0.0,0.0,0.0,0.0,0,2013,8,228,1,109.92999999999998,361.39000000000004,19.515889402950318,0.0,-0.8660254037844385,-0.5000000000000004,29.92,0.0,0.0,361.39000000000004
2013-08-17,Uttar Pradesh,Kannauj,5.24,0.0,0.0,0.0,0.0,0.0,0.0,1,2013,8,229,1,5.24,5.24,5.24,0.0,-0.8660254037844385,-0.5000000000000004,5.24,0.0,0.0,5.24
2013-08-18,Assam,Sibsagar,8.08,0.0,0.0,0.0,0.0,0.0,0.0,1,2013,8,230,1,8.08,8.08,8.08,0.0,-0.8660254037844385,-0.5000000000000004,8.08,0.0,0.0,8.08
2013-08-18,Bihar,Bhagalpur,5.92,0.0,0.0,0.0,0.0,0.0,0.0,1,2013,8,230,1,5.92,5.92,5.92,0.0,-0.8660254037844385,-0.5000000000000004,5.92,0.0,0.0,5.92
2013-08-19,Jammu & Kashmir,Baramulla And Pulwama,5.92,0.0,0.0,0.0,0.0,0.0,0.0,1,2013,8,231,1,5.92,5.92,5.92,0.0,-0.8660254037844385,-0.5000000000000004,5.92,0.0,0.0,5.92
2013-08-19,Jharkhand,Deoghar,6.53,0.0,0.0,0.0,0.0,0.0,0.0,1,2013,8,231,1,6.53,6.53,6.53,0.0,-0.8660254037844385,-0.5000000000000004,6.53,0.0,0.0,6.53
2013-08-22,Mizoram,Statewide,5.49,0.0,0.0,0.0,0.0,0.0,0.0,0,2013,8,234,1,85.01000000000005,344.96999999999997,11.03259310884308,0.0,-0.8660254037844385,-0.5000000000000004,5.49,0.0,0.0,344.96999999999997
2013-08-22,Unknown,Bhopal,5.92,0.0,0.0,0.0,0.0,0.0,0.0,1,2013,8,234,1,5.92,5.92,5.92,0.0,-0.8660254037844385,-0.5000000000000004,5.92,0.0,0.0,5.92
2013-08-23,Madhya Pradesh,Sehore,7.98,0.0,0.0,0.0,0.0,0.0,0.0,1,2013,8,235,1,7.98,7.98,7.98,0.0,-0.8660254037844385,-0.5000000000000004,7.98,0.0,0.0,7.98
2013-08-23,Odisha,Bhadrak,7.21,0.0,0.0,0.0,0.0,0.0,0.0,1,2013,8,235,1,7.21,7.21,2.163,0.0,-0.8660254037844385,-0.5000000000000004,7.21,0.0,0.0,7.21
2013-08-24,Delhi,Statewide,0.06,0.0,0.0,0.0,0.0,0.0,0.0,0,2013,8,236,1,69.80000000000001,232.65,7.132032653676928,0.0,-0.8660254037844385,-0.5000000000000004,0.06,0.0,0.0,232.65
2013-08-25,Sikkim,Statewide,9.01,0.0,0.0,0.0,0.0,0.0,0.0,0,2013,8,237,1,67.27000000000001,371.69,8.490608280790527,0.0,-0.8660254037844385,-0.5000000000000004,9.01,0.0,0.0,371.69
2013-08-25,West Bengal,Statewide,0.56,0.0,0.0,0.0,0.0,0.0,0.0,0,2013,8,237,1,127.97,409.76,9.35205168246944,0.0,-0.8660254037844385,-0.5000000000000004,0.56,0.0,0.0,409.76
2013-08-26,Bihar,Gopalganj,5.92,0.0,0.0,0.0,0.0,0.0,0.0,1,2013,8,238,1,5.92,5.92,5.92,0.0,-0.8660254037844385,-0.5000000000000004,5.92,0.0,0.0,5.92
2013-08-26,Chhattisgarh,Statewide,0.45,0.0,0.0,0.0,0.0,0.0,0.0,0,2013,8,238,1,52.04,353.40999999999997,4.64473034795308,0.0,-0.8660254037844385,-0.5000000000000004,0.45,0.0,0.0,353.40999999999997
2013-08-29,Assam,Golaghat,8.08,0.0,0.0,0.0,0.0,0.0,0.0,1,2013,8,241,1,8.08,8.08,8.08,0.0,-0.8660254037844385,-0.5000000000000004,8.08,0.0,0.0,8.08
2013-08-29,Haryana,Statewide,1.55,0.0,0.0,0.0,0.0,0.0,0.0,0,2013,8,241,1,6.499999999999993,192.6,1.5851108250780688,0.0,-0.8660254037844385,-0.5000000000000004,1.55,0.0,0.0,192.6
2013-09-01,Madhya Pradesh,Statewide,0.9,0.0,0.0,0.0,0.0,0.0,0.0,0,2013,9,244,1,41.33,400.65,6.462715587300053,0.0,-1.0,-1.8369701987210297e-16,0.9,0.0,0.0,400.65
2013-09-03,Kerala,Wayand,6.12,0.0,0.0,0.0,0.0,0.0,0.0,1,2013,9,246,1,6.12,6.12,6.12,0.0,-1.0,-1.8369701987210297e-16,6.12,0.0,0.0,6.12
2013-09-06,Goa,Statewide,3.93,0.0,0.0,0.0,0.0,0.0,0.0,0,2013,9,249,1,8.999999999999943,426.77000000000004,2.2202198566739426,0.0,-1.0,-1.8369701987210297e-16,3.93,0.0,0.0,426.77000000000004
2013-09-06,Maharashtra,Mumbai,4.88,0.0,0.0,0.0,0.0,0.0,0.0,1,2013,9,249,1,4.88,4.88,4.88,0.0,-1.0,-1.8369701987210297e-16,4.88,0.0,0.0,4.88
2013-09-08,Jammu & Kashmir,Jammu,3.74,0.0,0.0,0.0,0.0,0.0,0.0,1,2013,9,251,1,11.57,11.57,6.603,0.0,-1.0,-1.8369701987210297e-16,3.74,0.0,0.0,11.57
2013-09-09,Goa,Statewide,7.19,0.0,0.0,0.0,0.0,0.0,0.0,0,2013,9,252,1,26.86999999999994,417.81000000000006,5.285025410839161,0.0,-1.0,-1.8369701987210297e-16,7.19,0.0,0.0,417.81000000000006
2013-09-09,Himachal Pradesh,Shimla,1.2,0.0,0.0,0.0,0.0,0.0,0.0,1,2013,9,252,1,1.2,1.2,1.2,0.0,-1.0,-1.8369701987210297e-16,1.2,0.0,0.0,1.2
2013-09-09,Jammu & Kashmir,Rajouri,3.74,0.0,0.0,0.0,0.0,0.0,0.0,1,2013,9,252,1,3.74,3.74,3.74,0.0,-1.0,-1.8369701987210297e-16,3.74,0.0,0.0,3.74
2013-09-10,Karnataka,Statewide,10.37,0.0,0.0,0.0,0.0,0.0,0.0,0,2013,9,253,1,57.89999999999999,165.96,10.313137747338297,0.0,-1.0,-1.8369701987210297e-16,10.37,0.0,0.0,165.96
2013-09-10,Odisha,Statewide,5.23,0.0,0.0,0.0,0.0,0.0,0.0,0,2013,9,253,1,45.43000000000001,235.69,6.2608070263914435,0.0,-1.0,-1.8369701987210297e-16,5.23,0.0,0.0,235.69
2013-09-13,Andhra Pradesh,Guntur And Kadapa,3.825,0.0,0.0,0.0,0.0,0.0,0.0,1,2013,9,256,1,3.825,3.825,3.825,0.0,-1.0,-1.8369701987210297e-16,3.825,0.0,0.0,3.825
2013-09-13,Jammu & Kashmir,Shopian,3.74,0.0,0.0,0.0,0.0,0.0,0.0,1,2013,9,256,1,3.74,3.74,3.74,0.0,-1.0,-1.8369701987210297e-16,3.74,0.0,0.0,3.74
2013-09-14,Delhi,Statewide,0.03,0.0,0.0,0.0,0.0,0.0,0.0,0,2013,9,257,1,0.9700000000000071,132.41,0.09566254559509535,0.0,-1.0,-1.8369701987210297e-16,0.03,0.0,0.0,132.41
2013-09-15,Himachal Pradesh,Bilaspur,1.2,0.0,0.0,0.0,0.0,0.0,0.0,1,2013,9,258,1,1.2,1.2,1.2,0.0,-1.0,-1.8369701987210297e-16,1.2,0.0,0.0,1.2
2013-09-16,Arunachal Pradesh,Statewide,0.27,0.0,0.0,0.0,0.0,0.0,0.0,0,2013,9,259,1,16.0,358.60999999999996,2.817448247985409,0.0,-1.0,-1.8369701987210297e-16,0.27,0.0,0.0,358.60999999999996
2013-09-16,Odisha,Cuttack,5.1,0.0,0.0,0.0,0.0,0.0,0.0,1,2013,9,259,1,5.1,5.1,5.1,0.0,-1.0,-1.8369701987210297e-16,5.1,0.0,0.0,5.1
2013-09-17,Kerala,Thiruvananthapuram,6.12,0.0,0.0,0.0,0.0,0.0,0.0,1,2013,9,260,1,24.635,24.635,5.453155499999999,0.0,-1.0,-1.8369701987210297e-16,6.12,0.0,0.0,24.635
2013-09-17,Manipur,Statewide,0.05,0.0,0.0,0.0,0.0,0.0,0.0,0,2013,9,260,1,59.58,258.88,10.83936409138778,0.0,-1.0,-1.8369701987210297e-16,0.05,0.0,0.0,258.88
2013-09-18,Punjab,Statewide,0.0,0.0,0.0,0.0,0.0,0.0,0.0,0,2013,9,261,1,4.819999999999999,38.339999999999996,0.8243951882451398,0.0,-1.0,-1.8369701987210297e-16,0.0,0.0,0.0,38.339999999999996
2013-09-19,Maharashtra,Pune,4.88,0.0,0.0,0.0,0.0,0.0,0.0,1,2013,9,262,1,15.46,15.46,8.87,0.0,-1.0,-1.8369701987210297e-16,4.88,0.0,0.0,15.46
2013-09-19,Rajasthan,Statewide,0.09,0.0,0.0,0.0,0.0,0.0,0.0,0,2013,9,262,1,4.210000000000007,30.650000000000002,0.5173170448411168,0.0,-1.0,-1.8369701987210297e-16,0.09,0.0,0.0,30.650000000000002
2013-09-19,Telangana,Statewide,8.28,0.0,0.0,0.0,0.0,0.0,0.0,0,2013,9,262,1,47.99,138.84,8.084399196475283,0.0,-1.0,-1.8369701987210297e-16,8.28,0.0,0.0,138.84
2013-09-21,Manipur,Statewide,0.55,0.0,0.0,0.0,0.0,0.0,0.0,0,2013,9,264,1,51.989999999999995,242.38,2.9616133183422058,0.0,-1.0,-1.8369701987210297e-16,0.55,0.0,0.0,242.38
2013-09-21,Mizoram,Statewide,6.73,0.0,0.0,0.0,0.0,0.0,0.0,0,2013,9,264,1,114.11000000000003,306.69,10.962038270663104,0.0,-1.0,-1.8369701987210297e-16,6.73,0.0,0.0,306.69
2013-09-22,Gujarat,Statewide,7.39,0.0,0.0,0.0,0.0,0.0,0.0,0,2013,9,265,1,15.260000000000007,51.34,2.8413176770721527,0.0,-1.0,-1.8369701987210297e-16,7.39,0.0,0.0,51.34
2013-09-23,Madhya Pradesh,Statewide,9.81,0.0,0.0,0.0,0.0,0.0,0.0,0,2013,9,266,1,59.21,123.05,10.696510415754224,0.0,-1.0,-1.8369701987210297e-16,9.81,0.0,0.0,123.05
2013-09-24,Assam,Statewide,2.84,0.0,0.0,0.0,0.0,0.0,0.0,0,2013,9,267,1,23.47,229.16,2.8927901943180125,0.0,-1.0,-1.8369701987210297e-16,2.84,0.0,0.0,229.16
2013-09-26,Gujarat,Most Gujarat,1.82,0.0,0.0,0.0,0.0,0.0,0.0,1,2013,9,269,1,1.82,1.82,1.82,0.0,-1.0,-1.8369701987210297e-16,1.82,0.0,0.0,1.82
2013-09-26,Maharashtra,Nandurbar,4.88,0.0,0.0,0.0,0.0,0.0,0.0,1,2013,9,269,1,4.88,4.88,4.88,0.0,-1.0,-1.8369701987210297e-16,4.88,0.0,0.0,4.88
2013-09-27,Maharashtra,Statewide,1.46,0.0,0.0,0.0,0.0,0.0,0.0,0,2013,9,270,1,43.65,183.8,4.533876710701401,0.0,-1.0,-1.8369701987210297e-16,1.46,0.0,0.0,183.8
2013-09-29,Karnataka,Statewide,0.31,0.0,0.0,0.0,0.0,0.0,0.0,0,2013,9,272,1,5.959999999999992,212.33,1.1499074516427232,0.0,-1.0,-1.8369701987210297e-16,0.31,0.0,0.0,212.33
2013-09-29,Puducherry,Statewide,1.48,0.0,0.0,0.0,0.0,0.0,0.0,0,2013,9,272,1,2.3400000000000283,120.64000000000001,0.7823582170711179,0.0,-1.0,-1.8369701987210297e-16,1.48,0.0,0.0,120.64000000000001
2013-10-03,Lakshadweep,Statewide,1402.7822404371584,0.0,0.0,0.0,0.0,0.0,0.0,0,2013,10,276,0,9821.271584699454,42120.66803278689,1402.9817850637519,0.0,-0.8660254037844386,0.5000000000000001,1402.7822404371584,0.0,0.0,42120.66803278689
2013-10-04,Haryana,Statewide,0.04,0.0,0.0,0.0,0.0,0.0,0.0,0,2013,10,277,0,5.589999999999993,38.059999999999995,0.5609240793308932,0.0,-0.8660254037844386,0.5000000000000001,0.04,0.0,0.0,38.059999999999995
2013-10-05,Kerala,Statewide,0.15,0.0,0.0,0.0,0.0,0.0,0.0,0,2013,10,278,0,19.62,271.71000000000004,2.1709876127850563,0.0,-0.8660254037844386,0.5000000000000001,0.15,0.0,0.0,271.71000000000004
2013-10-06,Karnataka,Dakshina Kannada,2.27,0.0,0.0,0.0,0.0,0.0,0.0,1,2013,10,279,0,2.27,2.27,2.27,0.0,-0.8660254037844386,0.5000000000000001,2.27,0.0,0.0,2.27
2013-10-07,Kerala,Statewide,1.45,0.0,0.0,0.0,0.0,0.0,0.0,0,2013,10,280,0,20.82,253.64,2.357683930264677,0.0,-0.8660254037844386,0.5000000000000001,1.45,0.0,0.0,253.64
2013-10-08,Assam,Goalpara And Jorhat,0.58,0.0,0.0,0.0,0.0,0.0,0.0,1,2013,10,281,0,0.58,0.58,0.58,0.0,-0.8660254037844386,0.5000000000000001,0.58,0.0,0.0,0.58
2013-10-08,Kerala,Wayanad,5.73,0.0,0.0,0.0,0.0,0.0,0.0,1,2013,10,281,0,15.155000000000001,15.155000000000001,3.5307298499999997,0.0,-0.8660254037844386,0.5000000000000001,5.73,0.0,0.0,15.155000000000001
2013-10-08,Odisha,Koraput,0.86,0.0,0.0,0.0,0.0,0.0,0.0,1,2013,10,281,0,0.86,0.86,0.86,0.0,-0.8660254037844386,0.5000000000000001,0.86,0.0,0.0,0.86
2013-10-10,Andaman And Nicobar Islands,Statewide,9.27,0.0,0.0,0.0,0.0,0.0,0.0,0,2013,10,283,0,83.5,388.81,11.041655153413767,0.0,-0.8660254037844386,0.5000000000000001,9.27,0.0,0.0,388.81
2013-10-10,Himachal Pradesh,Statewide,0.84,0.0,0.0,0.0,0.0,0.0,0.0,0,2013,10,283,0,7.680000000000008,70.58,1.4725049718723142,0.0,-0.8660254037844386,0.5000000000000001,0.84,0.0,0.0,70.58
2013-10-10,Tamil Nadu,Statewide,4.73,0.0,0.0,0.0,0.0,0.0,0.0,0,2013,10,283,0,25.86,77.74000000000001,5.101606838828098,0.0,-0.8660254037844386,0.5000000000000001,4.73,0.0,0.0,77.74000000000001
2013-10-11,Ladakh,Statewide,2.12,0.0,0.0,0.0,0.0,0.0,0.0,0,2013,10,284,0,14.84,37.76,2.0931084810892333,0.0,-0.8660254037844386,0.5000000000000001,2.12,0.0,0.0,37.76
2013-10-12,West Bengal,Statewide,0.89,0.0,0.0,0.0,0.0,0.0,0.0,0,2013,10,285,0,53.3,228.54000000000002,4.059608569960027,0.0,-0.8660254037844386,0.5000000000000001,0.89,0.0,0.0,228.54000000000002
2013-10-14,Assam,Statewide,0.2,0.0,0.0,0.0,0.0,0.0,0.0,0,2013,10,287,0,1.93,168.03,1.5172767708942503,0.0,-0.8660254037844386,0.5000000000000001,0.2,0.0,0.0,168.03
2013-10-15,Goa,Statewide,2.29,0.0,0.0,0.0,0.0,0.0,0.0,0,2013,10,288,0,16.93999999999994,378.95000000000005,3.8258358950109566,0.0,-0.8660254037844386,0.5000000000000001,2.29,0.0,0.0,378.95000000000005
2013-10-15,Tamil Nadu,Coimbatore And Cuddalore,2.63,0.0,0.0,0.0,0.0,0.0,0.0,1,2013,10,288,0,2.63,2.63,2.63,0.0,-0.8660254037844386,0.5000000000000001,2.63,0.0,0.0,2.63
2013-10-16,Uttar Pradesh,Statewide,1.7,0.0,0.0,0.0,0.0,0.0,0.0,0,2013,10,289,0,28.879999999999992,122.2,4.402212005049158,0.0,-0.8660254037844386,0.5000000000000001,1.7,0.0,0.0,122.2
2013-10-17,Maharashtra,Statewide,0.92,0.0,0.0,0.0,0.0,0.0,0.0,0,2013,10,290,0,19.87,172.95,2.0653194943964674,0.0,-0.8660254037844386,0.5000000000000001,0.92,0.0,0.0,172.95
2013-10-18,Assam,Statewide,0.22,0.0,0.0,0.0,0.0,0.0,0.0,0,2013,10,291,0,2.38,157.65,0.7113621526917093,0.0,-0.8660254037844386,0.5000000000000001,0.22,0.0,0.0,157.65
2013-10-18,Gujarat,Statewide,0.0,0.0,0.0,0.0,0.0,0.0,0.0,0,2013,10,291,0,2.52,316.93,0.6565570404780373,0.0,-0.8660254037844386,0.5000000000000001,0.0,0.0,0.0,316.93
2013-10-18,Himachal Pradesh,Statewide,0.0,0.0,0.0,0.0,0.0,0.0,0.0,0,2013,10,291,0,8.590000000000005,69.34,0.4831527877435447,0.0,-0.8660254037844386,0.5000000000000001,0.0,0.0,0.0,69.34
2013-10-18,Sikkim,Statewide,8.04,0.0,0.0,0.0,0.0,0.0,0.0,0,2013,10,291,0,117.32,229.06,13.810628059023294,0.0,-0.8660254037844386,0.5000000000000001,8.04,0.0,0.0,229.06
2013-10-19,Chhattisgarh,Statewide,0.0,0.0,0.0,0.0,0.0,0.0,0.0,0,2013,10,292,0,21.19,207.15,1.4410703306336767,0.0,-0.8660254037844386,0.5000000000000001,0.0,0.0,0.0,207.15
2013-10-20,Andhra Pradesh,East Godavari,1.95,0.0,0.0,0.0,0.0,0.0,0.0,1,2013,10,293,0,1.95,1.95,0.585,0.0,-0.8660254037844386,0.5000000000000001,1.95,0.0,0.0,1.95
2013-10-20,Chandigarh,Statewide,0.0,0.0,0.0,0.0,0.0,0.0,0.0,0,2013,10,293,0,0.0,75.99999999999997,0.09628368544766566,0.0,-0.8660254037844386,0.5000000000000001,0.0,0.0,0.0,75.99999999999997
2013-10-20,Tamil Nadu,Coimbatore And Tiruvannamalai,2.63,0.0,0.0,0.0,0.0,0.0,0.0,1,2013,10,293,0,2.63,2.63,2.63,0.0,-0.8660254037844386,0.5000000000000001,2.63,0.0,0.0,2.63
2013-10-21,Unknown,Orissa,0.17,0.0,0.0,0.0,0.0,0.0,0.0,1,2013,10,294,0,9.83,9.83,3.7372,0.0,-0.8660254037844386,0.5000000000000001,0.17,0.0,0.0,9.83
2013-10-22,Bihar,Statewide,0.19,0.0,0.0,0.0,0.0,0.0,0.0,0,2013,10,295,0,15.480000000000015,235.19,4.650314631593328,0.0,-0.8660254037844386,0.5000000000000001,0.19,0.0,0.0,235.19
2013-10-23,Punjab,Statewide,0.0,0.0,0.0,0.0,0.0,0.0,0.0,0,2013,10,296,0,0.0,23.43,0.05510493464466759,0.0,-0.8660254037844386,0.5000000000000001,0.0,0.0,0.0,23.43
2013-10-24,Manipur,Statewide,0.0,0.0,0.0,0.0,0.0,0.0,0.0,0,2013,10,297,0,7.609999999999999,89.27,1.5198644534360484,0.0,-0.8660254037844386,0.5000000000000001,0.0,0.0,0.0,89.27
2013-10-25,The Dadra And Nagar Haveli And Daman And Diu,Statewide,0.0,0.0,0.0,0.0,0.0,0.0,0.0,0,2013,10,298,0,0.0,107.42,0.2608934598318328,0.0,-0.8660254037844386,0.5000000000000001,0.0,0.0,0.0,107.42
2013-10-25,West Bengal,Statewide,7.03,0.0,0.0,0.0,0.0,0.0,0.0,0,2013,10,298,0,32.85,303.78,5.592417894290591,0.0,-0.8660254037844386,0.5000000000000001,7.03,0.0,0.0,303.78
2013-10-30,Madhya Pradesh,Statewide,0.0,0.0,0.0,0.0,0.0,0.0,0.0,0,2013,10,303,0,3.66,91.53,0.2487723664793689,0.0,-0.8660254037844386,0.5000000000000001,0.0,0.0,0.0,91.53
2013-11-02,Gujarat,Statewide,0.0,0.0,0.0,0.0,0.0,0.0,0.0,0,2013,11,306,0,0.0,41.27,0.0031170449344556147,0.0,-0.5000000000000004,0.8660254037844384,0.0,0.0,0.0,41.27
2013-11-02,Maharashtra,Jalgaon And Nanded,0.0,0.0,0.0,0.0,0.0,0.0,0.0,1,2013,11,306,0,0.0,0.0,0.0,0.0,-0.5000000000000004,0.8660254037844384,0.0,0.0,0.0,0.0
2013-11-03,Haryana,Statewide,0.0,0.0,0.0,0.0,0.0,0.0,0.0,0,2013,11,307,0,0.8499999999999948,17.72,0.12498455135726094,0.0,-0.5000000000000004,0.8660254037844384,0.0,0.0,0.0,17.72
2013-11-03,Uttarakhand,Statewide,0.0,0.0,0.0,0.0,0.0,0.0,0.0,0,2013,11,307,0,0.15000000000000002,15.379999999999999,0.021390707401756432,0.0,-0.5000000000000004,0.8660254037844384,0.0,0.0,0.0,15.379999999999999
2013-11-05,Mizoram,Aizwal,0.0,0.0,0.0,0.0,0.0,0.0,0.0,1,2013,11,309,0,0.0,0.0,0.0,0.0,-0.5000000000000004,0.8660254037844384,0.0,0.0,0.0,0.0
2013-11-05,Rajasthan,Statewide,0.0,0.0,0.0,0.0,0.0,0.0,0.0,0,2013,11,309,0,0.030000000000007104,11.15,0.002668439192309251,0.0,-0.5000000000000004,0.8660254037844384,0.0,0.0,0.0,11.15
2013-11-06,Karnataka,Statewide,0.02,0.0,0.0,0.0,0.0,0.0,0.0,0,2013,11,310,0,4.189999999999993,95.89000000000001,0.7362030143359158,0.0,-0.5000000000000004,0.8660254037844384,0.02,0.0,0.0,95.89000000000001
2013-11-06,Kerala,Thiruvananthapuram.,2.8049999999999997,0.0,0.0,0.0,0.0,0.0,0.0,1,2013,11,310,0,2.8049999999999997,2.8049999999999997,0.8414999999999999,0.0,-0.5000000000000004,0.8660254037844384,2.8049999999999997,0.0,0.0,2.8049999999999997
2013-11-06,Rajasthan,Jaipur,0.0,0.0,0.0,0.0,0.0,0.0,0.0,1,2013,11,310,0,0.0,0.0,0.0,0.0,-0.5000000000000004,0.8660254037844384,0.0,0.0,0.0,0.0
2013-11-06,Unknown,Statewide,0.0,0.0,0.0,0.0,0.0,0.0,0.0,1,2013,11,310,0,21.02,56.33,2.4380908526847334,0.0,-0.5000000000000004,0.8660254037844384,0.0,0.0,0.0,56.33
2013-11-07,Bihar,Araria,0.0,0.0,0.0,0.0,0.0,0.0,0.0,1,2013,11,311,0,0.0,0.0,0.0,0.0,-0.5000000000000004,0.8660254037844384,0.0,0.0,0.0,0.0
2013-11-07,Goa,Statewide,0.0,0.0,0.0,0.0,0.0,0.0,0.0,0,2013,11,311,0,0.0,78.05,0.18437329058904117,0.0,-0.5000000000000004,0.8660254037844384,0.0,0.0,0.0,78.05
2013-11-07,Kerala,Alappuzha,2.8049999999999997,0.0,0.0,0.0,0.0,0.0,0.0,1,2013,11,311,0,15.489999999999998,15.489999999999998,4.091949999999999,0.0,-0.5000000000000004,0.8660254037844384,2.8049999999999997,0.0,0.0,15.489999999999998
2013-11-07,Kerala,Wayanad,2.8049999999999997,0.0,0.0,0.0,0.0,0.0,0.0,1,2013,11,311,0,17.96,17.96,3.3130108949999997,0.0,-0.5000000000000004,0.8660254037844384,2.8049999999999997,0.0,0.0,17.96
2013-11-08,Arunachal Pradesh,Statewide,0.0,0.0,0.0,0.0,0.0,0.0,0.0,0,2013,11,312,0,6.369999999999992,127.91,1.0264234405881283,0.0,-0.5000000000000004,0.8660254037844384,0.0,0.0,0.0,127.91
2013-11-08,Chandigarh,Statewide,0.6,0.0,0.0,0.0,0.0,0.0,0.0,0,2013,11,312,0,0.6000000000000142,20.39999999999997,0.5104328500638478,0.0,-0.5000000000000004,0.8660254037844384,0.6,0.0,0.0,20.39999999999997
2013-11-09,Karnataka,Banglore Urban,0.265,0.0,0.0,0.0,0.0,0.0,0.0,1,2013,11,313,0,0.265,0.265,0.265,0.0,-0.5000000000000004,0.8660254037844384,0.265,0.0,0.0,0.265
2013-11-09,Tamil Nadu,Chennai And Tiruvallur,3.74,0.0,0.0,0.0,0.0,0.0,0.0,1,2013,11,313,0,3.74,3.74,3.74,0.0,-0.5000000000000004,0.8660254037844384,3.74,0.0,0.0,3.74
2013-11-10,Andhra Pradesh,Srikakulam,0.635,0.0,0.0,0.0,0.0,0.0,0.0,1,2013,11,314,0,0.635,0.635,0.635,0.0,-0.5000000000000004,0.8660254037844384,0.635,0.0,0.0,0.635
2013-11-10,Maharashtra,Jalgaon,0.0,0.0,0.0,0.0,0.0,0.0,0.0,1,2013,11,314,0,0.04,0.04,0.027999999999999997,0.0,-0.5000000000000004,0.8660254037844384,0.0,0.0,0.0,0.04
2013-11-12,Goa,Statewide,0.0,0.0,0.0,0.0,0.0,0.0,0.0,0,2013,11,316,0,0.0,68.56,0.03098761894930014,0.0,-0.5000000000000004,0.8660254037844384,0.0,0.0,0.0,68.56
2013-11-12,Jharkhand,Statewide,0.0,0.0,0.0,0.0,0.0,0.0,0.0,0,2013,11,316,0,0.0,136.46,0.029774611454556146,0.0,-0.5000000000000004,0.8660254037844384,0.0,0.0,0.0,136.46
2013-11-12,Ladakh,Statewide,0.46,0.0,0.0,0.0,0.0,0.0,0.0,0,2013,11,316,0,3.22,43.68,0.482976239756283,0.0,-0.5000000000000004,0.8660254037844384,0.46,0.0,0.0,43.68
2013-11-14,Mizoram,Statewide,0.0,0.0,0.0,0.0,0.0,0.0,0.0,0,2013,11,318,0,0.0,97.41,0.027775576937782393,0.0,-0.5000000000000004,0.8660254037844384,0.0,0.0,0.0,97.41
2013-11-15,Puducherry,Statewide,0.0,0.0,0.0,0.0,0.0,0.0,0.0,0,2013,11,319,0,0.050000000000028424,145.73,0.6991216036925317,0.0,-0.5000000000000004,0.8660254037844384,0.0,0.0,0.0,145.73
2013-11-16,Lakshadweep,Statewide,1399.0193989071038,0.0,0.0,0.0,0.0,0.0,0.0,0,2013,11,320,0,9794.93169398907,42007.78278688524,1399.2189435336975,0.0,-0.5000000000000004,0.8660254037844384,1399.0193989071038,0.0,0.0,42007.78278688524
2013-11-16,Maharashtra,Statewide,0.0,0.0,0.0,0.0,0.0,0.0,0.0,0,2013,11,320,0,0.0,15.34,0.0038703975632214454,0.0,-0.5000000000000004,0.8660254037844384,0.0,0.0,0.0,15.34
2013-11-16,Tamil Nadu,Cuddalore,3.74,0.0,0.0,0.0,0.0,0.0,0.0,1,2013,11,320,0,3.74,3.74,3.74,0.0,-0.5000000000000004,0.8660254037844384,3.74,0.0,0.0,3.74
2013-11-17,Nagaland,Statewide,0.0,0.0,0.0,0.0,0.0,0.0,0.0,0,2013,11,321,0,0.0,45.1,0.008464184051838887,0.0,-0.5000000000000004,0.8660254037844384,0.0,0.0,0.0,45.1
2013-11-19,Andhra Pradesh,Statewide,0.18,0.0,0.0,0.0,0.0,0.0,0.0,0,2013,11,323,0,16.469999999999978,250.23,2.836277263193018,0.0,-0.5000000000000004,0.8660254037844384,0.18,0.0,0.0,250.23
2013-11-19,Puducherry,Statewide,19.76,0.0,0.0,0.0,0.0,0.0,0.0,0,2013,11,323,0,99.73000000000003,224.25,17.021319097046575,0.0,-0.5000000000000004,0.8660254037844384,19.76,0.0,0.0,224.25
2013-11-19,Tripura,Statewide,0.0,0.0,0.0,0.0,0.0,0.0,0.0,0,2013,11,323,0,0.0,45.790000000000035,0.001868746280869624,0.0,-0.5000000000000004,0.8660254037844384,0.0,0.0,0.0,45.790000000000035
2013-11-20,Ladakh,Statewide,0.46,0.0,0.0,0.0,0.0,0.0,0.0,0,2013,11,324,0,3.22,30.400000000000002,0.46132453449923255,0.0,-0.5000000000000004,0.8660254037844384,0.46,0.0,0.0,30.400000000000002
2013-11-22,Maharashtra,Statewide,0.0,0.0,0.0,0.0,0.0,0.0,0.0,0,2013,11,326,0,0.0,13.55,0.0004553484029154397,0.0,-0.5000000000000004,0.8660254037844384,0.0,0.0,0.0,13.55
2013-11-25,Haryana,Statewide,0.0,0.0,0.0,0.0,0.0,0.0,0.0,0,2013,11,329,0,0.0,2.1,0.0007609154933487021,0.0,-0.5000000000000004,0.8660254037844384,0.0,0.0,0.0,2.1
2013-11-25,Puducherry,Puducherry,3.79,0.0,0.0,0.0,0.0,0.0,0.0,1,2013,11,329,0,3.79,3.79,3.79,0.0,-0.5000000000000004,0.8660254037844384,3.79,0.0,0.0,3.79
2013-11-25,Tamil Nadu,Pudukkottai,3.74,0.0,0.0,0.0,0.0,0.0,0.0,1,2013,11,329,0,3.74,3.74,3.74,0.0,-0.5000000000000004,0.8660254037844384,3.74,0.0,0.0,3.74
2013-11-27,Andaman And Nicobar Islands,Statewide,8.16,0.0,0.0,0.0,0.0,0.0,0.0,0,2013,11,331,0,68.35,293.97,9.286397166295723,0.0,-0.5000000000000004,0.8660254037844384,8.16,0.0,0.0,293.97
2013-11-29,Jharkhand,Statewide,0.0,0.0,0.0,0.0,0.0,0.0,0.0,0,2013,11,333,0,0.0,0.09,6.926483166442772e-05,0.0,-0.5000000000000004,0.8660254037844384,0.0,0.0,0.0,0.09
2013-12-01,Mizoram,Statewide,0.0,0.0,0.0,0.0,0.0,0.0,0.0,0,2013,12,335,0,2.640000000000039,2.64,0.3881446144673933,0.0,-2.4492935982947064e-16,1.0,0.0,0.0,0.0,2.64
2013-12-03,Chandigarh,Statewide,0.0,0.0,0.0,0.0,0.0,0.0,0.0,0,2013,12,337,0,0.0,0.5999999999999716,6.84525477666267e-05,0.0,-2.4492935982947064e-16,1.0,0.0,0.0,0.0,0.5999999999999716
2013-12-03,Kerala,Kannur,0.16,0.0,0.0,0.0,0.0,0.0,0.0,1,2013,12,337,0,0.16,0.16,0.16,0.0,-2.4492935982947064e-16,1.0,0.16,0.0,0.0,0.16
2013-12-03,Manipur,Statewide,0.0,0.0,0.0,0.0,0.0,0.0,0.0,0,2013,12,337,0,0.0,0.0,1.2157630326159293e-05,0.0,-2.4492935982947064e-16,1.0,0.0,0.0,0.0,0.0
2013-12-06,Unknown,Statewide,0.0,0.0,0.0,0.0,0.0,0.0,0.0,1,2013,12,340,0,20.84,56.33,1.7066635968793133,0.0,-2.4492935982947064e-16,1.0,0.0,0.0,0.0,56.33
2013-12-06,Uttar Pradesh,Kannauj,0.0,0.0,0.0,0.0,0.0,0.0,0.0,1,2013,12,340,0,5.24,5.24,3.6679999999999997,0.0,-2.4492935982947064e-16,1.0,0.0,0.0,0.0,5.24
2013-12-07,Andhra Pradesh,Adilabad,0.0,0.0,0.0,0.0,0.0,0.0,0.0,1,2013,12,341,0,9.265,9.265,2.0099449999999996,0.0,-2.4492935982947064e-16,1.0,0.0,0.0,0.0,9.265
2013-12-07,Nagaland,Kohima,0.0,0.0,0.0,0.0,0.0,0.0,0.0,1,2013,12,341,0,0.0,0.0,0.0,0.0,-2.4492935982947064e-16,1.0,0.0,0.0,0.0,0.0
2013-12-09,Kerala,Wayanad,0.16,0.0,0.0,0.0,0.0,0.0,0.0,1,2013,12,343,0,18.12,18.12,2.3671076264999997,0.0,-2.4492935982947064e-16,1.0,0.16,0.0,0.0,18.12
2013-12-10,Unknown,Statewide,0.0,0.0,0.0,0.0,0.0,0.0,0.0,1,2013,12,344,0,17.119999999999997,56.33,1.1946645178155193,0.0,-2.4492935982947064e-16,1.0,0.0,0.0,0.0,56.33
2013-12-11,The Dadra And Nagar Haveli And Daman And Diu,Statewide,0.0,0.0,0.0,0.0,0.0,0.0,0.0,0,2013,12,345,0,0.0,0.0,1.3679526745273667e-08,0.0,-2.4492935982947064e-16,1.0,0.0,0.0,0.0,0.0
2013-12-12,Himachal Pradesh,Statewide,0.0,0.0,0.0,0.0,0.0,0.0,0.0,0,2013,12,346,0,0.0,0.0,2.696705783528102e-05,0.0,-2.4492935982947064e-16,1.0,0.0,0.0,0.0,0.0
2013-12-13,Tamil Nadu,Nagapattinam,0.3,0.0,0.0,0.0,0.0,0.0,0.0,1,2013,12,347,0,0.3,0.3,0.3,0.0,-2.4492935982947064e-16,1.0,0.3,0.0,0.0,0.3
2013-12-15,Arunachal Pradesh,Statewide,0.93,0.0,0.0,0.0,0.0,0.0,0.0,0,2013,12,349,0,8.239999999999993,8.32,1.2141363346630887,0.0,-2.4492935982947064e-16,1.0,0.93,0.0,0.0,8.32
2013-12-17,Karnataka,Statewide,0.0,0.0,0.0,0.0,0.0,0.0,0.0,0,2013,12,351,0,0.029999999999992897,12.180000000000014,0.006516054115079607,0.0,-2.4492935982947064e-16,1.0,0.0,0.0,0.0,12.180000000000014
2013-12-17,West Bengal,Statewide,0.0,0.0,0.0,0.0,0.0,0.0,0.0,0,2013,12,351,0,0.05,0.05,0.0042191686468869664,0.0,-2.4492935982947064e-16,1.0,0.0,0.0,0.0,0.05
2013-12-18,Uttar Pradesh,Statewide,0.0,0.0,0.0,0.0,0.0,0.0,0.0,0,2013,12,352,0,0.0,0.0,2.1161700342641626e-07,0.0,-2.4492935982947064e-16,1.0,0.0,0.0,0.0,0.0
2013-12-19,Andaman And Nicobar Islands,Statewide,6.01,0.0,0.0,0.0,0.0,0.0,0.0,0,2013,12,353,0,52.72,257.42,7.018022506338561,0.0,-2.4492935982947064e-16,1.0,6.01,0.0,0.0,257.42
2013-12-19,Goa,Statewide,0.0,0.0,0.0,0.0,0.0,0.0,0.0,0,2013,12,353,0,0.0,8.46,0.0012238707199834164,0.0,-2.4492935982947064e-16,1.0,0.0,0.0,0.0,8.46
2013-12-24,Jharkhand,Statewide,0.0,0.0,0.0,0.0,0.0,0.0,0.0,0,2013,12,358,0,0.0,0.0,9.288889219147081e-09,0.0,-2.4492935982947064e-16,1.0,0.0,0.0,0.0,0.0
2013-12-24,Lakshadweep,Statewide,1395.7696721311474,0.0,0.0,0.0,0.0,0.0,0.0,0,2013,12,358,0,9772.183606557377,41910.29098360656,1395.969216757741,0.0,-2.4492935982947064e-16,1.0,1395.7696721311474,0.0,0.0,41910.29098360656
2013-12-25,Punjab,Statewide,0.0,0.0,0.0,0.0,0.0,0.0,0.0,0,2013,12,359,0,5.160000000000001,5.16,0.5402250852529751,0.0,-2.4492935982947064e-16,1.0,0.0,0.0,0.0,5.16
2013-12-27,Telangana,Statewide,0.0,0.0,0.0,0.0,0.0,0.0,0.0,0,2013,12,361,0,0.0,5.41,0.00015789128807298965,0.0,-2.4492935982947064e-16,1.0,0.0,0.0,0.0,5.41
2013-12-27,Uttar Pradesh,Statewide,0.0,0.0,0.0,0.0,0.0,0.0,0.0,0,2013,12,361,0,0.4399999999999929,0.51,0.025427318839509386,0.0,-2.4492935982947064e-16,1.0,0.0,0.0,0.0,0.51
2013-12-28,Puducherry,Statewide,0.0,0.0,0.0,0.0,0.0,0.0,0.0,0,2013,12,362,0,0.010000000000028422,134.83,0.06476634808280275,0.0,-2.4492935982947064e-16,1.0,0.0,0.0,0.0,134.83
2013-12-31,Meghalaya,Statewide,0.0,0.0,0.0,0.0,0.0,0.0,0.0,0,2013,12,365,0,0.0,0.48000000000000004,0.0010716523522078508,0.0,-2.4492935982947064e-16,1.0,0.0,0.0,0.0,0.48000000000000004
2014-01-01,Andhra Pradesh,Statewide,0.0,0.0,0.0,0.0,0.0,0.0,0.0,0,2014,1,1,0,0.009999999999978684,1.74,0.00285628735072159,0.0,0.49999999999999994,0.8660254037844387,0.0,0.0,0.0,1.74
2014-01-01,Puducherry,Statewide,0.12,0.0,0.0,0.0,0.0,0.0,0.0,0,2014,1,1,0,0.12000000000002842,118.6,0.05155040017468093,0.0,0.49999999999999994,0.8660254037844387,0.12,0.0,0.0,118.6
2014-01-02,Rajasthan,Statewide,0.0,0.0,0.0,0.0,0.0,0.0,0.0,0,2014,1,2,0,0.1100000000000071,0.11,0.015241947696471685,0.0,0.49999999999999994,0.8660254037844387,0.0,0.0,0.0,0.11
2014-01-02,Telangana,Statewide,0.0,0.0,0.0,0.0,0.0,0.0,0.0,0,2014,1,2,0,746.4,746.4,156.74401300302648,0.0,0.49999999999999994,0.8660254037844387,0.0,0.0,0.0,746.4
2014-01-02,Tripura,Statewide,0.0,0.0,0.0,0.0,0.0,0.0,0.0,0,2014,1,2,0,0.0,2.010000000000028,0.007748352860789443,0.0,0.49999999999999994,0.8660254037844387,0.0,0.0,0.0,2.010000000000028
2014-01-05,Tamil Nadu,Statewide,0.1,0.0,0.0,0.0,0.0,0.0,0.0,0,2014,1,5,0,913.15,935.8199999999999,65.79997181421747,0.0,0.49999999999999994,0.8660254037844387,0.1,0.0,0.0,935.8199999999999
2014-01-08,Karnataka,Chickmagalur,0.0,0.0,0.0,0.0,0.0,0.0,0.0,1,2014,1,8,0,0.0,0.0,0.0,0.0,0.49999999999999994,0.8660254037844387,0.0,0.0,0.0,0.0
2014-01-08,Kerala,Alappuzha,0.0,0.0,0.0,0.0,0.0,0.0,0.0,1,2014,1,8,0,15.489999999999998,15.489999999999998,2.864364999999999,0.0,0.49999999999999994,0.8660254037844387,0.0,0.0,0.0,15.489999999999998
2014-01-09,Karnataka,Chitradurga,0.0,0.0,0.0,0.0,0.0,0.0,0.0,1,2014,1,9,0,0.0,0.0,0.0,0.0,0.49999999999999994,0.8660254037844387,0.0,0.0,0.0,0.0
2014-01-09,Kerala,Thiruvananthapuram,0.0,0.0,0.0,0.0,0.0,0.0,0.0,1,2014,1,9,0,24.635,24.635,3.817208849999999,0.0,0.49999999999999994,0.8660254037844387,0.0,0.0,0.0,24.635
2014-01-10,Karnataka,Tumkur,0.0,0.0,0.0,0.0,0.0,0.0,0.0,1,2014,1,10,0,0.0,0.0,0.0,0.0,0.49999999999999994,0.8660254037844387,0.0,0.0,0.0,0.0
2014-01-12,Delhi,Statewide,0.0,0.0,0.0,0.0,0.0,0.0,0.0,0,2014,1,12,0,0.0,3.000000000000014,0.012457158484053554,0.0,0.49999999999999994,0.8660254037844387,0.0,0.0,0.0,3.000000000000014
2014-01-12,Madhya Pradesh,Statewide,0.1,0.0,0.0,0.0,0.0,0.0,0.0,0,2014,1,12,0,2.83,6.109999999999999,0.5118851929177373,0.0,0.49999999999999994,0.8660254037844387,0.1,0.0,0.0,6.109999999999999
2014-01-13,Chandigarh,Statewide,0.0,0.0,0.0,0.0,0.0,0.0,0.0,0,2014,1,13,0,0.20000000000001422,10.899999999999972,0.04789933468633859,0.0,0.49999999999999994,0.8660254037844387,0.0,0.0,0.0,10.899999999999972
2014-01-14,Delhi,Statewide,0.0,0.0,0.0,0.0,0.0,0.0,0.0,0,2014,1,14,0,0.0,3.000000000000014,0.006104007657186241,0.0,0.49999999999999994,0.8660254037844387,0.0,0.0,0.0,3.000000000000014
2014-01-14,Uttarakhand,Statewide,0.05,0.0,0.0,0.0,0.0,0.0,0.0,0,2014,1,14,0,4.2299999999999995,1296.57,4.225862961225275,0.0,0.49999999999999994,0.8660254037844387,0.05,0.0,0.0,1296.57
2014-01-15,Lakshadweep,Statewide,1404.4825136612021,0.0,0.0,0.0,0.0,0.0,0.0,0,2014,1,15,0,9817.153825136611,41931.38114754099,1402.9141668412892,0.0,0.49999999999999994,0.8660254037844387,1404.4825136612021,0.0,0.0,41931.38114754099
2014-01-18,Bihar,Statewide,0.48,0.0,0.0,0.0,0.0,0.0,0.0,0,2014,1,18,0,4.06,1071.3,1.169972224921695,0.0,0.49999999999999994,0.8660254037844387,0.48,0.0,0.0,1071.3
2014-01-20,Kerala,Statewide,0.0,0.0,0.0,0.0,0.0,0.0,0.0,0,2014,1,20,0,1.6099999999999999,3050.9,1.2813993995560833,0.0,0.49999999999999994,0.8660254037844387,0.0,0.0,0.0,3050.9
2014-01-20,Madhya Pradesh,Statewide,0.0,0.0,0.0,0.0,0.0,0.0,0.0,0,2014,1,20,0,9.5,15.61,1.3942647227201734,0.0,0.49999999999999994,0.8660254037844387,0.0,0.0,0.0,15.61
2014-01-20,Uttarakhand,Statewide,0.04,0.0,0.0,0.0,0.0,0.0,0.0,0,2014,1,20,0,28.45,1324.71,5.889960961525191,0.0,0.49999999999999994,0.8660254037844387,0.04,0.0,0.0,1324.71
2014-01-21,Puducherry,Statewide,0.24,0.0,0.0,0.0,0.0,0.0,0.0,0,2014,1,21,0,0.2400000000000284,1.7500000000000002,0.07621085429211377,0.0,0.49999999999999994,0.8660254037844387,0.24,0.0,0.0,1.7500000000000002
2014-01-21,Punjab,Statewide,0.0,0.0,0.0,0.0,0.0,0.0,0.0,0,2014,1,21,0,6.35,393.59,0.7502362903402304,0.0,0.49999999999999994,0.8660254037844387,0.0,0.0,0.0,393.59
2014-01-22,Jammu & Kashmir,Udhampur,1100.5,0.0,0.0,0.0,0.0,0.0,0.0,1,2014,1,22,0,1100.5,1100.5,1100.5,0.0,0.49999999999999994,0.8660254037844387,1100.5,0.0,0.0,1100.5
2014-01-24,Gujarat,Statewide,0.02,0.0,0.0,0.0,0.0,0.0,0.0,0,2014,1,24,0,4.890000000000001,4.890000000000001,0.6786720000124417,0.0,0.49999999999999994,0.8660254037844387,0.02,0.0,0.0,4.890000000000001
2014-01-25,Uttar Pradesh,Statewide,0.0,0.0,0.0,0.0,0.0,0.0,0.0,0,2014,1,25,0,11.609999999999992,50.0,1.7410004334369156,0.0,0.49999999999999994,0.8660254037844387,0.0,0.0,0.0,50.0
2014-01-30,Ladakh,Statewide,8.93,0.0,0.0,0.0,0.0,0.0,0.0,0,2014,1,30,0,62.51,267.9,8.9297987238548,0.0,0.49999999999999994,0.8660254037844387,8.93,0.0,0.0,267.9
2014-02-01,Madhya Pradesh,Statewide,0.0,0.0,0.0,0.0,0.0,0.0,0.0,0,2014,2,32,0,0.0,27.36,0.19208578587650238,0.0,0.8660254037844386,0.5000000000000001,0.0,0.0,0.0,27.36
2014-02-01,Manipur,Statewide,0.0,0.0,0.0,0.0,0.0,0.0,0.0,0,2014,2,32,0,0.0,0.0,2.1966956611705086e-08,0.0,0.8660254037844386,0.5000000000000001,0.0,0.0,0.0,0.0
2014-02-03,Rajasthan,Statewide,0.0,0.0,0.0,0.0,0.0,0.0,0.0,0,2014,2,34,0,0.0,12.6,0.05219507371278328,0.0,0.8660254037844386,0.5000000000000001,0.0,0.0,0.0,12.6
2014-02-04,Karnataka,Statewide,0.0,0.0,0.0,0.0,0.0,0.0,0.0,0,2014,2,35,0,0.0,0.20000000000001422,0.00013748480117923263,0.0,0.8660254037844386,0.5000000000000001,0.0,0.0,0.0,0.20000000000001422
2014-02-05,Andhra Pradesh,Adilabad,0.0,0.0,0.0,0.0,0.0,0.0,0.0,1,2014,2,36,0,9.265,9.265,1.4069614999999998,0.0,0.8660254037844386,0.5000000000000001,0.0,0.0,0.0,9.265
2014-02-05,Uttar Pradesh,Statewide,0.0,0.0,0.0,0.0,0.0,0.0,0.0,0,2014,2,36,0,0.0,44.269999999999996,0.03442526716609402,0.0,0.8660254037844386,0.5000000000000001,0.0,0.0,0.0,44.269999999999996
2014-02-06,Karnataka,Bellary,0.0,0.0,0.0,0.0,0.0,0.0,0.0,1,2014,2,37,0,0.0,0.0,0.0,0.0,0.8660254037844386,0.5000000000000001,0.0,0.0,0.0,0.0
2014-02-09,Chandigarh,Statewide,0.0,0.0,0.0,0.0,0.0,0.0,0.0,0,2014,2,40,0,11.900000000000013,89.19999999999996,2.3619032512563956,0.0,0.8660254037844386,0.5000000000000001,0.0,0.0,0.0,89.19999999999996
2014-02-09,Jammu & Kashmir,Most Jammu & Kashmir (Worst Affected Districts Anantanag,0.0,0.0,0.0,0.0,0.0,0.0,0.0,1,2014,2,40,0,0.0,0.0,0.0,0.0,0.8660254037844386,0.5000000000000001,0.0,0.0,0.0,0.0
2014-02-09,Karnataka,Gulbarga,0.0,0.0,0.0,0.0,0.0,0.0,0.0,1,2014,2,40,0,0.0,0.0,0.0,0.0,0.8660254037844386,0.5000000000000001,0.0,0.0,0.0,0.0
2014-02-10,Andaman And Nicobar Islands,Statewide,3.73,0.0,0.0,0.0,0.0,0.0,0.0,0,2014,2,41,0,15.57,64.27,2.626509624832514,0.0,0.8660254037844386,0.5000000000000001,3.73,0.0,0.0,64.27
2014-02-12,The Dadra And Nagar Haveli And Daman And Diu,Statewide,0.0,0.0,0.0,0.0,0.0,0.0,0.0,0,2014,2,43,0,0.0,2.04,0.00042082441245360754,0.0,0.8660254037844386,0.5000000000000001,0.0,0.0,0.0,2.04
2014-02-15,Rajasthan,Statewide,0.25,0.0,0.0,0.0,0.0,0.0,0.0,0,2014,2,46,0,0.3200000000000071,13.09,0.09486537913643599,0.0,0.8660254037844386,0.5000000000000001,0.25,0.0,0.0,13.09
2014-02-17,Punjab,Statewide,0.0,0.0,0.0,0.0,0.0,0.0,0.0,0,2014,2,48,0,10.33,40.86,1.5546626522093467,0.0,0.8660254037844386,0.5000000000000001,0.0,0.0,0.0,40.86
2014-02-18,Madhya Pradesh,Statewide,0.0,0.0,0.0,0.0,0.0,0.0,0.0,0,2014,2,49,0,3.0300000000000002,16.82,0.2970760501509808,0.0,0.8660254037844386,0.5000000000000001,0.0,0.0,0.0,16.82
2014-02-20,Madhya Pradesh,Statewide,0.0,0.0,0.0,0.0,0.0,0.0,0.0,0,2014,2,51,0,3.0300000000000002,16.63,0.1455672645739806,0.0,0.8660254037844386,0.5000000000000001,0.0,0.0,0.0,16.63
2014-02-24,Arunachal Pradesh,Statewide,2.71,0.0,0.0,0.0,0.0,0.0,0.0,0,2014,2,55,0,17.5,91.97,2.2253577641747313,0.0,0.8660254037844386,0.5000000000000001,2.71,0.0,0.0,91.97
2014-02-26,Bihar,Statewide,0.0,0.0,0.0,0.0,0.0,0.0,0.0,0,2014,2,57,0,4.74,28.2,0.6132333481826243,0.0,0.8660254037844386,0.5000000000000001,0.0,0.0,0.0,28.2
2014-02-26,Delhi,Statewide,0.0,0.0,0.0,0.0,0.0,0.0,0.0,0,2014,2,57,0,0.0,34.26000000000001,0.15221905211820771,0.0,0.8660254037844386,0.5000000000000001,0.0,0.0,0.0,34.26000000000001
2014-02-27,Manipur,Statewide,0.0,0.0,0.0,0.0,0.0,0.0,0.0,0,2014,2,58,0,0.0,20.65,0.20830793737962136,0.0,0.8660254037844386,0.5000000000000001,0.0,0.0,0.0,20.65
2014-02-28,Andaman And Nicobar Islands,Statewide,1.82,0.0,0.0,0.0,0.0,0.0,0.0,0,2014,2,59,0,10.129999999999999,52.29,1.6882168583744463,0.0,0.8660254037844386,0.5000000000000001,1.82,0.0,0.0,52.29
2014-02-28,Odisha,Statewide,0.31,0.0,0.0,0.0,0.0,0.0,0.0,0,2014,2,59,0,1.2300000000000018,20.79,0.2757463833586283,0.0,0.8660254037844386,0.5000000000000001,0.31,0.0,0.0,20.79
2014-03-01,Karnataka,Statewide,0.65,0.0,0.0,0.0,0.0,0.0,0.0,0,2014,3,60,0,4.329999999999993,4.560000000000014,0.8084241286241161,0.0,1.0,6.123233995736766e-17,0.65,0.0,0.0,4.560000000000014
2014-03-01,Punjab,Statewide,1.92,0.0,0.0,0.0,0.0,0.0,0.0,0,2014,3,60,0,5.37,27.61,1.3726024586698977,0.0,1.0,6.123233995736766e-17,1.92,0.0,0.0,27.61
2014-03-03,Maharashtra,Washim,0.0,0.0,0.0,0.0,0.0,0.0,0.0,1,2014,3,62,0,0.0,0.0,0.0,0.0,1.0,6.123233995736766e-17,0.0,0.0,0.0,0.0
2014-03-05,Andaman And Nicobar Islands,Statewide,0.57,0.0,0.0,0.0,0.0,0.0,0.0,0,2014,3,64,0,11.659999999999998,48.65,1.233091007386993,0.0,1.0,6.123233995736766e-17,0.57,0.0,0.0,48.65
2014-03-05,Kerala,Alappuzha,0.14500000000000002,0.0,0.0,0.0,0.0,0.0,0.0,1,2014,3,64,0,15.634999999999998,15.634999999999998,2.048555499999999,0.0,1.0,6.123233995736766e-17,0.14500000000000002,0.0,0.0,15.634999999999998
2014-03-07,Arunachal Pradesh,Statewide,0.93,0.0,0.0,0.0,0.0,0.0,0.0,0,2014,3,66,0,16.919999999999998,109.68,1.4990236635194534,0.0,1.0,6.123233995736766e-17,0.93,0.0,0.0,109.68
2014-03-07,Himachal Pradesh,Statewide,0.1,0.0,0.0,0.0,0.0,0.0,0.0,0,2014,3,66,0,30.78,147.75,2.487471879482058,0.0,1.0,6.123233995736766e-17,0.1,0.0,0.0,147.75
2014-03-08,Jammu And Kashmir,Statewide,2.62,0.0,0.0,0.0,0.0,0.0,0.0,0,2014,3,67,0,18.34,20.96,2.469022407140484,0.0,1.0,6.123233995736766e-17,2.62,0.0,0.0,20.96
2014-03-08,Madhya Pradesh,Statewide,0.06,0.0,0.0,0.0,0.0,0.0,0.0,0,2014,3,67,0,3.1500000000000004,49.09,0.721465240553031,0.0,1.0,6.123233995736766e-17,0.06,0.0,0.0,49.09
2014-03-08,Odisha,Most Odisha (Worst Affected Bhadrak,0.01,0.0,0.0,0.0,0.0,0.0,0.0,1,2014,3,67,0,0.01,0.01,0.01,0.0,1.0,6.123233995736766e-17,0.01,0.0,0.0,0.01
2014-03-08,Rajasthan,Hanumangarh,0.0,0.0,0.0,0.0,0.0,0.0,0.0,1,2014,3,67,0,0.0,0.0,0.0,0.0,1.0,6.123233995736766e-17,0.0,0.0,0.0,0.0
2014-03-09,Telangana,Statewide,9.67,0.0,0.0,0.0,0.0,0.0,0.0,0,2014,3,68,0,33.59,39.36,4.734428082219396,0.0,1.0,6.123233995736766e-17,9.67,0.0,0.0,39.36
2014-03-11,Odisha,Statewide,1.44,0.0,0.0,0.0,0.0,0.0,0.0,0,2014,3,70,0,22.340000000000003,49.160000000000004,1.922017445319205,0.0,1.0,6.123233995736766e-17,1.44,0.0,0.0,49.160000000000004
2014-03-13,Tripura,Statewide,0.0,0.0,0.0,0.0,0.0,0.0,0.0,0,2014,3,72,0,0.0,8.900000000000029,0.0005415095877128388,0.0,1.0,6.123233995736766e-17,0.0,0.0,0.0,8.900000000000029
2014-03-15,Mizoram,Statewide,0.0,0.0,0.0,0.0,0.0,0.0,0.0,0,2014,3,74,0,0.0,25.519999999999996,0.0007922248141100075,0.0,1.0,6.123233995736766e-17,0.0,0.0,0.0,25.519999999999996
2014-03-16,Lakshadweep,Statewide,1445.1218579234974,0.0,0.0,0.0,0.0,0.0,0.0,0,2014,3,75,0,10101.62923497268,43059.020491803276,1443.5414389799694,0.0,1.0,6.123233995736766e-17,1445.1218579234974,0.0,0.0,43059.020491803276
2014-03-21,Uttar Pradesh,Statewide,0.0,0.0,0.0,0.0,0.0,0.0,0.0,0,2014,3,80,0,0.18999999999999245,34.459999999999994,0.06231213725749452,0.0,1.0,6.123233995736766e-17,0.0,0.0,0.0,34.459999999999994
2014-03-22,Arunachal Pradesh,Statewide,0.16,0.0,0.0,0.0,0.0,0.0,0.0,0,2014,3,81,0,21.04,46.65,3.589206765298391,0.0,1.0,6.123233995736766e-17,0.16,0.0,0.0,46.65
2014-03-22,Karnataka,Statewide,0.0,0.0,0.0,0.0,0.0,0.0,0.0,0,2014,3,81,0,0.0,27.080000000000013,0.046618757574553846,0.0,1.0,6.123233995736766e-17,0.0,0.0,0.0,27.080000000000013
2014-03-24,Mizoram,Statewide,0.72,0.0,0.0,0.0,0.0,0.0,0.0,0,2014,3,83,0,13.230000000000038,13.229999999999999,2.4420613691288042,0.0,1.0,6.123233995736766e-17,0.72,0.0,0.0,13.229999999999999
2014-03-25,Arunachal Pradesh,Statewide,0.0,0.0,0.0,0.0,0.0,0.0,0.0,0,2014,3,84,0,21.959999999999997,47.57,1.411067920497348,0.0,1.0,6.123233995736766e-17,0.0,0.0,0.0,47.57
2014-03-25,Kerala,Wayanad,0.14500000000000002,0.0,0.0,0.0,0.0,0.0,0.0,1,2014,3,84,0,18.12,18.265,1.7004753385499998,0.0,1.0,6.123233995736766e-17,0.14500000000000002,0.0,0.0,18.265
2014-03-25,Odisha,Statewide,0.0,0.0,0.0,0.0,0.0,0.0,0.0,0,2014,3,84,0,2.3600000000000017,32.93,0.1692141207663877,0.0,1.0,6.123233995736766e-17,0.0,0.0,0.0,32.93
2014-03-30,Odisha,Statewide,0.0,0.0,0.0,0.0,0.0,0.0,0.0,0,2014,3,89,0,0.24000000000000177,31.89,0.044110017277206766,0.0,1.0,6.123233995736766e-17,0.0,0.0,0.0,31.89
2014-03-31,West Bengal,Statewide,0.0,0.0,0.0,0.0,0.0,0.0,0.0,0,2014,3,90,0,5.6,18.39,0.4019731931532486,0.0,1.0,6.123233995736766e-17,0.0,0.0,0.0,18.39
2014-04-02,Arunachal Pradesh,Statewide,3.48,0.0,0.0,0.0,0.0,0.0,0.0,0,2014,4,92,0,42.07,70.60000000000001,5.796334880891509,0.0,0.8660254037844387,-0.4999999999999998,3.48,0.0,0.0,70.60000000000001
2014-04-02,Chhattisgarh,Statewide,0.0,0.0,0.0,0.0,0.0,0.0,0.0,0,2014,4,92,0,0.0,13.57,0.0021756282212414013,0.0,0.8660254037844387,-0.4999999999999998,0.0,0.0,0.0,13.57
2014-04-04,Telangana,Statewide,0.0,0.0,0.0,0.0,0.0,0.0,0.0,0,2014,4,94,0,0.85,22.950000000000003,0.1267365460731221,0.0,0.8660254037844387,-0.4999999999999998,0.0,0.0,0.0,22.950000000000003
2014-04-06,Andhra Pradesh,Statewide,0.0,0.0,0.0,0.0,0.0,0.0,0.0,0,2014,4,96,0,0.029999999999978683,1.4000000000000001,0.0026162807561331183,0.0,0.8660254037844387,-0.4999999999999998,0.0,0.0,0.0,1.4000000000000001
2014-04-06,Goa,Statewide,0.64,0.0,0.0,0.0,0.0,0.0,0.0,0,2014,4,96,0,1.9999999999999432,2.35,0.4706791406858603,0.0,0.8660254037844387,-0.4999999999999998,0.64,0.0,0.0,2.35
2014-04-06,Punjab,Statewide,0.0,0.0,0.0,0.0,0.0,0.0,0.0,0,2014,4,96,0,0.09,29.81,0.08048014800852599,0.0,0.8660254037844387,-0.4999999999999998,0.0,0.0,0.0,29.81
2014-04-07,Himachal Pradesh,Statewide,12.13,0.0,0.0,0.0,0.0,0.0,0.0,0,2014,4,97,0,20.35,125.86,4.489640031846927,0.0,0.8660254037844387,-0.4999999999999998,12.13,0.0,0.0,125.86
2014-04-07,Karnataka,Banglore Rural,0.69,0.0,0.0,0.0,0.0,0.0,0.0,1,2014,4,97,0,0.69,0.69,0.69,0.0,0.8660254037844387,-0.4999999999999998,0.69,0.0,0.0,0.69
2014-04-09,Gujarat,Statewide,0.0,0.0,0.0,0.0,0.0,0.0,0.0,0,2014,4,99,0,0.0,0.020000000000000014,1.1948135400686365e-06,0.0,0.8660254037844387,-0.4999999999999998,0.0,0.0,0.0,0.020000000000000014
2014-04-09,Punjab,Amritsar,0.0,0.0,0.0,0.0,0.0,0.0,0.0,1,2014,4,99,0,0.0,0.0,0.0,0.0,0.8660254037844387,-0.4999999999999998,0.0,0.0,0.0,0.0
2014-04-13,Haryana,Statewide,0.18,0.0,0.0,0.0,0.0,0.0,0.0,0,2014,4,103,0,2.1099999999999963,13.89,0.1334954909870834,0.0,0.8660254037844387,-0.4999999999999998,0.18,0.0,0.0,13.89
2014-04-14,Ladakh,Statewide,0.06,0.0,0.0,0.0,0.0,0.0,0.0,0,2014,4,104,0,0.42,15.56,0.0658325778328099,0.0,0.8660254037844387,-0.4999999999999998,0.06,0.0,0.0,15.56
2014-04-14,Maharashtra,Statewide,0.03,0.0,0.0,0.0,0.0,0.0,0.0,0,2014,4,104,0,0.6100000000000001,1.3299999999999998,0.05017668852608527,0.0,0.8660254037844387,-0.4999999999999998,0.03,0.0,0.0,1.3299999999999998
2014-04-15,Jammu And Kashmir,Statewide,0.0,0.0,0.0,0.0,0.0,0.0,0.0,0,2014,4,105,0,0.0,39.300000000000004,0.012438414983600038,0.0,0.8660254037844387,-0.4999999999999998,0.0,0.0,0.0,39.300000000000004
2014-04-16,Himachal Pradesh,Statewide,0.35,0.0,0.0,0.0,0.0,0.0,0.0,0,2014,4,106,0,10.7,110.4,1.9451689983966176,0.0,0.8660254037844387,-0.4999999999999998,0.35,0.0,0.0,110.4
2014-04-17,Jammu And Kashmir,Statewide,0.0,0.0,0.0,0.0,0.0,0.0,0.0,0,2014,4,107,0,0.0,34.06,0.006094823341964018,0.0,0.8660254037844387,-0.4999999999999998,0.0,0.0,0.0,34.06
2014-04-17,Puducherry,Statewide,0.0,0.0,0.0,0.0,0.0,0.0,0.0,0,2014,4,107,0,0.21000000000002847,0.42,0.03226843494802816,0.0,0.8660254037844387,-0.4999999999999998,0.0,0.0,0.0,0.42
2014-04-18,Haryana,Statewide,4.17,0.0,0.0,0.0,0.0,0.0,0.0,0,2014,4,108,0,5.049999999999996,17.17,1.391727487170199,0.0,0.8660254037844387,-0.4999999999999998,4.17,0.0,0.0,17.17
2014-04-19,Kerala,Thiruvananthapuram And Wayanad,2.0949999999999998,0.0,0.0,0.0,0.0,0.0,0.0,1,2014,4,109,0,2.0949999999999998,2.0949999999999998,2.0949999999999998,0.0,0.8660254037844387,-0.4999999999999998,2.0949999999999998,0.0,0.0,2.0949999999999998
2014-04-19,Maharashtra,Buldhana,0.04,0.0,0.0,0.0,0.0,0.0,0.0,1,2014,4,109,0,10.62,10.62,7.417999999999999,0.0,0.8660254037844387,-0.4999999999999998,0.04,0.0,0.0,10.62
2014-04-24,Chandigarh,Statewide,0.0,0.0,0.0,0.0,0.0,0.0,0.0,0,2014,4,114,0,14.500000000000014,29.79999999999997,0.7158198840787207,0.0,0.8660254037844387,-0.4999999999999998,0.0,0.0,0.0,29.79999999999997
2014-04-26,Nagaland,Statewide,2.39,0.0,0.0,0.0,0.0,0.0,0.0,0,2014,4,116,0,2.4499999999999718,56.2,0.8093925141131177,0.0,0.8660254037844387,-0.4999999999999998,2.39,0.0,0.0,56.2
2014-04-26,Sikkim,Statewide,0.0,0.0,0.0,0.0,0.0,0.0,0.0,0,2014,4,116,0,16.020000000000007,112.55,0.9236912518088627,0.0,0.8660254037844387,-0.4999999999999998,0.0,0.0,0.0,112.55
2014-04-27,Uttar Pradesh,Statewide,0.0,0.0,0.0,0.0,0.0,0.0,0.0,0,2014,4,117,0,0.0,3.33,0.042056753744346365,0.0,0.8660254037844387,-0.4999999999999998,0.0,0.0,0.0,3.33
2014-04-30,West Bengal,Statewide,0.19,0.0,0.0,0.0,0.0,0.0,0.0,0,2014,4,120,0,3.6100000000000003,11.3,0.52017250339996,0.0,0.8660254037844387,-0.4999999999999998,0.19,0.0,0.0,11.3
2014-05-02,Sikkim,Statewide,36.42,0.0,0.0,0.0,0.0,0.0,0.0,0,2014,5,122,0,72.42000000000002,172.51,15.31124239208406,0.0,0.49999999999999994,-0.8660254037844387,36.42,0.0,0.0,172.51
2014-05-04,Meghalaya,Statewide,16.22,0.0,0.0,0.0,0.0,0.0,0.0,0,2014,5,124,0,38.77000000000001,85.14999999999999,7.0910622198906195,0.0,0.49999999999999994,-0.8660254037844387,16.22,0.0,0.0,85.14999999999999
2014-05-05,Delhi,Statewide,0.0,0.0,0.0,0.0,0.0,0.0,0.0,0,2014,5,125,0,0.05000000000000977,8.090000000000014,0.012474165567824075,0.0,0.49999999999999994,-0.8660254037844387,0.0,0.0,0.0,8.090000000000014
2014-05-05,Tripura,Statewide,14.47,0.0,0.0,0.0,0.0,0.0,0.0,0,2014,5,125,0,37.08999999999996,94.00000000000003,7.333090043704301,0.0,0.49999999999999994,-0.8660254037844387,14.47,0.0,0.0,94.00000000000003
2014-05-08,Maharashtra,Bhandara,0.1,0.0,0.0,0.0,0.0,0.0,0.0,1,2014,5,128,0,0.1,0.1,0.1,0.0,0.49999999999999994,-0.8660254037844387,0.1,0.0,0.0,0.1
2014-05-08,Maharashtra,Pune (Malin Village,0.1,0.0,0.0,0.0,0.0,0.0,0.0,1,2014,5,128,0,0.1,0.1,0.1,0.0,0.49999999999999994,-0.8660254037844387,0.1,0.0,0.0,0.1
2014-05-09,Arunachal Pradesh,Statewide,38.48,0.0,0.0,0.0,0.0,0.0,0.0,0,2014,5,129,0,107.86999999999999,167.26,22.665091818564214,0.0,0.49999999999999994,-0.8660254037844387,38.48,0.0,0.0,167.26
2014-05-09,Odisha,Boudh,1.185,0.0,0.0,0.0,0.0,0.0,0.0,1,2014,5,129,0,1.185,1.185,1.185,0.0,0.49999999999999994,-0.8660254037844387,1.185,0.0,0.0,1.185
2014-05-09,Rajasthan,Sri Ganganagar,0.03,0.0,0.0,0.0,0.0,0.0,0.0,1,2014,5,129,0,0.03,0.03,0.03,0.0,0.49999999999999994,-0.8660254037844387,0.03,0.0,0.0,0.03
2014-05-10,Haryana,Statewide,0.0,0.0,0.0,0.0,0.0,0.0,0.0,0,2014,5,130,0,2.3599999999999968,8.649999999999999,0.1876470311181481,0.0,0.49999999999999994,-0.8660254037844387,0.0,0.0,0.0,8.649999999999999
2014-05-10,Karnataka,Bengalur Urban,1.84,0.0,0.0,0.0,0.0,0.0,0.0,1,2014,5,130,0,1.84,1.84,1.84,0.0,0.49999999999999994,-0.8660254037844387,1.84,0.0,0.0,1.84
2014-05-10,Uttar Pradesh,Statewide,0.0,0.0,0.0,0.0,0.0,0.0,0.0,0,2014,5,130,0,2.9699999999999926,6.55,0.188251667455122,0.0,0.49999999999999994,-0.8660254037844387,0.0,0.0,0.0,6.55
2014-05-12,Jammu And Kashmir,Statewide,0.46,0.0,0.0,0.0,0.0,0.0,0.0,0,2014,5,132,0,3.22,5.5200000000000005,0.4536338252451726,0.0,0.49999999999999994,-0.8660254037844387,0.46,0.0,0.0,5.5200000000000005
2014-05-14,Chandigarh,Statewide,8.5,0.0,0.0,0.0,0.0,0.0,0.0,0,2014,5,134,0,26.300000000000015,92.09999999999997,6.907191964218114,0.0,0.49999999999999994,-0.8660254037844387,8.5,0.0,0.0,92.09999999999997
2014-05-14,Puducherry,Statewide,0.0,0.0,0.0,0.0,0.0,0.0,0.0,0,2014,5,134,0,49.060000000000024,117.66999999999999,3.40803687388082,0.0,0.49999999999999994,-0.8660254037844387,0.0,0.0,0.0,117.66999999999999
2014-05-15,Tamil Nadu,Statewide,1.72,0.0,0.0,0.0,0.0,0.0,0.0,0,2014,5,135,0,15.32,101.32,2.975377258160987,0.0,0.49999999999999994,-0.8660254037844387,1.72,0.0,0.0,101.32
2014-05-17,Andhra Pradesh,Statewide,0.02,0.0,0.0,0.0,0.0,0.0,0.0,0,2014,5,137,0,0.7999999999999752,42.11,0.8135954996490408,0.0,0.49999999999999994,-0.8660254037844387,0.02,0.0,0.0,42.11
2014-05-17,Karnataka,Statewide,0.15,0.0,0.0,0.0,0.0,0.0,0.0,0,2014,5,137,0,1.9299999999999928,97.32000000000001,0.9990736824751284,0.0,0.49999999999999994,-0.8660254037844387,0.15,0.0,0.0,97.32000000000001
2014-05-17,Meghalaya,Statewide,3.4,0.0,0.0,0.0,0.0,0.0,0.0,0,2014,5,137,0,149.75,406.67,13.919731164842661,0.0,0.49999999999999994,-0.8660254037844387,3.4,0.0,0.0,406.67
2014-05-18,Chandigarh,Statewide,0.0,0.0,0.0,0.0,0.0,0.0,0.0,0,2014,5,138,0,26.300000000000015,89.79999999999997,1.6584167906087688,0.0,0.49999999999999994,-0.8660254037844387,0.0,0.0,0.0,89.79999999999997
2014-05-19,Karnataka,Chamarajnagar And Shimoga,1.84,0.0,0.0,0.0,0.0,0.0,0.0,1,2014,5,139,0,1.84,1.84,1.84,0.0,0.49999999999999994,-0.8660254037844387,1.84,0.0,0.0,1.84
2014-05-20,Bihar,Statewide,0.35,0.0,0.0,0.0,0.0,0.0,0.0,0,2014,5,140,0,0.42999999999999955,7.82,0.12309284607704982,0.0,0.49999999999999994,-0.8660254037844387,0.35,0.0,0.0,7.82
2014-05-20,Haryana,Statewide,0.0,0.0,0.0,0.0,0.0,0.0,0.0,0,2014,5,140,0,3.6699999999999964,18.14,0.47881818413692073,0.0,0.49999999999999994,-0.8660254037844387,0.0,0.0,0.0,18.14
2014-05-21,Himachal Pradesh,Statewide,2.4,0.0,0.0,0.0,0.0,0.0,0.0,0,2014,5,141,0,3.49,51.29,1.37713717053383,0.0,0.49999999999999994,-0.8660254037844387,2.4,0.0,0.0,51.29
2014-05-21,Tamil Nadu,Coimbatore And Krishnagiri,1.12,0.0,0.0,0.0,0.0,0.0,0.0,1,2014,5,141,0,1.12,1.12,1.12,0.0,0.49999999999999994,-0.8660254037844387,1.12,0.0,0.0,1.12
2014-05-23,Maharashtra,Statewide,0.0,0.0,0.0,0.0,0.0,0.0,0.0,0,2014,5,143,0,3.77,14.97,0.40730527893615665,0.0,0.49999999999999994,-0.8660254037844387,0.0,0.0,0.0,14.97
2014-05-24,Maharashtra,Statewide,0.0,0.0,0.0,0.0,0.0,0.0,0.0,0,2014,5,144,0,3.63,14.860000000000001,0.2851136952553096,0.0,0.49999999999999994,-0.8660254037844387,0.0,0.0,0.0,14.860000000000001
2014-05-25,Meghalaya,Statewide,0.15,0.0,0.0,0.0,0.0,0.0,0.0,0,2014,5,145,0,52.51,462.96,6.54514268628816,0.0,0.49999999999999994,-0.8660254037844387,0.15,0.0,0.0,462.96
2014-05-26,Manipur,Statewide,4.83,0.0,0.0,0.0,0.0,0.0,0.0,0,2014,5,146,0,8.84,217.62,2.6560179882026205,0.0,0.49999999999999994,-0.8660254037844387,4.83,0.0,0.0,217.62
2014-05-27,Odisha,Balangir And Nayapara,1.185,0.0,0.0,0.0,0.0,0.0,0.0,1,2014,5,147,0,1.185,1.185,1.185,0.0,0.49999999999999994,-0.8660254037844387,1.185,0.0,0.0,1.185
2014-05-28,Telangana,Statewide,4.86,0.0,0.0,0.0,0.0,0.0,0.0,0,2014,5,148,0,11.950000000000001,68.99,2.610472138369351,0.0,0.49999999999999994,-0.8660254037844387,4.86,0.0,0.0,68.99
2014-05-29,Rajasthan,Statewide,0.0,0.0,0.0,0.0,0.0,0.0,0.0,0,2014,5,149,0,1.1000000000000063,15.49,0.11630231914845286,0.0,0.49999999999999994,-0.8660254037844387,0.0,0.0,0.0,15.49
2014-05-31,Mizoram,Statewide,1.25,0.0,0.0,0.0,0.0,0.0,0.0,0,2014,5,151,0,59.79000000000004,209.73,5.5196881134290345,0.0,0.49999999999999994,-0.8660254037844387,1.25,0.0,0.0,209.73
2014-06-04,Gujarat,Statewide,0.32,0.0,0.0,0.0,0.0,0.0,0.0,0,2014,6,155,1,0.8300000000000001,3.2700000000000005,0.1700396358148284,0.0,1.2246467991473532e-16,-1.0,0.32,0.0,0.0,3.2700000000000005
2014-06-05,Chandigarh,Statewide,0.0,0.0,0.0,0.0,0.0,0.0,0.0,0,2014,6,156,1,0.0,26.299999999999972,0.002700588452830321,0.0,1.2246467991473532e-16,-1.0,0.0,0.0,0.0,26.299999999999972
2014-06-05,Tamil Nadu,Kanniyakumari,1.16,0.0,0.0,0.0,0.0,0.0,0.0,1,2014,6,156,1,1.16,1.16,1.16,0.0,1.2246467991473532e-16,-1.0,1.16,0.0,0.0,1.16
2014-06-06,Kerala,Wayanad,10.59,0.0,0.0,0.0,0.0,0.0,0.0,1,2014,6,157,1,28.565,28.855,4.367332736985,0.0,1.2246467991473532e-16,-1.0,10.59,0.0,0.0,28.855
2014-06-08,Himachal Pradesh,Bilaspur And Mandi,1.505,0.0,0.0,0.0,0.0,0.0,0.0,1,2014,6,159,1,1.505,1.505,1.505,0.0,1.2246467991473532e-16,-1.0,1.505,0.0,0.0,1.505
2014-06-08,Puducherry,Statewide,0.23,0.0,0.0,0.0,0.0,0.0,0.0,0,2014,6,159,1,20.720000000000024,49.43,1.3076123567906865,0.0,1.2246467991473532e-16,-1.0,0.23,0.0,0.0,49.43
2014-06-09,Andhra Pradesh,East & West Godavari And Srikakulam,2.165,0.0,0.0,0.0,0.0,0.0,0.0,1,2014,6,160,1,2.165,2.165,2.165,0.0,1.2246467991473532e-16,-1.0,2.165,0.0,0.0,2.165
2014-06-09,Telangana,Adilabad,2.875,0.0,0.0,0.0,0.0,0.0,0.0,1,2014,6,160,1,2.875,2.875,2.875,0.0,1.2246467991473532e-16,-1.0,2.875,0.0,0.0,2.875
2014-06-10,Kerala,Statewide,14.16,0.0,0.0,0.0,0.0,0.0,0.0,0,2014,6,161,1,61.06,120.3,10.82976874839607,0.0,1.2246467991473532e-16,-1.0,14.16,0.0,0.0,120.3
2014-06-10,Manipur,Statewide,0.34,0.0,0.0,0.0,0.0,0.0,0.0,0,2014,6,161,1,8.719999999999999,116.39,1.6241714888897671,0.0,1.2246467991473532e-16,-1.0,0.34,0.0,0.0,116.39
2014-06-12,Sikkim,Statewide,17.44,0.0,0.0,0.0,0.0,0.0,0.0,0,2014,6,163,1,149.0,447.09999999999997,19.084007959809362,0.0,1.2246467991473532e-16,-1.0,17.44,0.0,0.0,447.09999999999997
2014-06-13,Uttarakhand,Statewide,0.55,0.0,0.0,0.0,0.0,0.0,0.0,0,2014,6,164,1,8.289999999999994,24.79,0.9364275555616935,0.0,1.2246467991473532e-16,-1.0,0.55,0.0,0.0,24.79
2014-06-14,Gujarat,Statewide,0.44,0.0,0.0,0.0,0.0,0.0,0.0,0,2014,6,165,1,0.62,2.37,0.1740695637726663,0.0,1.2246467991473532e-16,-1.0,0.44,0.0,0.0,2.37
2014-06-14,Manipur,Statewide,1.91,0.0,0.0,0.0,0.0,0.0,0.0,0,2014,6,165,1,36.42999999999999,101.22,4.348415574482432,0.0,1.2246467991473532e-16,-1.0,1.91,0.0,0.0,101.22
2014-06-14,Tripura,Statewide,4.8,0.0,0.0,0.0,0.0,0.0,0.0,0,2014,6,165,1,54.119999999999955,214.22000000000003,9.254530233970394,0.0,1.2246467991473532e-16,-1.0,4.8,0.0,0.0,214.22000000000003
2014-06-16,Telangana,Statewide,0.65,0.0,0.0,0.0,0.0,0.0,0.0,0,2014,6,167,1,11.159999999999997,49.6,1.5494013518374543,0.0,1.2246467991473532e-16,-1.0,0.65,0.0,0.0,49.6
2014-06-19,Tripura,Tripura,9.445,0.0,0.0,0.0,0.0,0.0,0.0,1,2014,6,170,1,9.445,9.445,9.445,0.0,1.2246467991473532e-16,-1.0,9.445,0.0,0.0,9.445
2014-06-21,Assam,Statewide,13.11,0.0,0.0,0.0,0.0,0.0,0.0,0,2014,6,172,1,78.3,268.56,14.24694204036259,0.0,1.2246467991473532e-16,-1.0,13.11,0.0,0.0,268.56
2014-06-21,Kerala,Idukki,10.59,0.0,0.0,0.0,0.0,0.0,0.0,1,2014,6,172,1,21.18,21.18,5.4009,0.0,1.2246467991473532e-16,-1.0,10.59,0.0,0.0,21.18
2014-06-22,Assam,Darrang,10.995000000000001,0.0,0.0,0.0,0.0,0.0,0.0,1,2014,6,173,1,10.995000000000001,10.995000000000001,10.995000000000001,0.0,1.2246467991473532e-16,-1.0,10.995000000000001,0.0,0.0,10.995000000000001
2014-06-22,Telangana,Statewide,0.0,0.0,0.0,0.0,0.0,0.0,0.0,0,2014,6,173,1,20.799999999999997,62.910000000000004,2.0542748696423243,0.0,1.2246467991473532e-16,-1.0,0.0,0.0,0.0,62.910000000000004
2014-06-23,The Dadra And Nagar Haveli And Daman And Diu,Statewide,0.64,0.0,0.0,0.0,0.0,0.0,0.0,0,2014,6,174,1,37.90999999999991,96.44,3.478773430876764,0.0,1.2246467991473532e-16,-1.0,0.64,0.0,0.0,96.44
2014-06-23,Unknown,Statewide,3.72,0.0,0.0,0.0,0.0,0.0,0.0,1,2014,6,174,1,14.920000000000002,60.05,1.9522651624708636,0.0,1.2246467991473532e-16,-1.0,3.72,0.0,0.0,60.05
2014-06-24,Andhra Pradesh,Statewide,0.0,0.0,0.0,0.0,0.0,0.0,0.0,0,2014,6,175,1,3.859999999999975,56.53,0.29453866356314823,0.0,1.2246467991473532e-16,-1.0,0.0,0.0,0.0,56.53
2014-06-24,Manipur,Statewide,0.59,0.0,0.0,0.0,0.0,0.0,0.0,0,2014,6,175,1,80.77,310.11,10.145587513335737,0.0,1.2246467991473532e-16,-1.0,0.59,0.0,0.0,310.11
2014-06-25,Madhya Pradesh,Statewide,0.45,0.0,0.0,0.0,0.0,0.0,0.0,0,2014,6,176,1,24.459999999999997,49.05,2.0530003171923195,0.0,1.2246467991473532e-16,-1.0,0.45,0.0,0.0,49.05
2014-06-26,Unknown,Assam Province,3.72,0.0,0.0,0.0,0.0,0.0,0.0,1,2014,6,177,1,3.72,3.72,3.72,0.0,1.2246467991473532e-16,-1.0,3.72,0.0,0.0,3.72
2014-06-27,Andaman And Nicobar Islands,Statewide,10.75,0.0,0.0,0.0,0.0,0.0,0.0,0,2014,6,178,1,89.26,393.95,12.129075901621817,0.0,1.2246467991473532e-16,-1.0,10.75,0.0,0.0,393.95
2014-06-28,Assam,Statewide,12.26,0.0,0.0,0.0,0.0,0.0,0.0,0,2014,6,179,1,121.42,337.23,15.006213178874631,0.0,1.2246467991473532e-16,-1.0,12.26,0.0,0.0,337.23
2014-06-28,Karnataka,Banglore & Gadag,4.9,0.0,0.0,0.0,0.0,0.0,0.0,1,2014,6,179,1,4.9,4.9,4.9,0.0,1.2246467991473532e-16,-1.0,4.9,0.0,0.0,4.9
2014-07-01,Himachal Pradesh,Statewide,11.58,0.0,0.0,0.0,0.0,0.0,0.0,0,2014,7,182,1,24.59,63.019999999999996,4.8948839235172255,0.0,-0.4999999999999997,-0.8660254037844388,11.58,0.0,0.0,63.019999999999996
2014-07-02,West Bengal,Statewide,20.42,0.0,0.0,0.0,0.0,0.0,0.0,0,2014,7,183,1,100.10999999999999,328.97,18.40061500656474,0.0,-0.4999999999999997,-0.8660254037844388,20.42,0.0,0.0,328.97
2014-07-03,Kerala,Wayanad,14.315000000000001,0.0,0.0,0.0,0.0,0.0,0.0,1,2014,7,184,1,40.785,43.17,7.3516329158895,0.0,-0.4999999999999997,-0.8660254037844388,14.315000000000001,0.0,0.0,43.17
2014-07-05,Himachal Pradesh,Statewide,2.81,0.0,0.0,0.0,0.0,0.0,0.0,0,2014,7,186,1,42.47,77.52,4.777367630036484,0.0,-0.4999999999999997,-0.8660254037844388,2.81,0.0,0.0,77.52
2014-07-08,Andhra Pradesh,Statewide,9.43,0.0,0.0,0.0,0.0,0.0,0.0,0,2014,7,189,1,31.739999999999974,61.38,6.758413979574014,0.0,-0.4999999999999997,-0.8660254037844388,9.43,0.0,0.0,61.38
2014-07-08,Delhi,Statewide,0.0,0.0,0.0,0.0,0.0,0.0,0.0,0,2014,7,189,1,15.210000000000008,41.920000000000016,1.049704531562352,0.0,-0.4999999999999997,-0.8660254037844388,0.0,0.0,0.0,41.920000000000016
2014-07-09,Chhattisgarh,Statewide,6.13,0.0,0.0,0.0,0.0,0.0,0.0,0,2014,7,190,1,32.010000000000005,138.68,4.85822560447903,0.0,-0.4999999999999997,-0.8660254037844388,6.13,0.0,0.0,138.68
2014-07-09,Meghalaya,Statewide,48.63,0.0,0.0,0.0,0.0,0.0,0.0,0,2014,7,190,1,312.22,1019.0,60.87997139429717,0.0,-0.4999999999999997,-0.8660254037844388,48.63,0.0,0.0,1019.0
2014-07-10,Mizoram,Statewide,6.06,0.0,0.0,0.0,0.0,0.0,0.0,0,2014,7,191,1,25.600000000000044,249.17,3.9294290152737856,0.0,-0.4999999999999997,-0.8660254037844388,6.06,0.0,0.0,249.17
2014-07-12,Jammu And Kashmir,Statewide,14.0,0.0,0.0,0.0,0.0,0.0,0.0,0,2014,7,193,1,98.0,355.2,13.95016826505772,0.0,-0.4999999999999997,-0.8660254037844388,14.0,0.0,0.0,355.2
2014-07-13,Chhattisgarh,Statewide,8.52,0.0,0.0,0.0,0.0,0.0,0.0,0,2014,7,194,1,65.05,187.69,10.785788967635414,0.0,-0.4999999999999997,-0.8660254037844388,8.52,0.0,0.0,187.69
2014-07-13,Maharashtra,Mumbai,10.58,0.0,0.0,0.0,0.0,0.0,0.0,1,2014,7,194,1,15.46,15.46,6.59,0.0,-0.4999999999999997,-0.8660254037844388,10.58,0.0,0.0,15.46
2014-07-14,Assam,Sonitpur,11.5,0.0,0.0,0.0,0.0,0.0,0.0,1,2014,7,195,1,11.5,11.5,11.5,0.0,-0.4999999999999997,-0.8660254037844388,11.5,0.0,0.0,11.5
2014-07-15,Himachal Pradesh,Kangra,7.13,0.0,0.0,0.0,0.0,0.0,0.0,1,2014,7,196,1,8.635,8.635,3.1925,0.0,-0.4999999999999997,-0.8660254037844388,7.13,0.0,0.0,8.635
2014-07-15,Madhya Pradesh,Burhanpur And Vidisha,10.15,0.0,0.0,0.0,0.0,0.0,0.0,1,2014,7,196,1,10.15,10.15,10.15,0.0,-0.4999999999999997,-0.8660254037844388,10.15,0.0,0.0,10.15
2014-07-16,Unknown,Uttarakhand,7.83,0.0,0.0,0.0,0.0,0.0,0.0,1,2014,7,197,1,17.47,17.47,6.030999999999999,0.0,-0.4999999999999997,-0.8660254037844388,7.83,0.0,0.0,17.47
2014-07-18,Maharashtra,Statewide,9.05,0.0,0.0,0.0,0.0,0.0,0.0,0,2014,7,199,1,89.96,156.19,12.387247517836064,0.0,-0.4999999999999997,-0.8660254037844388,9.05,0.0,0.0,156.19
2014-07-19,Haryana,Statewide,8.64,0.0,0.0,0.0,0.0,0.0,0.0,0,2014,7,200,1,41.709999999999994,72.67,8.641548394455855,0.0,-0.4999999999999997,-0.8660254037844388,8.64,0.0,0.0,72.67
2014-07-19,Odisha,Balasore,8.71,0.0,0.0,0.0,0.0,0.0,0.0,1,2014,7,200,1,8.71,8.71,8.71,0.0,-0.4999999999999997,-0.8660254037844388,8.71,0.0,0.0,8.71
2014-07-20,Madhya Pradesh,Betul,10.15,0.0,0.0,0.0,0.0,0.0,0.0,1,2014,7,201,1,12.54,12.54,4.718,0.0,-0.4999999999999997,-0.8660254037844388,10.15,0.0,0.0,12.54
2014-07-20,Madhya Pradesh,Statewide,22.08,0.0,0.0,0.0,0.0,0.0,0.0,0,2014,7,201,1,112.88999999999999,173.36,15.788146771987101,0.0,-0.4999999999999997,-0.8660254037844388,22.08,0.0,0.0,173.36
2014-07-20,Odisha,Statewide,32.58,0.0,0.0,0.0,0.0,0.0,0.0,0,2014,7,201,1,144.82,302.73,24.36032675516788,0.0,-0.4999999999999997,-0.8660254037844388,32.58,0.0,0.0,302.73
2014-07-20,Unknown,Statewide,7.83,0.0,0.0,0.0,0.0,0.0,0.0,1,2014,7,201,1,19.01,67.7,3.715585613729604,0.0,-0.4999999999999997,-0.8660254037844388,7.83,0.0,0.0,67.7
2014-07-22,Chhattisgarh,Bilaspur And Durg,10.58,0.0,0.0,0.0,0.0,0.0,0.0,1,2014,7,203,1,10.58,10.58,10.58,0.0,-0.4999999999999997,-0.8660254037844388,10.58,0.0,0.0,10.58
2014-07-22,Punjab,Statewide,0.01,0.0,0.0,0.0,0.0,0.0,0.0,0,2014,7,203,1,37.519999999999996,89.86,2.7432058998683466,0.0,-0.4999999999999997,-0.8660254037844388,0.01,0.0,0.0,89.86
2014-07-23,Assam,Cachar,11.5,0.0,0.0,0.0,0.0,0.0,0.0,1,2014,7,204,1,11.5,11.5,11.5,0.0,-0.4999999999999997,-0.8660254037844388,11.5,0.0,0.0,11.5
2014-07-23,Himachal Pradesh,Kangra,7.13,0.0,0.0,0.0,0.0,0.0,0.0,1,2014,7,204,1,15.765,15.765,4.373749999999999,0.0,-0.4999999999999997,-0.8660254037844388,7.13,0.0,0.0,15.765
2014-07-23,Maharashtra,Nagpur (Maharashtra),10.58,0.0,0.0,0.0,0.0,0.0,0.0,1,2014,7,204,1,10.58,10.58,10.58,0.0,-0.4999999999999997,-0.8660254037844388,10.58,0.0,0.0,10.58
2014-07-24,Jammu & Kashmir,Jammu,7.83,0.0,0.0,0.0,0.0,0.0,0.0,1,2014,7,205,1,19.4,19.4,6.9711,0.0,-0.4999999999999997,-0.8660254037844388,7.83,0.0,0.0,19.4
2014-07-25,Andhra Pradesh,Statewide,1.21,0.0,0.0,0.0,0.0,0.0,0.0,0,2014,7,206,1,14.179999999999975,98.56,1.9626682675441702,0.0,-0.4999999999999997,-0.8660254037844388,1.21,0.0,0.0,98.56
2014-07-25,Goa,Statewide,46.7,0.0,0.0,0.0,0.0,0.0,0.0,0,2014,7,206,1,369.49999999999994,1056.1000000000001,54.32777141566274,0.0,-0.4999999999999997,-0.8660254037844388,46.7,0.0,0.0,1056.1000000000001
2014-07-26,Haryana,Statewide,0.02,0.0,0.0,0.0,0.0,0.0,0.0,0,2014,7,207,1,5.219999999999996,70.45,1.2063365689415355,0.0,-0.4999999999999997,-0.8660254037844388,0.02,0.0,0.0,70.45
2014-07-26,Rajasthan,Statewide,4.52,0.0,0.0,0.0,0.0,0.0,0.0,0,2014,7,207,1,29.200000000000006,86.08,4.604088412421447,0.0,-0.4999999999999997,-0.8660254037844388,4.52,0.0,0.0,86.08
2014-07-27,Odisha,Bargarh,8.71,0.0,0.0,0.0,0.0,0.0,0.0,1,2014,7,208,1,8.71,8.71,8.71,0.0,-0.4999999999999997,-0.8660254037844388,8.71,0.0,0.0,8.71
2014-07-27,Uttarakhand,Pithoragarh,11.98,0.0,0.0,0.0,0.0,0.0,0.0,1,2014,7,208,1,11.98,11.98,11.98,0.0,-0.4999999999999997,-0.8660254037844388,11.98,0.0,0.0,11.98
2014-07-29,Rajasthan,Bhilwara,4.625,0.0,0.0,0.0,0.0,0.0,0.0,1,2014,7,210,1,4.625,4.625,4.625,0.0,-0.4999999999999997,-0.8660254037844388,4.625,0.0,0.0,4.625
2014-07-30,Chhattisgarh,Jagadalpur,10.58,0.0,0.0,0.0,0.0,0.0,0.0,1,2014,7,211,1,10.58,10.58,10.58,0.0,-0.4999999999999997,-0.8660254037844388,10.58,0.0,0.0,10.58
2014-07-30,Uttar Pradesh,Statewide,4.96,0.0,0.0,0.0,0.0,0.0,0.0,0,2014,7,211,1,30.839999999999996,201.41,5.998975769465977,0.0,-0.4999999999999997,-0.8660254037844388,4.96,0.0,0.0,201.41
2014-07-31,Gujarat,Statewide,24.44,0.0,0.0,0.0,0.0,0.0,0.0,0,2014,7,212,1,112.67,250.75,18.215360231174078,0.0,-0.4999999999999997,-0.8660254037844388,24.44,0.0,0.0,250.75
2014-07-31,Jammu & Kashmir,Pulwama,7.83,0.0,0.0,0.0,0.0,0.0,0.0,1,2014,7,212,1,7.83,7.83,7.83,0.0,-0.4999999999999997,-0.8660254037844388,7.83,0.0,0.0,7.83
2014-07-31,Karnataka,Haveri And Uttara Kannada,7.965,0.0,0.0,0.0,0.0,0.0,0.0,1,2014,7,212,1,7.965,7.965,7.965,0.0,-0.4999999999999997,-0.8660254037844388,7.965,0.0,0.0,7.965
2014-07-31,Maharashtra,Mumbai,10.58,0.0,0.0,0.0,0.0,0.0,0.0,1,2014,7,212,1,26.04,26.04,7.786999999999999,0.0,-0.4999999999999997,-0.8660254037844388,10.58,0.0,0.0,26.04
2014-07-31,Uttarakhand,Tehri Garhwal,11.98,0.0,0.0,0.0,0.0,0.0,0.0,1,2014,7,212,1,11.98,11.98,11.98,0.0,-0.4999999999999997,-0.8660254037844388,11.98,0.0,0.0,11.98
2014-08-01,Karnataka,Statewide,21.02,0.0,0.0,0.0,0.0,0.0,0.0,0,2014,8,213,1,77.11999999999999,281.87,14.871050729341228,0.0,-0.8660254037844385,-0.5000000000000004,21.02,0.0,0.0,281.87
2014-08-02,Goa,Statewide,47.87,0.0,0.0,0.0,0.0,0.0,0.0,0,2014,8,214,1,366.46,1469.36,63.97527464314783,0.0,-0.8660254037844385,-0.5000000000000004,47.87,0.0,0.0,1469.36
2014-08-02,Sikkim,Statewide,7.36,0.0,0.0,0.0,0.0,0.0,0.0,0,2014,8,214,1,72.81,496.38,10.679114751314613,0.0,-0.8660254037844385,-0.5000000000000004,7.36,0.0,0.0,496.38
2014-08-03,Karnataka,Belguam And Bijapur,5.08,0.0,0.0,0.0,0.0,0.0,0.0,1,2014,8,215,1,5.08,5.08,5.08,0.0,-0.8660254037844385,-0.5000000000000004,5.08,0.0,0.0,5.08
2014-08-03,Tamil Nadu,Coimbatore Rural,1.92,0.0,0.0,0.0,0.0,0.0,0.0,1,2014,8,215,1,1.92,1.92,1.92,0.0,-0.8660254037844385,-0.5000000000000004,1.92,0.0,0.0,1.92
2014-08-03,Unknown,Orissa Province,5.92,0.0,0.0,0.0,0.0,0.0,0.0,1,2014,8,215,1,9.66,9.66,4.394,0.0,-0.8660254037844385,-0.5000000000000004,5.92,0.0,0.0,9.66
2014-08-04,Ladakh,Statewide,2.44,0.0,0.0,0.0,0.0,0.0,0.0,0,2014,8,216,1,10.93,19.9,1.9478123494845583,0.0,-0.8660254037844385,-0.5000000000000004,2.44,0.0,0.0,19.9
2014-08-05,Andaman And Nicobar Islands,Statewide,8.99,0.0,0.0,0.0,0.0,0.0,0.0,0,2014,8,217,1,69.21,327.09,9.481609446829083,0.0,-0.8660254037844385,-0.5000000000000004,8.99,0.0,0.0,327.09
2014-08-05,Punjab,Statewide,13.07,0.0,0.0,0.0,0.0,0.0,0.0,0,2014,8,217,1,27.729999999999997,98.51,5.50421417209498,0.0,-0.8660254037844385,-0.5000000000000004,13.07,0.0,0.0,98.51
2014-08-05,Tripura,Statewide,2.55,0.0,0.0,0.0,0.0,0.0,0.0,0,2014,8,217,1,49.34999999999996,301.61,6.121234083802667,0.0,-0.8660254037844385,-0.5000000000000004,2.55,0.0,0.0,301.61
2014-08-05,Uttar Pradesh,Statewide,12.87,0.0,0.0,0.0,0.0,0.0,0.0,0,2014,8,217,1,48.66999999999999,211.94,9.554871580301901,0.0,-0.8660254037844385,-0.5000000000000004,12.87,0.0,0.0,211.94
2014-08-06,The Dadra And Nagar Haveli And Daman And Diu,Statewide,8.22,0.0,0.0,0.0,0.0,0.0,0.0,0,2014,8,218,1,352.76999999999987,1267.26,31.209523868144277,0.0,-0.8660254037844385,-0.5000000000000004,8.22,0.0,0.0,1267.26
2014-08-06,West Bengal,Statewide,5.94,0.0,0.0,0.0,0.0,0.0,0.0,0,2014,8,218,1,67.66999999999999,258.35999999999996,10.191389915039874,0.0,-0.8660254037844385,-0.5000000000000004,5.94,0.0,0.0,258.35999999999996
2014-08-07,Assam,Dhemaji,8.08,0.0,0.0,0.0,0.0,0.0,0.0,1,2014,8,219,1,19.075000000000003,19.075000000000003,10.1205,0.0,-0.8660254037844385,-0.5000000000000004,8.08,0.0,0.0,19.075000000000003
2014-08-07,Meghalaya,Statewide,4.31,0.0,0.0,0.0,0.0,0.0,0.0,0,2014,8,219,1,82.01000000000003,384.64,11.532992368363274,0.0,-0.8660254037844385,-0.5000000000000004,4.31,0.0,0.0,384.64
2014-08-08,Goa,Statewide,44.58,0.0,0.0,0.0,0.0,0.0,0.0,0,2014,8,220,1,351.5299999999999,1635.17,54.80123956649169,0.0,-0.8660254037844385,-0.5000000000000004,44.58,0.0,0.0,1635.17
2014-08-09,Bihar,Statewide,9.29,0.0,0.0,0.0,0.0,0.0,0.0,0,2014,8,221,1,45.45,154.01,6.2299371097858565,0.0,-0.8660254037844385,-0.5000000000000004,9.29,0.0,0.0,154.01
2014-08-09,Maharashtra,Chandrapur,5.27,0.0,0.0,0.0,0.0,0.0,0.0,1,2014,8,221,1,5.27,5.27,5.27,0.0,-0.8660254037844385,-0.5000000000000004,5.27,0.0,0.0,5.27
2014-08-09,Unknown,Odisha Province,5.92,0.0,0.0,0.0,0.0,0.0,0.0,1,2014,8,221,1,5.92,5.92,5.92,0.0,-0.8660254037844385,-0.5000000000000004,5.92,0.0,0.0,5.92
2014-08-11,Nagaland,Statewide,1.37,0.0,0.0,0.0,0.0,0.0,0.0,0,2014,8,223,1,45.23999999999997,381.96000000000004,7.150887124052675,0.0,-0.8660254037844385,-0.5000000000000004,1.37,0.0,0.0,381.96000000000004
2014-08-12,West Bengal,Statewide,6.57,0.0,0.0,0.0,0.0,0.0,0.0,0,2014,8,224,1,71.19,275.83,10.022289402114524,0.0,-0.8660254037844385,-0.5000000000000004,6.57,0.0,0.0,275.83
2014-08-13,Himachal Pradesh,Hamirur And Mandi,5.3,0.0,0.0,0.0,0.0,0.0,0.0,1,2014,8,225,1,5.3,5.3,5.3,0.0,-0.8660254037844385,-0.5000000000000004,5.3,0.0,0.0,5.3
2014-08-14,Arunachal Pradesh,East Siang And Lohit,7.98,0.0,0.0,0.0,0.0,0.0,0.0,1,2014,8,226,1,7.98,7.98,7.98,0.0,-0.8660254037844385,-0.5000000000000004,7.98,0.0,0.0,7.98
2014-08-14,Bihar,Darbhanga,5.92,0.0,0.0,0.0,0.0,0.0,0.0,1,2014,8,226,1,5.92,5.92,5.92,0.0,-0.8660254037844385,-0.5000000000000004,5.92,0.0,0.0,5.92
2014-08-14,Meghalaya,Statewide,121.06,0.0,0.0,0.0,0.0,0.0,0.0,0,2014,8,226,1,296.45000000000005,543.23,62.46326920540189,0.0,-0.8660254037844385,-0.5000000000000004,121.06,0.0,0.0,543.23
2014-08-14,Unknown,Statewide,5.92,0.0,0.0,0.0,0.0,0.0,0.0,1,2014,8,226,1,21.19,72.87,4.376909929610723,0.0,-0.8660254037844385,-0.5000000000000004,5.92,0.0,0.0,72.87
2014-08-14,Uttar Pradesh,Most Uttar Pradesh ( The Worst Affected Districts Bahraich,5.24,0.0,0.0,0.0,0.0,0.0,0.0,1,2014,8,226,1,5.24,5.24,5.24,0.0,-0.8660254037844385,-0.5000000000000004,5.24,0.0,0.0,5.24
2014-08-15,Assam,Barpeta,8.08,0.0,0.0,0.0,0.0,0.0,0.0,1,2014,8,227,1,8.08,8.08,8.08,0.0,-0.8660254037844385,-0.5000000000000004,8.08,0.0,0.0,8.08
2014-08-15,Puducherry,Statewide,2.68,0.0,0.0,0.0,0.0,0.0,0.0,0,2014,8,227,1,56.32000000000003,101.72000000000001,5.502487169909039,0.0,-0.8660254037844385,-0.5000000000000004,2.68,0.0,0.0,101.72000000000001
2014-08-15,Sikkim,Statewide,31.48,0.0,0.0,0.0,0.0,0.0,0.0,0,2014,8,227,1,140.39,462.94,24.0487825580273,0.0,-0.8660254037844385,-0.5000000000000004,31.48,0.0,0.0,462.94
2014-08-15,Unknown,Statewide,5.92,0.0,0.0,0.0,0.0,0.0,0.0,1,2014,8,227,1,23.39,78.03999999999999,4.839836950727506,0.0,-0.8660254037844385,-0.5000000000000004,5.92,0.0,0.0,78.03999999999999
2014-08-16,Punjab,Statewide,5.09,0.0,0.0,0.0,0.0,0.0,0.0,0,2014,8,228,1,14.369999999999997,112.2,3.3988195161863293,0.0,-0.8660254037844385,-0.5000000000000004,5.09,0.0,0.0,112.2
2014-08-16,Unknown,Shravasti,5.92,0.0,0.0,0.0,0.0,0.0,0.0,1,2014,8,228,1,5.92,5.92,5.92,0.0,-0.8660254037844385,-0.5000000000000004,5.92,0.0,0.0,5.92
2014-08-20,Andaman And Nicobar Islands,Statewide,11.68,0.0,0.0,0.0,0.0,0.0,0.0,0,2014,8,232,1,79.94,339.27000000000004,12.267253087835874,0.0,-0.8660254037844385,-0.5000000000000004,11.68,0.0,0.0,339.27000000000004
2014-08-22,Kerala,Kottayam,7.04,0.0,0.0,0.0,0.0,0.0,0.0,1,2014,8,234,1,7.04,7.04,7.04,0.0,-0.8660254037844385,-0.5000000000000004,7.04,0.0,0.0,7.04
2014-08-22,Tamil Nadu,Erode,1.92,0.0,0.0,0.0,0.0,0.0,0.0,1,2014,8,234,1,1.92,1.92,1.92,0.0,-0.8660254037844385,-0.5000000000000004,1.92,0.0,0.0,1.92
2014-08-22,Uttarakhand,Statewide,3.64,0.0,0.0,0.0,0.0,0.0,0.0,0,2014,8,234,1,52.719999999999985,368.28000000000003,4.425148838406608,0.0,-0.8660254037844385,-0.5000000000000004,3.64,0.0,0.0,368.28000000000003
2014-08-22,West Bengal,Statewide,12.29,0.0,0.0,0.0,0.0,0.0,0.0,0,2014,8,234,1,110.19,362.35,13.710142322363232,0.0,-0.8660254037844385,-0.5000000000000004,12.29,0.0,0.0,362.35
2014-08-23,Karnataka,Bidar,5.08,0.0,0.0,0.0,0.0,0.0,0.0,1,2014,8,235,1,5.08,5.08,5.08,0.0,-0.8660254037844385,-0.5000000000000004,5.08,0.0,0.0,5.08
2014-08-26,Nagaland,Statewide,2.13,0.0,0.0,0.0,0.0,0.0,0.0,0,2014,8,238,1,58.849999999999966,313.44,7.145245255587667,0.0,-0.8660254037844385,-0.5000000000000004,2.13,0.0,0.0,313.44
2014-08-27,Delhi,Statewide,0.0,0.0,0.0,0.0,0.0,0.0,0.0,0,2014,8,239,1,0.0,63.530000000000015,0.0375016038810198,0.0,-0.8660254037844385,-0.5000000000000004,0.0,0.0,0.0,63.530000000000015
2014-08-28,Punjab,Statewide,0.46,0.0,0.0,0.0,0.0,0.0,0.0,0,2014,8,240,1,0.6199999999999964,63.77,0.22653357077246883,0.0,-0.8660254037844385,-0.5000000000000004,0.46,0.0,0.0,63.77
2014-08-30,Uttar Pradesh,Statewide,0.73,0.0,0.0,0.0,0.0,0.0,0.0,0,2014,8,242,1,6.5199999999999925,127.33999999999999,1.1716195779977927,0.0,-0.8660254037844385,-0.5000000000000004,0.73,0.0,0.0,127.33999999999999
2014-08-31,Lakshadweep,Statewide,1558.9120218579235,0.0,0.0,0.0,0.0,0.0,0.0,0,2014,8,243,1,10898.16038251366,46472.725409836065,1557.3316029143894,0.0,-0.8660254037844385,-0.5000000000000004,1558.9120218579235,0.0,0.0,46472.725409836065
2014-09-02,Ladakh,Statewide,3.83,0.0,0.0,0.0,0.0,0.0,0.0,0,2014,9,245,1,19.860000000000003,75.98,3.1488841520215107,0.0,-1.0,-1.8369701987210297e-16,3.83,0.0,0.0,75.98
2014-09-02,Sikkim,Statewide,10.59,0.0,0.0,0.0,0.0,0.0,0.0,0,2014,9,245,1,112.23,567.0999999999999,15.029275743345154,0.0,-1.0,-1.8369701987210297e-16,10.59,0.0,0.0,567.0999999999999
2014-09-03,Andaman And Nicobar Islands,Statewide,11.76,0.0,0.0,0.0,0.0,0.0,0.0,0,2014,9,246,1,74.91,330.65999999999997,10.907932419573251,0.0,-1.0,-1.8369701987210297e-16,11.76,0.0,0.0,330.65999999999997
2014-09-03,Maharashtra,Sangli,4.88,0.0,0.0,0.0,0.0,0.0,0.0,1,2014,9,246,1,4.88,4.88,4.88,0.0,-1.0,-1.8369701987210297e-16,4.88,0.0,0.0,4.88
2014-09-04,Odisha,Statewide,11.99,0.0,0.0,0.0,0.0,0.0,0.0,0,2014,9,247,1,116.44,275.8,15.549521146221837,0.0,-1.0,-1.8369701987210297e-16,11.99,0.0,0.0,275.8
2014-09-05,Nagaland,Statewide,1.61,0.0,0.0,0.0,0.0,0.0,0.0,0,2014,9,248,1,21.069999999999965,221.8,2.6516074904008193,0.0,-1.0,-1.8369701987210297e-16,1.61,0.0,0.0,221.8
2014-09-06,Delhi,Statewide,23.24,0.0,0.0,0.0,0.0,0.0,0.0,0,2014,9,249,1,59.05,106.12,10.991755757391417,0.0,-1.0,-1.8369701987210297e-16,23.24,0.0,0.0,106.12
2014-09-06,Jharkhand,Statewide,14.19,0.0,0.0,0.0,0.0,0.0,0.0,0,2014,9,249,1,61.26,270.31,8.346543996451604,0.0,-1.0,-1.8369701987210297e-16,14.19,0.0,0.0,270.31
2014-09-08,Arunachal Pradesh,Statewide,23.3,0.0,0.0,0.0,0.0,0.0,0.0,0,2014,9,251,1,42.59,612.35,9.56385642977507,0.0,-1.0,-1.8369701987210297e-16,23.3,0.0,0.0,612.35
2014-09-10,Gujarat,Statewide,15.19,0.0,0.0,0.0,0.0,0.0,0.0,0,2014,9,253,1,114.96,236.24,18.820737190546875,0.0,-1.0,-1.8369701987210297e-16,15.19,0.0,0.0,236.24
2014-09-10,Ladakh,Statewide,3.83,0.0,0.0,0.0,0.0,0.0,0.0,0,2014,9,253,1,26.810000000000002,87.10000000000001,3.790735026784577,0.0,-1.0,-1.8369701987210297e-16,3.83,0.0,0.0,87.10000000000001
2014-09-11,Jammu & Kashmir,Anantanag,3.74,0.0,0.0,0.0,0.0,0.0,0.0,1,2014,9,254,1,12.32,12.32,3.1338,0.0,-1.0,-1.8369701987210297e-16,3.74,0.0,0.0,12.32
2014-09-12,Manipur,Statewide,0.38,0.0,0.0,0.0,0.0,0.0,0.0,0,2014,9,255,1,34.03,206.07,4.0994222161386755,0.0,-1.0,-1.8369701987210297e-16,0.38,0.0,0.0,206.07
2014-09-12,Uttarakhand,Statewide,9.05,0.0,0.0,0.0,0.0,0.0,0.0,0,2014,9,255,1,37.749999999999986,194.88,6.046407324585099,0.0,-1.0,-1.8369701987210297e-16,9.05,0.0,0.0,194.88
2014-09-14,Bihar,Banka,3.6550000000000002,0.0,0.0,0.0,0.0,0.0,0.0,1,2014,9,257,1,3.6550000000000002,3.6550000000000002,3.6550000000000002,0.0,-1.0,-1.8369701987210297e-16,3.6550000000000002,0.0,0.0,3.6550000000000002
2014-09-14,Madhya Pradesh,Statewide,2.73,0.0,0.0,0.0,0.0,0.0,0.0,0,2014,9,257,1,74.97999999999999,198.67999999999998,7.058635882855916,0.0,-1.0,-1.8369701987210297e-16,2.73,0.0,0.0,198.67999999999998
2014-09-15,Uttar Pradesh,Statewide,2.62,0.0,0.0,0.0,0.0,0.0,0.0,0,2014,9,258,1,44.46999999999999,94.41,6.090197677111544,0.0,-1.0,-1.8369701987210297e-16,2.62,0.0,0.0,94.41
2014-09-21,Delhi,Statewide,0.0,0.0,0.0,0.0,0.0,0.0,0.0,0,2014,9,264,1,0.7900000000000071,85.57000000000002,0.2557815085042567,0.0,-1.0,-1.8369701987210297e-16,0.0,0.0,0.0,85.57000000000002
2014-09-22,Arunachal Pradesh,Statewide,29.0,0.0,0.0,0.0,0.0,0.0,0.0,0,2014,9,265,1,104.43,348.11,21.225335854297057,0.0,-1.0,-1.8369701987210297e-16,29.0,0.0,0.0,348.11
2014-09-22,Assam,Barpeta,6.33,0.0,0.0,0.0,0.0,0.0,0.0,1,2014,9,265,1,14.41,14.41,7.555,0.0,-1.0,-1.8369701987210297e-16,6.33,0.0,0.0,14.41
2014-09-23,Meghalaya,Districts Of Garo Hills,7.025,0.0,0.0,0.0,0.0,0.0,0.0,1,2014,9,266,1,7.025,7.025,7.025,0.0,-1.0,-1.8369701987210297e-16,7.025,0.0,0.0,7.025
2014-09-23,Tamil Nadu,Dindigul,2.1550000000000002,0.0,0.0,0.0,0.0,0.0,0.0,1,2014,9,266,1,2.1550000000000002,2.1550000000000002,2.1550000000000002,0.0,-1.0,-1.8369701987210297e-16,2.1550000000000002,0.0,0.0,2.1550000000000002
2014-09-24,Karnataka,Bellary,4.41,0.0,0.0,0.0,0.0,0.0,0.0,1,2014,9,267,1,4.41,4.41,1.323,0.0,-1.0,-1.8369701987210297e-16,4.41,0.0,0.0,4.41
2014-09-24,Unknown,Statewide,3.74,0.0,0.0,0.0,0.0,0.0,0.0,1,2014,9,267,1,27.130000000000003,81.03,4.509885865509254,0.0,-1.0,-1.8369701987210297e-16,3.74,0.0,0.0,81.03
2014-09-24,Unknown,Tura Village (West Garo Hills District,3.74,0.0,0.0,0.0,0.0,0.0,0.0,1,2014,9,267,1,3.74,3.74,3.74,0.0,-1.0,-1.8369701987210297e-16,3.74,0.0,0.0,3.74
2014-09-26,Kerala,Thiruvananthapuram,6.12,0.0,0.0,0.0,0.0,0.0,0.0,1,2014,9,269,1,30.755000000000003,30.755000000000003,4.508046194999999,0.0,-1.0,-1.8369701987210297e-16,6.12,0.0,0.0,30.755000000000003
2014-09-26,Uttar Pradesh,Statewide,0.1,0.0,0.0,0.0,0.0,0.0,0.0,0,2014,9,269,1,9.789999999999992,98.56,0.9673514490823912,0.0,-1.0,-1.8369701987210297e-16,0.1,0.0,0.0,98.56
2014-09-27,Himachal Pradesh,Statewide,0.02,0.0,0.0,0.0,0.0,0.0,0.0,0,2014,9,270,1,6.1899999999999995,80.57,0.68119427118251,0.0,-1.0,-1.8369701987210297e-16,0.02,0.0,0.0,80.57
2014-09-27,Lakshadweep,Statewide,1577.1997267759564,0.0,0.0,0.0,0.0,0.0,0.0,0,2014,9,270,1,11026.174316939892,47021.356557377054,1575.6193078324222,0.0,-1.0,-1.8369701987210297e-16,1577.1997267759564,0.0,0.0,47021.356557377054
2014-09-28,Assam,Statewide,11.7,0.0,0.0,0.0,0.0,0.0,0.0,0,2014,9,271,1,150.81,346.15000000000003,13.774535768977428,0.0,-1.0,-1.8369701987210297e-16,11.7,0.0,0.0,346.15000000000003
2014-09-28,Ladakh,Statewide,3.83,0.0,0.0,0.0,0.0,0.0,0.0,0,2014,9,271,1,26.810000000000002,112.12,3.829936060383694,0.0,-1.0,-1.8369701987210297e-16,3.83,0.0,0.0,112.12
2014-09-29,Telangana,Statewide,0.13,0.0,0.0,0.0,0.0,0.0,0.0,0,2014,9,272,1,3.71,173.87,0.7568640837710597,0.0,-1.0,-1.8369701987210297e-16,0.13,0.0,0.0,173.87
2014-09-30,Mizoram,Statewide,0.0,0.0,0.0,0.0,0.0,0.0,0.0,0,2014,9,273,1,22.160000000000043,517.4399999999999,2.7322712604441577,0.0,-1.0,-1.8369701987210297e-16,0.0,0.0,0.0,517.4399999999999
2014-10-04,Kerala,Alappuzha,5.73,0.0,0.0,0.0,0.0,0.0,0.0,1,2014,10,277,0,21.365,21.365,3.1529888499999994,0.0,-0.8660254037844386,0.5000000000000001,5.73,0.0,0.0,21.365
2014-10-04,Ladakh,Statewide,0.0,0.0,0.0,0.0,0.0,0.0,0.0,0,2014,10,277,0,11.49,99.58,0.9195754775680808,0.0,-0.8660254037844386,0.5000000000000001,0.0,0.0,0.0,99.58
2014-10-06,Maharashtra,Ahmednagar,0.57,0.0,0.0,0.0,0.0,0.0,0.0,1,2014,10,279,0,0.57,0.57,0.57,0.0,-0.8660254037844386,0.5000000000000001,0.57,0.0,0.0,0.57
2014-10-07,Bihar,Statewide,0.0,0.0,0.0,0.0,0.0,0.0,0.0,0,2014,10,280,0,1.8400000000000072,156.72,0.4032828068056423,0.0,-0.8660254037844386,0.5000000000000001,0.0,0.0,0.0,156.72
2014-10-09,Sikkim,Statewide,0.0,0.0,0.0,0.0,0.0,0.0,0.0,0,2014,10,282,0,1.2,204.03,0.5446165957482416,0.0,-0.8660254037844386,0.5000000000000001,0.0,0.0,0.0,204.03
2014-10-12,Telangana,Statewide,0.12,0.0,0.0,0.0,0.0,0.0,0.0,0,2014,10,285,0,8.06,66.35,0.7570789384907967,0.0,-0.8660254037844386,0.5000000000000001,0.12,0.0,0.0,66.35
2014-10-13,Chandigarh,Statewide,0.0,0.0,0.0,0.0,0.0,0.0,0.0,0,2014,10,286,0,0.0,3.399999999999972,0.017968581353771707,0.0,-0.8660254037844386,0.5000000000000001,0.0,0.0,0.0,3.399999999999972
2014-10-13,Chhattisgarh,Bastar,0.16,0.0,0.0,0.0,0.0,0.0,0.0,1,2014,10,286,0,0.16,0.16,0.16,0.0,-0.8660254037844386,0.5000000000000001,0.16,0.0,0.0,0.16
2014-10-14,Bihar,Madhubani,0.08,0.0,0.0,0.0,0.0,0.0,0.0,1,2014,10,287,0,0.08,0.08,0.08,0.0,-0.8660254037844386,0.5000000000000001,0.08,0.0,0.0,0.08
2014-10-15,Karnataka,Statewide,0.15,0.0,0.0,0.0,0.0,0.0,0.0,0,2014,10,288,0,19.279999999999994,141.06,1.7969078908974003,0.0,-0.8660254037844386,0.5000000000000001,0.15,0.0,0.0,141.06
2014-10-16,Arunachal Pradesh,Statewide,12.44,0.0,0.0,0.0,0.0,0.0,0.0,0,2014,10,289,0,23.129999999999992,243.85999999999999,5.577063385800896,0.0,-0.8660254037844386,0.5000000000000001,12.44,0.0,0.0,243.85999999999999
2014-10-17,Meghalaya,Statewide,0.0,0.0,0.0,0.0,0.0,0.0,0.0,0,2014,10,290,0,23.270000000000028,638.7,2.4404008905180015,0.0,-0.8660254037844386,0.5000000000000001,0.0,0.0,0.0,638.7
2014-10-18,Madhya Pradesh,Statewide,0.16,0.0,0.0,0.0,0.0,0.0,0.0,0,2014,10,291,0,27.659999999999993,39.18,2.0559144584982763,0.0,-0.8660254037844386,0.5000000000000001,0.16,0.0,0.0,39.18
2014-10-21,Maharashtra,Statewide,0.1,0.0,0.0,0.0,0.0,0.0,0.0,0,2014,10,294,0,5.25,32.339999999999996,0.6380214127511653,0.0,-0.8660254037844386,0.5000000000000001,0.1,0.0,0.0,32.339999999999996
2014-10-22,Mizoram,Statewide,0.0,0.0,0.0,0.0,0.0,0.0,0.0,0,2014,10,295,0,23.840000000000042,121.45,2.493849453734087,0.0,-0.8660254037844386,0.5000000000000001,0.0,0.0,0.0,121.45
2014-10-22,Unknown,Statewide,0.17,0.0,0.0,0.0,0.0,0.0,0.0,1,2014,10,295,0,27.3,80.45,3.207920105856478,0.0,-0.8660254037844386,0.5000000000000001,0.17,0.0,0.0,80.45
2014-10-24,Himachal Pradesh,Statewide,0.0,0.0,0.0,0.0,0.0,0.0,0.0,0,2014,10,297,0,0.09,24.79,0.07877166109972139,0.0,-0.8660254037844386,0.5000000000000001,0.0,0.0,0.0,24.79
2014-10-25,Karnataka,Bellary,2.27,0.0,0.0,0.0,0.0,0.0,0.0,1,2014,10,298,0,6.68,6.68,1.6071,0.0,-0.8660254037844386,0.5000000000000001,2.27,0.0,0.0,6.68
2014-10-27,Andaman And Nicobar Islands,Statewide,8.28,0.0,0.0,0.0,0.0,0.0,0.0,0,2014,10,300,0,58.51,323.49,8.424207747330554,0.0,-0.8660254037844386,0.5000000000000001,8.28,0.0,0.0,323.49
2014-10-27,Karnataka,Statewide,12.56,0.0,0.0,0.0,0.0,0.0,0.0,0,2014,10,300,0,55.3,134.06,11.304527727578773,0.0,-0.8660254037844386,0.5000000000000001,12.56,0.0,0.0,134.06
2014-10-27,Lakshadweep,Statewide,1597.519398907104,0.0,0.0,0.0,0.0,0.0,0.0,0,2014,10,300,0,11168.412021857925,47630.94672131148,1595.9389799635699,0.0,-0.8660254037844386,0.5000000000000001,1597.519398907104,0.0,0.0,47630.94672131148
2014-10-27,Telangana,Nalgonda,0.45,0.0,0.0,0.0,0.0,0.0,0.0,1,2014,10,300,0,0.45,0.45,0.45,0.0,-0.8660254037844386,0.5000000000000001,0.45,0.0,0.0,0.45
2014-10-28,Karnataka,Bengaluru Urban,2.27,0.0,0.0,0.0,0.0,0.0,0.0,1,2014,10,301,0,2.27,2.27,2.27,0.0,-0.8660254037844386,0.5000000000000001,2.27,0.0,0.0,2.27
2014-10-28,Uttarakhand,Statewide,0.0,0.0,0.0,0.0,0.0,0.0,0.0,0,2014,10,301,0,4.849999999999986,52.08,0.7886004093538481,0.0,-0.8660254037844386,0.5000000000000001,0.0,0.0,0.0,52.08
2014-10-31,Mizoram,Statewide,0.21,0.0,0.0,0.0,0.0,0.0,0.0,0,2014,10,304,0,10.200000000000042,105.72,1.6011509207731496,0.0,-0.8660254037844386,0.5000000000000001,0.21,0.0,0.0,105.72
2014-11-03,West Bengal,Statewide,0.0,0.0,0.0,0.0,0.0,0.0,0.0,0,2014,11,307,0,0.74,35.65,0.06436066131082437,0.0,-0.5000000000000004,0.8660254037844384,0.0,0.0,0.0,35.65
2014-11-07,Tamil Nadu,Statewide,0.0,0.0,0.0,0.0,0.0,0.0,0.0,0,2014,11,311,0,20.45,237.91,1.8926040677806,0.0,-0.5000000000000004,0.8660254037844384,0.0,0.0,0.0,237.91
2014-11-08,Madhya Pradesh,Statewide,0.0,0.0,0.0,0.0,0.0,0.0,0.0,0,2014,11,312,0,0.0,28.680000000000003,0.001516814380886356,0.0,-0.5000000000000004,0.8660254037844384,0.0,0.0,0.0,28.680000000000003
2014-11-08,Rajasthan,Ajmer,0.0,0.0,0.0,0.0,0.0,0.0,0.0,1,2014,11,312,0,0.0,0.0,0.0,0.0,-0.5000000000000004,0.8660254037844384,0.0,0.0,0.0,0.0
2014-11-08,Unknown,Statewide,0.0,0.0,0.0,0.0,0.0,0.0,0.0,1,2014,11,312,0,27.3,76.73,2.2455440740995343,0.0,-0.5000000000000004,0.8660254037844384,0.0,0.0,0.0,76.73
2014-11-08,Uttarakhand,Uttarakhand,0.0,0.0,0.0,0.0,0.0,0.0,0.0,1,2014,11,312,0,0.0,0.0,0.0,0.0,-0.5000000000000004,0.8660254037844384,0.0,0.0,0.0,0.0
2014-11-10,Odisha,Statewide,0.04,0.0,0.0,0.0,0.0,0.0,0.0,0,2014,11,314,0,0.03999999999999267,99.85000000000001,0.020444603112822958,0.0,-0.5000000000000004,0.8660254037844384,0.04,0.0,0.0,99.85000000000001
2014-11-12,Haryana,Statewide,0.0,0.0,0.0,0.0,0.0,0.0,0.0,0,2014,11,316,0,0.1900000000000009,8.479999999999999,0.01397815621878447,0.0,-0.5000000000000004,0.8660254037844384,0.0,0.0,0.0,8.479999999999999
2014-11-14,The Dadra And Nagar Haveli And Daman And Diu,Statewide,0.04,0.0,0.0,0.0,0.0,0.0,0.0,0,2014,11,318,0,0.13999999999988633,1.5,0.02673513803932006,0.0,-0.5000000000000004,0.8660254037844384,0.04,0.0,0.0,1.5
2014-11-15,Maharashtra,Statewide,9.83,0.0,0.0,0.0,0.0,0.0,0.0,0,2014,11,319,0,14.969999999999999,25.23,3.527956824160512,0.0,-0.5000000000000004,0.8660254037844384,9.83,0.0,0.0,25.23
2014-11-16,Jammu And Kashmir,Statewide,0.0,0.0,0.0,0.0,0.0,0.0,0.0,0,2014,11,320,0,0.0,23.38,0.005549890494308401,0.0,-0.5000000000000004,0.8660254037844384,0.0,0.0,0.0,23.38
2014-11-18,Tripura,Statewide,0.0,0.0,0.0,0.0,0.0,0.0,0.0,0,2014,11,322,0,0.0,4.910000000000029,0.03699724882734554,0.0,-0.5000000000000004,0.8660254037844384,0.0,0.0,0.0,4.910000000000029
2014-11-19,Jammu And Kashmir,Statewide,0.0,0.0,0.0,0.0,0.0,0.0,0.0,0,2014,11,323,0,0.0,18.369999999999997,0.0019036124395477813,0.0,-0.5000000000000004,0.8660254037844384,0.0,0.0,0.0,18.369999999999997
2014-11-20,Andhra Pradesh,Statewide,0.45,0.0,0.0,0.0,0.0,0.0,0.0,0,2014,11,324,0,16.639999999999972,106.66000000000001,1.3505663974808861,0.0,-0.5000000000000004,0.8660254037844384,0.45,0.0,0.0,106.66000000000001
2014-11-20,Puducherry,Statewide,3.23,0.0,0.0,0.0,0.0,0.0,0.0,0,2014,11,324,0,62.710000000000015,244.87,5.8509597335221715,0.0,-0.5000000000000004,0.8660254037844384,3.23,0.0,0.0,244.87
2014-11-24,Karnataka,Statewide,0.02,0.0,0.0,0.0,0.0,0.0,0.0,0,2014,11,328,0,0.3699999999999929,71.19000000000001,0.24947083131520656,0.0,-0.5000000000000004,0.8660254037844384,0.02,0.0,0.0,71.19000000000001
2014-11-29,Andhra Pradesh,Statewide,0.0,0.0,0.0,0.0,0.0,0.0,0.0,0,2014,11,333,0,0.0,43.39000000000001,0.054500225631349423,0.0,-0.5000000000000004,0.8660254037844384,0.0,0.0,0.0,43.39000000000001
2014-11-30,Telangana,Statewide,0.0,0.0,0.0,0.0,0.0,0.0,0.0,0,2014,11,334,0,0.0,15.0,0.01619169535324052,0.0,-0.5000000000000004,0.8660254037844384,0.0,0.0,0.0,15.0
2014-12-01,Arunachal Pradesh,Statewide,0.0,0.0,0.0,0.0,0.0,0.0,0.0,0,2014,12,335,0,0.1599999999999929,14.42,0.1713404990587283,0.0,-2.4492935982947064e-16,1.0,0.0,0.0,0.0,14.42
2014-12-01,Chhattisgarh,Statewide,0.0,0.0,0.0,0.0,0.0,0.0,0.0,0,2014,12,335,0,0.0,3.35,0.001783423279524419,0.0,-2.4492935982947064e-16,1.0,0.0,0.0,0.0,3.35
2014-12-02,Chandigarh,Statewide,0.0,0.0,0.0,0.0,0.0,0.0,0.0,0,2014,12,336,0,0.0,0.0,2.1035170208242815e-07,0.0,-2.4492935982947064e-16,1.0,0.0,0.0,0.0,0.0
2014-12-03,Gujarat,Statewide,0.0,0.0,0.0,0.0,0.0,0.0,0.0,0,2014,12,337,0,0.0,3.01,0.002234485848744639,0.0,-2.4492935982947064e-16,1.0,0.0,0.0,0.0,3.01
2014-12-03,Jammu And Kashmir,Statewide,0.0,0.0,0.0,0.0,0.0,0.0,0.0,0,2014,12,337,0,0.0,0.0,1.2910738782636763e-05,0.0,-2.4492935982947064e-16,1.0,0.0,0.0,0.0,0.0
2014-12-06,Kerala,Thiruvananthapuram,0.16,0.0,0.0,0.0,0.0,0.0,0.0,1,2014,12,340,0,30.915,30.915,3.203632336499999,0.0,-2.4492935982947064e-16,1.0,0.16,0.0,0.0,30.915
2014-12-07,Kerala,Kannur,0.16,0.0,0.0,0.0,0.0,0.0,0.0,1,2014,12,341,0,0.32,0.32,0.16,0.0,-2.4492935982947064e-16,1.0,0.16,0.0,0.0,0.32
2014-12-07,Mizoram,Statewide,0.0,0.0,0.0,0.0,0.0,0.0,0.0,0,2014,12,341,0,0.0,9.89,0.00020286217660211273,0.0,-2.4492935982947064e-16,1.0,0.0,0.0,0.0,9.89
2014-12-08,Ladakh,Statewide,0.0,0.0,0.0,0.0,0.0,0.0,0.0,0,2014,12,342,0,0.0,0.22000000000000003,0.0005764671850351832,0.0,-2.4492935982947064e-16,1.0,0.0,0.0,0.0,0.22000000000000003
2014-12-10,Delhi,Statewide,0.0,0.0,0.0,0.0,0.0,0.0,0.0,0,2014,12,344,0,0.0,0.0,1.9075473396674882e-08,0.0,-2.4492935982947064e-16,1.0,0.0,0.0,0.0,0.0
2014-12-10,Jharkhand,Jharkhand,0.0,0.0,0.0,0.0,0.0,0.0,0.0,1,2014,12,344,0,0.0,0.0,0.0,0.0,-2.4492935982947064e-16,1.0,0.0,0.0,0.0,0.0
2014-12-10,Unknown,Statewide,0.0,0.0,0.0,0.0,0.0,0.0,0.0,1,2014,12,344,0,23.58,72.99000000000001,1.5718808518696739,0.0,-2.4492935982947064e-16,1.0,0.0,0.0,0.0,72.99000000000001
2014-12-12,Gujarat,Statewide,0.0,0.0,0.0,0.0,0.0,0.0,0.0,0,2014,12,346,0,0.0,2.96,9.016956378730255e-05,0.0,-2.4492935982947064e-16,1.0,0.0,0.0,0.0,2.96
2014-12-13,Lakshadweep,Statewide,1629.3535519125685,0.0,0.0,0.0,0.0,0.0,0.0,0,2014,12,347,0,11391.251092896175,48585.97131147541,1627.7731329690346,0.0,-2.4492935982947064e-16,1.0,1629.3535519125685,0.0,0.0,48585.97131147541
2014-12-15,Goa,Statewide,0.03,0.0,0.0,0.0,0.0,0.0,0.0,0,2014,12,349,0,23.029999999999944,23.080000000000002,2.987863107164096,0.0,-2.4492935982947064e-16,1.0,0.03,0.0,0.0,23.080000000000002
2014-12-17,Puducherry,Statewide,16.11,0.0,0.0,0.0,0.0,0.0,0.0,0,2014,12,351,0,29.910000000000014,112.34,6.547626813895105,0.0,-2.4492935982947064e-16,1.0,16.11,0.0,0.0,112.34
2014-12-17,Tripura,Statewide,0.0,0.0,0.0,0.0,0.0,0.0,0.0,0,2014,12,351,0,0.0,0.0,1.1912765444842216e-06,0.0,-2.4492935982947064e-16,1.0,0.0,0.0,0.0,0.0
2014-12-20,Gujarat,Statewide,0.0,0.0,0.0,0.0,0.0,0.0,0.0,0,2014,12,354,0,0.0,0.13,0.003217015795914905,0.0,-2.4492935982947064e-16,1.0,0.0,0.0,0.0,0.13
2014-12-21,Bihar,Statewide,0.0,0.0,0.0,0.0,0.0,0.0,0.0,0,2014,12,355,0,1.2900000000000071,1.3,0.0637775250462649,0.0,-2.4492935982947064e-16,1.0,0.0,0.0,0.0,1.3
2014-12-21,Tamil Nadu,Statewide,0.02,0.0,0.0,0.0,0.0,0.0,0.0,0,2014,12,355,0,25.259999999999998,90.31,3.530631452792327,0.0,-2.4492935982947064e-16,1.0,0.02,0.0,0.0,90.31
2014-12-22,Lakshadweep,Statewide,1635.4494535519127,0.0,0.0,0.0,0.0,0.0,0.0,0,2014,12,356,0,11433.922404371586,48768.84836065574,1633.8690346083786,0.0,-2.4492935982947064e-16,1.0,1635.4494535519127,0.0,0.0,48768.84836065574
2014-12-24,Assam,Statewide,0.0,0.0,0.0,0.0,0.0,0.0,0.0,0,2014,12,358,0,0.27999999999999825,0.6300000000000001,0.011105425976607259,0.0,-2.4492935982947064e-16,1.0,0.0,0.0,0.0,0.6300000000000001
2014-12-24,Bihar,Statewide,0.0,0.0,0.0,0.0,0.0,0.0,0.0,0,2014,12,358,0,0.0,1.3,0.021875691090868853,0.0,-2.4492935982947064e-16,1.0,0.0,0.0,0.0,1.3
2014-12-24,Himachal Pradesh,Statewide,0.0,0.0,0.0,0.0,0.0,0.0,0.0,0,2014,12,358,0,0.17,55.209999999999994,0.5810590889650675,0.0,-2.4492935982947064e-16,1.0,0.0,0.0,0.0,55.209999999999994
2014-12-26,Andaman And Nicobar Islands,Statewide,4.84,0.0,0.0,0.0,0.0,0.0,0.0,0,2014,12,360,0,37.88,228.05,5.525884436893757,0.0,-2.4492935982947064e-16,1.0,4.84,0.0,0.0,228.05
2014-12-26,West Bengal,Statewide,0.0,0.0,0.0,0.0,0.0,0.0,0.0,0,2014,12,360,0,0.0,0.63,0.0015001006331830512,0.0,-2.4492935982947064e-16,1.0,0.0,0.0,0.0,0.63
2014-12-27,Uttarakhand,Statewide,0.0,0.0,0.0,0.0,0.0,0.0,0.0,0,2014,12,361,0,0.0,43.6,0.19344674018105845,0.0,-2.4492935982947064e-16,1.0,0.0,0.0,0.0,43.6
2014-12-28,Punjab,Statewide,0.0,0.0,0.0,0.0,0.0,0.0,0.0,0,2014,12,362,0,0.0,20.87,0.04587220212484472,0.0,-2.4492935982947064e-16,1.0,0.0,0.0,0.0,20.87
2014-12-30,Maharashtra,Statewide,0.0,0.0,0.0,0.0,0.0,0.0,0.0,0,2014,12,364,0,0.0,7.95,0.005796388719714761,0.0,-2.4492935982947064e-16,1.0,0.0,0.0,0.0,7.95
2015-01-02,Odisha,Statewide,9.6,0.0,0.0,0.0,0.0,0.0,0.0,0,2015,1,2,0,13.749999999999993,13.77,3.6599077792861205,0.0,0.49999999999999994,0.8660254037844387,9.6,0.0,0.0,13.77
2015-01-04,Uttarakhand,Statewide,16.36,0.0,0.0,0.0,0.0,0.0,0.0,0,2015,1,4,0,1293.6499999999999,1337.2499999999998,139.48590627372866,0.0,0.49999999999999994,0.8660254037844387,16.36,0.0,0.0,1337.2499999999998
2015-01-06,Assam,Barpeta,0.0,0.0,0.0,0.0,0.0,0.0,0.0,1,2015,1,6,0,14.41,14.41,5.288499999999999,0.0,0.49999999999999994,0.8660254037844387,0.0,0.0,0.0,14.41
2015-01-06,Chattisgarh,Saurashtra & Kutch,0.0,0.0,0.0,0.0,0.0,0.0,0.0,1,2015,1,6,0,0.0,0.0,0.0,0.0,0.49999999999999994,0.8660254037844387,0.0,0.0,0.0,0.0
2015-01-06,Punjab,Amritsar,0.0,0.0,0.0,0.0,0.0,0.0,0.0,1,2015,1,6,0,0.0,0.0,0.0,0.0,0.49999999999999994,0.8660254037844387,0.0,0.0,0.0,0.0
2015-01-06,West Bengal,Statewide,0.03,0.0,0.0,0.0,0.0,0.0,0.0,0,2015,1,6,0,12.53,12.72,1.5287318318909917,0.0,0.49999999999999994,0.8660254037844387,0.03,0.0,0.0,12.72
2015-01-07,Sikkim,Sikkim,0.0,0.0,0.0,0.0,0.0,0.0,0.0,1,2015,1,7,0,0.0,0.0,0.0,0.0,0.49999999999999994,0.8660254037844387,0.0,0.0,0.0,0.0
2015-01-07,West Bengal,Darjeeling,0.0,0.0,0.0,0.0,0.0,0.0,0.0,1,2015,1,7,0,0.0,0.0,0.0,0.0,0.49999999999999994,0.8660254037844387,0.0,0.0,0.0,0.0
2015-01-08,Jharkhand,Statewide,0.0,0.0,0.0,0.0,0.0,0.0,0.0,0,2015,1,8,0,11.16,1094.0,27.32228919674222,0.0,0.49999999999999994,0.8660254037844387,0.0,0.0,0.0,1094.0
2015-01-08,Odisha,Keonjhar,0.0,0.0,0.0,0.0,0.0,0.0,0.0,1,2015,1,8,0,0.0,0.0,0.0,0.0,0.49999999999999994,0.8660254037844387,0.0,0.0,0.0,0.0
2015-01-08,Puducherry,Statewide,0.0,0.0,0.0,0.0,0.0,0.0,0.0,0,2015,1,8,0,5.650000000000015,93.55000000000001,0.4957093818827435,0.0,0.49999999999999994,0.8660254037844387,0.0,0.0,0.0,93.55000000000001
2015-01-08,Rajasthan,Rajasthan,0.0,0.0,0.0,0.0,0.0,0.0,0.0,1,2015,1,8,0,0.0,0.0,0.0,0.0,0.49999999999999994,0.8660254037844387,0.0,0.0,0.0,0.0
2015-01-09,Assam,Barpeta,0.0,0.0,0.0,0.0,0.0,0.0,0.0,1,2015,1,9,0,14.41,14.41,3.701949999999999,0.0,0.49999999999999994,0.8660254037844387,0.0,0.0,0.0,14.41
2015-01-10,Karnataka,Bagalkot,0.0,0.0,0.0,0.0,0.0,0.0,0.0,1,2015,1,10,0,0.0,0.0,0.0,0.0,0.49999999999999994,0.8660254037844387,0.0,0.0,0.0,0.0
2015-01-11,Kerala,Ernakulam,0.0,0.0,0.0,0.0,0.0,0.0,0.0,1,2015,1,11,0,14.315000000000001,14.315000000000001,10.0205,0.0,0.49999999999999994,0.8660254037844387,0.0,0.0,0.0,14.315000000000001
2015-01-12,Maharashtra,Statewide,0.0,0.0,0.0,0.0,0.0,0.0,0.0,0,2015,1,12,0,0.0,14.84,0.12285117789752363,0.0,0.49999999999999994,0.8660254037844387,0.0,0.0,0.0,14.84
2015-01-12,Tamil Nadu,Most Tamil Nadu,0.0,0.0,0.0,0.0,0.0,0.0,0.0,1,2015,1,12,0,0.0,0.0,0.0,0.0,0.49999999999999994,0.8660254037844387,0.0,0.0,0.0,0.0
2015-01-12,Uttar Pradesh,South-West Uttar Pradesh,0.0,0.0,0.0,0.0,0.0,0.0,0.0,1,2015,1,12,0,0.0,0.0,0.0,0.0,0.49999999999999994,0.8660254037844387,0.0,0.0,0.0,0.0
2015-01-15,Telangana,Statewide,0.0,0.0,0.0,0.0,0.0,0.0,0.0,0,2015,1,15,0,0.0,872.01,1.819326548366086,0.0,0.49999999999999994,0.8660254037844387,0.0,0.0,0.0,872.01
2015-01-21,Haryana,Statewide,0.19,0.0,0.0,0.0,0.0,0.0,0.0,0,2015,1,21,0,0.9600000000000009,5.48,0.10937077798009945,0.0,0.49999999999999994,0.8660254037844387,0.19,0.0,0.0,5.48
2015-01-22,Maharashtra,Statewide,0.01,0.0,0.0,0.0,0.0,0.0,0.0,0,2015,1,22,0,0.01,13.43,0.006470241706654626,0.0,0.49999999999999994,0.8660254037844387,0.01,0.0,0.0,13.43
2015-01-22,Meghalaya,Statewide,0.0,0.0,0.0,0.0,0.0,0.0,0.0,0,2015,1,22,0,3.2300000000000284,20.95,0.2986455321896964,0.0,0.49999999999999994,0.8660254037844387,0.0,0.0,0.0,20.95
2015-01-22,Rajasthan,Statewide,3.64,0.0,0.0,0.0,0.0,0.0,0.0,0,2015,1,22,0,3.870000000000007,4.3500000000000005,1.141590759534647,0.0,0.49999999999999994,0.8660254037844387,3.64,0.0,0.0,4.3500000000000005
2015-01-23,Goa,Statewide,0.0,0.0,0.0,0.0,0.0,0.0,0.0,0,2015,1,23,0,0.0,2.59,0.0004367077283989254,0.0,0.49999999999999994,0.8660254037844387,0.0,0.0,0.0,2.59
2015-02-02,Gujarat,Statewide,0.0,0.0,0.0,0.0,0.0,0.0,0.0,0,2015,2,33,0,0.0,1.17,0.00662804858736484,0.0,0.8660254037844386,0.5000000000000001,0.0,0.0,0.0,1.17
2015-02-05,Bihar,Statewide,0.0,0.0,0.0,0.0,0.0,0.0,0.0,0,2015,2,36,0,0.7600000000001137,3.34,0.08274043640131264,0.0,0.8660254037844386,0.5000000000000001,0.0,0.0,0.0,3.34
2015-02-05,Puducherry,Statewide,0.0,0.0,0.0,0.0,0.0,0.0,0.0,0,2015,2,36,0,0.0,3.92,0.010948190344769324,0.0,0.8660254037844386,0.5000000000000001,0.0,0.0,0.0,3.92
2015-02-06,Unknown,Statewide,0.0,0.0,0.0,0.0,0.0,0.0,0.0,1,2015,2,37,0,15.750000000000002,72.99000000000001,1.1003165963087715,0.0,0.8660254037844386,0.5000000000000001,0.0,0.0,0.0,72.99000000000001
2015-02-07,Jharkhand,Statewide,0.0,0.0,0.0,0.0,0.0,0.0,0.0,0,2015,2,38,0,0.0,5.93,0.08486205170762605,0.0,0.8660254037844386,0.5000000000000001,0.0,0.0,0.0,5.93
2015-02-07,Telangana,Statewide,0.0,0.0,0.0,0.0,0.0,0.0,0.0,0,2015,2,38,0,0.0,0.0,0.0004979268863133284,0.0,0.8660254037844386,0.5000000000000001,0.0,0.0,0.0,0.0
2015-02-08,Odisha,Angul,0.0,0.0,0.0,0.0,0.0,0.0,0.0,1,2015,2,39,0,0.0,0.0,0.0,0.0,0.8660254037844386,0.5000000000000001,0.0,0.0,0.0,0.0
2015-02-10,Himachal Pradesh,Statewide,0.0,0.0,0.0,0.0,0.0,0.0,0.0,0,2015,2,41,0,10.159999999999997,101.66000000000001,1.1596241251696195,0.0,0.8660254037844386,0.5000000000000001,0.0,0.0,0.0,101.66000000000001
2015-02-11,Karnataka,Chitradurga,0.0,0.0,0.0,0.0,0.0,0.0,0.0,1,2015,2,42,0,0.0,0.0,0.0,0.0,0.8660254037844386,0.5000000000000001,0.0,0.0,0.0,0.0
2015-02-12,Bihar,Statewide,0.0,0.0,0.0,0.0,0.0,0.0,0.0,0,2015,2,43,0,0.0,3.34,0.006814030721524618,0.0,0.8660254037844386,0.5000000000000001,0.0,0.0,0.0,3.34
2015-02-12,Puducherry,Puducherry,0.0,0.0,0.0,0.0,0.0,0.0,0.0,1,2015,2,43,0,3.79,3.79,2.653,0.0,0.8660254037844386,0.5000000000000001,0.0,0.0,0.0,3.79
2015-02-12,Puducherry,Statewide,0.0,0.0,0.0,0.0,0.0,0.0,0.0,0,2015,2,43,0,0.0,3.92,0.000901630552110236,0.0,0.8660254037844386,0.5000000000000001,0.0,0.0,0.0,3.92
2015-02-13,Rajasthan,Statewide,0.0,0.0,0.0,0.0,0.0,0.0,0.0,0,2015,2,44,0,0.17000000000000712,5.699999999999999,0.015166288700290163,0.0,0.8660254037844386,0.5000000000000001,0.0,0.0,0.0,5.699999999999999
2015-02-14,Goa,Statewide,0.0,0.0,0.0,0.0,0.0,0.0,0.0,0,2015,2,45,0,0.0,0.0,1.7074490685729792e-07,0.0,0.8660254037844386,0.5000000000000001,0.0,0.0,0.0,0.0
2015-02-16,Mizoram,Statewide,0.0,0.0,0.0,0.0,0.0,0.0,0.0,0,2015,2,47,0,0.0,2.0300000000000002,2.5469503250020557e-05,0.0,0.8660254037844386,0.5000000000000001,0.0,0.0,0.0,2.0300000000000002
2015-02-19,Assam,Assam,0.01,0.0,0.0,0.0,0.0,0.0,0.0,1,2015,2,50,0,7.609999999999999,7.609999999999999,5.3229999999999995,0.0,0.8660254037844386,0.5000000000000001,0.01,0.0,0.0,7.609999999999999
2015-02-19,Madhya Pradesh,Statewide,0.0,0.0,0.0,0.0,0.0,0.0,0.0,0,2015,2,50,0,0.6799999999999925,17.48,0.11494908551450564,0.0,0.8660254037844386,0.5000000000000001,0.0,0.0,0.0,17.48
2015-02-19,Tamil Nadu,Statewide,0.0,0.0,0.0,0.0,0.0,0.0,0.0,0,2015,2,50,0,0.03,1.2799999999999998,0.0048005125779701785,0.0,0.8660254037844386,0.5000000000000001,0.0,0.0,0.0,1.2799999999999998
2015-02-26,Rajasthan,Statewide,0.0,0.0,0.0,0.0,0.0,0.0,0.0,0,2015,2,57,0,0.06000000000000711,0.76,0.010999891670371796,0.0,0.8660254037844386,0.5000000000000001,0.0,0.0,0.0,0.76
2015-02-28,Arunachal Pradesh,Statewide,14.52,0.0,0.0,0.0,0.0,0.0,0.0,0,2015,2,59,0,34.870000000000005,66.33,7.792085070228724,0.0,0.8660254037844386,0.5000000000000001,14.52,0.0,0.0,66.33
2015-03-03,Kerala,Alappuzha,0.14500000000000002,0.0,0.0,0.0,0.0,0.0,0.0,1,2015,3,62,0,21.509999999999998,21.509999999999998,2.2505921949999994,0.0,1.0,6.123233995736766e-17,0.14500000000000002,0.0,0.0,21.509999999999998
2015-03-03,Tamil Nadu,Statewide,0.27,0.0,0.0,0.0,0.0,0.0,0.0,0,2015,3,62,0,3.87,4.21,0.5436880452733036,0.0,1.0,6.123233995736766e-17,0.27,0.0,0.0,4.21
2015-03-04,Himachal Pradesh,Shimla,0.1,0.0,0.0,0.0,0.0,0.0,0.0,1,2015,3,63,0,1.3,1.3,0.87,0.0,1.0,6.123233995736766e-17,0.1,0.0,0.0,1.3
2015-03-05,Chhattisgarh,Statewide,0.01,0.0,0.0,0.0,0.0,0.0,0.0,0,2015,3,64,0,12.94,13.99,1.747116210697115,0.0,1.0,6.123233995736766e-17,0.01,0.0,0.0,13.99
2015-03-05,Kerala,Ernakulam,0.14500000000000002,0.0,0.0,0.0,0.0,0.0,0.0,1,2015,3,64,0,14.46,14.46,7.057849999999999,0.0,1.0,6.123233995736766e-17,0.14500000000000002,0.0,0.0,14.46
2015-03-06,Ladakh,Statewide,3.05,0.0,0.0,0.0,0.0,0.0,0.0,0,2015,3,65,0,19.959999999999997,58.13999999999999,2.8864589065852972,0.0,1.0,6.123233995736766e-17,3.05,0.0,0.0,58.13999999999999
2015-03-09,Chattisgarh,Mungeli,0.0,0.0,0.0,0.0,0.0,0.0,0.0,1,2015,3,68,0,0.0,0.0,0.0,0.0,1.0,6.123233995736766e-17,0.0,0.0,0.0,0.0
2015-03-10,Rajasthan,Statewide,0.0,0.0,0.0,0.0,0.0,0.0,0.0,0,2015,3,69,0,1.000000000000007,20.319999999999997,0.41590316329078925,0.0,1.0,6.123233995736766e-17,0.0,0.0,0.0,20.319999999999997
2015-03-13,Kerala,Alappuzha,0.14500000000000002,0.0,0.0,0.0,0.0,0.0,0.0,1,2015,3,72,0,19.56,21.654999999999998,1.6189145364999995,0.0,1.0,6.123233995736766e-17,0.14500000000000002,0.0,0.0,21.654999999999998
2015-03-14,Rajasthan,26 Districts Of Rajasthan,0.0,0.0,0.0,0.0,0.0,0.0,0.0,1,2015,3,73,0,0.0,0.0,0.0,0.0,1.0,6.123233995736766e-17,0.0,0.0,0.0,0.0
2015-03-16,Bihar,Statewide,1.56,0.0,0.0,0.0,0.0,0.0,0.0,0,2015,3,75,0,1.6900000000001132,9.95,0.5108737604384811,0.0,1.0,6.123233995736766e-17,1.56,0.0,0.0,9.95
2015-03-19,Haryana,Statewide,0.0,0.0,0.0,0.0,0.0,0.0,0.0,0,2015,3,78,0,7.49,74.03,0.9002979909892648,0.0,1.0,6.123233995736766e-17,0.0,0.0,0.0,74.03
2015-03-20,Andaman And Nicobar Islands,Statewide,1.05,0.0,0.0,0.0,0.0,0.0,0.0,0,2015,3,79,0,6.92,41.01,1.1084121247938252,0.0,1.0,6.123233995736766e-17,1.05,0.0,0.0,41.01
2015-03-20,The Dadra And Nagar Haveli And Daman And Diu,Statewide,0.0,0.0,0.0,0.0,0.0,0.0,0.0,0,2015,3,79,0,0.41999999999988724,12.63,0.040985110469579714,0.0,1.0,6.123233995736766e-17,0.0,0.0,0.0,12.63
2015-03-20,Unknown,Chadoora Village (72811 District,0.0,0.0,0.0,0.0,0.0,0.0,0.0,1,2015,3,79,0,0.0,0.0,0.0,0.0,1.0,6.123233995736766e-17,0.0,0.0,0.0,0.0
2015-03-20,Unknown,Statewide,0.0,0.0,0.0,0.0,0.0,0.0,0.0,1,2015,3,79,0,9.830000000000002,72.99000000000001,0.77022161741614,0.0,1.0,6.123233995736766e-17,0.0,0.0,0.0,72.99000000000001
2015-03-21,Chandigarh,Statewide,0.0,0.0,0.0,0.0,0.0,0.0,0.0,0,2015,3,80,0,23.000000000000014,123.29999999999997,1.6326822823357114,0.0,1.0,6.123233995736766e-17,0.0,0.0,0.0,123.29999999999997
2015-03-21,Haryana,Statewide,0.0,0.0,0.0,0.0,0.0,0.0,0.0,0,2015,3,80,0,7.0,74.03,0.44114601558473965,0.0,1.0,6.123233995736766e-17,0.0,0.0,0.0,74.03
2015-03-21,Jammu & Kashmir,Pulwama,0.0,0.0,0.0,0.0,0.0,0.0,0.0,1,2015,3,80,0,7.83,7.83,5.481,0.0,1.0,6.123233995736766e-17,0.0,0.0,0.0,7.83
2015-03-23,Jammu And Kashmir,Statewide,4.33,0.0,0.0,0.0,0.0,0.0,0.0,0,2015,3,82,0,30.310000000000002,113.44999999999999,4.329356809510783,0.0,1.0,6.123233995736766e-17,4.33,0.0,0.0,113.44999999999999
2015-03-25,Sikkim,Statewide,0.0,0.0,0.0,0.0,0.0,0.0,0.0,0,2015,3,84,0,2.2800000000000002,39.150000000000006,0.10806107740340745,0.0,1.0,6.123233995736766e-17,0.0,0.0,0.0,39.150000000000006
2015-03-25,Telangana,Statewide,0.0,0.0,0.0,0.0,0.0,0.0,0.0,0,2015,3,84,0,0.0,26.93,0.019116499106238655,0.0,1.0,6.123233995736766e-17,0.0,0.0,0.0,26.93
2015-03-25,The Dadra And Nagar Haveli And Daman And Diu,Statewide,0.0,0.0,0.0,0.0,0.0,0.0,0.0,0,2015,3,84,0,0.0,12.63,0.00688836751662226,0.0,1.0,6.123233995736766e-17,0.0,0.0,0.0,12.63
2015-03-26,Puducherry,Statewide,0.93,0.0,0.0,0.0,0.0,0.0,0.0,0,2015,3,85,0,0.9300000000000143,1.6400000000000001,0.2805501758477475,0.0,1.0,6.123233995736766e-17,0.93,0.0,0.0,1.6400000000000001
2015-03-27,Kerala,Alappuzha,0.14500000000000002,0.0,0.0,0.0,0.0,0.0,0.0,1,2015,3,86,0,9.115,21.799999999999997,1.1767401755499998,0.0,1.0,6.123233995736766e-17,0.14500000000000002,0.0,0.0,21.799999999999997
2015-03-27,West Bengal,Statewide,1.0,0.0,0.0,0.0,0.0,0.0,0.0,0,2015,3,86,0,1.04,8.11,0.3102133229571308,0.0,1.0,6.123233995736766e-17,1.0,0.0,0.0,8.11
2015-03-28,Meghalaya,Statewide,11.66,0.0,0.0,0.0,0.0,0.0,0.0,0,2015,3,87,0,20.270000000000028,33.18,4.85955131283782,0.0,1.0,6.123233995736766e-17,11.66,0.0,0.0,33.18
2015-03-28,Odisha,Statewide,0.45,0.0,0.0,0.0,0.0,0.0,0.0,0,2015,3,87,0,0.9899999999999911,6.34,0.22800604347925915,0.0,1.0,6.123233995736766e-17,0.45,0.0,0.0,6.34
2015-03-29,Chhattisgarh,Statewide,0.0,0.0,0.0,0.0,0.0,0.0,0.0,0,2015,3,88,0,0.74,15.52,0.1615507223785774,0.0,1.0,6.123233995736766e-17,0.0,0.0,0.0,15.52
2015-03-30,Goa,Statewide,0.0,0.0,0.0,0.0,0.0,0.0,0.0,0,2015,3,89,0,3.7499999999999427,40.949999999999996,0.3480058341206317,0.0,1.0,6.123233995736766e-17,0.0,0.0,0.0,40.949999999999996
2015-03-30,Jammu & Kashmir,Budgam,0.0,0.0,0.0,0.0,0.0,0.0,0.0,1,2015,3,89,0,0.0,0.0,0.0,0.0,1.0,6.123233995736766e-17,0.0,0.0,0.0,0.0
2015-03-30,Puducherry,Statewide,0.0,0.0,0.0,0.0,0.0,0.0,0.0,0,2015,3,89,0,1.1500000000000143,1.86,0.09970009722104414,0.0,1.0,6.123233995736766e-17,0.0,0.0,0.0,1.86
2015-03-31,Haryana,Statewide,1.52,0.0,0.0,0.0,0.0,0.0,0.0,0,2015,3,90,0,6.67,74.38,1.5132763830597655,0.0,1.0,6.123233995736766e-17,1.52,0.0,0.0,74.38
2015-04-01,Mizoram,Statewide,6.9,0.0,0.0,0.0,0.0,0.0,0.0,0,2015,4,91,0,16.770000000000042,30.080000000000002,2.6924781157288895,0.0,0.8660254037844387,-0.4999999999999998,6.9,0.0,0.0,30.080000000000002
2015-04-03,Andaman And Nicobar Islands,Statewide,2.45,0.0,0.0,0.0,0.0,0.0,0.0,0,2015,4,93,0,8.68,35.64,1.4205904319180387,0.0,0.8660254037844387,-0.4999999999999998,2.45,0.0,0.0,35.64
2015-04-04,Jammu & Kashmir,Jammu & Kashmir,0.18,0.0,0.0,0.0,0.0,0.0,0.0,1,2015,4,94,0,0.18,0.18,0.18,0.0,0.8660254037844387,-0.4999999999999998,0.18,0.0,0.0,0.18
2015-04-04,Uttar Pradesh,Barabanki,0.0,0.0,0.0,0.0,0.0,0.0,0.0,1,2015,4,94,0,0.0,0.0,0.0,0.0,0.8660254037844387,-0.4999999999999998,0.0,0.0,0.0,0.0
2015-04-05,Karnataka,Raichur,0.69,0.0,0.0,0.0,0.0,0.0,0.0,1,2015,4,95,0,0.69,0.69,0.69,0.0,0.8660254037844387,-0.4999999999999998,0.69,0.0,0.0,0.69
2015-04-07,Delhi,Statewide,0.0,0.0,0.0,0.0,0.0,0.0,0.0,0,2015,4,97,0,22.830000000000005,40.85000000000001,2.3405281000351192,0.0,0.8660254037844387,-0.4999999999999998,0.0,0.0,0.0,40.85000000000001
2015-04-08,Ladakh,Statewide,7.54,0.0,0.0,0.0,0.0,0.0,0.0,0,2015,4,98,0,52.78,127.41999999999999,7.281159170764834,0.0,0.8660254037844387,-0.4999999999999998,7.54,0.0,0.0,127.41999999999999
2015-04-08,Maharashtra,Statewide,0.52,0.0,0.0,0.0,0.0,0.0,0.0,0,2015,4,98,0,0.5200000000000031,15.809999999999999,0.178044655863141,0.0,0.8660254037844387,-0.4999999999999998,0.52,0.0,0.0,15.809999999999999
2015-04-08,Mizoram,Statewide,4.51,0.0,0.0,0.0,0.0,0.0,0.0,0,2015,4,98,0,84.85000000000005,106.54,9.65586130648617,0.0,0.8660254037844387,-0.4999999999999998,4.51,0.0,0.0,106.54
2015-04-08,Nagaland,Statewide,2.67,0.0,0.0,0.0,0.0,0.0,0.0,0,2015,4,98,0,78.64999999999996,118.01,8.168508581467888,0.0,0.8660254037844387,-0.4999999999999998,2.67,0.0,0.0,118.01
2015-04-10,Ladakh,Statewide,7.54,0.0,0.0,0.0,0.0,0.0,0.0,0,2015,4,100,0,52.78,136.39999999999998,7.413167993674769,0.0,0.8660254037844387,-0.4999999999999998,7.54,0.0,0.0,136.39999999999998
2015-04-11,Karnataka,Statewide,5.03,0.0,0.0,0.0,0.0,0.0,0.0,0,2015,4,101,0,8.599999999999993,15.620000000000015,2.0580951107270904,0.0,0.8660254037844387,-0.4999999999999998,5.03,0.0,0.0,15.620000000000015
2015-04-13,Lakshadweep,Statewide,1642.9,0.0,0.0,0.0,0.0,0.0,0.0,0,2015,4,103,0,11500.300000000001,49287.0,1642.8999999999992,0.0,0.8660254037844387,-0.4999999999999998,1642.9,0.0,0.0,49287.0
2015-04-13,Puducherry,Statewide,0.71,0.0,0.0,0.0,0.0,0.0,0.0,0,2015,4,103,0,1.860000000000014,3.54,0.3752721694183855,0.0,0.8660254037844387,-0.4999999999999998,0.71,0.0,0.0,3.54
2015-04-15,Nagaland,Statewide,0.0,0.0,0.0,0.0,0.0,0.0,0.0,0,2015,4,105,0,11.929999999999964,129.94,1.2538116262707804,0.0,0.8660254037844387,-0.4999999999999998,0.0,0.0,0.0,129.94
2015-04-15,Tripura,Statewide,0.0,0.0,0.0,0.0,0.0,0.0,0.0,0,2015,4,105,0,6.779999999999957,154.12000000000003,1.8782176030177329,0.0,0.8660254037844387,-0.4999999999999998,0.0,0.0,0.0,154.12000000000003
2015-04-17,Jammu And Kashmir,Statewide,12.08,0.0,0.0,0.0,0.0,0.0,0.0,0,2015,4,107,0,84.56,261.65,12.061971048909733,0.0,0.8660254037844387,-0.4999999999999998,12.08,0.0,0.0,261.65
2015-04-17,Manipur,Statewide,0.25,0.0,0.0,0.0,0.0,0.0,0.0,0,2015,4,107,0,11.879999999999999,134.16,1.14405977791775,0.0,0.8660254037844387,-0.4999999999999998,0.25,0.0,0.0,134.16
2015-04-19,Kerala,Alappuzha,2.0949999999999998,0.0,0.0,0.0,0.0,0.0,0.0,1,2015,4,109,0,8.405,23.895,1.4522181228849997,0.0,0.8660254037844387,-0.4999999999999998,2.0949999999999998,0.0,0.0,23.895
2015-04-21,Andaman And Nicobar Islands,Statewide,3.39,0.0,0.0,0.0,0.0,0.0,0.0,0,2015,4,111,0,19.66,54.150000000000006,3.1022707000286966,0.0,0.8660254037844387,-0.4999999999999998,3.39,0.0,0.0,54.150000000000006
2015-04-21,Tamil Nadu,Statewide,3.24,0.0,0.0,0.0,0.0,0.0,0.0,0,2015,4,111,0,41.47,71.5,3.99544977922273,0.0,0.8660254037844387,-0.4999999999999998,3.24,0.0,0.0,71.5
2015-04-21,Tamil Nadu,Thiruvarur,0.31,0.0,0.0,0.0,0.0,0.0,0.0,1,2015,4,111,0,0.31,0.31,0.31,0.0,0.8660254037844387,-0.4999999999999998,0.31,0.0,0.0,0.31
2015-04-22,Karnataka,Bangalore Urban,0.69,0.0,0.0,0.0,0.0,0.0,0.0,1,2015,4,112,0,2.5300000000000002,2.5300000000000002,1.495,0.0,0.8660254037844387,-0.4999999999999998,0.69,0.0,0.0,2.5300000000000002
2015-04-22,Odisha,Statewide,0.58,0.0,0.0,0.0,0.0,0.0,0.0,0,2015,4,112,0,4.629999999999991,31.86,0.5467135883873397,0.0,0.8660254037844387,-0.4999999999999998,0.58,0.0,0.0,31.86
2015-04-25,Tamil Nadu,Vellore,0.31,0.0,0.0,0.0,0.0,0.0,0.0,1,2015,4,115,0,0.31,0.31,0.31,0.0,0.8660254037844387,-0.4999999999999998,0.31,0.0,0.0,0.31
2015-04-26,Kerala,Alappuzha,2.0949999999999998,0.0,0.0,0.0,0.0,0.0,0.0,1,2015,4,116,0,10.5,25.99,1.6450526860194996,0.0,0.8660254037844387,-0.4999999999999998,2.0949999999999998,0.0,0.0,25.99
2015-04-27,The Dadra And Nagar Haveli And Daman And Diu,Statewide,0.0,0.0,0.0,0.0,0.0,0.0,0.0,0,2015,4,117,0,0.0,2.75,0.00925811205240315,0.0,0.8660254037844387,-0.4999999999999998,0.0,0.0,0.0,2.75
2015-04-28,Delhi,Statewide,0.0,0.0,0.0,0.0,0.0,0.0,0.0,0,2015,4,118,0,0.0,40.69000000000001,0.007397238489143785,0.0,0.8660254037844387,-0.4999999999999998,0.0,0.0,0.0,40.69000000000001
2015-04-30,Tripura,Statewide,9.05,0.0,0.0,0.0,0.0,0.0,0.0,0,2015,4,120,0,27.229999999999958,298.76000000000005,6.0568622581453235,0.0,0.8660254037844387,-0.4999999999999998,9.05,0.0,0.0,298.76000000000005
2015-05-02,Goa,Statewide,0.0,0.0,0.0,0.0,0.0,0.0,0.0,0,2015,5,122,0,0.9999999999999432,5.640000000000001,0.15198313170630287,0.0,0.49999999999999994,-0.8660254037844387,0.0,0.0,0.0,5.640000000000001
2015-05-03,Andhra Pradesh,Statewide,4.21,0.0,0.0,0.0,0.0,0.0,0.0,0,2015,5,123,0,10.749999999999972,63.25,2.1816111457663068,0.0,0.49999999999999994,-0.8660254037844387,4.21,0.0,0.0,63.25
2015-05-07,Sikkim,Sikkim,8.68,0.0,0.0,0.0,0.0,0.0,0.0,1,2015,5,127,0,8.68,8.68,2.6039999999999996,0.0,0.49999999999999994,-0.8660254037844387,8.68,0.0,0.0,8.68
2015-05-08,Madhya Pradesh,Statewide,0.0,0.0,0.0,0.0,0.0,0.0,0.0,0,2015,5,128,0,0.1499999999999893,18.95,0.017718716625359943,0.0,0.49999999999999994,-0.8660254037844387,0.0,0.0,0.0,18.95
2015-05-09,Andaman And Nicobar Islands,Statewide,8.91,0.0,0.0,0.0,0.0,0.0,0.0,0,2015,5,129,0,63.75,155.92,8.547642546354858,0.0,0.49999999999999994,-0.8660254037844387,8.91,0.0,0.0,155.92
2015-05-09,Assam,Statewide,0.66,0.0,0.0,0.0,0.0,0.0,0.0,0,2015,5,129,0,37.089999999999996,193.19,4.135737088670034,0.0,0.49999999999999994,-0.8660254037844387,0.66,0.0,0.0,193.19
2015-05-09,Himachal Pradesh,Statewide,0.34,0.0,0.0,0.0,0.0,0.0,0.0,0,2015,5,129,0,0.6700000000000018,34.05,0.2901896219987631,0.0,0.49999999999999994,-0.8660254037844387,0.34,0.0,0.0,34.05
2015-05-09,Kerala,Pathanamthitta,4.055,0.0,0.0,0.0,0.0,0.0,0.0,1,2015,5,129,0,18.37,18.37,11.237,0.0,0.49999999999999994,-0.8660254037844387,4.055,0.0,0.0,18.37
2015-05-11,Uttarakhand,Statewide,0.48,0.0,0.0,0.0,0.0,0.0,0.0,0,2015,5,131,0,1.73,39.010000000000005,0.37022951043832414,0.0,0.49999999999999994,-0.8660254037844387,0.48,0.0,0.0,39.010000000000005
2015-05-14,Tamil Nadu,Coimbatore And Pudukkottai,1.12,0.0,0.0,0.0,0.0,0.0,0.0,1,2015,5,134,0,1.12,1.12,1.12,0.0,0.49999999999999994,-0.8660254037844387,1.12,0.0,0.0,1.12
2015-05-15,Kerala,Kasaragod,4.055,0.0,0.0,0.0,0.0,0.0,0.0,1,2015,5,135,0,14.645,14.645,8.6295,0.0,0.49999999999999994,-0.8660254037844387,4.055,0.0,0.0,14.645
2015-05-16,Andaman And Nicobar Islands,Statewide,12.5,0.0,0.0,0.0,0.0,0.0,0.0,0,2015,5,136,0,75.26,218.54,11.14882132355527,0.0,0.49999999999999994,-0.8660254037844387,12.5,0.0,0.0,218.54
2015-05-16,Puducherry,Statewide,10.34,0.0,0.0,0.0,0.0,0.0,0.0,0,2015,5,136,0,65.02000000000001,95.41999999999999,11.987070242242156,0.0,0.49999999999999994,-0.8660254037844387,10.34,0.0,0.0,95.41999999999999
2015-05-17,Tamil Nadu,Thiruvallur,1.12,0.0,0.0,0.0,0.0,0.0,0.0,1,2015,5,137,0,1.12,1.12,1.12,0.0,0.49999999999999994,-0.8660254037844387,1.12,0.0,0.0,1.12
2015-05-17,Unknown,Bhadrairuppu Village (Virudhunagar District,0.75,0.0,0.0,0.0,0.0,0.0,0.0,1,2015,5,137,0,0.75,0.75,0.75,0.0,0.49999999999999994,-0.8660254037844387,0.75,0.0,0.0,0.75
2015-05-17,Unknown,Statewide,0.75,0.0,0.0,0.0,0.0,0.0,0.0,1,2015,5,137,0,4.66,73.74000000000001,0.7641551321912979,0.0,0.49999999999999994,-0.8660254037844387,0.75,0.0,0.0,73.74000000000001
2015-05-24,Himachal Pradesh,Statewide,0.81,0.0,0.0,0.0,0.0,0.0,0.0,0,2015,5,144,0,4.710000000000002,37.14,0.6245047336024422,0.0,0.49999999999999994,-0.8660254037844387,0.81,0.0,0.0,37.14
2015-05-26,Manipur,Statewide,1.83,0.0,0.0,0.0,0.0,0.0,0.0,0,2015,5,146,0,20.73,63.82000000000001,3.1085635303698895,0.0,0.49999999999999994,-0.8660254037844387,1.83,0.0,0.0,63.82000000000001
2015-05-27,Karnataka,Bangalore Rular,1.84,0.0,0.0,0.0,0.0,0.0,0.0,1,2015,5,147,0,1.84,1.84,1.84,0.0,0.49999999999999994,-0.8660254037844387,1.84,0.0,0.0,1.84
2015-05-28,Punjab,Statewide,0.0,0.0,0.0,0.0,0.0,0.0,0.0,0,2015,5,148,0,0.19,19.28,0.053128683233947614,0.0,0.49999999999999994,-0.8660254037844387,0.0,0.0,0.0,19.28
2015-05-29,Manipur,Statewide,2.59,0.0,0.0,0.0,0.0,0.0,0.0,0,2015,5,149,0,23.34,65.03,2.8107072909168718,0.0,0.49999999999999994,-0.8660254037844387,2.59,0.0,0.0,65.03
2015-06-03,Karnataka,Ballari,4.9,0.0,0.0,0.0,0.0,0.0,0.0,1,2015,6,154,1,4.9,4.9,4.9,0.0,1.2246467991473532e-16,-1.0,4.9,0.0,0.0,4.9
2015-06-04,Kerala,Alappuzha,10.59,0.0,0.0,0.0,0.0,0.0,0.0,1,2015,6,155,1,20.945,36.58,4.328536880213649,0.0,1.2246467991473532e-16,-1.0,10.59,0.0,0.0,36.58
2015-06-04,Telangana,Adilabad,2.875,0.0,0.0,0.0,0.0,0.0,0.0,1,2015,6,155,1,5.75,5.75,2.875,0.0,1.2246467991473532e-16,-1.0,2.875,0.0,0.0,5.75
2015-06-05,Odisha,Statewide,2.17,0.0,0.0,0.0,0.0,0.0,0.0,0,2015,6,156,1,19.19999999999999,39.51,2.99648258631707,0.0,1.2246467991473532e-16,-1.0,2.17,0.0,0.0,39.51
2015-06-05,West Bengal,Statewide,3.99,0.0,0.0,0.0,0.0,0.0,0.0,0,2015,6,156,1,41.669999999999995,149.08,5.3831186470746415,0.0,1.2246467991473532e-16,-1.0,3.99,0.0,0.0,149.08
2015-06-07,Chhattisgarh,Statewide,1.7,0.0,0.0,0.0,0.0,0.0,0.0,0,2015,6,158,1,28.950000000000003,37.86,4.264771784213488,0.0,1.2246467991473532e-16,-1.0,1.7,0.0,0.0,37.86
2015-06-07,Jammu & Kashmir,Pulwama,3.72,0.0,0.0,0.0,0.0,0.0,0.0,1,2015,6,158,1,11.55,11.55,4.9527,0.0,1.2246467991473532e-16,-1.0,3.72,0.0,0.0,11.55
2015-06-08,Maharashtra,Akola,4.595,0.0,0.0,0.0,0.0,0.0,0.0,1,2015,6,159,1,9.19,9.19,4.595,0.0,1.2246467991473532e-16,-1.0,4.595,0.0,0.0,9.19
2015-06-10,Chandigarh,Statewide,0.0,0.0,0.0,0.0,0.0,0.0,0.0,0,2015,6,161,1,33.80000000000001,54.099999999999966,2.5096201252531665,0.0,1.2246467991473532e-16,-1.0,0.0,0.0,0.0,54.099999999999966
2015-06-11,Lakshadweep,Statewide,1642.9,0.0,0.0,0.0,0.0,0.0,0.0,0,2015,6,162,1,11500.300000000001,49287.0,1642.8999999999992,0.0,1.2246467991473532e-16,-1.0,1642.9,0.0,0.0,49287.0
2015-06-12,Bihar,Statewide,2.51,0.0,0.0,0.0,0.0,0.0,0.0,0,2015,6,163,1,10.160000000000114,57.0,2.0640177383771054,0.0,1.2246467991473532e-16,-1.0,2.51,0.0,0.0,57.0
2015-06-16,Lakshadweep,Statewide,1642.9,0.0,0.0,0.0,0.0,0.0,0.0,0,2015,6,167,1,11500.300000000001,49287.0,1642.8999999999992,0.0,1.2246467991473532e-16,-1.0,1642.9,0.0,0.0,49287.0
2015-06-16,Telangana,Statewide,13.43,0.0,0.0,0.0,0.0,0.0,0.0,0,2015,6,167,1,66.98,108.03999999999999,12.547952056472722,0.0,1.2246467991473532e-16,-1.0,13.43,0.0,0.0,108.03999999999999
2015-06-17,Karnataka,Statewide,2.62,0.0,0.0,0.0,0.0,0.0,0.0,0,2015,6,168,1,27.83,102.29000000000002,3.8152579304190035,0.0,1.2246467991473532e-16,-1.0,2.62,0.0,0.0,102.29000000000002
2015-06-17,Meghalaya,Meghalaya,17.115000000000002,0.0,0.0,0.0,0.0,0.0,0.0,1,2015,6,168,1,17.115000000000002,17.115000000000002,17.115000000000002,0.0,1.2246467991473532e-16,-1.0,17.115000000000002,0.0,0.0,17.115000000000002
2015-06-17,Punjab,Statewide,0.0,0.0,0.0,0.0,0.0,0.0,0.0,0,2015,6,168,1,7.710000000000001,16.340000000000003,0.870221475831075,0.0,1.2246467991473532e-16,-1.0,0.0,0.0,0.0,16.340000000000003
2015-06-17,Tamil Nadu,Chennai,1.16,0.0,0.0,0.0,0.0,0.0,0.0,1,2015,6,168,1,1.16,1.16,1.16,0.0,1.2246467991473532e-16,-1.0,1.16,0.0,0.0,1.16
2015-06-18,Chhattisgarh,Statewide,2.23,0.0,0.0,0.0,0.0,0.0,0.0,0,2015,6,169,1,73.5,103.97,7.881476919147071,0.0,1.2246467991473532e-16,-1.0,2.23,0.0,0.0,103.97
2015-06-18,Maharashtra,Statewide,11.57,0.0,0.0,0.0,0.0,0.0,0.0,0,2015,6,169,1,66.85000000000001,101.76,9.649175190646059,0.0,1.2246467991473532e-16,-1.0,11.57,0.0,0.0,101.76
2015-06-19,Kerala,Alappuzha,10.59,0.0,0.0,0.0,0.0,0.0,0.0,1,2015,6,170,1,25.805,47.17,6.206975816149555,0.0,1.2246467991473532e-16,-1.0,10.59,0.0,0.0,47.17
2015-06-19,Rajasthan,Statewide,0.59,0.0,0.0,0.0,0.0,0.0,0.0,0,2015,6,170,1,10.120000000000008,26.89,1.3244422843760033,0.0,1.2246467991473532e-16,-1.0,0.59,0.0,0.0,26.89
2015-06-19,Unknown,Amreli,3.72,0.0,0.0,0.0,0.0,0.0,0.0,1,2015,6,170,1,3.72,3.72,3.72,0.0,1.2246467991473532e-16,-1.0,3.72,0.0,0.0,3.72
2015-06-20,Andhra Pradesh,East Godavari,2.165,0.0,0.0,0.0,0.0,0.0,0.0,1,2015,6,171,1,4.115,4.115,1.059,0.0,1.2246467991473532e-16,-1.0,2.165,0.0,0.0,4.115
2015-06-20,Assam,Barpeta,10.995000000000001,0.0,0.0,0.0,0.0,0.0,0.0,1,2015,6,171,1,25.405,25.405,5.8898649999999995,0.0,1.2246467991473532e-16,-1.0,10.995000000000001,0.0,0.0,25.405
2015-06-20,Himachal Pradesh,Chamba,1.505,0.0,0.0,0.0,0.0,0.0,0.0,1,2015,6,171,1,6.85,6.85,1.58655,0.0,1.2246467991473532e-16,-1.0,1.505,0.0,0.0,6.85
2015-06-20,Karnataka,Chickmangalur,4.9,0.0,0.0,0.0,0.0,0.0,0.0,1,2015,6,171,1,4.9,4.9,4.9,0.0,1.2246467991473532e-16,-1.0,4.9,0.0,0.0,4.9
2015-06-21,Tamil Nadu,Niligiris,1.16,0.0,0.0,0.0,0.0,0.0,0.0,1,2015,6,172,1,1.16,1.16,1.16,0.0,1.2246467991473532e-16,-1.0,1.16,0.0,0.0,1.16
2015-06-22,Rajasthan,Statewide,4.67,0.0,0.0,0.0,0.0,0.0,0.0,0,2015,6,173,1,12.320000000000007,33.8,2.366843703540969,0.0,1.2246467991473532e-16,-1.0,4.67,0.0,0.0,33.8
2015-06-23,Maharashtra,A) Pune B) Nagpur,4.595,0.0,0.0,0.0,0.0,0.0,0.0,1,2015,6,174,1,4.595,4.595,4.595,0.0,1.2246467991473532e-16,-1.0,4.595,0.0,0.0,4.595
2015-06-23,Unknown,Mirik,3.72,0.0,0.0,0.0,0.0,0.0,0.0,1,2015,6,174,1,3.72,3.72,3.72,0.0,1.2246467991473532e-16,-1.0,3.72,0.0,0.0,3.72
2015-06-24,Unknown,Statewide,3.72,0.0,0.0,0.0,0.0,0.0,0.0,1,2015,6,175,1,4.640000000000001,77.46000000000001,1.6509085925339086,0.0,1.2246467991473532e-16,-1.0,3.72,0.0,0.0,77.46000000000001
2015-06-26,Chandigarh,Statewide,1.1,0.0,0.0,0.0,0.0,0.0,0.0,0,2015,6,177,1,30.200000000000014,76.79999999999997,3.76102661501112,0.0,1.2246467991473532e-16,-1.0,1.1,0.0,0.0,76.79999999999997
2015-06-27,Jammu And Kashmir,Statewide,5.2,0.0,0.0,0.0,0.0,0.0,0.0,0,2015,6,178,1,36.4,182.54999999999998,5.20058155236428,0.0,1.2246467991473532e-16,-1.0,5.2,0.0,0.0,182.54999999999998
2015-06-29,Gujarat,Statewide,0.02,0.0,0.0,0.0,0.0,0.0,0.0,0,2015,6,180,1,95.11999999999999,145.98,6.1721643162712985,0.0,1.2246467991473532e-16,-1.0,0.02,0.0,0.0,145.98
2015-06-29,Karnataka,Statewide,1.17,0.0,0.0,0.0,0.0,0.0,0.0,0,2015,6,180,1,55.129999999999995,189.58,5.658574085030492,0.0,1.2246467991473532e-16,-1.0,1.17,0.0,0.0,189.58
2015-07-04,Karnataka,Ballari,7.965,0.0,0.0,0.0,0.0,0.0,0.0,1,2015,7,185,1,12.865,12.865,5.8195,0.0,-0.4999999999999997,-0.8660254037844388,7.965,0.0,0.0,12.865
2015-07-05,Haryana,Statewide,0.01,0.0,0.0,0.0,0.0,0.0,0.0,0,2015,7,186,1,5.910000000000002,47.43000000000001,0.6986945148398074,0.0,-0.4999999999999997,-0.8660254037844388,0.01,0.0,0.0,47.43000000000001
2015-07-05,Kerala,Kottayam,14.315000000000001,0.0,0.0,0.0,0.0,0.0,0.0,1,2015,7,186,1,21.355,21.355,9.2225,0.0,-0.4999999999999997,-0.8660254037844388,14.315000000000001,0.0,0.0,21.355
2015-07-06,Maharashtra,Aurangabad,10.58,0.0,0.0,0.0,0.0,0.0,0.0,1,2015,7,187,1,10.58,10.58,10.58,0.0,-0.4999999999999997,-0.8660254037844388,10.58,0.0,0.0,10.58
2015-07-07,Goa,Statewide,0.85,0.0,0.0,0.0,0.0,0.0,0.0,0,2015,7,188,1,86.88999999999994,803.48,6.240918766068039,0.0,-0.4999999999999997,-0.8660254037844388,0.85,0.0,0.0,803.48
2015-07-07,Unknown,Rajasthan,7.83,0.0,0.0,0.0,0.0,0.0,0.0,1,2015,7,188,1,7.83,7.83,2.3489999999999998,0.0,-0.4999999999999997,-0.8660254037844388,7.83,0.0,0.0,7.83
2015-07-09,Arunachal Pradesh,Statewide,0.41,0.0,0.0,0.0,0.0,0.0,0.0,0,2015,7,190,1,66.63,446.7,6.064503100872096,0.0,-0.4999999999999997,-0.8660254037844388,0.41,0.0,0.0,446.7
2015-07-13,Karnataka,Statewide,2.13,0.0,0.0,0.0,0.0,0.0,0.0,0,2015,7,194,1,26.379999999999995,172.8,3.498136997815559,0.0,-0.4999999999999997,-0.8660254037844388,2.13,0.0,0.0,172.8
2015-07-13,Meghalaya,Statewide,2.73,0.0,0.0,0.0,0.0,0.0,0.0,0,2015,7,194,1,56.57000000000003,631.07,7.8343919998658675,0.0,-0.4999999999999997,-0.8660254037844388,2.73,0.0,0.0,631.07
2015-07-14,Assam,Assam,11.5,0.0,0.0,0.0,0.0,0.0,0.0,1,2015,7,195,1,19.11,19.11,7.176099999999999,0.0,-0.4999999999999997,-0.8660254037844388,11.5,0.0,0.0,19.11
2015-07-14,Unknown,Sonitpur,7.83,0.0,0.0,0.0,0.0,0.0,0.0,1,2015,7,195,1,7.83,7.83,7.83,0.0,-0.4999999999999997,-0.8660254037844388,7.83,0.0,0.0,7.83
2015-07-14,West Bengal,Statewide,9.64,0.0,0.0,0.0,0.0,0.0,0.0,0,2015,7,195,1,153.42000000000002,460.9,14.460717766828076,0.0,-0.4999999999999997,-0.8660254037844388,9.64,0.0,0.0,460.9
2015-07-15,Unknown,Kachchh,7.83,0.0,0.0,0.0,0.0,0.0,0.0,1,2015,7,196,1,7.83,7.83,7.83,0.0,-0.4999999999999997,-0.8660254037844388,7.83,0.0,0.0,7.83
2015-07-15,Unknown,Statewide,7.83,0.0,0.0,0.0,0.0,0.0,0.0,1,2015,7,196,1,12.3,84.54,3.5046360147737357,0.0,-0.4999999999999997,-0.8660254037844388,7.83,0.0,0.0,84.54
2015-07-16,Himachal Pradesh,Hamirpur,7.13,0.0,0.0,0.0,0.0,0.0,0.0,1,2015,7,197,1,7.13,7.13,7.13,0.0,-0.4999999999999997,-0.8660254037844388,7.13,0.0,0.0,7.13
2015-07-17,Tamil Nadu,Chennai,1.48,0.0,0.0,0.0,0.0,0.0,0.0,1,2015,7,198,1,2.6399999999999997,2.6399999999999997,1.256,0.0,-0.4999999999999997,-0.8660254037844388,1.48,0.0,0.0,2.6399999999999997
2015-07-18,Kerala,Kannur,14.315000000000001,0.0,0.0,0.0,0.0,0.0,0.0,1,2015,7,199,1,14.635000000000002,14.635000000000002,4.4065,0.0,-0.4999999999999997,-0.8660254037844388,14.315000000000001,0.0,0.0,14.635000000000002
2015-07-18,Kerala,Statewide,41.52,0.0,0.0,0.0,0.0,0.0,0.0,0,2015,7,199,1,89.51,539.33,18.994756970958363,0.0,-0.4999999999999997,-0.8660254037844388,41.52,0.0,0.0,539.33
2015-07-19,Madhya Pradesh,Betul,10.15,0.0,0.0,0.0,0.0,0.0,0.0,1,2015,7,200,1,22.69,22.69,6.3476,0.0,-0.4999999999999997,-0.8660254037844388,10.15,0.0,0.0,22.69
2015-07-20,Maharashtra,Pune,10.58,0.0,0.0,0.0,0.0,0.0,0.0,1,2015,7,201,1,26.04,26.04,9.383,0.0,-0.4999999999999997,-0.8660254037844388,10.58,0.0,0.0,26.04
2015-07-20,West Bengal,South 24 Paraganas,10.864999999999998,0.0,0.0,0.0,0.0,0.0,0.0,1,2015,7,201,1,10.864999999999998,10.864999999999998,10.864999999999998,0.0,-0.4999999999999997,-0.8660254037844388,10.864999999999998,0.0,0.0,10.864999999999998
2015-07-20,West Bengal,Statewide,34.82,0.0,0.0,0.0,0.0,0.0,0.0,0,2015,7,201,1,120.17,519.6999999999999,20.430279924549552,0.0,-0.4999999999999997,-0.8660254037844388,34.82,0.0,0.0,519.6999999999999
2015-07-22,Gujarat,Statewide,16.93,0.0,0.0,0.0,0.0,0.0,0.0,0,2015,7,203,1,23.749999999999993,120.06,6.178189477971039,0.0,-0.4999999999999997,-0.8660254037844388,16.93,0.0,0.0,120.06
2015-07-22,Rajasthan,Ajmer,4.625,0.0,0.0,0.0,0.0,0.0,0.0,1,2015,7,203,1,4.625,4.625,1.3875,0.0,-0.4999999999999997,-0.8660254037844388,4.625,0.0,0.0,4.625
2015-07-23,Goa,Statewide,14.92,0.0,0.0,0.0,0.0,0.0,0.0,0,2015,7,204,1,206.32999999999996,605.7900000000001,25.337755495852758,0.0,-0.4999999999999997,-0.8660254037844388,14.92,0.0,0.0,605.7900000000001
2015-07-24,Bihar,Bihar,7.455,0.0,0.0,0.0,0.0,0.0,0.0,1,2015,7,205,1,7.455,7.455,7.455,0.0,-0.4999999999999997,-0.8660254037844388,7.455,0.0,0.0,7.455
2015-07-24,Jammu & Kashmir,Jammu,7.83,0.0,0.0,0.0,0.0,0.0,0.0,1,2015,7,205,1,27.23,27.23,7.228769999999999,0.0,-0.4999999999999997,-0.8660254037844388,7.83,0.0,0.0,27.23
2015-07-24,Manipur,Statewide,18.44,0.0,0.0,0.0,0.0,0.0,0.0,0,2015,7,205,1,148.42000000000002,383.71000000000004,16.713519910499965,0.0,-0.4999999999999997,-0.8660254037844388,18.44,0.0,0.0,383.71000000000004
2015-07-24,Uttarakhand,Statewide,13.11,0.0,0.0,0.0,0.0,0.0,0.0,0,2015,7,205,1,77.88,410.03,11.81828193492414,0.0,-0.4999999999999997,-0.8660254037844388,13.11,0.0,0.0,410.03
2015-07-25,Jammu & Kashmir,Badgam,7.83,0.0,0.0,0.0,0.0,0.0,0.0,1,2015,7,206,1,7.83,7.83,7.83,0.0,-0.4999999999999997,-0.8660254037844388,7.83,0.0,0.0,7.83
2015-07-26,Himachal Pradesh,Shimla,7.13,0.0,0.0,0.0,0.0,0.0,0.0,1,2015,7,207,1,8.43,8.43,2.7479999999999998,0.0,-0.4999999999999997,-0.8660254037844388,7.13,0.0,0.0,8.43
2015-07-26,Uttarakhand,Uttarakhand,11.98,0.0,0.0,0.0,0.0,0.0,0.0,1,2015,7,207,1,11.98,11.98,3.594,0.0,-0.4999999999999997,-0.8660254037844388,11.98,0.0,0.0,11.98
2015-07-27,Ladakh,Statewide,1.37,0.0,0.0,0.0,0.0,0.0,0.0,0,2015,7,208,1,9.59,37.56,1.3699224657812694,0.0,-0.4999999999999997,-0.8660254037844388,1.37,0.0,0.0,37.56
2015-07-28,Maharashtra,Mumbai,10.58,0.0,0.0,0.0,0.0,0.0,0.0,1,2015,7,209,1,36.62,36.62,8.624899999999998,0.0,-0.4999999999999997,-0.8660254037844388,10.58,0.0,0.0,36.62
2015-07-29,Maharashtra,Mumbai,10.58,0.0,0.0,0.0,0.0,0.0,0.0,1,2015,7,210,1,47.2,47.2,9.211429999999998,0.0,-0.4999999999999997,-0.8660254037844388,10.58,0.0,0.0,47.2
2015-07-31,The Dadra And Nagar Haveli And Daman And Diu,Statewide,3.4,0.0,0.0,0.0,0.0,0.0,0.0,0,2015,7,212,1,294.4499999999999,518.26,28.368438583111622,0.0,-0.4999999999999997,-0.8660254037844388,3.4,0.0,0.0,518.26
2015-08-01,Chandigarh,Statewide,6.3,0.0,0.0,0.0,0.0,0.0,0.0,0,2015,8,213,1,57.40000000000001,284.9,4.146887211492887,0.0,-0.8660254037844385,-0.5000000000000004,6.3,0.0,0.0,284.9
2015-08-02,Karnataka,Statewide,5.22,0.0,0.0,0.0,0.0,0.0,0.0,0,2015,8,214,1,21.59,123.96000000000001,3.865598084892551,0.0,-0.8660254037844385,-0.5000000000000004,5.22,0.0,0.0,123.96000000000001
2015-08-03,Chhattisgarh,Statewide,29.19,0.0,0.0,0.0,0.0,0.0,0.0,0,2015,8,215,1,41.67,282.04,11.270840472035715,0.0,-0.8660254037844385,-0.5000000000000004,29.19,0.0,0.0,282.04
2015-08-04,Assam,Statewide,2.95,0.0,0.0,0.0,0.0,0.0,0.0,0,2015,8,216,1,15.22,232.64,3.0491054129877204,0.0,-0.8660254037844385,-0.5000000000000004,2.95,0.0,0.0,232.64
2015-08-04,Karnataka,Statewide,3.79,0.0,0.0,0.0,0.0,0.0,0.0,0,2015,8,216,1,21.18,127.76000000000002,3.4616430615973495,0.0,-0.8660254037844385,-0.5000000000000004,3.79,0.0,0.0,127.76000000000002
2015-08-06,Kerala,Alappuzha,7.04,0.0,0.0,0.0,0.0,0.0,0.0,1,2015,8,218,1,32.7,54.21,6.456883071304688,0.0,-0.8660254037844385,-0.5000000000000004,7.04,0.0,0.0,54.21
2015-08-06,Uttarakhand,Statewide,8.66,0.0,0.0,0.0,0.0,0.0,0.0,0,2015,8,218,1,74.97,298.8,8.765661756252886,0.0,-0.8660254037844385,-0.5000000000000004,8.66,0.0,0.0,298.8
2015-08-08,Goa,Statewide,41.98,0.0,0.0,0.0,0.0,0.0,0.0,0,2015,8,220,1,194.98999999999995,809.1500000000001,33.767874754923405,0.0,-0.8660254037844385,-0.5000000000000004,41.98,0.0,0.0,809.1500000000001
2015-08-08,Gujarat,Statewide,0.06,0.0,0.0,0.0,0.0,0.0,0.0,0,2015,8,220,1,2.1,336.75,2.044326127700534,0.0,-0.8660254037844385,-0.5000000000000004,0.06,0.0,0.0,336.75
2015-08-08,Himachal Pradesh,Bilaspur,5.3,0.0,0.0,0.0,0.0,0.0,0.0,1,2015,8,220,1,6.5,6.5,2.4299999999999997,0.0,-0.8660254037844385,-0.5000000000000004,5.3,0.0,0.0,6.5
2015-08-10,Kerala,Thiruvananthapuram,7.04,0.0,0.0,0.0,0.0,0.0,0.0,1,2015,8,222,1,37.81,37.955,4.354542635549999,0.0,-0.8660254037844385,-0.5000000000000004,7.04,0.0,0.0,37.955
2015-08-12,Kerala,Alappuzha,7.04,0.0,0.0,0.0,0.0,0.0,0.0,1,2015,8,224,1,39.595,61.25,6.631818149913281,0.0,-0.8660254037844385,-0.5000000000000004,7.04,0.0,0.0,61.25
2015-08-12,Tamil Nadu,Most Tamil Nadu,1.92,0.0,0.0,0.0,0.0,0.0,0.0,1,2015,8,224,1,1.92,1.92,0.576,0.0,-0.8660254037844385,-0.5000000000000004,1.92,0.0,0.0,1.92
2015-08-13,Madhya Pradesh,Betul,7.98,0.0,0.0,0.0,0.0,0.0,0.0,1,2015,8,225,1,30.67,30.67,6.83732,0.0,-0.8660254037844385,-0.5000000000000004,7.98,0.0,0.0,30.67
2015-08-13,Unknown,Assam Province,5.92,0.0,0.0,0.0,0.0,0.0,0.0,1,2015,8,225,1,9.64,9.64,4.38,0.0,-0.8660254037844385,-0.5000000000000004,5.92,0.0,0.0,9.64
2015-08-13,Unknown,Statewide,5.92,0.0,0.0,0.0,0.0,0.0,0.0,1,2015,8,225,1,18.22,86.74000000000001,4.229245210341615,0.0,-0.8660254037844385,-0.5000000000000004,5.92,0.0,0.0,86.74000000000001
2015-08-16,Rajasthan,Pali,4.11,0.0,0.0,0.0,0.0,0.0,0.0,1,2015,8,228,1,4.11,4.11,4.11,0.0,-0.8660254037844385,-0.5000000000000004,4.11,0.0,0.0,4.11
2015-08-17,Lakshadweep,Statewide,1642.9,0.0,0.0,0.0,0.0,0.0,0.0,0,2015,8,229,1,11500.300000000001,49287.0,1642.8999999999992,0.0,-0.8660254037844385,-0.5000000000000004,1642.9,0.0,0.0,49287.0
2015-08-18,Maharashtra,Statewide,2.73,0.0,0.0,0.0,0.0,0.0,0.0,0,2015,8,230,1,48.14,237.48,4.34494195819701,0.0,-0.8660254037844385,-0.5000000000000004,2.73,0.0,0.0,237.48
2015-08-18,Nagaland,Statewide,5.38,0.0,0.0,0.0,0.0,0.0,0.0,0,2015,8,230,1,46.20999999999996,277.86,5.958030129001649,0.0,-0.8660254037844385,-0.5000000000000004,5.38,0.0,0.0,277.86
2015-08-18,Punjab,Statewide,1.64,0.0,0.0,0.0,0.0,0.0,0.0,0,2015,8,230,1,20.78,106.49000000000001,2.519138641973392,0.0,-0.8660254037844385,-0.5000000000000004,1.64,0.0,0.0,106.49000000000001
2015-08-19,Assam,Barpeta,8.08,0.0,0.0,0.0,0.0,0.0,0.0,1,2015,8,231,1,33.485,33.485,6.546905499999999,0.0,-0.8660254037844385,-0.5000000000000004,8.08,0.0,0.0,33.485
2015-08-19,Himachal Pradesh,Kullu,5.3,0.0,0.0,0.0,0.0,0.0,0.0,1,2015,8,231,1,5.3,5.3,5.3,0.0,-0.8660254037844385,-0.5000000000000004,5.3,0.0,0.0,5.3
2015-08-21,Tripura,Statewide,21.49,0.0,0.0,0.0,0.0,0.0,0.0,0,2015,8,233,1,149.64999999999995,409.86,26.581856592980436,0.0,-0.8660254037844385,-0.5000000000000004,21.49,0.0,0.0,409.86
2015-08-22,Bihar,Statewide,10.28,0.0,0.0,0.0,0.0,0.0,0.0,0,2015,8,234,1,167.81000000000012,275.98,22.834602709664356,0.0,-0.8660254037844385,-0.5000000000000004,10.28,0.0,0.0,275.98
2015-08-22,Kerala,Statewide,13.28,0.0,0.0,0.0,0.0,0.0,0.0,0,2015,8,234,1,63.949999999999996,246.8,9.476146595224463,0.0,-0.8660254037844385,-0.5000000000000004,13.28,0.0,0.0,246.8
2015-08-23,Maharashtra,Statewide,1.57,0.0,0.0,0.0,0.0,0.0,0.0,0,2015,8,235,1,16.38,193.57999999999998,2.423924794914171,0.0,-0.8660254037844385,-0.5000000000000004,1.57,0.0,0.0,193.57999999999998
2015-08-24,Andhra Pradesh,Statewide,2.41,0.0,0.0,0.0,0.0,0.0,0.0,0,2015,8,236,1,55.949999999999974,140.34,7.263007571896075,0.0,-0.8660254037844385,-0.5000000000000004,2.41,0.0,0.0,140.34
2015-08-24,Chhattisgarh,Statewide,3.41,0.0,0.0,0.0,0.0,0.0,0.0,0,2015,8,236,1,39.239999999999995,227.20999999999998,4.8002883890320005,0.0,-0.8660254037844385,-0.5000000000000004,3.41,0.0,0.0,227.20999999999998
2015-08-25,Assam,Barpeta,8.08,0.0,0.0,0.0,0.0,0.0,0.0,1,2015,8,237,1,41.565,41.565,7.00683385,0.0,-0.8660254037844385,-0.5000000000000004,8.08,0.0,0.0,41.565
2015-08-26,Andaman And Nicobar Islands,Statewide,10.43,0.0,0.0,0.0,0.0,0.0,0.0,0,2015,8,238,1,71.11,330.52000000000004,10.186307058530803,0.0,-0.8660254037844385,-0.5000000000000004,10.43,0.0,0.0,330.52000000000004
2015-08-26,Manipur,Statewide,2.41,0.0,0.0,0.0,0.0,0.0,0.0,0,2015,8,238,1,45.720000000000006,268.15999999999997,5.560137314267877,0.0,-0.8660254037844385,-0.5000000000000004,2.41,0.0,0.0,268.15999999999997
2015-08-28,Unknown,Dhemaji,5.92,0.0,0.0,0.0,0.0,0.0,0.0,1,2015,8,240,1,9.64,9.64,4.38,0.0,-0.8660254037844385,-0.5000000000000004,5.92,0.0,0.0,9.64
2015-08-29,Uttar Pradesh,Statewide,3.18,0.0,0.0,0.0,0.0,0.0,0.0,0,2015,8,241,1,29.629999999999995,169.76999999999998,4.03772116833506,0.0,-0.8660254037844385,-0.5000000000000004,3.18,0.0,0.0,169.76999999999998
2015-08-31,Delhi,Statewide,0.0,0.0,0.0,0.0,0.0,0.0,0.0,0,2015,8,243,1,0.0,211.89000000000001,0.8967718289599053,0.0,-0.8660254037844385,-0.5000000000000004,0.0,0.0,0.0,211.89000000000001
2015-09-04,Kerala,Statewide,2.44,0.0,0.0,0.0,0.0,0.0,0.0,0,2015,9,247,1,4.38,203.03,1.2278128088954947,0.0,-1.0,-1.8369701987210297e-16,2.44,0.0,0.0,203.03
2015-09-05,Assam,Statewide,6.14,0.0,0.0,0.0,0.0,0.0,0.0,0,2015,9,248,1,129.67000000000002,433.57,12.581323816860088,0.0,-1.0,-1.8369701987210297e-16,6.14,0.0,0.0,433.57
2015-09-06,Assam,Baksa,6.33,0.0,0.0,0.0,0.0,0.0,0.0,1,2015,9,249,1,6.33,6.33,6.33,0.0,-1.0,-1.8369701987210297e-16,6.33,0.0,0.0,6.33
2015-09-07,Jammu & Kashmir,Anantnag,3.74,0.0,0.0,0.0,0.0,0.0,0.0,1,2015,9,250,1,3.74,3.74,3.74,0.0,-1.0,-1.8369701987210297e-16,3.74,0.0,0.0,3.74
2015-09-07,Lakshadweep,Statewide,1642.9,0.0,0.0,0.0,0.0,0.0,0.0,0,2015,9,250,1,11500.300000000001,49287.0,1642.8999999999992,0.0,-1.0,-1.8369701987210297e-16,1642.9,0.0,0.0,49287.0
2015-09-10,Karnataka,Statewide,9.34,0.0,0.0,0.0,0.0,0.0,0.0,0,2015,9,253,1,75.61,165.61,10.414778915007497,0.0,-1.0,-1.8369701987210297e-16,9.34,0.0,0.0,165.61
2015-09-10,Mizoram,Statewide,0.07,0.0,0.0,0.0,0.0,0.0,0.0,0,2015,9,253,1,10.940000000000042,355.86,1.7247522241782671,0.0,-1.0,-1.8369701987210297e-16,0.07,0.0,0.0,355.86
2015-09-11,Himachal Pradesh,Statewide,0.0,0.0,0.0,0.0,0.0,0.0,0.0,0,2015,9,254,1,2.84,73.08000000000001,0.2548643500973628,0.0,-1.0,-1.8369701987210297e-16,0.0,0.0,0.0,73.08000000000001
2015-09-11,Tamil Nadu,Most Tamil Nadu,2.1550000000000002,0.0,0.0,0.0,0.0,0.0,0.0,1,2015,9,254,1,4.075,4.075,1.0497,0.0,-1.0,-1.8369701987210297e-16,2.1550000000000002,0.0,0.0,4.075
2015-09-13,Puducherry,Statewide,1.85,0.0,0.0,0.0,0.0,0.0,0.0,0,2015,9,256,1,8.09000000000001,98.94,1.3868554352040507,0.0,-1.0,-1.8369701987210297e-16,1.85,0.0,0.0,98.94
2015-09-14,Odisha,Koraput,5.1,0.0,0.0,0.0,0.0,0.0,0.0,1,2015,9,257,1,5.96,5.96,2.1319999999999997,0.0,-1.0,-1.8369701987210297e-16,5.1,0.0,0.0,5.96
2015-09-14,Odisha,Statewide,10.26,0.0,0.0,0.0,0.0,0.0,0.0,0,2015,9,257,1,33.33999999999998,219.05,6.48444038594258,0.0,-1.0,-1.8369701987210297e-16,10.26,0.0,0.0,219.05
2015-09-14,Puducherry,Statewide,0.52,0.0,0.0,0.0,0.0,0.0,0.0,0,2015,9,257,1,6.200000000000011,92.45,1.1267988046428354,0.0,-1.0,-1.8369701987210297e-16,0.52,0.0,0.0,92.45
2015-09-14,Tamil Nadu,Statewide,0.54,0.0,0.0,0.0,0.0,0.0,0.0,0,2015,9,257,1,9.8,96.92,1.1255049826373567,0.0,-1.0,-1.8369701987210297e-16,0.54,0.0,0.0,96.92
2015-09-17,Rajasthan,Statewide,0.15,0.0,0.0,0.0,0.0,0.0,0.0,0,2015,9,260,1,0.4,5.72,0.07748531324003995,0.0,-1.0,-1.8369701987210297e-16,0.15,0.0,0.0,5.72
2015-09-18,Chattisgarh,Bastar,3.74,0.0,0.0,0.0,0.0,0.0,0.0,1,2015,9,261,1,3.74,3.74,3.74,0.0,-1.0,-1.8369701987210297e-16,3.74,0.0,0.0,3.74
2015-09-19,Chhattisgarh,Statewide,2.48,0.0,0.0,0.0,0.0,0.0,0.0,0,2015,9,262,1,95.86,232.71,11.733685240414063,0.0,-1.0,-1.8369701987210297e-16,2.48,0.0,0.0,232.71
2015-09-23,Assam,Dhemaji,6.33,0.0,0.0,0.0,0.0,0.0,0.0,1,2015,9,266,1,25.405,25.405,8.98335,0.0,-1.0,-1.8369701987210297e-16,6.33,0.0,0.0,25.405
2015-09-23,Jammu & Kashmir,Anantnag,3.74,0.0,0.0,0.0,0.0,0.0,0.0,1,2015,9,266,1,7.48,7.48,3.74,0.0,-1.0,-1.8369701987210297e-16,3.74,0.0,0.0,7.48
2015-09-25,Gujarat,Statewide,0.01,0.0,0.0,0.0,0.0,0.0,0.0,0,2015,9,268,1,75.74000000000001,99.50999999999999,4.607385543515736,0.0,-1.0,-1.8369701987210297e-16,0.01,0.0,0.0,99.50999999999999
2015-09-25,The Dadra And Nagar Haveli And Daman And Diu,Statewide,0.0,0.0,0.0,0.0,0.0,0.0,0.0,0,2015,9,268,1,219.2299999999999,309.83,12.146996313515695,0.0,-1.0,-1.8369701987210297e-16,0.0,0.0,0.0,309.83
2015-09-26,Madhya Pradesh,Statewide,0.0,0.0,0.0,0.0,0.0,0.0,0.0,0,2015,9,269,1,14.189999999999992,95.31,1.2946060731795923,0.0,-1.0,-1.8369701987210297e-16,0.0,0.0,0.0,95.31
2015-09-26,Uttarakhand,Statewide,0.19,0.0,0.0,0.0,0.0,0.0,0.0,0,2015,9,269,1,25.65,65.78000000000002,2.225796446344352,0.0,-1.0,-1.8369701987210297e-16,0.19,0.0,0.0,65.78000000000002
2015-09-27,Kerala,Kannur,6.12,0.0,0.0,0.0,0.0,0.0,0.0,1,2015,9,270,1,20.755000000000003,20.755000000000003,4.92055,0.0,-1.0,-1.8369701987210297e-16,6.12,0.0,0.0,20.755000000000003
2015-09-29,Karnataka,Uttara Kannada,4.41,0.0,0.0,0.0,0.0,0.0,0.0,1,2015,9,272,1,12.375,12.375,6.8985,0.0,-1.0,-1.8369701987210297e-16,4.41,0.0,0.0,12.375
2015-09-30,Kerala,Statewide,23.96,0.0,0.0,0.0,0.0,0.0,0.0,0,2015,9,273,1,69.88,239.04999999999998,12.500134884838687,0.0,-1.0,-1.8369701987210297e-16,23.96,0.0,0.0,239.04999999999998
2015-09-30,Tamil Nadu,Statewide,11.91,0.0,0.0,0.0,0.0,0.0,0.0,0,2015,9,273,1,51.78,94.78,8.644388300107194,0.0,-1.0,-1.8369701987210297e-16,11.91,0.0,0.0,94.78
2015-10-01,Ladakh,Statewide,0.0,0.0,0.0,0.0,0.0,0.0,0.0,0,2015,10,274,0,1.2000000000000002,5.800000000000001,0.14000568011538245,0.0,-0.8660254037844386,0.5000000000000001,0.0,0.0,0.0,5.800000000000001
2015-10-02,Andhra Pradesh,Statewide,3.97,0.0,0.0,0.0,0.0,0.0,0.0,0,2015,10,275,0,34.82999999999997,166.53,4.109878680695466,0.0,-0.8660254037844386,0.5000000000000001,3.97,0.0,0.0,166.53
2015-10-02,Punjab,Statewide,0.0,0.0,0.0,0.0,0.0,0.0,0.0,0,2015,10,275,0,0.19,81.87,0.7925511843663536,0.0,-0.8660254037844386,0.5000000000000001,0.0,0.0,0.0,81.87
2015-10-03,Ladakh,Statewide,0.0,0.0,0.0,0.0,0.0,0.0,0.0,0,2015,10,276,0,0.8,5.4,0.06860278325653739,0.0,-0.8660254037844386,0.5000000000000001,0.0,0.0,0.0,5.4
2015-10-04,Telangana,Statewide,5.26,0.0,0.0,0.0,0.0,0.0,0.0,0,2015,10,277,0,15.08,174.98999999999998,3.024744731634181,0.0,-0.8660254037844386,0.5000000000000001,5.26,0.0,0.0,174.98999999999998
2015-10-05,Kerala,Ernakulam,5.73,0.0,0.0,0.0,0.0,0.0,0.0,1,2015,10,278,0,20.19,20.19,6.659495,0.0,-0.8660254037844386,0.5000000000000001,5.73,0.0,0.0,20.19
2015-10-06,Arunachal Pradesh,Arunachal Pradesh,0.26,0.0,0.0,0.0,0.0,0.0,0.0,1,2015,10,279,0,0.26,0.26,0.26,0.0,-0.8660254037844386,0.5000000000000001,0.26,0.0,0.0,0.26
2015-10-06,Manipur,Statewide,7.35,0.0,0.0,0.0,0.0,0.0,0.0,0,2015,10,279,0,15.899999999999999,120.87,3.2397289468404153,0.0,-0.8660254037844386,0.5000000000000001,7.35,0.0,0.0,120.87
2015-10-07,Himachal Pradesh,Hamirpur,0.0,0.0,0.0,0.0,0.0,0.0,0.0,1,2015,10,280,0,7.13,7.13,4.991,0.0,-0.8660254037844386,0.5000000000000001,0.0,0.0,0.0,7.13
2015-10-07,Karnataka,Bellary,2.27,0.0,0.0,0.0,0.0,0.0,0.0,1,2015,10,280,0,8.95,8.95,1.8059699999999999,0.0,-0.8660254037844386,0.5000000000000001,2.27,0.0,0.0,8.95
2015-10-11,Unknown,Statewide,0.17,0.0,0.0,0.0,0.0,0.0,0.0,1,2015,10,284,0,18.39,79.08,3.0114716472391305,0.0,-0.8660254037844386,0.5000000000000001,0.17,0.0,0.0,79.08
2015-10-12,Madhya Pradesh,Statewide,0.0,0.0,0.0,0.0,0.0,0.0,0.0,0,2015,10,285,0,0.0,51.949999999999996,0.004447688890106614,0.0,-0.8660254037844386,0.5000000000000001,0.0,0.0,0.0,51.949999999999996
2015-10-13,Bihar,Statewide,0.35,0.0,0.0,0.0,0.0,0.0,0.0,0,2015,10,286,0,4.370000000000107,79.85000000000001,0.8432243856784044,0.0,-0.8660254037844386,0.5000000000000001,0.35,0.0,0.0,79.85000000000001
2015-10-14,West Bengal,Statewide,2.71,0.0,0.0,0.0,0.0,0.0,0.0,0,2015,10,287,0,16.43,159.94,2.045299610789465,0.0,-0.8660254037844386,0.5000000000000001,2.71,0.0,0.0,159.94
2015-10-16,The Dadra And Nagar Haveli And Daman And Diu,Statewide,0.0,0.0,0.0,0.0,0.0,0.0,0.0,0,2015,10,289,0,4.519999999999886,228.57999999999998,0.35333720520742873,0.0,-0.8660254037844386,0.5000000000000001,0.0,0.0,0.0,228.57999999999998
2015-10-17,Chandigarh,Statewide,0.0,0.0,0.0,0.0,0.0,0.0,0.0,0,2015,10,290,0,3.800000000000014,93.39999999999996,0.5631019069863475,0.0,-0.8660254037844386,0.5000000000000001,0.0,0.0,0.0,93.39999999999996
2015-10-19,Karnataka,Statewide,0.34,0.0,0.0,0.0,0.0,0.0,0.0,0,2015,10,292,0,1.670000000000007,129.24,0.6162722026102813,0.0,-0.8660254037844386,0.5000000000000001,0.34,0.0,0.0,129.24
2015-10-21,Gujarat,Statewide,0.15,0.0,0.0,0.0,0.0,0.0,0.0,0,2015,10,294,0,1.2899999999999967,14.85,0.10713113099883156,0.0,-0.8660254037844386,0.5000000000000001,0.15,0.0,0.0,14.85
2015-10-21,Himachal Pradesh,Statewide,0.0,0.0,0.0,0.0,0.0,0.0,0.0,0,2015,10,294,0,9.43,49.1,0.6764507686241091,0.0,-0.8660254037844386,0.5000000000000001,0.0,0.0,0.0,49.1
2015-10-22,Madhya Pradesh,Statewide,0.4,0.0,0.0,0.0,0.0,0.0,0.0,0,2015,10,295,0,0.41999999999999293,0.9,0.12587161336267072,0.0,-0.8660254037844386,0.5000000000000001,0.4,0.0,0.0,0.9
2015-10-24,Ladakh,Statewide,0.0,0.0,0.0,0.0,0.0,0.0,0.0,0,2015,10,297,0,0.0,1.2000000000000002,3.831780085254088e-05,0.0,-0.8660254037844386,0.5000000000000001,0.0,0.0,0.0,1.2000000000000002
2015-10-25,Delhi,Statewide,0.0,0.0,0.0,0.0,0.0,0.0,0.0,0,2015,10,298,0,0.0,0.9000000000000142,0.007648285018911006,0.0,-0.8660254037844386,0.5000000000000001,0.0,0.0,0.0,0.9000000000000142
2015-10-27,Andhra Pradesh,Statewide,0.91,0.0,0.0,0.0,0.0,0.0,0.0,0,2015,10,300,0,1.1699999999999715,79.63000000000001,0.36600042165238816,0.0,-0.8660254037844386,0.5000000000000001,0.91,0.0,0.0,79.63000000000001
2015-10-27,Maharashtra,Statewide,0.23,0.0,0.0,0.0,0.0,0.0,0.0,0,2015,10,300,0,0.819999999999993,32.69,0.20455304665472743,0.0,-0.8660254037844386,0.5000000000000001,0.23,0.0,0.0,32.69
2015-10-28,Chandigarh,Statewide,0.0,0.0,0.0,0.0,0.0,0.0,0.0,0,2015,10,301,0,12.300000000000015,16.099999999999973,1.8192343645971838,0.0,-0.8660254037844386,0.5000000000000001,0.0,0.0,0.0,16.099999999999973
2015-10-28,Uttar Pradesh,West U.P,0.0,0.0,0.0,0.0,0.0,0.0,0.0,1,2015,10,301,0,0.0,0.0,0.0,0.0,-0.8660254037844386,0.5000000000000001,0.0,0.0,0.0,0.0
2015-10-30,Kerala,Thiruvananthapuram,5.73,0.0,0.0,0.0,0.0,0.0,0.0,1,2015,10,303,0,39.485,43.685,4.767179844884999,0.0,-0.8660254037844386,0.5000000000000001,5.73,0.0,0.0,43.685
2015-10-31,Himachal Pradesh,Statewide,0.0,0.0,0.0,0.0,0.0,0.0,0.0,0,2015,10,304,0,5.98,15.709999999999999,0.3500954649303336,0.0,-0.8660254037844386,0.5000000000000001,0.0,0.0,0.0,15.709999999999999
2015-10-31,West Bengal,Statewide,1.33,0.0,0.0,0.0,0.0,0.0,0.0,0,2015,10,304,0,1.75,41.37,0.5450400449747383,0.0,-0.8660254037844386,0.5000000000000001,1.33,0.0,0.0,41.37
2015-11-01,Bihar,Statewide,0.02,0.0,0.0,0.0,0.0,0.0,0.0,0,2015,11,305,0,3.7100000000001065,9.92,0.42186878926439153,0.0,-0.5000000000000004,0.8660254037844384,0.02,0.0,0.0,9.92
2015-11-01,Telangana,Statewide,0.39,0.0,0.0,0.0,0.0,0.0,0.0,0,2015,11,305,0,3.59,18.669999999999998,0.6059261151209829,0.0,-0.5000000000000004,0.8660254037844384,0.39,0.0,0.0,18.669999999999998
2015-11-01,The Dadra And Nagar Haveli And Daman And Diu,Statewide,0.0,0.0,0.0,0.0,0.0,0.0,0.0,0,2015,11,305,0,0.15999999999988632,8.82,0.01589753166520247,0.0,-0.5000000000000004,0.8660254037844384,0.0,0.0,0.0,8.82
2015-11-03,Telangana,Statewide,0.03,0.0,0.0,0.0,0.0,0.0,0.0,0,2015,11,307,0,3.81,11.61,0.3458037964092816,0.0,-0.5000000000000004,0.8660254037844384,0.03,0.0,0.0,11.61
2015-11-03,Tripura,Statewide,0.02,0.0,0.0,0.0,0.0,0.0,0.0,0,2015,11,307,0,5.219999999999957,122.99000000000002,0.9603189072506663,0.0,-0.5000000000000004,0.8660254037844384,0.02,0.0,0.0,122.99000000000002
2015-11-04,Kerala,Ernakulam,2.8049999999999997,0.0,0.0,0.0,0.0,0.0,0.0,1,2015,11,308,0,22.995,22.995,5.5031465,0.0,-0.5000000000000004,0.8660254037844384,2.8049999999999997,0.0,0.0,22.995
2015-11-07,Uttar Pradesh,Bareilly,0.0,0.0,0.0,0.0,0.0,0.0,0.0,1,2015,11,311,0,0.0,0.0,0.0,0.0,-0.5000000000000004,0.8660254037844384,0.0,0.0,0.0,0.0
2015-11-08,Unknown,Chittoor,0.0,0.0,0.0,0.0,0.0,0.0,0.0,1,2015,11,312,0,0.0,0.0,0.0,0.0,-0.5000000000000004,0.8660254037844384,0.0,0.0,0.0,0.0
2015-11-10,Himachal Pradesh,Statewide,0.2,0.0,0.0,0.0,0.0,0.0,0.0,0,2015,11,314,0,5.68,21.39,0.34857340036299655,0.0,-0.5000000000000004,0.8660254037844384,0.2,0.0,0.0,21.39
2015-11-11,Tamil Nadu,Chennai,3.74,0.0,0.0,0.0,0.0,0.0,0.0,1,2015,11,315,0,6.38,6.38,2.0012,0.0,-0.5000000000000004,0.8660254037844384,3.74,0.0,0.0,6.38
2015-11-14,Rajasthan,Statewide,0.0,0.0,0.0,0.0,0.0,0.0,0.0,0,2015,11,318,0,0.15999999999999998,3.45,0.01901280366943865,0.0,-0.5000000000000004,0.8660254037844384,0.0,0.0,0.0,3.45
2015-11-15,Andhra Pradesh,Anantapur,0.635,0.0,0.0,0.0,0.0,0.0,0.0,1,2015,11,319,0,0.635,0.635,0.635,0.0,-0.5000000000000004,0.8660254037844384,0.635,0.0,0.0,0.635
2015-11-16,The Dadra And Nagar Haveli And Daman And Diu,Statewide,0.0,0.0,0.0,0.0,0.0,0.0,0.0,0,2015,11,320,0,0.0,0.4600000000000001,7.547450943681523e-05,0.0,-0.5000000000000004,0.8660254037844384,0.0,0.0,0.0,0.4600000000000001
2015-11-17,Sikkim,Statewide,0.25,0.0,0.0,0.0,0.0,0.0,0.0,0,2015,11,321,0,4.74,75.14,1.2668695213210657,0.0,-0.5000000000000004,0.8660254037844384,0.25,0.0,0.0,75.14
2015-11-17,Uttarakhand,Statewide,0.0,0.0,0.0,0.0,0.0,0.0,0.0,0,2015,11,321,0,0.02,3.63,0.005722666129735148,0.0,-0.5000000000000004,0.8660254037844384,0.0,0.0,0.0,3.63
2015-11-18,Tamil Nadu,Chennai,3.74,0.0,0.0,0.0,0.0,0.0,0.0,1,2015,11,322,0,10.120000000000001,10.120000000000001,2.52284,0.0,-0.5000000000000004,0.8660254037844384,3.74,0.0,0.0,10.120000000000001
2015-11-21,Lakshadweep,Statewide,1642.9,0.0,0.0,0.0,0.0,0.0,0.0,0,2015,11,325,0,11500.300000000001,49287.0,1642.8999999999992,0.0,-0.5000000000000004,0.8660254037844384,1642.9,0.0,0.0,49287.0
2015-11-22,Jammu And Kashmir,Statewide,0.0,0.0,0.0,0.0,0.0,0.0,0.0,0,2015,11,326,0,0.0,0.0,3.7021253446815985e-09,0.0,-0.5000000000000004,0.8660254037844384,0.0,0.0,0.0,0.0
2015-11-23,Andaman And Nicobar Islands,Statewide,9.29,0.0,0.0,0.0,0.0,0.0,0.0,0,2015,11,327,0,67.95,290.61,9.816293903772278,0.0,-0.5000000000000004,0.8660254037844384,9.29,0.0,0.0,290.61
2015-11-23,Delhi,Statewide,0.0,0.0,0.0,0.0,0.0,0.0,0.0,0,2015,11,327,0,0.0,1.090000000000014,0.000639514920006389,0.0,-0.5000000000000004,0.8660254037844384,0.0,0.0,0.0,1.090000000000014
2015-11-23,Jharkhand,Statewide,0.0,0.0,0.0,0.0,0.0,0.0,0.0,0,2015,11,327,0,0.0,13.799999999999999,0.0009338841053443495,0.0,-0.5000000000000004,0.8660254037844384,0.0,0.0,0.0,13.799999999999999
2015-11-23,Tamil Nadu,Most Tamil Nadu,3.74,0.0,0.0,0.0,0.0,0.0,0.0,1,2015,11,327,0,7.815,7.815,1.8567900000000002,0.0,-0.5000000000000004,0.8660254037844384,3.74,0.0,0.0,7.815
2015-11-24,Bihar,Statewide,0.0,0.0,0.0,0.0,0.0,0.0,0.0,0,2015,11,328,0,0.050000000000106584,3.85,0.002394441704719261,0.0,-0.5000000000000004,0.8660254037844384,0.0,0.0,0.0,3.85
2015-11-25,Meghalaya,Statewide,0.0,0.0,0.0,0.0,0.0,0.0,0.0,0,2015,11,329,0,0.0,19.05,0.00599236043443683,0.0,-0.5000000000000004,0.8660254037844384,0.0,0.0,0.0,19.05
2015-11-28,Kerala,Statewide,1.8,0.0,0.0,0.0,0.0,0.0,0.0,0,2015,11,332,0,23.799999999999997,246.32000000000002,2.8223267188721284,0.0,-0.5000000000000004,0.8660254037844384,1.8,0.0,0.0,246.32000000000002
2015-11-28,Manipur,Statewide,0.0,0.0,0.0,0.0,0.0,0.0,0.0,0,2015,11,332,0,0.0,12.04,0.000270208459016911,0.0,-0.5000000000000004,0.8660254037844384,0.0,0.0,0.0,12.04
2015-11-28,Meghalaya,Statewide,0.0,0.0,0.0,0.0,0.0,0.0,0.0,0,2015,11,332,0,0.0,18.59,0.002055379629011832,0.0,-0.5000000000000004,0.8660254037844384,0.0,0.0,0.0,18.59
2015-11-28,Tamil Nadu,Chennai,3.74,0.0,0.0,0.0,0.0,0.0,0.0,1,2015,11,332,0,13.86,13.86,2.887988,0.0,-0.5000000000000004,0.8660254037844384,3.74,0.0,0.0,13.86
2015-11-29,Uttar Pradesh,Statewide,0.0,0.0,0.0,0.0,0.0,0.0,0.0,0,2015,11,333,0,0.009999999999992895,0.79,0.0022089226760409163,0.0,-0.5000000000000004,0.8660254037844384,0.0,0.0,0.0,0.79
2015-11-30,Chandigarh,Statewide,0.0,0.0,0.0,0.0,0.0,0.0,0.0,0,2015,11,334,0,0.40000000000001423,0.3999999999999716,0.04117406448944737,0.0,-0.5000000000000004,0.8660254037844384,0.0,0.0,0.0,0.3999999999999716
2015-12-01,Tripura,Statewide,0.0,0.0,0.0,0.0,0.0,0.0,0.0,0,2015,12,335,0,0.0,3.4800000000000284,4.4173376812466265e-05,0.0,-2.4492935982947064e-16,1.0,0.0,0.0,0.0,3.4800000000000284
2015-12-03,Kerala,Statewide,17.48,0.0,0.0,0.0,0.0,0.0,0.0,0,2015,12,337,0,36.69,225.41000000000003,7.764113851640838,0.0,-2.4492935982947064e-16,1.0,17.48,0.0,0.0,225.41000000000003
2015-12-04,Tamil Nadu,Virudhnagar,0.3,0.0,0.0,0.0,0.0,0.0,0.0,1,2015,12,338,0,0.3,0.3,0.3,0.0,-2.4492935982947064e-16,1.0,0.3,0.0,0.0,0.3
2015-12-05,Mizoram,Statewide,0.0,0.0,0.0,0.0,0.0,0.0,0.0,0,2015,12,339,0,1.3000000000000427,1.3,0.2730060196516417,0.0,-2.4492935982947064e-16,1.0,0.0,0.0,0.0,1.3
2015-12-05,Telangana,Statewide,0.0,0.0,0.0,0.0,0.0,0.0,0.0,0,2015,12,339,0,1.86,9.46,0.17891162887910117,0.0,-2.4492935982947064e-16,1.0,0.0,0.0,0.0,9.46
2015-12-08,Goa,Statewide,0.0,0.0,0.0,0.0,0.0,0.0,0.0,0,2015,12,342,0,0.0,2.94,0.005604359084406894,0.0,-2.4492935982947064e-16,1.0,0.0,0.0,0.0,2.94
2015-12-08,Kerala,Kannur,0.16,0.0,0.0,0.0,0.0,0.0,0.0,1,2015,12,342,0,20.915000000000003,20.915000000000003,3.492385,0.0,-2.4492935982947064e-16,1.0,0.16,0.0,0.0,20.915000000000003
2015-12-09,Uttar Pradesh,Statewide,0.0,0.0,0.0,0.0,0.0,0.0,0.0,0,2015,12,343,0,0.9199999999999929,3.4499999999999997,0.0929082814712936,0.0,-2.4492935982947064e-16,1.0,0.0,0.0,0.0,3.4499999999999997
2015-12-13,Bihar,Statewide,0.0,0.0,0.0,0.0,0.0,0.0,0.0,0,2015,12,347,0,0.0,0.08,8.747197370195806e-05,0.0,-2.4492935982947064e-16,1.0,0.0,0.0,0.0,0.08
2015-12-13,Himachal Pradesh,Statewide,0.0,0.0,0.0,0.0,0.0,0.0,0.0,0,2015,12,347,0,26.47,33.089999999999996,4.880891329090611,0.0,-2.4492935982947064e-16,1.0,0.0,0.0,0.0,33.089999999999996
2015-12-14,Punjab,Statewide,0.0,0.0,0.0,0.0,0.0,0.0,0.0,0,2015,12,348,0,1.1,1.23,0.12223174268839734,0.0,-2.4492935982947064e-16,1.0,0.0,0.0,0.0,1.23
2015-12-14,Uttar Pradesh,Statewide,0.0,0.0,0.0,0.0,0.0,0.0,0.0,0,2015,12,348,0,0.0699999999999929,3.5100000000000002,0.02502309486688031,0.0,-2.4492935982947064e-16,1.0,0.0,0.0,0.0,3.5100000000000002
2015-12-15,Jammu And Kashmir,Statewide,0.0,0.0,0.0,0.0,0.0,0.0,0.0,0,2015,12,349,0,0.0,0.0,1.0132253317990048e-12,0.0,-2.4492935982947064e-16,1.0,0.0,0.0,0.0,0.0
2015-12-16,Nagaland,Statewide,0.0,0.0,0.0,0.0,0.0,0.0,0.0,0,2015,12,350,0,15.249999999999964,29.7,1.3951947764387935,0.0,-2.4492935982947064e-16,1.0,0.0,0.0,0.0,29.7
2015-12-16,Rajasthan,Statewide,0.0,0.0,0.0,0.0,0.0,0.0,0.0,0,2015,12,350,0,0.0,0.43999999999999995,0.0008832564235147722,0.0,-2.4492935982947064e-16,1.0,0.0,0.0,0.0,0.43999999999999995
2015-12-16,Tripura,Statewide,0.0,0.0,0.0,0.0,0.0,0.0,0.0,0,2015,12,350,0,0.8899999999999573,10.520000000000028,0.13238799889859845,0.0,-2.4492935982947064e-16,1.0,0.0,0.0,0.0,10.520000000000028
2015-12-22,Andhra Pradesh,Vishakhapatnam,0.0,0.0,0.0,0.0,0.0,0.0,0.0,1,2015,12,356,0,0.0,0.0,0.0,0.0,-2.4492935982947064e-16,1.0,0.0,0.0,0.0,0.0
2015-12-22,Odisha,Statewide,2.9,0.0,0.0,0.0,0.0,0.0,0.0,0,2015,12,356,0,6.8899999999999855,15.61,1.4100303066984208,0.0,-2.4492935982947064e-16,1.0,2.9,0.0,0.0,15.61
2015-12-26,Bihar,Statewide,0.0,0.0,0.0,0.0,0.0,0.0,0.0,0,2015,12,360,0,0.0,0.01,8.475072970329839e-07,0.0,-2.4492935982947064e-16,1.0,0.0,0.0,0.0,0.01
2015-12-26,The Dadra And Nagar Haveli And Daman And Diu,Statewide,0.0,0.0,0.0,0.0,0.0,0.0,0.0,0,2015,12,360,0,0.0,0.0,1.5263348953972525e-05,0.0,-2.4492935982947064e-16,1.0,0.0,0.0,0.0,0.0
2015-12-27,Delhi,Statewide,0.0,0.0,0.0,0.0,0.0,0.0,0.0,0,2015,12,361,0,0.0,0.0,3.460860081160013e-09,0.0,-2.4492935982947064e-16,1.0,0.0,0.0,0.0,0.0
2015-12-28,Madhya Pradesh,Statewide,0.0,0.0,0.0,0.0,0.0,0.0,0.0,0,2015,12,362,0,0.0,1.1199999999999999,0.0025006889074281513,0.0,-2.4492935982947064e-16,1.0,0.0,0.0,0.0,1.1199999999999999
2015-12-28,Sikkim,Statewide,0.0,0.0,0.0,0.0,0.0,0.0,0.0,0,2015,12,362,0,0.0,1.84,0.00061821912561889,0.0,-2.4492935982947064e-16,1.0,0.0,0.0,0.0,1.84
2015-12-29,Madhya Pradesh,Statewide,0.0,0.0,0.0,0.0,0.0,0.0,0.0,0,2015,12,363,0,0.0,1.1199999999999999,0.0017504822351997059,0.0,-2.4492935982947064e-16,1.0,0.0,0.0,0.0,1.1199999999999999
2016-01-03,Mizoram,Statewide,0.0,0.0,0.0,0.0,0.0,0.0,0.0,0,2016,1,3,0,0.0,3.95,0.0010969498265966935,0.0,0.49999999999999994,0.8660254037844387,0.0,0.0,0.0,3.95
2016-01-05,Uttar Pradesh,Statewide,0.0,0.0,0.0,0.0,0.0,0.0,0.0,0,2016,1,5,0,0.0,0.07,9.78358230112174e-06,0.0,0.49999999999999994,0.8660254037844387,0.0,0.0,0.0,0.07
2016-01-06,Gujarat,Ahmedabad,0.0,0.0,0.0,0.0,0.0,0.0,0.0,1,2016,1,6,0,0.0,0.0,0.0,0.0,0.49999999999999994,0.8660254037844387,0.0,0.0,0.0,0.0
2016-01-07,Andaman And Nicobar Islands,Statewide,5.48,0.0,0.0,0.0,0.0,0.0,0.0,0,2016,1,7,0,25.49,174.43,4.334599412140342,0.0,0.49999999999999994,0.8660254037844387,5.48,0.0,0.0,174.43
2016-01-07,Arunachal Pradesh,West Kameng,0.0,0.0,0.0,0.0,0.0,0.0,0.0,1,2016,1,7,0,0.0,0.0,0.0,0.0,0.49999999999999994,0.8660254037844387,0.0,0.0,0.0,0.0
2016-01-07,Maharashtra,Ahmednagar,0.0,0.0,0.0,0.0,0.0,0.0,0.0,1,2016,1,7,0,0.57,0.57,0.39899999999999997,0.0,0.49999999999999994,0.8660254037844387,0.0,0.0,0.0,0.57
2016-01-07,Manipur,Statewide,0.0,0.0,0.0,0.0,0.0,0.0,0.0,0,2016,1,7,0,0.0,0.15,7.0974725180630445e-06,0.0,0.49999999999999994,0.8660254037844387,0.0,0.0,0.0,0.15
2016-01-07,Uttar Pradesh,U.P.,0.0,0.0,0.0,0.0,0.0,0.0,0.0,1,2016,1,7,0,0.0,0.0,0.0,0.0,0.49999999999999994,0.8660254037844387,0.0,0.0,0.0,0.0
2016-01-08,Assam,Barpeta,0.0,0.0,0.0,0.0,0.0,0.0,0.0,1,2016,1,8,0,33.485,41.565,4.904783694999999,0.0,0.49999999999999994,0.8660254037844387,0.0,0.0,0.0,41.565
2016-01-08,Himachal Pradesh,Chamba,0.12,0.0,0.0,0.0,0.0,0.0,0.0,1,2016,1,8,0,6.97,6.97,1.146585,0.0,0.49999999999999994,0.8660254037844387,0.12,0.0,0.0,6.97
2016-01-08,Maharashtra,Thane,0.0,0.0,0.0,0.0,0.0,0.0,0.0,1,2016,1,8,0,0.0,0.0,0.0,0.0,0.49999999999999994,0.8660254037844387,0.0,0.0,0.0,0.0
2016-01-08,Manipur,Statewide,0.0,0.0,0.0,0.0,0.0,0.0,0.0,0,2016,1,8,0,0.0,0.15,4.968230762644131e-06,0.0,0.49999999999999994,0.8660254037844387,0.0,0.0,0.0,0.15
2016-01-08,Unknown,Statewide,0.0,0.0,0.0,0.0,0.0,0.0,0.0,1,2016,1,8,0,18.39,73.16000000000001,2.108030153067391,0.0,0.49999999999999994,0.8660254037844387,0.0,0.0,0.0,73.16000000000001
2016-01-09,Andhra Pradesh,Guntur,0.0,0.0,0.0,0.0,0.0,0.0,0.0,1,2016,1,9,0,0.0,0.0,0.0,0.0,0.49999999999999994,0.8660254037844387,0.0,0.0,0.0,0.0
2016-01-09,Assam,Dhemaji,0.0,0.0,0.0,0.0,0.0,0.0,0.0,1,2016,1,9,0,25.405,25.405,6.288345,0.0,0.49999999999999994,0.8660254037844387,0.0,0.0,0.0,25.405
2016-01-09,Bihar,Begusari,0.0,0.0,0.0,0.0,0.0,0.0,0.0,1,2016,1,9,0,0.0,0.0,0.0,0.0,0.49999999999999994,0.8660254037844387,0.0,0.0,0.0,0.0
2016-01-09,Himachal Pradesh,Statewide,3.02,0.0,0.0,0.0,0.0,0.0,0.0,0,2016,1,9,0,8.969999999999999,36.949999999999996,1.535179619321557,0.0,0.49999999999999994,0.8660254037844387,3.02,0.0,0.0,36.949999999999996
2016-01-09,Telangana,Hyderbad,0.0,0.0,0.0,0.0,0.0,0.0,0.0,1,2016,1,9,0,0.0,0.0,0.0,0.0,0.49999999999999994,0.8660254037844387,0.0,0.0,0.0,0.0
2016-01-10,Ladakh,Statewide,0.0,0.0,0.0,0.0,0.0,0.0,0.0,0,2016,1,10,0,0.0,0.0,3.169915584830679e-17,0.0,0.49999999999999994,0.8660254037844387,0.0,0.0,0.0,0.0
2016-01-11,Manipur,Statewide,0.0,0.0,0.0,0.0,0.0,0.0,0.0,0,2016,1,11,0,6.45,6.49,1.3356017041031516,0.0,0.49999999999999994,0.8660254037844387,0.0,0.0,0.0,6.49
2016-01-11,Punjab,Statewide,0.0,0.0,0.0,0.0,0.0,0.0,0.0,0,2016,1,11,0,0.02,0.02,0.0007115164955975061,0.0,0.49999999999999994,0.8660254037844387,0.0,0.0,0.0,0.02
2016-01-16,Uttar Pradesh,Statewide,0.0,0.0,0.0,0.0,0.0,0.0,0.0,0,2016,1,16,0,0.0,0.0,1.934533892634949e-07,0.0,0.49999999999999994,0.8660254037844387,0.0,0.0,0.0,0.0
2016-01-17,Karnataka,Statewide,0.0,0.0,0.0,0.0,0.0,0.0,0.0,0,2016,1,17,0,0.0,0.010000000000014211,2.02357985437003e-06,0.0,0.49999999999999994,0.8660254037844387,0.0,0.0,0.0,0.010000000000014211
2016-01-17,The Dadra And Nagar Haveli And Daman And Diu,Statewide,0.0,0.0,0.0,0.0,0.0,0.0,0.0,0,2016,1,17,0,0.0,0.0,5.9676963012108824e-09,0.0,0.49999999999999994,0.8660254037844387,0.0,0.0,0.0,0.0
2016-01-18,Bihar,Statewide,0.0,0.0,0.0,0.0,0.0,0.0,0.0,0,2016,1,18,0,0.0,0.0,2.3195213081370609e-10,0.0,0.49999999999999994,0.8660254037844387,0.0,0.0,0.0,0.0
2016-01-21,Nagaland,Statewide,6.7,0.0,0.0,0.0,0.0,0.0,0.0,0,2016,1,21,0,8.799999999999965,18.23,2.3488169808631767,0.0,0.49999999999999994,0.8660254037844387,6.7,0.0,0.0,18.23
2016-01-21,Tripura,Statewide,1.37,0.0,0.0,0.0,0.0,0.0,0.0,0,2016,1,21,0,1.4199999999999575,4.440000000000029,0.4393626521513587,0.0,0.49999999999999994,0.8660254037844387,1.37,0.0,0.0,4.440000000000029
2016-01-26,Gujarat,Statewide,0.0,0.0,0.0,0.0,0.0,0.0,0.0,0,2016,1,26,0,0.0,0.0,2.1299307875053352e-11,0.0,0.49999999999999994,0.8660254037844387,0.0,0.0,0.0,0.0
2016-01-27,Chhattisgarh,Statewide,0.0,0.0,0.0,0.0,0.0,0.0,0.0,0,2016,1,27,0,0.0900000000000071,7.970000000000001,0.18969134275399588,0.0,0.49999999999999994,0.8660254037844387,0.0,0.0,0.0,7.970000000000001
2016-01-30,Andaman And Nicobar Islands,Statewide,2.86,0.0,0.0,0.0,0.0,0.0,0.0,0,2016,1,30,0,20.18,85.46000000000001,2.7801540412542147,0.0,0.49999999999999994,0.8660254037844387,2.86,0.0,0.0,85.46000000000001
2016-02-01,Delhi,Statewide,0.0,0.0,0.0,0.0,0.0,0.0,0.0,0,2016,2,32,0,0.0,0.0,9.177269430416327e-15,0.0,0.8660254037844386,0.5000000000000001,0.0,0.0,0.0,0.0
2016-02-01,Tripura,Statewide,0.0,0.0,0.0,0.0,0.0,0.0,0.0,0,2016,2,32,0,0.0,4.480000000000029,0.009099242011142877,0.0,0.8660254037844386,0.5000000000000001,0.0,0.0,0.0,4.480000000000029
2016-02-03,Punjab,Statewide,0.0,0.0,0.0,0.0,0.0,0.0,0.0,0,2016,2,34,0,2.98,5.24,0.19994714755381593,0.0,0.8660254037844386,0.5000000000000001,0.0,0.0,0.0,5.24
2016-02-03,Telangana,Karimnagar,0.0,0.0,0.0,0.0,0.0,0.0,0.0,1,2016,2,34,0,0.0,0.0,0.0,0.0,0.8660254037844386,0.5000000000000001,0.0,0.0,0.0,0.0
2016-02-04,Gujarat,Statewide,0.0,0.0,0.0,0.0,0.0,0.0,0.0,0,2016,2,35,0,0.0,0.0,8.595038993619075e-13,0.0,0.8660254037844386,0.5000000000000001,0.0,0.0,0.0,0.0
2016-02-04,Maharashtra,Statewide,0.0,0.0,0.0,0.0,0.0,0.0,0.0,0,2016,2,35,0,0.0,0.5,0.0006477062487483206,0.0,0.8660254037844386,0.5000000000000001,0.0,0.0,0.0,0.5
2016-02-05,Kerala,Statewide,0.0,0.0,0.0,0.0,0.0,0.0,0.0,0,2016,2,36,0,0.0,4.14,0.01223458939770038,0.0,0.8660254037844386,0.5000000000000001,0.0,0.0,0.0,4.14
2016-02-06,Chhattisgarh,Bastar,0.0,0.0,0.0,0.0,0.0,0.0,0.0,1,2016,2,37,0,0.16,0.16,0.11199999999999999,0.0,0.8660254037844386,0.5000000000000001,0.0,0.0,0.0,0.16
2016-02-06,Manipur,Statewide,0.0,0.0,0.0,0.0,0.0,0.0,0.0,0,2016,2,37,0,0.02,9.96,0.0059885582132937175,0.0,0.8660254037844386,0.5000000000000001,0.0,0.0,0.0,9.96
2016-02-07,Haryana,Statewide,0.1,0.0,0.0,0.0,0.0,0.0,0.0,0,2016,2,38,0,0.10000000000000356,0.14,0.03051923475778399,0.0,0.8660254037844386,0.5000000000000001,0.1,0.0,0.0,0.14
2016-02-07,Kerala,Wanayad,0.0,0.0,0.0,0.0,0.0,0.0,0.0,1,2016,2,38,0,0.0,0.0,0.0,0.0,0.8660254037844386,0.5000000000000001,0.0,0.0,0.0,0.0
2016-02-08,Chhattisgarh,Kanker,0.0,0.0,0.0,0.0,0.0,0.0,0.0,1,2016,2,39,0,0.0,0.0,0.0,0.0,0.8660254037844386,0.5000000000000001,0.0,0.0,0.0,0.0
2016-02-08,Madhya Pradesh,Vidisha,0.0,0.0,0.0,0.0,0.0,0.0,0.0,1,2016,2,39,0,0.0,0.0,0.0,0.0,0.8660254037844386,0.5000000000000001,0.0,0.0,0.0,0.0
2016-02-08,Maharashtra,Nashik,0.0,0.0,0.0,0.0,0.0,0.0,0.0,1,2016,2,39,0,0.0,0.0,0.0,0.0,0.8660254037844386,0.5000000000000001,0.0,0.0,0.0,0.0
2016-02-08,Nagaland,Statewide,0.0,0.0,0.0,0.0,0.0,0.0,0.0,0,2016,2,39,0,0.0,19.080000000000002,0.01665493328715358,0.0,0.8660254037844386,0.5000000000000001,0.0,0.0,0.0,19.080000000000002
2016-02-09,Jammu And Kashmir,Statewide,0.02,0.0,0.0,0.0,0.0,0.0,0.0,0,2016,2,40,0,0.14,0.18,0.01919292786,0.0,0.8660254037844386,0.5000000000000001,0.02,0.0,0.0,0.18
2016-02-10,Maharashtra,Beed,0.0,0.0,0.0,0.0,0.0,0.0,0.0,1,2016,2,41,0,0.0,0.0,0.0,0.0,0.8660254037844386,0.5000000000000001,0.0,0.0,0.0,0.0
2016-02-13,Himachal Pradesh,Statewide,0.03,0.0,0.0,0.0,0.0,0.0,0.0,0,2016,2,44,0,23.97,37.54,1.7153384538525502,0.0,0.8660254037844386,0.5000000000000001,0.03,0.0,0.0,37.54
2016-02-14,Chhattisgarh,Statewide,0.04,0.0,0.0,0.0,0.0,0.0,0.0,0,2016,2,45,0,0.2500000000000071,8.22,0.04097389596194649,0.0,0.8660254037844386,0.5000000000000001,0.04,0.0,0.0,8.22
2016-02-16,Tamil Nadu,Statewide,0.01,0.0,0.0,0.0,0.0,0.0,0.0,0,2016,2,47,0,0.13,1.79,0.009628450968252558,0.0,0.8660254037844386,0.5000000000000001,0.01,0.0,0.0,1.79
2016-02-17,Andaman And Nicobar Islands,Statewide,1.12,0.0,0.0,0.0,0.0,0.0,0.0,0,2016,2,48,0,10.33,62.089999999999996,1.4047106155963442,0.0,0.8660254037844386,0.5000000000000001,1.12,0.0,0.0,62.089999999999996
2016-02-20,Assam,Statewide,0.0,0.0,0.0,0.0,0.0,0.0,0.0,0,2016,2,51,0,0.0,14.87,0.10662598678396815,0.0,0.8660254037844386,0.5000000000000001,0.0,0.0,0.0,14.87
2016-02-20,Lakshadweep,Statewide,1642.9,0.0,0.0,0.0,0.0,0.0,0.0,0,2016,2,51,0,11500.300000000001,49287.0,1642.8999999999992,0.0,0.8660254037844386,0.5000000000000001,1642.9,0.0,0.0,49287.0
2016-02-22,Manipur,Statewide,1.03,0.0,0.0,0.0,0.0,0.0,0.0,0,2016,2,53,0,1.030000000000001,9.65,0.3555872055641198,0.0,0.8660254037844386,0.5000000000000001,1.03,0.0,0.0,9.65
2016-02-23,Bihar,Statewide,0.0,0.0,0.0,0.0,0.0,0.0,0.0,0,2016,2,54,0,0.0,0.35000000000000003,0.0006282187466196697,0.0,0.8660254037844386,0.5000000000000001,0.0,0.0,0.0,0.35000000000000003
2016-02-23,Maharashtra,Statewide,0.0,0.0,0.0,0.0,0.0,0.0,0.0,0,2016,2,54,0,0.0,0.0,7.383135640393322e-07,0.0,0.8660254037844386,0.5000000000000001,0.0,0.0,0.0,0.0
2016-02-24,Sikkim,Statewide,0.0,0.0,0.0,0.0,0.0,0.0,0.0,0,2016,2,55,0,0.44,15.759999999999996,0.06403233726279267,0.0,0.8660254037844386,0.5000000000000001,0.0,0.0,0.0,15.759999999999996
2016-02-28,Andhra Pradesh,Statewide,0.02,0.0,0.0,0.0,0.0,0.0,0.0,0,2016,2,59,0,0.019999999999971135,0.02,0.006001834206423607,0.0,0.8660254037844386,0.5000000000000001,0.02,0.0,0.0,0.02
2016-03-02,Assam,Statewide,0.21,0.0,0.0,0.0,0.0,0.0,0.0,0,2016,3,62,0,5.13,25.45,0.3689060415485669,0.0,1.0,6.123233995736766e-17,0.21,0.0,0.0,25.45
2016-03-03,Haryana,Statewide,0.0,0.0,0.0,0.0,0.0,0.0,0.0,0,2016,3,63,0,0.0,1.81,0.003617061675827962,0.0,1.0,6.123233995736766e-17,0.0,0.0,0.0,1.81
2016-03-03,Jammu And Kashmir,Statewide,0.0,0.0,0.0,0.0,0.0,0.0,0.0,0,2016,3,63,0,0.08,0.5399999999999999,0.006859779114465149,0.0,1.0,6.123233995736766e-17,0.0,0.0,0.0,0.5399999999999999
2016-03-03,West Bengal,Statewide,0.01,0.0,0.0,0.0,0.0,0.0,0.0,0,2016,3,63,0,13.3,36.18000000000001,1.591239278837967,0.0,1.0,6.123233995736766e-17,0.01,0.0,0.0,36.18000000000001
2016-03-04,Jharkhand,Statewide,0.0,0.0,0.0,0.0,0.0,0.0,0.0,0,2016,3,64,0,6.020000000000003,10.729999999999999,0.2985969652811492,0.0,1.0,6.123233995736766e-17,0.0,0.0,0.0,10.729999999999999
2016-03-06,Arunachal Pradesh,Statewide,0.0,0.0,0.0,0.0,0.0,0.0,0.0,0,2016,3,66,0,0.3200000000000177,84.8,0.268415905107762,0.0,1.0,6.123233995736766e-17,0.0,0.0,0.0,84.8
2016-03-06,Chandigarh,Statewide,2.2,0.0,0.0,0.0,0.0,0.0,0.0,0,2016,3,66,0,2.2000000000000144,3.4999999999999716,0.6618515489888881,0.0,1.0,6.123233995736766e-17,2.2,0.0,0.0,3.4999999999999716
2016-03-06,Jammu And Kashmir,Statewide,0.0,0.0,0.0,0.0,0.0,0.0,0.0,0,2016,3,66,0,0.02,0.48000000000000004,0.0023529042362615458,0.0,1.0,6.123233995736766e-17,0.0,0.0,0.0,0.48000000000000004
2016-03-07,Assam,Barpeta,0.32,0.0,0.0,0.0,0.0,0.0,0.0,1,2016,3,67,0,27.475,41.885,3.5293485864999994,0.0,1.0,6.123233995736766e-17,0.32,0.0,0.0,41.885
2016-03-07,Himachal Pradesh,Chamba,0.1,0.0,0.0,0.0,0.0,0.0,0.0,1,2016,3,67,0,7.069999999999999,7.069999999999999,0.8326095,0.0,1.0,6.123233995736766e-17,0.1,0.0,0.0,7.069999999999999
2016-03-07,Jharkhand,Chatra,0.0,0.0,0.0,0.0,0.0,0.0,0.0,1,2016,3,67,0,0.0,0.0,0.0,0.0,1.0,6.123233995736766e-17,0.0,0.0,0.0,0.0
2016-03-07,Karnataka,Dakshina Kannada,0.0,0.0,0.0,0.0,0.0,0.0,0.0,1,2016,3,67,0,2.27,2.27,1.589,0.0,1.0,6.123233995736766e-17,0.0,0.0,0.0,2.27
2016-03-07,Uttar Pradesh,Statewide,0.4,0.0,0.0,0.0,0.0,0.0,0.0,0,2016,3,67,0,1.659999999999993,3.28,0.38380674490857214,0.0,1.0,6.123233995736766e-17,0.4,0.0,0.0,3.28
2016-03-07,Uttarakhand,Chamoli,0.01,0.0,0.0,0.0,0.0,0.0,0.0,1,2016,3,67,0,0.01,0.01,0.01,0.0,1.0,6.123233995736766e-17,0.01,0.0,0.0,0.01
2016-03-08,Jharkhand,Ramgarh,0.0,0.0,0.0,0.0,0.0,0.0,0.0,1,2016,3,68,0,0.0,0.0,0.0,0.0,1.0,6.123233995736766e-17,0.0,0.0,0.0,0.0
2016-03-08,Maharashtra,Raigad,0.0,0.0,0.0,0.0,0.0,0.0,0.0,1,2016,3,68,0,0.0,0.0,0.0,0.0,1.0,6.123233995736766e-17,0.0,0.0,0.0,0.0
2016-03-08,Mizoram,Koraput,0.0,0.0,0.0,0.0,0.0,0.0,0.0,1,2016,3,68,0,0.0,0.0,0.0,0.0,1.0,6.123233995736766e-17,0.0,0.0,0.0,0.0
2016-03-09,Bihar,Begusarai,0.0,0.0,0.0,0.0,0.0,0.0,0.0,1,2016,3,69,0,0.0,0.0,0.0,0.0,1.0,6.123233995736766e-17,0.0,0.0,0.0,0.0
2016-03-10,Karnataka,Statewide,0.01,0.0,0.0,0.0,0.0,0.0,0.0,0,2016,3,70,0,0.42000000000000737,2.1600000000000144,0.07417954213434946,0.0,1.0,6.123233995736766e-17,0.01,0.0,0.0,2.1600000000000144
2016-03-10,Tripura,Statewide,0.07,0.0,0.0,0.0,0.0,0.0,0.0,0,2016,3,70,0,4.239999999999958,53.870000000000026,0.35882124432417983,0.0,1.0,6.123233995736766e-17,0.07,0.0,0.0,53.870000000000026
2016-03-11,Mizoram,Statewide,0.04,0.0,0.0,0.0,0.0,0.0,0.0,0,2016,3,71,0,3.7500000000000426,41.440000000000005,0.4079548773599178,0.0,1.0,6.123233995736766e-17,0.04,0.0,0.0,41.440000000000005
2016-03-12,The Dadra And Nagar Haveli And Daman And Diu,Statewide,0.0,0.0,0.0,0.0,0.0,0.0,0.0,0,2016,3,72,0,0.0,1.27,0.02092622763000001,0.0,1.0,6.123233995736766e-17,0.0,0.0,0.0,1.27
2016-03-14,Delhi,Statewide,1.48,0.0,0.0,0.0,0.0,0.0,0.0,0,2016,3,74,0,9.670000000000007,13.600000000000014,1.9135669818590875,0.0,1.0,6.123233995736766e-17,1.48,0.0,0.0,13.600000000000014
2016-03-15,Bihar,Statewide,0.72,0.0,0.0,0.0,0.0,0.0,0.0,0,2016,3,75,0,2.7000000000001068,4.03,0.6194767371259381,0.0,1.0,6.123233995736766e-17,0.72,0.0,0.0,4.03
2016-03-16,Meghalaya,Statewide,0.0,0.0,0.0,0.0,0.0,0.0,0.0,0,2016,3,76,0,0.8800000000000285,10.100000000000001,0.07504250291564288,0.0,1.0,6.123233995736766e-17,0.0,0.0,0.0,10.100000000000001
2016-03-17,Arunachal Pradesh,Statewide,10.22,0.0,0.0,0.0,0.0,0.0,0.0,0,2016,3,77,0,37.33000000000002,164.45,7.53081332111296,0.0,1.0,6.123233995736766e-17,10.22,0.0,0.0,164.45
2016-03-20,Uttar Pradesh,Statewide,0.02,0.0,0.0,0.0,0.0,0.0,0.0,0,2016,3,80,0,3.999999999999993,11.159999999999998,0.24916648878993122,0.0,1.0,6.123233995736766e-17,0.02,0.0,0.0,11.159999999999998
2016-03-21,Assam,Statewide,7.0,0.0,0.0,0.0,0.0,0.0,0.0,0,2016,3,81,0,9.98,50.05,2.652578632498917,0.0,1.0,6.123233995736766e-17,7.0,0.0,0.0,50.05
2016-03-23,Haryana,Statewide,0.03,0.0,0.0,0.0,0.0,0.0,0.0,0,2016,3,83,0,1.0100000000000053,22.770000000000003,0.2278343874629684,0.0,1.0,6.123233995736766e-17,0.03,0.0,0.0,22.770000000000003
2016-03-29,Jammu And Kashmir,Statewide,0.0,0.0,0.0,0.0,0.0,0.0,0.0,0,2016,3,89,0,0.0,0.02,6.43960415576482e-07,0.0,1.0,6.123233995736766e-17,0.0,0.0,0.0,0.02
2016-03-31,Chandigarh,Statewide,0.0,0.0,0.0,0.0,0.0,0.0,0.0,0,2016,3,91,0,0.0,49.799999999999976,0.049165435941223426,0.0,1.0,6.123233995736766e-17,0.0,0.0,0.0,49.799999999999976
2016-03-31,Manipur,Statewide,16.1,0.0,0.0,0.0,0.0,0.0,0.0,0,2016,3,91,0,25.93,49.56,6.499723280866504,0.0,1.0,6.123233995736766e-17,16.1,0.0,0.0,49.56
2016-04-02,Delhi,Statewide,0.0,0.0,0.0,0.0,0.0,0.0,0.0,0,2016,4,93,0,0.0,16.220000000000013,0.010387075904040304,0.0,0.8660254037844387,-0.4999999999999998,0.0,0.0,0.0,16.220000000000013
2016-04-04,Mizoram,Statewide,5.05,0.0,0.0,0.0,0.0,0.0,0.0,0,2016,4,95,0,82.46000000000004,129.6,8.204054585889905,0.0,0.8660254037844387,-0.4999999999999998,5.05,0.0,0.0,129.6
2016-04-05,Mizoram,Statewide,7.76,0.0,0.0,0.0,0.0,0.0,0.0,0,2016,4,96,0,74.75000000000004,137.35999999999999,8.070838210122933,0.0,0.8660254037844387,-0.4999999999999998,7.76,0.0,0.0,137.35999999999999
2016-04-10,Bihar,Statewide,0.0,0.0,0.0,0.0,0.0,0.0,0.0,0,2016,4,101,0,0.37000000000010613,7.36,0.059921613765748054,0.0,0.8660254037844387,-0.4999999999999998,0.0,0.0,0.0,7.36
2016-04-14,Kerala,Kannur,2.0949999999999998,0.0,0.0,0.0,0.0,0.0,0.0,1,2016,4,105,0,23.01,23.01,3.0731694999999997,0.0,0.8660254037844387,-0.4999999999999998,2.0949999999999998,0.0,0.0,23.01
2016-04-14,Madhya Pradesh,Statewide,0.0,0.0,0.0,0.0,0.0,0.0,0.0,0,2016,4,105,0,0.009999999999992895,0.76,0.0015311669029238778,0.0,0.8660254037844387,-0.4999999999999998,0.0,0.0,0.0,0.76
2016-04-14,Puducherry,Statewide,0.0,0.0,0.0,0.0,0.0,0.0,0.0,0,2016,4,105,0,0.0,1.2999999999999998,0.006265640528512355,0.0,0.8660254037844387,-0.4999999999999998,0.0,0.0,0.0,1.2999999999999998
2016-04-15,Lakshadweep,Statewide,1642.9,0.0,0.0,0.0,0.0,0.0,0.0,0,2016,4,106,0,11500.300000000001,49287.0,1642.8999999999992,0.0,0.8660254037844387,-0.4999999999999998,1642.9,0.0,0.0,49287.0
2016-04-16,Goa,Statewide,0.0,0.0,0.0,0.0,0.0,0.0,0.0,0,2016,4,107,0,0.0,2.67,0.02490718289579788,0.0,0.8660254037844387,-0.4999999999999998,0.0,0.0,0.0,2.67
2016-04-19,Uttarakhand,Statewide,1.74,0.0,0.0,0.0,0.0,0.0,0.0,0,2016,4,110,0,4.070000000000003,14.890000000000002,1.0453003982147786,0.0,0.8660254037844387,-0.4999999999999998,1.74,0.0,0.0,14.890000000000002
2016-04-20,Unknown,Statewide,0.18,0.0,0.0,0.0,0.0,0.0,0.0,1,2016,4,111,0,18.57,67.42,1.5296211071471737,0.0,0.8660254037844387,-0.4999999999999998,0.18,0.0,0.0,67.42
2016-04-21,Assam,Jorhat,4.825,0.0,0.0,0.0,0.0,0.0,0.0,1,2016,4,112,0,4.825,4.825,4.825,0.0,0.8660254037844387,-0.4999999999999998,4.825,0.0,0.0,4.825
2016-04-21,Telangana,Statewide,0.0,0.0,0.0,0.0,0.0,0.0,0.0,0,2016,4,112,0,0.67,2.5,0.06936331725063638,0.0,0.8660254037844387,-0.4999999999999998,0.0,0.0,0.0,2.5
2016-04-22,Arunachal Pradesh,Tawang,5.01,0.0,0.0,0.0,0.0,0.0,0.0,1,2016,4,113,0,5.01,5.01,5.01,0.0,0.8660254037844387,-0.4999999999999998,5.01,0.0,0.0,5.01
2016-04-22,Haryana,Statewide,0.0,0.0,0.0,0.0,0.0,0.0,0.0,0,2016,4,113,0,0.12000000000000532,1.06,0.013984085388991848,0.0,0.8660254037844387,-0.4999999999999998,0.0,0.0,0.0,1.06
2016-04-22,Meghalaya,Statewide,23.79,0.0,0.0,0.0,0.0,0.0,0.0,0,2016,4,113,0,198.42000000000004,445.13,24.641976107079838,0.0,0.8660254037844387,-0.4999999999999998,23.79,0.0,0.0,445.13
2016-04-22,Unknown,Arunachal Pradesh,0.18,0.0,0.0,0.0,0.0,0.0,0.0,1,2016,4,113,0,0.18,0.18,0.18,0.0,0.8660254037844387,-0.4999999999999998,0.18,0.0,0.0,0.18
2016-04-23,Assam,Statewide,19.92,0.0,0.0,0.0,0.0,0.0,0.0,0,2016,4,114,0,161.18,325.09000000000003,22.697484887431887,0.0,0.8660254037844387,-0.4999999999999998,19.92,0.0,0.0,325.09000000000003
2016-04-23,Goa,Statewide,0.0,0.0,0.0,0.0,0.0,0.0,0.0,0,2016,4,114,0,0.0,2.67,0.002051213612355406,0.0,0.8660254037844387,-0.4999999999999998,0.0,0.0,0.0,2.67
2016-04-24,Arunachal Pradesh,Chanlang,5.01,0.0,0.0,0.0,0.0,0.0,0.0,1,2016,4,115,0,5.01,5.01,5.01,0.0,0.8660254037844387,-0.4999999999999998,5.01,0.0,0.0,5.01
2016-04-24,Assam,Cachar,4.825,0.0,0.0,0.0,0.0,0.0,0.0,1,2016,4,115,0,16.325,16.325,9.497499999999999,0.0,0.8660254037844387,-0.4999999999999998,4.825,0.0,0.0,16.325
2016-04-26,Andaman And Nicobar Islands,Statewide,3.4,0.0,0.0,0.0,0.0,0.0,0.0,0,2016,4,117,0,24.48,66.53999999999999,3.393856936625708,0.0,0.8660254037844387,-0.4999999999999998,3.4,0.0,0.0,66.53999999999999
2016-04-27,Rajasthan,Statewide,0.0,0.0,0.0,0.0,0.0,0.0,0.0,0,2016,4,118,0,0.0,0.04,3.1673098952830996e-05,0.0,0.8660254037844387,-0.4999999999999998,0.0,0.0,0.0,0.04
2016-05-01,Goa,Statewide,0.04,0.0,0.0,0.0,0.0,0.0,0.0,0,2016,5,122,0,0.34999999999994313,2.46,0.0746982483828372,0.0,0.49999999999999994,-0.8660254037844387,0.04,0.0,0.0,2.46
2016-05-01,Madhya Pradesh,Statewide,0.04,0.0,0.0,0.0,0.0,0.0,0.0,0,2016,5,122,0,0.05999999999999289,0.08,0.014146304536136273,0.0,0.49999999999999994,-0.8660254037844387,0.04,0.0,0.0,0.08
2016-05-06,West Bengal,Statewide,2.76,0.0,0.0,0.0,0.0,0.0,0.0,0,2016,5,127,0,14.57,28.859999999999996,2.829770334528114,0.0,0.49999999999999994,-0.8660254037844387,2.76,0.0,0.0,28.859999999999996
2016-05-08,Arunachal Pradesh,Tawang,6.9399999999999995,0.0,0.0,0.0,0.0,0.0,0.0,1,2016,5,129,0,11.95,11.95,5.5889999999999995,0.0,0.49999999999999994,-0.8660254037844387,6.9399999999999995,0.0,0.0,11.95
2016-05-08,Himachal Pradesh,Bilaspur,0.52,0.0,0.0,0.0,0.0,0.0,0.0,1,2016,5,129,0,7.02,7.02,1.8569999999999995,0.0,0.49999999999999994,-0.8660254037844387,0.52,0.0,0.0,7.02
2016-05-08,Jammu & Kashmir,Kathua,0.75,0.0,0.0,0.0,0.0,0.0,0.0,1,2016,5,129,0,0.75,0.75,0.75,0.0,0.49999999999999994,-0.8660254037844387,0.75,0.0,0.0,0.75
2016-05-08,Karnataka,Bagalkot,1.84,0.0,0.0,0.0,0.0,0.0,0.0,1,2016,5,129,0,1.84,1.84,0.552,0.0,0.49999999999999994,-0.8660254037844387,1.84,0.0,0.0,1.84
2016-05-08,Puducherry,Statewide,0.0,0.0,0.0,0.0,0.0,0.0,0.0,0,2016,5,129,0,0.9200000000000285,1.04,0.10935193023112781,0.0,0.49999999999999994,-0.8660254037844387,0.0,0.0,0.0,1.04
2016-05-10,The Dadra And Nagar Haveli And Daman And Diu,Statewide,0.0,0.0,0.0,0.0,0.0,0.0,0.0,0,2016,5,131,0,0.7799999999998863,0.78,0.16380000001518707,0.0,0.49999999999999994,-0.8660254037844387,0.0,0.0,0.0,0.78
2016-05-12,Madhya Pradesh,Statewide,0.07,0.0,0.0,0.0,0.0,0.0,0.0,0,2016,5,133,0,3.399999999999993,4.29,0.36865013758273923,0.0,0.49999999999999994,-0.8660254037844387,0.07,0.0,0.0,4.29
2016-05-13,Bihar,Statewide,6.24,0.0,0.0,0.0,0.0,0.0,0.0,0,2016,5,134,0,19.470000000000105,27.81,3.491486914128135,0.0,0.49999999999999994,-0.8660254037844387,6.24,0.0,0.0,27.81
2016-05-13,Rajasthan,Statewide,0.07,0.0,0.0,0.0,0.0,0.0,0.0,0,2016,5,134,0,0.9,3.0400000000000005,0.19147439693408982,0.0,0.49999999999999994,-0.8660254037844387,0.07,0.0,0.0,3.0400000000000005
2016-05-15,Himachal Pradesh,Statewide,0.83,0.0,0.0,0.0,0.0,0.0,0.0,0,2016,5,136,0,25.069999999999997,70.99,2.391153237095015,0.0,0.49999999999999994,-0.8660254037844387,0.83,0.0,0.0,70.99
2016-05-17,Assam,Halkandi,7.6,0.0,0.0,0.0,0.0,0.0,0.0,1,2016,5,138,0,7.6,7.6,7.6,0.0,0.49999999999999994,-0.8660254037844387,7.6,0.0,0.0,7.6
2016-05-18,Assam,Nagaon,7.6,0.0,0.0,0.0,0.0,0.0,0.0,1,2016,5,139,0,7.6,7.6,7.6,0.0,0.49999999999999994,-0.8660254037844387,7.6,0.0,0.0,7.6
2016-05-18,Bihar,Araria,0.915,0.0,0.0,0.0,0.0,0.0,0.0,1,2016,5,139,0,0.915,0.915,0.2745,0.0,0.49999999999999994,-0.8660254037844387,0.915,0.0,0.0,0.915
2016-05-18,Tripura,North Tripura,7.0649999999999995,0.0,0.0,0.0,0.0,0.0,0.0,1,2016,5,139,0,7.0649999999999995,7.0649999999999995,7.0649999999999995,0.0,0.49999999999999994,-0.8660254037844387,7.0649999999999995,0.0,0.0,7.0649999999999995
2016-05-19,Chandigarh,Statewide,0.0,0.0,0.0,0.0,0.0,0.0,0.0,0,2016,5,140,0,1.7000000000000142,23.299999999999972,0.450843286086432,0.0,0.49999999999999994,-0.8660254037844387,0.0,0.0,0.0,23.299999999999972
2016-05-19,Uttar Pradesh,Statewide,0.0,0.0,0.0,0.0,0.0,0.0,0.0,0,2016,5,140,0,0.2699999999999929,9.21,0.07949915475046831,0.0,0.49999999999999994,-0.8660254037844387,0.0,0.0,0.0,9.21
2016-05-21,Maharashtra,Bhandara,0.1,0.0,0.0,0.0,0.0,0.0,0.0,1,2016,5,142,0,0.2,0.2,0.1,0.0,0.49999999999999994,-0.8660254037844387,0.1,0.0,0.0,0.2
2016-05-22,Chhattisgarh,Statewide,0.64,0.0,0.0,0.0,0.0,0.0,0.0,0,2016,5,143,0,4.030000000000006,18.83,0.5797048225784566,0.0,0.49999999999999994,-0.8660254037844387,0.64,0.0,0.0,18.83
2016-05-22,Uttarakhand,Dehradun,1.01,0.0,0.0,0.0,0.0,0.0,0.0,1,2016,5,143,0,1.01,1.01,1.01,0.0,0.49999999999999994,-0.8660254037844387,1.01,0.0,0.0,1.01
2016-05-23,Mizoram,Aizwal,4.34,0.0,0.0,0.0,0.0,0.0,0.0,1,2016,5,144,0,4.34,4.34,1.3019999999999998,0.0,0.49999999999999994,-0.8660254037844387,4.34,0.0,0.0,4.34
2016-05-23,Puducherry,Statewide,0.02,0.0,0.0,0.0,0.0,0.0,0.0,0,2016,5,144,0,92.46000000000004,108.75999999999999,5.654661493334096,0.0,0.49999999999999994,-0.8660254037844387,0.02,0.0,0.0,108.75999999999999
2016-05-24,Jharkhand,Statewide,3.09,0.0,0.0,0.0,0.0,0.0,0.0,0,2016,5,145,0,14.260000000000005,47.95,2.2743323367049513,0.0,0.49999999999999994,-0.8660254037844387,3.09,0.0,0.0,47.95
2016-05-25,Maharashtra,Statewide,0.25,0.0,0.0,0.0,0.0,0.0,0.0,0,2016,5,146,0,0.9099999999999937,11.47,0.12255359971295512,0.0,0.49999999999999994,-0.8660254037844387,0.25,0.0,0.0,11.47
2016-05-26,Ladakh,Statewide,0.0,0.0,0.0,0.0,0.0,0.0,0.0,0,2016,5,147,0,0.0,1.08,2.5345625625425447e-05,0.0,0.49999999999999994,-0.8660254037844387,0.0,0.0,0.0,1.08
2016-05-28,Uttarakhand,Tehri And Uttarkashi,1.01,0.0,0.0,0.0,0.0,0.0,0.0,1,2016,5,149,0,1.01,1.01,1.01,0.0,0.49999999999999994,-0.8660254037844387,1.01,0.0,0.0,1.01
2016-05-29,Maharashtra,Statewide,0.07,0.0,0.0,0.0,0.0,0.0,0.0,0,2016,5,150,0,1.2799999999999938,10.88,0.19656411929108053,0.0,0.49999999999999994,-0.8660254037844387,0.07,0.0,0.0,10.88
2016-05-31,Jharkhand,Statewide,4.28,0.0,0.0,0.0,0.0,0.0,0.0,0,2016,5,152,0,21.490000000000006,69.29,3.2518256745567,0.0,0.49999999999999994,-0.8660254037844387,4.28,0.0,0.0,69.29
2016-05-31,Kerala,Kozhikode,4.055,0.0,0.0,0.0,0.0,0.0,0.0,1,2016,5,152,0,4.055,4.055,4.055,0.0,0.49999999999999994,-0.8660254037844387,4.055,0.0,0.0,4.055
2016-05-31,Mizoram,Statewide,4.64,0.0,0.0,0.0,0.0,0.0,0.0,0,2016,5,152,0,40.280000000000044,187.16,5.957466824582431,0.0,0.49999999999999994,-0.8660254037844387,4.64,0.0,0.0,187.16
2016-06-01,Andhra Pradesh,Statewide,1.4,0.0,0.0,0.0,0.0,0.0,0.0,0,2016,6,153,1,17.129999999999963,106.3,2.355451157236716,0.0,1.2246467991473532e-16,-1.0,1.4,0.0,0.0,106.3
2016-06-01,Arunachal Pradesh,Statewide,1.65,0.0,0.0,0.0,0.0,0.0,0.0,0,2016,6,153,1,39.61000000000002,308.65999999999997,5.069844256041539,0.0,1.2246467991473532e-16,-1.0,1.65,0.0,0.0,308.65999999999997
2016-06-01,Tamil Nadu,Statewide,2.28,0.0,0.0,0.0,0.0,0.0,0.0,0,2016,6,153,1,14.01,107.58,1.9769399818248137,0.0,1.2246467991473532e-16,-1.0,2.28,0.0,0.0,107.58
2016-06-04,Chandigarh,Statewide,0.0,0.0,0.0,0.0,0.0,0.0,0.0,0,2016,6,156,1,17.80000000000001,56.39999999999997,0.7256224409701747,0.0,1.2246467991473532e-16,-1.0,0.0,0.0,0.0,56.39999999999997
2016-06-06,Jammu And Kashmir,Statewide,0.0,0.0,0.0,0.0,0.0,0.0,0.0,0,2016,6,158,1,0.0,0.0,7.239062041968419e-07,0.0,1.2246467991473532e-16,-1.0,0.0,0.0,0.0,0.0
2016-06-06,Maharashtra,Maharashtra,4.595,0.0,0.0,0.0,0.0,0.0,0.0,1,2016,6,158,1,4.595,4.595,4.595,0.0,1.2246467991473532e-16,-1.0,4.595,0.0,0.0,4.595
2016-06-07,Madhya Pradesh,Rewa,2.3899999999999997,0.0,0.0,0.0,0.0,0.0,0.0,1,2016,6,159,1,2.3899999999999997,2.3899999999999997,2.3899999999999997,0.0,1.2246467991473532e-16,-1.0,2.3899999999999997,0.0,0.0,2.3899999999999997
2016-06-08,Jammu & Kashmir,Doda,3.72,0.0,0.0,0.0,0.0,0.0,0.0,1,2016,6,160,1,3.72,3.72,3.72,0.0,1.2246467991473532e-16,-1.0,3.72,0.0,0.0,3.72
2016-06-11,Karnataka,Statewide,4.7,0.0,0.0,0.0,0.0,0.0,0.0,0,2016,6,163,1,49.010000000000005,130.72,7.780953578027028,0.0,1.2246467991473532e-16,-1.0,4.7,0.0,0.0,130.72
2016-06-14,Himachal Pradesh,Statewide,2.69,0.0,0.0,0.0,0.0,0.0,0.0,0,2016,6,166,1,14.94,49.32,2.01662038590167,0.0,1.2246467991473532e-16,-1.0,2.69,0.0,0.0,49.32
2016-06-14,Tripura,Statewide,2.33,0.0,0.0,0.0,0.0,0.0,0.0,0,2016,6,166,1,109.47999999999995,469.83000000000004,12.029817295501847,0.0,1.2246467991473532e-16,-1.0,2.33,0.0,0.0,469.83000000000004
2016-06-15,Andhra Pradesh,Statewide,0.4,0.0,0.0,0.0,0.0,0.0,0.0,0,2016,6,167,1,9.479999999999965,149.74,1.4023639005742212,0.0,1.2246467991473532e-16,-1.0,0.4,0.0,0.0,149.74
2016-06-15,Himachal Pradesh,Kullu,1.505,0.0,0.0,0.0,0.0,0.0,0.0,1,2016,6,167,1,6.805,6.805,4.161499999999999,0.0,1.2246467991473532e-16,-1.0,1.505,0.0,0.0,6.805
2016-06-15,Punjab,Statewide,6.66,0.0,0.0,0.0,0.0,0.0,0.0,0,2016,6,167,1,13.930000000000001,36.15,2.8302005692867893,0.0,1.2246467991473532e-16,-1.0,6.66,0.0,0.0,36.15
2016-06-16,Kerala,Alappuzha,10.59,0.0,0.0,0.0,0.0,0.0,0.0,1,2016,6,168,1,50.04,71.84,7.819272704939296,0.0,1.2246467991473532e-16,-1.0,10.59,0.0,0.0,71.84
2016-06-16,Maharashtra,Statewide,0.69,0.0,0.0,0.0,0.0,0.0,0.0,0,2016,6,168,1,16.439999999999994,48.71,1.6639306473290467,0.0,1.2246467991473532e-16,-1.0,0.69,0.0,0.0,48.71
2016-06-17,Jammu And Kashmir,Statewide,0.0,0.0,0.0,0.0,0.0,0.0,0.0,0,2016,6,169,1,0.0,0.0,1.4313990969820332e-08,0.0,1.2246467991473532e-16,-1.0,0.0,0.0,0.0,0.0
2016-06-19,Assam,Baska,10.995000000000001,0.0,0.0,0.0,0.0,0.0,0.0,1,2016,6,171,1,10.995000000000001,10.995000000000001,10.995000000000001,0.0,1.2246467991473532e-16,-1.0,10.995000000000001,0.0,0.0,10.995000000000001
2016-06-20,Karnataka,Raichur,4.9,0.0,0.0,0.0,0.0,0.0,0.0,1,2016,6,172,1,5.59,5.59,1.9529999999999998,0.0,1.2246467991473532e-16,-1.0,4.9,0.0,0.0,5.59
2016-06-20,Maharashtra,Mumbai,4.595,0.0,0.0,0.0,0.0,0.0,0.0,1,2016,6,172,1,51.795,51.795,7.826500999999999,0.0,1.2246467991473532e-16,-1.0,4.595,0.0,0.0,51.795
2016-06-22,Karnataka,Dakshina Kannada,4.9,0.0,0.0,0.0,0.0,0.0,0.0,1,2016,6,174,1,7.17,7.17,2.5823,0.0,1.2246467991473532e-16,-1.0,4.9,0.0,0.0,7.17
2016-06-22,Tripura,Statewide,4.21,0.0,0.0,0.0,0.0,0.0,0.0,0,2016,6,174,1,53.869999999999955,305.50000000000006,5.198089152749262,0.0,1.2246467991473532e-16,-1.0,4.21,0.0,0.0,305.50000000000006
2016-06-23,Jharkhand,Statewide,7.41,0.0,0.0,0.0,0.0,0.0,0.0,0,2016,6,175,1,36.92,123.61000000000001,5.959259236072025,0.0,1.2246467991473532e-16,-1.0,7.41,0.0,0.0,123.61000000000001
2016-06-24,Andaman And Nicobar Islands,Statewide,13.63,0.0,0.0,0.0,0.0,0.0,0.0,0,2016,6,176,1,90.13,404.07000000000005,13.388180471200643,0.0,1.2246467991473532e-16,-1.0,13.63,0.0,0.0,404.07000000000005
2016-06-25,Andhra Pradesh,Statewide,4.02,0.0,0.0,0.0,0.0,0.0,0.0,0,2016,6,177,1,39.20999999999996,128.81,4.389297555630331,0.0,1.2246467991473532e-16,-1.0,4.02,0.0,0.0,128.81
2016-06-25,Maharashtra,Mumbai,4.595,0.0,0.0,0.0,0.0,0.0,0.0,1,2016,6,177,1,56.39,56.39,6.8570506999999985,0.0,1.2246467991473532e-16,-1.0,4.595,0.0,0.0,56.39
2016-06-25,Unknown,Chamoli,3.72,0.0,0.0,0.0,0.0,0.0,0.0,1,2016,6,177,1,3.72,3.72,3.72,0.0,1.2246467991473532e-16,-1.0,3.72,0.0,0.0,3.72
2016-06-26,Kerala,Kasragod,10.59,0.0,0.0,0.0,0.0,0.0,0.0,1,2016,6,178,1,10.59,10.59,10.59,0.0,1.2246467991473532e-16,-1.0,10.59,0.0,0.0,10.59
2016-06-26,Kerala,Statewide,3.59,0.0,0.0,0.0,0.0,0.0,0.0,0,2016,6,178,1,67.13,381.04,8.638371674790012,0.0,1.2246467991473532e-16,-1.0,3.59,0.0,0.0,381.04
2016-06-27,Karnataka,Dakshina Kannada,4.9,0.0,0.0,0.0,0.0,0.0,0.0,1,2016,6,179,1,12.07,12.07,3.27761,0.0,1.2246467991473532e-16,-1.0,4.9,0.0,0.0,12.07
2016-06-29,Lakshadweep,Statewide,1642.9,0.0,0.0,0.0,0.0,0.0,0.0,0,2016,6,181,1,11500.300000000001,49287.0,1642.8999999999992,0.0,1.2246467991473532e-16,-1.0,1642.9,0.0,0.0,49287.0
2016-06-29,Unknown,Statewide,3.72,0.0,0.0,0.0,0.0,0.0,0.0,1,2016,6,181,1,21.54,70.97,2.1867347750030217,0.0,1.2246467991473532e-16,-1.0,3.72,0.0,0.0,70.97
2016-06-30,Madhya Pradesh,Bhopal,2.3899999999999997,0.0,0.0,0.0,0.0,0.0,0.0,1,2016,6,182,1,2.3899999999999997,2.3899999999999997,2.3899999999999997,0.0,1.2246467991473532e-16,-1.0,2.3899999999999997,0.0,0.0,2.3899999999999997
2016-07-03,Himachal Pradesh,Statewide,17.41,0.0,0.0,0.0,0.0,0.0,0.0,0,2016,7,185,1,61.27,131.53,10.688141144185971,0.0,-0.4999999999999997,-0.8660254037844388,17.41,0.0,0.0,131.53
2016-07-04,Assam,Statewide,20.72,0.0,0.0,0.0,0.0,0.0,0.0,0,2016,7,186,1,93.2,366.74,16.9657991524081,0.0,-0.4999999999999997,-0.8660254037844388,20.72,0.0,0.0,366.74
2016-07-04,Telangana,Statewide,0.31,0.0,0.0,0.0,0.0,0.0,0.0,0,2016,7,186,1,91.43,212.81,7.54628222855877,0.0,-0.4999999999999997,-0.8660254037844388,0.31,0.0,0.0,212.81
2016-07-05,Jammu And Kashmir,Statewide,0.29,0.0,0.0,0.0,0.0,0.0,0.0,0,2016,7,187,1,1.45,1.45,0.24125970002330907,0.0,-0.4999999999999997,-0.8660254037844388,0.29,0.0,0.0,1.45
2016-07-05,Maharashtra,Statewide,19.67,0.0,0.0,0.0,0.0,0.0,0.0,0,2016,7,187,1,134.04,261.19,19.118763372155,0.0,-0.4999999999999997,-0.8660254037844388,19.67,0.0,0.0,261.19
2016-07-05,Telangana,Statewide,10.26,0.0,0.0,0.0,0.0,0.0,0.0,0,2016,7,187,1,81.82,219.18,8.360397559991139,0.0,-0.4999999999999997,-0.8660254037844388,10.26,0.0,0.0,219.18
2016-07-06,Jammu & Kashmir,Anantnag,7.83,0.0,0.0,0.0,0.0,0.0,0.0,1,2016,7,188,1,15.31,15.31,4.967,0.0,-0.4999999999999997,-0.8660254037844388,7.83,0.0,0.0,15.31
2016-07-06,Kerala,Idukki,14.315000000000001,0.0,0.0,0.0,0.0,0.0,0.0,1,2016,7,188,1,35.495000000000005,35.495000000000005,8.07513,0.0,-0.4999999999999997,-0.8660254037844388,14.315000000000001,0.0,0.0,35.495000000000005
2016-07-07,Assam,Guwahati,11.5,0.0,0.0,0.0,0.0,0.0,0.0,1,2016,7,189,1,11.5,11.5,11.5,0.0,-0.4999999999999997,-0.8660254037844388,11.5,0.0,0.0,11.5
2016-07-07,Madhya Pradesh,Bhind,10.15,0.0,0.0,0.0,0.0,0.0,0.0,1,2016,7,189,1,10.15,10.15,10.15,0.0,-0.4999999999999997,-0.8660254037844388,10.15,0.0,0.0,10.15
2016-07-07,Unknown,Statewide,7.83,0.0,0.0,0.0,0.0,0.0,0.0,1,2016,7,189,1,25.650000000000002,78.8,3.8797143425021146,0.0,-0.4999999999999997,-0.8660254037844388,7.83,0.0,0.0,78.8
2016-07-08,Delhi,Statewide,0.0,0.0,0.0,0.0,0.0,0.0,0.0,0,2016,7,190,1,41.32,83.04,2.962000421373702,0.0,-0.4999999999999997,-0.8660254037844388,0.0,0.0,0.0,83.04
2016-07-08,Karnataka,Statewide,2.16,0.0,0.0,0.0,0.0,0.0,0.0,0,2016,7,190,1,55.62000000000001,223.08,6.875222351415692,0.0,-0.4999999999999997,-0.8660254037844388,2.16,0.0,0.0,223.08
2016-07-09,Jharkhand,Statewide,4.62,0.0,0.0,0.0,0.0,0.0,0.0,0,2016,7,191,1,112.22000000000001,223.64000000000001,8.700732255905203,0.0,-0.4999999999999997,-0.8660254037844388,4.62,0.0,0.0,223.64000000000001
2016-07-09,Unknown,Bhopal,7.83,0.0,0.0,0.0,0.0,0.0,0.0,1,2016,7,191,1,13.75,13.75,6.493,0.0,-0.4999999999999997,-0.8660254037844388,7.83,0.0,0.0,13.75
2016-07-11,Himachal Pradesh,Statewide,7.47,0.0,0.0,0.0,0.0,0.0,0.0,0,2016,7,193,1,24.450000000000003,147.78,4.480448381261443,0.0,-0.4999999999999997,-0.8660254037844388,7.47,0.0,0.0,147.78
2016-07-13,Andhra Pradesh,Statewide,0.5,0.0,0.0,0.0,0.0,0.0,0.0,0,2016,7,195,1,9.369999999999965,130.11,1.0416440854419384,0.0,-0.4999999999999997,-0.8660254037844388,0.5,0.0,0.0,130.11
2016-07-13,Assam,Golaghat,11.5,0.0,0.0,0.0,0.0,0.0,0.0,1,2016,7,195,1,19.58,19.58,9.106,0.0,-0.4999999999999997,-0.8660254037844388,11.5,0.0,0.0,19.58
2016-07-14,Andhra Pradesh,East Godavari,3.55,0.0,0.0,0.0,0.0,0.0,0.0,1,2016,7,196,1,7.665,7.665,1.8062999999999998,0.0,-0.4999999999999997,-0.8660254037844388,3.55,0.0,0.0,7.665
2016-07-14,Assam,Kamrup (M),11.5,0.0,0.0,0.0,0.0,0.0,0.0,1,2016,7,196,1,11.5,11.5,11.5,0.0,-0.4999999999999997,-0.8660254037844388,11.5,0.0,0.0,11.5
2016-07-15,Karnataka,Bagalkot,7.965,0.0,0.0,0.0,0.0,0.0,0.0,1,2016,7,197,1,9.805,9.805,2.7759,0.0,-0.4999999999999997,-0.8660254037844388,7.965,0.0,0.0,9.805
2016-07-15,Rajasthan,Jaipur,4.625,0.0,0.0,0.0,0.0,0.0,0.0,1,2016,7,197,1,4.625,4.625,1.3875,0.0,-0.4999999999999997,-0.8660254037844388,4.625,0.0,0.0,4.625
2016-07-15,Unknown,Biha,7.83,0.0,0.0,0.0,0.0,0.0,0.0,1,2016,7,197,1,7.83,7.83,7.83,0.0,-0.4999999999999997,-0.8660254037844388,7.83,0.0,0.0,7.83
2016-07-15,Unknown,Statewide,7.83,0.0,0.0,0.0,0.0,0.0,0.0,1,2016,7,197,1,25.65,86.44999999999999,5.06480003975148,0.0,-0.4999999999999997,-0.8660254037844388,7.83,0.0,0.0,86.44999999999999
2016-07-16,Andaman And Nicobar Islands,Statewide,10.31,0.0,0.0,0.0,0.0,0.0,0.0,0,2016,7,198,1,77.05,332.51,11.002716370804627,0.0,-0.4999999999999997,-0.8660254037844388,10.31,0.0,0.0,332.51
2016-07-16,Uttarakhand,Dehradun,11.98,0.0,0.0,0.0,0.0,0.0,0.0,1,2016,7,198,1,12.99,12.99,4.301,0.0,-0.4999999999999997,-0.8660254037844388,11.98,0.0,0.0,12.99
2016-07-17,Gujarat,Statewide,4.32,0.0,0.0,0.0,0.0,0.0,0.0,0,2016,7,199,1,53.89999999999999,138.67,5.432910542935638,0.0,-0.4999999999999997,-0.8660254037844388,4.32,0.0,0.0,138.67
2016-07-17,Unknown,Jorhat,7.83,0.0,0.0,0.0,0.0,0.0,0.0,1,2016,7,199,1,7.83,7.83,7.83,0.0,-0.4999999999999997,-0.8660254037844388,7.83,0.0,0.0,7.83
2016-07-18,Andaman And Nicobar Islands,Statewide,10.03,0.0,0.0,0.0,0.0,0.0,0.0,0,2016,7,200,1,78.85000000000001,336.09,10.653631021694267,0.0,-0.4999999999999997,-0.8660254037844388,10.03,0.0,0.0,336.09
2016-07-18,Uttar Pradesh,West U.P.,6.385,0.0,0.0,0.0,0.0,0.0,0.0,1,2016,7,200,1,6.385,6.385,6.385,0.0,-0.4999999999999997,-0.8660254037844388,6.385,0.0,0.0,6.385
2016-07-19,Andhra Pradesh,Statewide,12.02,0.0,0.0,0.0,0.0,0.0,0.0,0,2016,7,201,1,24.04999999999996,136.59,5.544094565008158,0.0,-0.4999999999999997,-0.8660254037844388,12.02,0.0,0.0,136.59
2016-07-19,Assam,Statewide,10.43,0.0,0.0,0.0,0.0,0.0,0.0,0,2016,7,201,1,91.83,390.57,13.357714516713465,0.0,-0.4999999999999997,-0.8660254037844388,10.43,0.0,0.0,390.57
2016-07-20,West Bengal,Darjeeling,10.864999999999998,0.0,0.0,0.0,0.0,0.0,0.0,1,2016,7,202,1,10.864999999999998,10.864999999999998,3.2594999999999996,0.0,-0.4999999999999997,-0.8660254037844388,10.864999999999998,0.0,0.0,10.864999999999998
2016-07-21,Assam,Barpeta,11.5,0.0,0.0,0.0,0.0,0.0,0.0,1,2016,7,203,1,38.975,53.385000000000005,5.92054401055,0.0,-0.4999999999999997,-0.8660254037844388,11.5,0.0,0.0,53.385000000000005
2016-07-21,Uttarakhand,Dehradun,11.98,0.0,0.0,0.0,0.0,0.0,0.0,1,2016,7,203,1,24.97,24.97,6.604699999999999,0.0,-0.4999999999999997,-0.8660254037844388,11.98,0.0,0.0,24.97
2016-07-22,Karnataka,Gulbarga,7.965,0.0,0.0,0.0,0.0,0.0,0.0,1,2016,7,204,1,7.965,7.965,2.3895,0.0,-0.4999999999999997,-0.8660254037844388,7.965,0.0,0.0,7.965
2016-07-23,Haryana,Statewide,2.77,0.0,0.0,0.0,0.0,0.0,0.0,0,2016,7,205,1,33.82000000000001,136.67000000000002,3.0600312405215995,0.0,-0.4999999999999997,-0.8660254037844388,2.77,0.0,0.0,136.67000000000002
2016-07-23,Himachal Pradesh,Hamirpur,7.13,0.0,0.0,0.0,0.0,0.0,0.0,1,2016,7,205,1,14.26,14.26,5.6327,0.0,-0.4999999999999997,-0.8660254037844388,7.13,0.0,0.0,14.26
2016-07-24,Puducherry,Statewide,2.72,0.0,0.0,0.0,0.0,0.0,0.0,0,2016,7,206,1,15.490000000000034,54.54,2.0143716041111137,0.0,-0.4999999999999997,-0.8660254037844388,2.72,0.0,0.0,54.54
2016-07-24,Rajasthan,Statewide,3.02,0.0,0.0,0.0,0.0,0.0,0.0,0,2016,7,206,1,10.23,151.81,2.0392534833934595,0.0,-0.4999999999999997,-0.8660254037844388,3.02,0.0,0.0,151.81
2016-07-24,West Bengal,Alipurdusar,10.864999999999998,0.0,0.0,0.0,0.0,0.0,0.0,1,2016,7,206,1,10.864999999999998,10.864999999999998,10.864999999999998,0.0,-0.4999999999999997,-0.8660254037844388,10.864999999999998,0.0,0.0,10.864999999999998
2016-07-25,Bihar,Araria,7.455,0.0,0.0,0.0,0.0,0.0,0.0,1,2016,7,207,1,8.370000000000001,8.370000000000001,2.4286499999999998,0.0,-0.4999999999999997,-0.8660254037844388,7.455,0.0,0.0,8.370000000000001
2016-07-26,Tamil Nadu,Krishnagiri,1.48,0.0,0.0,0.0,0.0,0.0,0.0,1,2016,7,208,1,1.48,1.48,1.48,0.0,-0.4999999999999997,-0.8660254037844388,1.48,0.0,0.0,1.48
2016-07-27,Jammu & Kashmir,Jammu,7.83,0.0,0.0,0.0,0.0,0.0,0.0,1,2016,7,209,1,35.06,35.06,7.409138999999998,0.0,-0.4999999999999997,-0.8660254037844388,7.83,0.0,0.0,35.06
2016-07-28,Andhra Pradesh,Statewide,11.07,0.0,0.0,0.0,0.0,0.0,0.0,0,2016,7,210,1,51.29999999999996,129.91,8.808136311387175,0.0,-0.4999999999999997,-0.8660254037844388,11.07,0.0,0.0,129.91
2016-07-28,Maharashtra,Akola,10.58,0.0,0.0,0.0,0.0,0.0,0.0,1,2016,7,210,1,19.77,19.77,6.390499999999999,0.0,-0.4999999999999997,-0.8660254037844388,10.58,0.0,0.0,19.77
2016-07-28,Rajasthan,Ganganagar,4.625,0.0,0.0,0.0,0.0,0.0,0.0,1,2016,7,210,1,4.625,4.625,4.625,0.0,-0.4999999999999997,-0.8660254037844388,4.625,0.0,0.0,4.625
2016-07-28,Unknown,Lakhimpur,7.83,0.0,0.0,0.0,0.0,0.0,0.0,1,2016,7,210,1,19.380000000000003,19.380000000000003,5.816099999999999,0.0,-0.4999999999999997,-0.8660254037844388,7.83,0.0,0.0,19.380000000000003
2016-07-29,Andhra Pradesh,Statewide,9.98,0.0,0.0,0.0,0.0,0.0,0.0,0,2016,7,211,1,58.14999999999996,127.3,9.159695417971022,0.0,-0.4999999999999997,-0.8660254037844388,9.98,0.0,0.0,127.3
2016-07-29,Karnataka,Banglore,7.965,0.0,0.0,0.0,0.0,0.0,0.0,1,2016,7,211,1,7.965,7.965,7.965,0.0,-0.4999999999999997,-0.8660254037844388,7.965,0.0,0.0,7.965
2016-07-30,Ladakh,Statewide,0.68,0.0,0.0,0.0,0.0,0.0,0.0,0,2016,7,212,1,4.760000000000001,20.400000000000002,0.6799846732486045,0.0,-0.4999999999999997,-0.8660254037844388,0.68,0.0,0.0,20.400000000000002
2016-07-30,Maharashtra,Mumbai,10.58,0.0,0.0,0.0,0.0,0.0,0.0,1,2016,7,212,1,62.089999999999996,66.97,7.973935489999999,0.0,-0.4999999999999997,-0.8660254037844388,10.58,0.0,0.0,66.97
2016-07-30,Uttar Pradesh,West U.P.,6.385,0.0,0.0,0.0,0.0,0.0,0.0,1,2016,7,212,1,12.77,12.77,6.385,0.0,-0.4999999999999997,-0.8660254037844388,6.385,0.0,0.0,12.77
2016-07-31,Jharkhand,Statewide,9.75,0.0,0.0,0.0,0.0,0.0,0.0,0,2016,7,213,1,40.05,297.32,6.453284131921942,0.0,-0.4999999999999997,-0.8660254037844388,9.75,0.0,0.0,297.32
2016-07-31,Karnataka,Gulbarga,7.965,0.0,0.0,0.0,0.0,0.0,0.0,1,2016,7,213,1,15.93,15.93,4.06215,0.0,-0.4999999999999997,-0.8660254037844388,7.965,0.0,0.0,15.93
2016-08-01,Unknown,Maharashtra (Nashik,5.92,0.0,0.0,0.0,0.0,0.0,0.0,1,2016,8,214,1,5.92,5.92,5.92,0.0,-0.8660254037844385,-0.5000000000000004,5.92,0.0,0.0,5.92
2016-08-04,Madhya Pradesh,Statewide,26.06,0.0,0.0,0.0,0.0,0.0,0.0,0,2016,8,217,1,105.35,496.63,19.226837181054336,0.0,-0.8660254037844385,-0.5000000000000004,26.06,0.0,0.0,496.63
2016-08-05,Uttarakhand,Chamoli,9.44,0.0,0.0,0.0,0.0,0.0,0.0,1,2016,8,218,1,9.45,9.45,2.839,0.0,-0.8660254037844385,-0.5000000000000004,9.44,0.0,0.0,9.45
2016-08-07,Madhya Pradesh,Bhopal,7.98,0.0,0.0,0.0,0.0,0.0,0.0,1,2016,8,220,1,10.370000000000001,10.370000000000001,4.067,0.0,-0.8660254037844385,-0.5000000000000004,7.98,0.0,0.0,10.370000000000001
2016-08-07,Maharashtra,Chandrapur,5.27,0.0,0.0,0.0,0.0,0.0,0.0,1,2016,8,220,1,10.54,10.54,5.27,0.0,-0.8660254037844385,-0.5000000000000004,5.27,0.0,0.0,10.54
2016-08-07,Maharashtra,Statewide,12.67,0.0,0.0,0.0,0.0,0.0,0.0,0,2016,8,220,1,141.16,471.81,17.395209634776734,0.0,-0.8660254037844385,-0.5000000000000004,12.67,0.0,0.0,471.81
2016-08-08,Jammu And Kashmir,Statewide,3.74,0.0,0.0,0.0,0.0,0.0,0.0,0,2016,8,221,1,26.18,36.300000000000004,3.541114101732333,0.0,-0.8660254037844385,-0.5000000000000004,3.74,0.0,0.0,36.300000000000004
2016-08-09,Telangana,Statewide,0.42,0.0,0.0,0.0,0.0,0.0,0.0,0,2016,8,222,1,39.160000000000004,228.32,3.1338544053979116,0.0,-0.8660254037844385,-0.5000000000000004,0.42,0.0,0.0,228.32
2016-08-11,Chandigarh,Statewide,3.9,0.0,0.0,0.0,0.0,0.0,0.0,0,2016,8,224,1,50.40000000000001,157.7,7.255051094712118,0.0,-0.8660254037844385,-0.5000000000000004,3.9,0.0,0.0,157.7
2016-08-12,Manipur,Statewide,1.89,0.0,0.0,0.0,0.0,0.0,0.0,0,2016,8,225,1,43.3,208.26,5.104599478081904,0.0,-0.8660254037844385,-0.5000000000000004,1.89,0.0,0.0,208.26
2016-08-12,Puducherry,Statewide,0.62,0.0,0.0,0.0,0.0,0.0,0.0,0,2016,8,225,1,6.110000000000036,52.38,0.9903048751292058,0.0,-0.8660254037844385,-0.5000000000000004,0.62,0.0,0.0,52.38
2016-08-12,Sikkim,Statewide,24.9,0.0,0.0,0.0,0.0,0.0,0.0,0,2016,8,225,1,99.74,581.09,16.179236260839396,0.0,-0.8660254037844385,-0.5000000000000004,24.9,0.0,0.0,581.09
2016-08-12,Uttarakhand,Statewide,15.05,0.0,0.0,0.0,0.0,0.0,0.0,0,2016,8,225,1,122.47,527.6700000000001,16.12627621683477,0.0,-0.8660254037844385,-0.5000000000000004,15.05,0.0,0.0,527.6700000000001
2016-08-13,Assam,Guwahati,8.08,0.0,0.0,0.0,0.0,0.0,0.0,1,2016,8,226,1,19.58,19.58,10.473999999999998,0.0,-0.8660254037844385,-0.5000000000000004,8.08,0.0,0.0,19.58
2016-08-13,Karnataka,Statewide,4.5,0.0,0.0,0.0,0.0,0.0,0.0,0,2016,8,226,1,23.140000000000008,182.59,3.587967987219776,0.0,-0.8660254037844385,-0.5000000000000004,4.5,0.0,0.0,182.59
2016-08-14,Bihar,Statewide,2.24,0.0,0.0,0.0,0.0,0.0,0.0,0,2016,8,227,1,48.290000000000106,298.12,5.9614239577495765,0.0,-0.8660254037844385,-0.5000000000000004,2.24,0.0,0.0,298.12
2016-08-14,Uttarakhand,Statewide,14.47,0.0,0.0,0.0,0.0,0.0,0.0,0,2016,8,227,1,102.48,502.64,13.714975346249037,0.0,-0.8660254037844385,-0.5000000000000004,14.47,0.0,0.0,502.64
2016-08-15,Sikkim,Statewide,4.74,0.0,0.0,0.0,0.0,0.0,0.0,0,2016,8,228,1,73.9,512.84,8.063478037467911,0.0,-0.8660254037844385,-0.5000000000000004,4.74,0.0,0.0,512.84
2016-08-16,Jharkhand,Chatra,6.53,0.0,0.0,0.0,0.0,0.0,0.0,1,2016,8,229,1,6.53,6.53,1.959,0.0,-0.8660254037844385,-0.5000000000000004,6.53,0.0,0.0,6.53
2016-08-16,Jharkhand,Statewide,16.56,0.0,0.0,0.0,0.0,0.0,0.0,0,2016,8,229,1,123.53999999999999,301.31,12.700302065961878,0.0,-0.8660254037844385,-0.5000000000000004,16.56,0.0,0.0,301.31
2016-08-16,Rajasthan,Baran,4.11,0.0,0.0,0.0,0.0,0.0,0.0,1,2016,8,229,1,4.11,4.11,4.11,0.0,-0.8660254037844385,-0.5000000000000004,4.11,0.0,0.0,4.11
2016-08-16,Uttar Pradesh,East U.P.,5.24,0.0,0.0,0.0,0.0,0.0,0.0,1,2016,8,229,1,5.24,5.24,5.24,0.0,-0.8660254037844385,-0.5000000000000004,5.24,0.0,0.0,5.24
2016-08-17,Bihar,Patna,5.92,0.0,0.0,0.0,0.0,0.0,0.0,1,2016,8,230,1,5.92,5.92,5.92,0.0,-0.8660254037844385,-0.5000000000000004,5.92,0.0,0.0,5.92
2016-08-17,Himachal Pradesh,Shimla,5.3,0.0,0.0,0.0,0.0,0.0,0.0,1,2016,8,230,1,13.73,13.73,3.5135999999999994,0.0,-0.8660254037844385,-0.5000000000000004,5.3,0.0,0.0,13.73
2016-08-17,Ladakh,Statewide,2.72,0.0,0.0,0.0,0.0,0.0,0.0,0,2016,8,230,1,19.040000000000003,55.080000000000005,2.7152543125563704,0.0,-0.8660254037844385,-0.5000000000000004,2.72,0.0,0.0,55.080000000000005
2016-08-17,West Bengal,Kolkata,8.83,0.0,0.0,0.0,0.0,0.0,0.0,1,2016,8,230,1,8.83,8.83,8.83,0.0,-0.8660254037844385,-0.5000000000000004,8.83,0.0,0.0,8.83
2016-08-18,Karnataka,Hassan,5.08,0.0,0.0,0.0,0.0,0.0,0.0,1,2016,8,231,1,5.08,5.08,5.08,0.0,-0.8660254037844385,-0.5000000000000004,5.08,0.0,0.0,5.08
2016-08-19,Chhattisgarh,Surguja,8.23,0.0,0.0,0.0,0.0,0.0,0.0,1,2016,8,232,1,8.23,8.23,8.23,0.0,-0.8660254037844385,-0.5000000000000004,8.23,0.0,0.0,8.23
2016-08-19,Madhya Pradesh,Raisen,7.98,0.0,0.0,0.0,0.0,0.0,0.0,1,2016,8,232,1,7.98,7.98,7.98,0.0,-0.8660254037844385,-0.5000000000000004,7.98,0.0,0.0,7.98
2016-08-21,Madhya Pradesh,Statewide,24.01,0.0,0.0,0.0,0.0,0.0,0.0,0,2016,8,234,1,144.59,442.26,24.46779843572113,0.0,-0.8660254037844385,-0.5000000000000004,24.01,0.0,0.0,442.26
2016-08-22,Jharkhand,Garhwa,6.53,0.0,0.0,0.0,0.0,0.0,0.0,1,2016,8,235,1,6.53,6.53,6.53,0.0,-0.8660254037844385,-0.5000000000000004,6.53,0.0,0.0,6.53
2016-08-22,Rajasthan,Sawai Madhopur,4.11,0.0,0.0,0.0,0.0,0.0,0.0,1,2016,8,235,1,4.11,4.11,4.11,0.0,-0.8660254037844385,-0.5000000000000004,4.11,0.0,0.0,4.11
2016-08-23,Bihar,Bihar,5.92,0.0,0.0,0.0,0.0,0.0,0.0,1,2016,8,236,1,13.375,13.375,6.9944999999999995,0.0,-0.8660254037844385,-0.5000000000000004,5.92,0.0,0.0,13.375
2016-08-23,Nagaland,Statewide,6.08,0.0,0.0,0.0,0.0,0.0,0.0,0,2016,8,236,1,10.649999999999958,225.17,3.143219570349001,0.0,-0.8660254037844385,-0.5000000000000004,6.08,0.0,0.0,225.17
2016-08-23,West Bengal,Hooghly,8.83,0.0,0.0,0.0,0.0,0.0,0.0,1,2016,8,236,1,8.83,8.83,8.83,0.0,-0.8660254037844385,-0.5000000000000004,8.83,0.0,0.0,8.83
2016-08-24,Jammu & Kashmir,Jammu,5.92,0.0,0.0,0.0,0.0,0.0,0.0,1,2016,8,237,1,40.980000000000004,40.980000000000004,6.962397299999998,0.0,-0.8660254037844385,-0.5000000000000004,5.92,0.0,0.0,40.980000000000004
2016-08-24,Tripura,Statewide,0.0,0.0,0.0,0.0,0.0,0.0,0.0,0,2016,8,237,1,70.16999999999996,328.43000000000006,8.327154357998735,0.0,-0.8660254037844385,-0.5000000000000004,0.0,0.0,0.0,328.43000000000006
2016-08-25,Himachal Pradesh,Bilaspur,5.3,0.0,0.0,0.0,0.0,0.0,0.0,1,2016,8,238,1,12.32,12.32,2.8898999999999995,0.0,-0.8660254037844385,-0.5000000000000004,5.3,0.0,0.0,12.32
2016-08-26,Chhattisgarh,Mahasamund,8.23,0.0,0.0,0.0,0.0,0.0,0.0,1,2016,8,239,1,8.23,8.23,8.23,0.0,-0.8660254037844385,-0.5000000000000004,8.23,0.0,0.0,8.23
2016-08-28,Bihar,Bhagalpur,5.92,0.0,0.0,0.0,0.0,0.0,0.0,1,2016,8,241,1,11.84,11.84,5.92,0.0,-0.8660254037844385,-0.5000000000000004,5.92,0.0,0.0,11.84
2016-08-30,Bihar,Patna,5.92,0.0,0.0,0.0,0.0,0.0,0.0,1,2016,8,243,1,11.84,11.84,5.92,0.0,-0.8660254037844385,-0.5000000000000004,5.92,0.0,0.0,11.84
2016-08-31,Telangana,Hyderabad,4.13,0.0,0.0,0.0,0.0,0.0,0.0,1,2016,8,244,1,4.13,4.13,4.13,0.0,-0.8660254037844385,-0.5000000000000004,4.13,0.0,0.0,4.13
2016-09-02,Himachal Pradesh,Statewide,9.38,0.0,0.0,0.0,0.0,0.0,0.0,0,2016,9,246,1,49.11000000000001,252.93,6.165299716072871,0.0,-1.0,-1.8369701987210297e-16,9.38,0.0,0.0,252.93
2016-09-04,Andaman And Nicobar Islands,Statewide,11.62,0.0,0.0,0.0,0.0,0.0,0.0,0,2016,9,248,1,75.5,333.29,11.121552693701275,0.0,-1.0,-1.8369701987210297e-16,11.62,0.0,0.0,333.29
2016-09-05,Andaman And Nicobar Islands,Statewide,11.36,0.0,0.0,0.0,0.0,0.0,0.0,0,2016,9,249,1,76.17,332.05,11.193086885590892,0.0,-1.0,-1.8369701987210297e-16,11.36,0.0,0.0,332.05
2016-09-06,Andhra Pradesh,Statewide,0.02,0.0,0.0,0.0,0.0,0.0,0.0,0,2016,9,250,1,33.569999999999965,95.07,3.6381615856691387,0.0,-1.0,-1.8369701987210297e-16,0.02,0.0,0.0,95.07
2016-09-06,Odisha,Statewide,12.17,0.0,0.0,0.0,0.0,0.0,0.0,0,2016,9,250,1,106.30999999999999,270.69,17.170087477930092,0.0,-1.0,-1.8369701987210297e-16,12.17,0.0,0.0,270.69
2016-09-08,Rajasthan,Barmer,0.98,0.0,0.0,0.0,0.0,0.0,0.0,1,2016,9,252,1,0.98,0.98,0.98,0.0,-1.0,-1.8369701987210297e-16,0.98,0.0,0.0,0.98
2016-09-09,Jharkhand,Chatra,4.525,0.0,0.0,0.0,0.0,0.0,0.0,1,2016,9,253,1,11.055,11.055,2.7288,0.0,-1.0,-1.8369701987210297e-16,4.525,0.0,0.0,11.055
2016-09-09,The Dadra And Nagar Haveli And Daman And Diu,Statewide,23.07,0.0,0.0,0.0,0.0,0.0,0.0,0,2016,9,253,1,71.36999999999989,220.76,16.521692259302487,0.0,-1.0,-1.8369701987210297e-16,23.07,0.0,0.0,220.76
2016-09-10,Chandigarh,Statewide,1.3,0.0,0.0,0.0,0.0,0.0,0.0,0,2016,9,254,1,1.9000000000000141,68.29999999999997,0.5277653573767946,0.0,-1.0,-1.8369701987210297e-16,1.3,0.0,0.0,68.29999999999997
2016-09-10,Jharkhand,Chatra,4.525,0.0,0.0,0.0,0.0,0.0,0.0,1,2016,9,254,1,15.580000000000002,15.580000000000002,3.2676600000000002,0.0,-1.0,-1.8369701987210297e-16,4.525,0.0,0.0,15.580000000000002
2016-09-11,Arunachal Pradesh,Statewide,13.94,0.0,0.0,0.0,0.0,0.0,0.0,0,2016,9,255,1,151.77,453.36,22.610567787044268,0.0,-1.0,-1.8369701987210297e-16,13.94,0.0,0.0,453.36
2016-09-12,Karnataka,Statewide,1.5,0.0,0.0,0.0,0.0,0.0,0.0,0,2016,9,256,1,6.630000000000007,68.49000000000001,1.2570023281808473,0.0,-1.0,-1.8369701987210297e-16,1.5,0.0,0.0,68.49000000000001
2016-09-12,The Dadra And Nagar Haveli And Daman And Diu,Statewide,2.36,0.0,0.0,0.0,0.0,0.0,0.0,0,2016,9,256,1,84.27999999999989,200.0,8.912580444940753,0.0,-1.0,-1.8369701987210297e-16,2.36,0.0,0.0,200.0
2016-09-13,Assam,Cachar And Dhemaji,6.33,0.0,0.0,0.0,0.0,0.0,0.0,1,2016,9,257,1,6.33,6.33,6.33,0.0,-1.0,-1.8369701987210297e-16,6.33,0.0,0.0,6.33
2016-09-15,Andhra Pradesh,Visakhapatnam,3.825,0.0,0.0,0.0,0.0,0.0,0.0,1,2016,9,259,1,3.825,3.825,3.825,0.0,-1.0,-1.8369701987210297e-16,3.825,0.0,0.0,3.825
2016-09-15,Karnataka,Bidar,4.41,0.0,0.0,0.0,0.0,0.0,0.0,1,2016,9,259,1,9.49,9.49,4.879,0.0,-1.0,-1.8369701987210297e-16,4.41,0.0,0.0,9.49
2016-09-18,Kerala,Kozhikode,6.12,0.0,0.0,0.0,0.0,0.0,0.0,1,2016,9,262,1,10.175,10.175,4.6745,0.0,-1.0,-1.8369701987210297e-16,6.12,0.0,0.0,10.175
2016-09-18,Mizoram,Aizwal,6.59,0.0,0.0,0.0,0.0,0.0,0.0,1,2016,9,262,1,10.93,10.93,2.8884,0.0,-1.0,-1.8369701987210297e-16,6.59,0.0,0.0,10.93
2016-09-18,Uttar Pradesh,Statewide,2.75,0.0,0.0,0.0,0.0,0.0,0.0,0,2016,9,262,1,32.65999999999999,104.84,3.6374905129058472,0.0,-1.0,-1.8369701987210297e-16,2.75,0.0,0.0,104.84
2016-09-20,Meghalaya,Statewide,9.45,0.0,0.0,0.0,0.0,0.0,0.0,0,2016,9,264,1,50.25000000000007,328.71999999999997,8.910704665104165,0.0,-1.0,-1.8369701987210297e-16,9.45,0.0,0.0,328.71999999999997
2016-09-21,Gujarat,Statewide,2.24,0.0,0.0,0.0,0.0,0.0,0.0,0,2016,9,265,1,50.160000000000004,152.64,6.589003215695495,0.0,-1.0,-1.8369701987210297e-16,2.24,0.0,0.0,152.64
2016-09-21,Unknown,Andhra Pradesh Province,3.74,0.0,0.0,0.0,0.0,0.0,0.0,1,2016,9,265,1,4.49,4.49,1.647,0.0,-1.0,-1.8369701987210297e-16,3.74,0.0,0.0,4.49
2016-09-21,Unknown,Statewide,3.74,0.0,0.0,0.0,0.0,0.0,0.0,1,2016,9,265,1,23.47,90.01,4.667360027826036,0.0,-1.0,-1.8369701987210297e-16,3.74,0.0,0.0,90.01
2016-09-22,Karnataka,Bidar,4.41,0.0,0.0,0.0,0.0,0.0,0.0,1,2016,9,266,1,13.9,13.9,4.738299999999999,0.0,-1.0,-1.8369701987210297e-16,4.41,0.0,0.0,13.9
2016-09-24,Madhya Pradesh,Statewide,3.62,0.0,0.0,0.0,0.0,0.0,0.0,0,2016,9,268,1,35.649999999999984,121.33999999999999,4.34952182843905,0.0,-1.0,-1.8369701987210297e-16,3.62,0.0,0.0,121.33999999999999
2016-09-24,Maharashtra,Maharashtra,4.88,0.0,0.0,0.0,0.0,0.0,0.0,1,2016,9,268,1,9.475,9.475,4.680499999999999,0.0,-1.0,-1.8369701987210297e-16,4.88,0.0,0.0,9.475
2016-09-25,Chhattisgarh,Statewide,11.81,0.0,0.0,0.0,0.0,0.0,0.0,0,2016,9,269,1,53.820000000000014,269.25,7.493714825125117,0.0,-1.0,-1.8369701987210297e-16,11.81,0.0,0.0,269.25
2016-09-25,Gujarat,Statewide,3.12,0.0,0.0,0.0,0.0,0.0,0.0,0,2016,9,269,1,38.57,115.33,3.616193672088488,0.0,-1.0,-1.8369701987210297e-16,3.12,0.0,0.0,115.33
2016-09-26,Tripura,Statewide,7.4,0.0,0.0,0.0,0.0,0.0,0.0,0,2016,9,270,1,49.709999999999965,333.52000000000004,7.391327147474396,0.0,-1.0,-1.8369701987210297e-16,7.4,0.0,0.0,333.52000000000004
2016-09-27,Jharkhand,Statewide,10.73,0.0,0.0,0.0,0.0,0.0,0.0,0,2016,9,271,1,73.18,267.94000000000005,11.358675022437081,0.0,-1.0,-1.8369701987210297e-16,10.73,0.0,0.0,267.94000000000005
2016-09-28,Delhi,Statewide,0.0,0.0,0.0,0.0,0.0,0.0,0.0,0,2016,9,272,1,0.4700000000000142,71.18000000000002,0.021019732471752418,0.0,-1.0,-1.8369701987210297e-16,0.0,0.0,0.0,71.18000000000002
2016-10-01,Himachal Pradesh,Statewide,0.0,0.0,0.0,0.0,0.0,0.0,0.0,0,2016,10,275,0,2.530000000000007,45.26,0.34606602192951963,0.0,-0.8660254037844386,0.5000000000000001,0.0,0.0,0.0,45.26
2016-10-01,Sikkim,Statewide,7.91,0.0,0.0,0.0,0.0,0.0,0.0,0,2016,10,275,0,99.69,548.0899999999999,11.96796617791617,0.0,-0.8660254037844386,0.5000000000000001,7.91,0.0,0.0,548.0899999999999
2016-10-02,Chandigarh,Statewide,0.0,0.0,0.0,0.0,0.0,0.0,0.0,0,2016,10,276,0,3.500000000000014,53.99999999999997,0.5164372743677988,0.0,-0.8660254037844386,0.5000000000000001,0.0,0.0,0.0,53.99999999999997
2016-10-02,Meghalaya,Statewide,0.0,0.0,0.0,0.0,0.0,0.0,0.0,0,2016,10,276,0,27.29000000000007,268.63,3.2023056841551667,0.0,-0.8660254037844386,0.5000000000000001,0.0,0.0,0.0,268.63
2016-10-05,Chandigarh,Statewide,0.0,0.0,0.0,0.0,0.0,0.0,0.0,0,2016,10,279,0,0.10000000000001422,53.49999999999997,0.19183798510815495,0.0,-0.8660254037844386,0.5000000000000001,0.0,0.0,0.0,53.49999999999997
2016-10-05,Himachal Pradesh,Shimla,0.0,0.0,0.0,0.0,0.0,0.0,0.0,1,2016,10,279,0,13.73,13.73,2.4595199999999995,0.0,-0.8660254037844386,0.5000000000000001,0.0,0.0,0.0,13.73
2016-10-06,Kerala,Idukki,5.73,0.0,0.0,0.0,0.0,0.0,0.0,1,2016,10,280,0,41.225,41.225,7.371591,0.0,-0.8660254037844386,0.5000000000000001,5.73,0.0,0.0,41.225
2016-10-07,Himachal Pradesh,Chamba,0.0,0.0,0.0,0.0,0.0,0.0,0.0,1,2016,10,281,0,7.069999999999999,7.069999999999999,0.58282665,0.0,-0.8660254037844386,0.5000000000000001,0.0,0.0,0.0,7.069999999999999
2016-10-07,Kerala,Idukki,5.73,0.0,0.0,0.0,0.0,0.0,0.0,1,2016,10,281,0,46.955,46.955,6.8791136999999996,0.0,-0.8660254037844386,0.5000000000000001,5.73,0.0,0.0,46.955
2016-10-07,Odisha,Statewide,20.33,0.0,0.0,0.0,0.0,0.0,0.0,0,2016,10,281,0,56.17999999999999,220.70999999999998,10.244047298504562,0.0,-0.8660254037844386,0.5000000000000001,20.33,0.0,0.0,220.70999999999998
2016-10-08,Himachal Pradesh,Bilaspur,0.0,0.0,0.0,0.0,0.0,0.0,0.0,1,2016,10,282,0,12.32,12.32,2.0229299999999997,0.0,-0.8660254037844386,0.5000000000000001,0.0,0.0,0.0,12.32
2016-10-09,Sikkim,Statewide,6.06,0.0,0.0,0.0,0.0,0.0,0.0,0,2016,10,283,0,50.77999999999999,472.87,9.482802975204171,0.0,-0.8660254037844386,0.5000000000000001,6.06,0.0,0.0,472.87
2016-10-10,Manipur,Statewide,6.27,0.0,0.0,0.0,0.0,0.0,0.0,0,2016,10,284,0,37.71,187.04,8.305204019848563,0.0,-0.8660254037844386,0.5000000000000001,6.27,0.0,0.0,187.04
2016-10-11,West Bengal,Statewide,15.43,0.0,0.0,0.0,0.0,0.0,0.0,0,2016,10,285,0,52.02000000000002,216.67999999999998,9.20293207877287,0.0,-0.8660254037844386,0.5000000000000001,15.43,0.0,0.0,216.67999999999998
2016-10-14,Puducherry,Statewide,0.33,0.0,0.0,0.0,0.0,0.0,0.0,0,2016,10,288,0,17.360000000000035,104.02999999999999,3.0107340683817507,0.0,-0.8660254037844386,0.5000000000000001,0.33,0.0,0.0,104.02999999999999
2016-10-15,Punjab,Statewide,0.0,0.0,0.0,0.0,0.0,0.0,0.0,0,2016,10,289,0,0.0,9.770000000000001,0.018354162582095032,0.0,-0.8660254037844386,0.5000000000000001,0.0,0.0,0.0,9.770000000000001
2016-10-17,Andaman And Nicobar Islands,Statewide,8.67,0.0,0.0,0.0,0.0,0.0,0.0,0,2016,10,291,0,73.76,383.25,10.55536229500078,0.0,-0.8660254037844386,0.5000000000000001,8.67,0.0,0.0,383.25
2016-10-17,Punjab,Statewide,0.0,0.0,0.0,0.0,0.0,0.0,0.0,0,2016,10,291,0,0.0,9.770000000000001,0.008993539665226565,0.0,-0.8660254037844386,0.5000000000000001,0.0,0.0,0.0,9.770000000000001
2016-10-23,Lakshadweep,Statewide,1642.9,0.0,0.0,0.0,0.0,0.0,0.0,0,2016,10,297,0,11500.300000000001,49287.0,1642.8999999999992,0.0,-0.8660254037844386,0.5000000000000001,1642.9,0.0,0.0,49287.0
2016-10-24,Jharkhand,Statewide,0.0,0.0,0.0,0.0,0.0,0.0,0.0,0,2016,10,298,0,0.0,110.77,0.07365367313122273,0.0,-0.8660254037844386,0.5000000000000001,0.0,0.0,0.0,110.77
2016-10-25,Rajasthan,Statewide,0.0,0.0,0.0,0.0,0.0,0.0,0.0,0,2016,10,299,0,0.0,24.769999999999996,0.007019390287058748,0.0,-0.8660254037844386,0.5000000000000001,0.0,0.0,0.0,24.769999999999996
2016-10-27,Jammu And Kashmir,Statewide,0.0,0.0,0.0,0.0,0.0,0.0,0.0,0,2016,10,301,0,0.0,18.9,0.000413984091159605,0.0,-0.8660254037844386,0.5000000000000001,0.0,0.0,0.0,18.9
2016-10-28,Madhya Pradesh,Statewide,0.0,0.0,0.0,0.0,0.0,0.0,0.0,0,2016,10,302,0,0.0,46.94,0.005479746244089367,0.0,-0.8660254037844386,0.5000000000000001,0.0,0.0,0.0,46.94
2016-10-31,Ladakh,Statewide,0.0,0.0,0.0,0.0,0.0,0.0,0.0,0,2016,10,305,0,0.0,0.0,2.0511304626813524e-05,0.0,-0.8660254037844386,0.5000000000000001,0.0,0.0,0.0,0.0
2016-11-01,Rajasthan,Statewide,0.0,0.0,0.0,0.0,0.0,0.0,0.0,0,2016,11,306,0,0.0,22.189999999999998,0.000578076973517522,0.0,-0.5000000000000004,0.8660254037844384,0.0,0.0,0.0,22.189999999999998
2016-11-04,Tamil Nadu,Statewide,1.67,0.0,0.0,0.0,0.0,0.0,0.0,0,2016,11,309,0,32.65,77.65,4.302842289683011,0.0,-0.5000000000000004,0.8660254037844384,1.67,0.0,0.0,77.65
2016-11-05,Haryana,Statewide,0.0,0.0,0.0,0.0,0.0,0.0,0.0,0,2016,11,310,0,0.0,0.16999999999999998,2.5167740936401363e-05,0.0,-0.5000000000000004,0.8660254037844384,0.0,0.0,0.0,0.16999999999999998
2016-11-06,Tamil Nadu,Kanyakumari,3.74,0.0,0.0,0.0,0.0,0.0,0.0,1,2016,11,311,0,3.74,3.74,3.74,0.0,-0.5000000000000004,0.8660254037844384,3.74,0.0,0.0,3.74
2016-11-07,Karnataka,Belgaum,0.265,0.0,0.0,0.0,0.0,0.0,0.0,1,2016,11,312,0,2.105,2.105,0.46590000000000004,0.0,-0.5000000000000004,0.8660254037844384,0.265,0.0,0.0,2.105
2016-11-07,Maharashtra,Kolhapur & Konkan Region,0.0,0.0,0.0,0.0,0.0,0.0,0.0,1,2016,11,312,0,0.0,0.0,0.0,0.0,-0.5000000000000004,0.8660254037844384,0.0,0.0,0.0,0.0
2016-11-07,Nagaland,Statewide,26.23,0.0,0.0,0.0,0.0,0.0,0.0,0,2016,11,312,0,41.59999999999996,115.79,11.014169228028383,0.0,-0.5000000000000004,0.8660254037844384,26.23,0.0,0.0,115.79
2016-11-07,Rajasthan,Baran,0.0,0.0,0.0,0.0,0.0,0.0,0.0,1,2016,11,312,0,4.11,4.11,2.8770000000000002,0.0,-0.5000000000000004,0.8660254037844384,0.0,0.0,0.0,4.11
2016-11-08,Karnataka,Statewide,0.0,0.0,0.0,0.0,0.0,0.0,0.0,0,2016,11,313,0,1.6200000000000108,22.180000000000014,0.11266290362871453,0.0,-0.5000000000000004,0.8660254037844384,0.0,0.0,0.0,22.180000000000014
2016-11-08,Telangana,Statewide,0.0,0.0,0.0,0.0,0.0,0.0,0.0,0,2016,11,313,0,0.08,10.18,0.05434576339050948,0.0,-0.5000000000000004,0.8660254037844384,0.0,0.0,0.0,10.18
2016-11-09,Arunachal Pradesh,Upper Subansiri,0.0,0.0,0.0,0.0,0.0,0.0,0.0,1,2016,11,314,0,0.0,0.0,0.0,0.0,-0.5000000000000004,0.8660254037844384,0.0,0.0,0.0,0.0
2016-11-09,Chhattisgarh,Jagdalpur,0.0,0.0,0.0,0.0,0.0,0.0,0.0,1,2016,11,314,0,0.0,0.0,0.0,0.0,-0.5000000000000004,0.8660254037844384,0.0,0.0,0.0,0.0
2016-11-09,Uttar Pradesh,Statewide,0.0,0.0,0.0,0.0,0.0,0.0,0.0,0,2016,11,314,0,0.0,0.060000000000000005,5.982794420053359e-05,0.0,-0.5000000000000004,0.8660254037844384,0.0,0.0,0.0,0.060000000000000005
2016-11-12,Arunachal Pradesh,Statewide,0.01,0.0,0.0,0.0,0.0,0.0,0.0,0,2016,11,317,0,9.990000000000014,14.81,0.5779889229094511,0.0,-0.5000000000000004,0.8660254037844384,0.01,0.0,0.0,14.81
2016-11-13,Rajasthan,Statewide,0.0,0.0,0.0,0.0,0.0,0.0,0.0,0,2016,11,318,0,0.009999999999999112,0.02,0.0012840642294147406,0.0,-0.5000000000000004,0.8660254037844384,0.0,0.0,0.0,0.02
2016-11-14,Rajasthan,Statewide,0.0,0.0,0.0,0.0,0.0,0.0,0.0,0,2016,11,319,0,0.009999999999999112,0.02,0.0008988449605903183,0.0,-0.5000000000000004,0.8660254037844384,0.0,0.0,0.0,0.02
2016-11-14,Tamil Nadu,Statewide,2.87,0.0,0.0,0.0,0.0,0.0,0.0,0,2016,11,319,0,6.59,58.339999999999996,1.4730719031565938,0.0,-0.5000000000000004,0.8660254037844384,2.87,0.0,0.0,58.339999999999996
2016-11-15,Chandigarh,Statewide,0.0,0.0,0.0,0.0,0.0,0.0,0.0,0,2016,11,320,0,0.0,0.0,1.2369849777779857e-07,0.0,-0.5000000000000004,0.8660254037844384,0.0,0.0,0.0,0.0
2016-11-16,Telangana,Statewide,0.46,0.0,0.0,0.0,0.0,0.0,0.0,0,2016,11,321,0,0.46,3.96,0.14113292511139375,0.0,-0.5000000000000004,0.8660254037844384,0.46,0.0,0.0,3.96
2016-11-18,Gujarat,Statewide,0.0,0.0,0.0,0.0,0.0,0.0,0.0,0,2016,11,323,0,0.0,0.0,3.6935436194368558e-06,0.0,-0.5000000000000004,0.8660254037844384,0.0,0.0,0.0,0.0
2016-11-18,Nagaland,Statewide,0.0,0.0,0.0,0.0,0.0,0.0,0.0,0,2016,11,323,0,0.009999999999953815,61.339999999999996,0.3043464712991817,0.0,-0.5000000000000004,0.8660254037844384,0.0,0.0,0.0,61.339999999999996
2016-11-19,Madhya Pradesh,Statewide,0.0,0.0,0.0,0.0,0.0,0.0,0.0,0,2016,11,324,0,0.0,0.0,2.142482720603415e-06,0.0,-0.5000000000000004,0.8660254037844384,0.0,0.0,0.0,0.0
2016-11-21,Chhattisgarh,Statewide,0.0,0.0,0.0,0.0,0.0,0.0,0.0,0,2016,11,326,0,0.0,2.86,0.00040611602628832713,0.0,-0.5000000000000004,0.8660254037844384,0.0,0.0,0.0,2.86
2016-11-21,Lakshadweep,Statewide,1642.9,0.0,0.0,0.0,0.0,0.0,0.0,0,2016,11,326,0,11500.300000000001,49287.0,1642.8999999999992,0.0,-0.5000000000000004,0.8660254037844384,1642.9,0.0,0.0,49287.0
2016-11-22,Gujarat,Statewide,0.0,0.0,0.0,0.0,0.0,0.0,0.0,0,2016,11,327,0,0.0,0.0,8.868198230267887e-07,0.0,-0.5000000000000004,0.8660254037844384,0.0,0.0,0.0,0.0
2016-11-25,Madhya Pradesh,Statewide,0.0,0.0,0.0,0.0,0.0,0.0,0.0,0,2016,11,330,0,0.0,0.0,2.520609495962711e-07,0.0,-0.5000000000000004,0.8660254037844384,0.0,0.0,0.0,0.0
2016-11-26,Andhra Pradesh,Statewide,0.0,0.0,0.0,0.0,0.0,0.0,0.0,0,2016,11,331,0,0.0,16.48,0.030274189235190912,0.0,-0.5000000000000004,0.8660254037844384,0.0,0.0,0.0,16.48
2016-11-26,Bihar,Statewide,0.0,0.0,0.0,0.0,0.0,0.0,0.0,0,2016,11,331,0,0.0,0.0,8.827738808464844e-07,0.0,-0.5000000000000004,0.8660254037844384,0.0,0.0,0.0,0.0
2016-12-02,Delhi,Statewide,0.0,0.0,0.0,0.0,0.0,0.0,0.0,0,2016,12,337,0,0.0,0.0,3.6315590887582932e-09,0.0,-2.4492935982947064e-16,1.0,0.0,0.0,0.0,0.0
2016-12-02,Himachal Pradesh,Statewide,0.0,0.0,0.0,0.0,0.0,0.0,0.0,0,2016,12,337,0,0.0,0.0,2.6727836678141024e-09,0.0,-2.4492935982947064e-16,1.0,0.0,0.0,0.0,0.0
2016-12-03,Uttar Pradesh,Meerut,0.0,0.0,0.0,0.0,0.0,0.0,0.0,1,2016,12,338,0,0.0,0.0,0.0,0.0,-2.4492935982947064e-16,1.0,0.0,0.0,0.0,0.0
2016-12-04,Karnataka,Statewide,1.04,0.0,0.0,0.0,0.0,0.0,0.0,0,2016,12,339,0,3.820000000000011,7.800000000000014,0.855890700668186,0.0,-2.4492935982947064e-16,1.0,1.04,0.0,0.0,7.800000000000014
2016-12-05,Jammu & Kashmir,Ramban,0.0,0.0,0.0,0.0,0.0,0.0,0.0,1,2016,12,340,0,0.0,0.0,0.0,0.0,-2.4492935982947064e-16,1.0,0.0,0.0,0.0,0.0
2016-12-06,Chhattisgarh,Raipur,0.0,0.0,0.0,0.0,0.0,0.0,0.0,1,2016,12,341,0,0.0,0.0,0.0,0.0,-2.4492935982947064e-16,1.0,0.0,0.0,0.0,0.0
2016-12-07,Maharashtra,Akola,0.0,0.0,0.0,0.0,0.0,0.0,0.0,1,2016,12,342,0,19.77,19.77,4.473349999999999,0.0,-2.4492935982947064e-16,1.0,0.0,0.0,0.0,19.77
2016-12-08,Bihar,Gaya,0.0,0.0,0.0,0.0,0.0,0.0,0.0,1,2016,12,343,0,0.0,0.0,0.0,0.0,-2.4492935982947064e-16,1.0,0.0,0.0,0.0,0.0
2016-12-08,Jharkhand,East Singhbhum,0.0,0.0,0.0,0.0,0.0,0.0,0.0,1,2016,12,343,0,0.0,0.0,0.0,0.0,-2.4492935982947064e-16,1.0,0.0,0.0,0.0,0.0
2016-12-08,Manipur,Statewide,0.0,0.0,0.0,0.0,0.0,0.0,0.0,0,2016,12,343,0,0.0,1.88,0.0002969856753297301,0.0,-2.4492935982947064e-16,1.0,0.0,0.0,0.0,1.88
2016-12-08,Puducherry,Statewide,0.82,0.0,0.0,0.0,0.0,0.0,0.0,0,2016,12,343,0,35.330000000000034,61.89,2.7988537347792564,0.0,-2.4492935982947064e-16,1.0,0.82,0.0,0.0,61.89
2016-12-08,Tripura,Statewide,0.0,0.0,0.0,0.0,0.0,0.0,0.0,0,2016,12,343,0,0.0,0.0,0.000514893302103563,0.0,-2.4492935982947064e-16,1.0,0.0,0.0,0.0,0.0
2016-12-09,Nagaland,Statewide,0.0,0.0,0.0,0.0,0.0,0.0,0.0,0,2016,12,344,0,0.0,0.04,0.0003479508696624994,0.0,-2.4492935982947064e-16,1.0,0.0,0.0,0.0,0.04
2016-12-10,Chhattisgarh,Statewide,0.0,0.0,0.0,0.0,0.0,0.0,0.0,0,2016,12,345,0,0.05000000000001066,0.09,0.0027534495274016742,0.0,-2.4492935982947064e-16,1.0,0.0,0.0,0.0,0.09
2016-12-10,Himachal Pradesh,Statewide,0.0,0.0,0.0,0.0,0.0,0.0,0.0,0,2016,12,345,0,0.0,0.0,1.5408065960998397e-10,0.0,-2.4492935982947064e-16,1.0,0.0,0.0,0.0,0.0
2016-12-12,Telangana,Statewide,0.0,0.0,0.0,0.0,0.0,0.0,0.0,0,2016,12,347,0,0.0,0.61,0.0024127871628665766,0.0,-2.4492935982947064e-16,1.0,0.0,0.0,0.0,0.61
2016-12-13,Karnataka,Hassan,0.0,0.0,0.0,0.0,0.0,0.0,0.0,1,2016,12,348,0,5.08,5.08,3.5559999999999996,0.0,-2.4492935982947064e-16,1.0,0.0,0.0,0.0,5.08
2016-12-13,Karnataka,Statewide,9.34,0.0,0.0,0.0,0.0,0.0,0.0,0,2016,12,348,0,9.35000000000001,17.700000000000014,2.8486319816697185,0.0,-2.4492935982947064e-16,1.0,9.34,0.0,0.0,17.700000000000014
2016-12-16,Andaman And Nicobar Islands,Statewide,6.94,0.0,0.0,0.0,0.0,0.0,0.0,0,2016,12,351,0,59.14,268.87,8.3727186773719,0.0,-2.4492935982947064e-16,1.0,6.94,0.0,0.0,268.87
2016-12-22,Maharashtra,Statewide,0.0,0.0,0.0,0.0,0.0,0.0,0.0,0,2016,12,357,0,0.0,0.52,0.011217057863105027,0.0,-2.4492935982947064e-16,1.0,0.0,0.0,0.0,0.52
2016-12-23,Sikkim,Statewide,0.0,0.0,0.0,0.0,0.0,0.0,0.0,0,2016,12,358,0,0.0,0.3,5.601483232421844e-05,0.0,-2.4492935982947064e-16,1.0,0.0,0.0,0.0,0.3
2016-12-24,Gujarat,Statewide,0.0,0.0,0.0,0.0,0.0,0.0,0.0,0,2016,12,359,0,0.0,0.0,9.794283546188795e-12,0.0,-2.4492935982947064e-16,1.0,0.0,0.0,0.0,0.0
2016-12-27,Ladakh,Statewide,0.01,0.0,0.0,0.0,0.0,0.0,0.0,0,2016,12,362,0,0.07,0.27,0.009999342876406742,0.0,-2.4492935982947064e-16,1.0,0.01,0.0,0.0,0.27
2016-12-30,Haryana,Statewide,0.0,0.0,0.0,0.0,0.0,0.0,0.0,0,2016,12,365,0,0.8400000000000001,0.8400000000000001,0.05899257000007605,0.0,-2.4492935982947064e-16,1.0,0.0,0.0,0.0,0.8400000000000001
2016-12-30,Karnataka,Statewide,0.0,0.0,0.0,0.0,0.0,0.0,0.0,0,2016,12,365,0,0.0,18.710000000000015,0.01238376551012491,0.0,-2.4492935982947064e-16,1.0,0.0,0.0,0.0,18.710000000000015
2016-12-30,Maharashtra,Statewide,0.0,0.0,0.0,0.0,0.0,0.0,0.0,0,2016,12,365,0,0.0,0.52,0.0006466410638628569,0.0,-2.4492935982947064e-16,1.0,0.0,0.0,0.0,0.52
2016-12-31,Andhra Pradesh,Statewide,0.0,0.0,0.0,0.0,0.0,0.0,0.0,0,2016,12,366,0,0.0,51.260000000000005,0.01918870088474263,0.0,-2.4492935982947064e-16,1.0,0.0,0.0,0.0,51.260000000000005
2016-12-31,Chandigarh,Statewide,0.0,0.0,0.0,0.0,0.0,0.0,0.0,0,2016,12,366,0,25.30000000000001,25.29999999999997,1.0684209900000088,0.0,-2.4492935982947064e-16,1.0,0.0,0.0,0.0,25.29999999999997
2017-01-01,Telangana,Statewide,0.0,0.0,0.0,0.0,0.0,0.0,0.0,0,2017,1,1,0,0.0,0.7000000000000001,0.00030739234547479035,0.0,0.49999999999999994,0.8660254037844387,0.0,0.0,0.0,0.7000000000000001
2017-01-05,Mizoram,Statewide,0.0,0.0,0.0,0.0,0.0,0.0,0.0,0,2017,1,5,0,0.10000000000002865,0.8400000000000002,0.029958511774100853,0.0,0.49999999999999994,0.8660254037844387,0.0,0.0,0.0,0.8400000000000002
2017-01-07,Delhi,Statewide,2.08,0.0,0.0,0.0,0.0,0.0,0.0,0,2017,1,7,0,2.0800000000000143,2.0800000000000143,0.6240000000000097,0.0,0.49999999999999994,0.8660254037844387,2.08,0.0,0.0,2.0800000000000143
2017-01-07,Meghalaya,Statewide,0.0,0.0,0.0,0.0,0.0,0.0,0.0,0,2017,1,7,0,2.150000000000078,9.81,0.36951375098954675,0.0,0.49999999999999994,0.8660254037844387,0.0,0.0,0.0,9.81
2017-01-09,Manipur,Statewide,0.0,0.0,0.0,0.0,0.0,0.0,0.0,0,2017,1,9,0,5.359999999999999,7.92,0.2843964292792495,0.0,0.49999999999999994,0.8660254037844387,0.0,0.0,0.0,7.92
2017-01-11,Punjab,Statewide,0.0,0.0,0.0,0.0,0.0,0.0,0.0,0,2017,1,11,0,14.309999999999999,15.909999999999998,1.14873018593561,0.0,0.49999999999999994,0.8660254037844387,0.0,0.0,0.0,15.909999999999998
2017-01-12,Lakshadweep,Statewide,1642.9,0.0,0.0,0.0,0.0,0.0,0.0,0,2017,1,12,0,11500.300000000001,49287.0,1642.8999999999992,0.0,0.49999999999999994,0.8660254037844387,1642.9,0.0,0.0,49287.0
2017-01-14,Maharashtra,Statewide,0.0,0.0,0.0,0.0,0.0,0.0,0.0,0,2017,1,14,0,0.05999999999999994,0.06000000000000005,0.0043248699682255426,0.0,0.49999999999999994,0.8660254037844387,0.0,0.0,0.0,0.06000000000000005
2017-01-15,Rajasthan,Statewide,0.05,0.0,0.0,0.0,0.0,0.0,0.0,0,2017,1,15,0,0.049999999999999115,0.05,0.01500000000022375,0.0,0.49999999999999994,0.8660254037844387,0.05,0.0,0.0,0.05
2017-01-17,Assam,Statewide,0.0,0.0,0.0,0.0,0.0,0.0,0.0,0,2017,1,17,0,0.27999999999999997,6.27,0.011755703475713367,0.0,0.49999999999999994,0.8660254037844387,0.0,0.0,0.0,6.27
2017-01-18,Tripura,Statewide,0.0,0.0,0.0,0.0,0.0,0.0,0.0,0,2017,1,18,0,0.0,2.3700000000000427,0.0011657086423753967,0.0,0.49999999999999994,0.8660254037844387,0.0,0.0,0.0,2.3700000000000427
2017-01-20,Odisha,Statewide,0.0,0.0,0.0,0.0,0.0,0.0,0.0,0,2017,1,20,0,0.0,1.7,0.0011983822364597823,0.0,0.49999999999999994,0.8660254037844387,0.0,0.0,0.0,1.7
2017-01-24,Bihar,Statewide,0.0,0.0,0.0,0.0,0.0,0.0,0.0,0,2017,1,24,0,0.0,0.18,0.00032911378927166367,0.0,0.49999999999999994,0.8660254037844387,0.0,0.0,0.0,0.18
2017-01-26,Andaman And Nicobar Islands,Statewide,4.05,0.0,0.0,0.0,0.0,0.0,0.0,0,2017,1,26,0,14.98,94.78,2.6833071272562075,0.0,0.49999999999999994,0.8660254037844387,4.05,0.0,0.0,94.78
2017-01-26,Andhra Pradesh,Statewide,0.0,0.0,0.0,0.0,0.0,0.0,0.0,0,2017,1,26,0,0.0,0.0,1.8013355226052513e-06,0.0,0.49999999999999994,0.8660254037844387,0.0,0.0,0.0,0.0
2017-01-27,Tripura,Statewide,0.0,0.0,0.0,0.0,0.0,0.0,0.0,0,2017,1,27,0,0.0,0.22000000000004263,4.7040548430920276e-05,0.0,0.49999999999999994,0.8660254037844387,0.0,0.0,0.0,0.22000000000004263
2017-01-29,Maharashtra,Statewide,0.0,0.0,0.0,0.0,0.0,0.0,0.0,0,2017,1,29,0,0.04999999999999995,0.11000000000000006,0.0073705325861966545,0.0,0.49999999999999994,0.8660254037844387,0.0,0.0,0.0,0.11000000000000006
2017-02-01,Andaman And Nicobar Islands,Statewide,2.99,0.0,0.0,0.0,0.0,0.0,0.0,0,2017,2,32,0,20.54,84.42,2.754875480214565,0.0,0.8660254037844386,0.5000000000000001,2.99,0.0,0.0,84.42
2017-02-01,Sikkim,Statewide,0.75,0.0,0.0,0.0,0.0,0.0,0.0,0,2017,2,32,0,4.589999999999993,12.23,0.5022382519097801,0.0,0.8660254037844386,0.5000000000000001,0.75,0.0,0.0,12.23
2017-02-02,Sikkim,Statewide,0.0,0.0,0.0,0.0,0.0,0.0,0.0,0,2017,2,33,0,4.589999999999993,11.07,0.3515667763368461,0.0,0.8660254037844386,0.5000000000000001,0.0,0.0,0.0,11.07
2017-02-05,Delhi,Statewide,0.0,0.0,0.0,0.0,0.0,0.0,0.0,0,2017,2,36,0,0.0,27.940000000000012,0.3075514477820599,0.0,0.8660254037844386,0.5000000000000001,0.0,0.0,0.0,27.940000000000012
2017-02-05,Haryana,Statewide,0.36,0.0,0.0,0.0,0.0,0.0,0.0,0,2017,2,36,0,0.36,44.41,0.45966183759467477,0.0,0.8660254037844386,0.5000000000000001,0.36,0.0,0.0,44.41
2017-02-06,Assam,Statewide,0.0,0.0,0.0,0.0,0.0,0.0,0.0,0,2017,2,37,0,0.6699999999999999,2.15,0.053849998218222485,0.0,0.8660254037844386,0.5000000000000001,0.0,0.0,0.0,2.15
2017-02-06,Unknown,Statewide,0.0,0.0,0.0,0.0,0.0,0.0,0.0,1,2017,2,37,0,23.3,89.83,3.267152019478225,0.0,0.8660254037844386,0.5000000000000001,0.0,0.0,0.0,89.83
2017-02-08,Haryana,Statewide,0.0,0.0,0.0,0.0,0.0,0.0,0.0,0,2017,2,39,0,0.55,32.29,0.18559401029497338,0.0,0.8660254037844386,0.5000000000000001,0.0,0.0,0.0,32.29
2017-02-09,Delhi,Statewide,0.0,0.0,0.0,0.0,0.0,0.0,0.0,0,2017,2,40,0,0.0,25.82000000000001,0.07384310261247255,0.0,0.8660254037844386,0.5000000000000001,0.0,0.0,0.0,25.82000000000001
2017-02-09,Maharashtra,Statewide,0.0,0.0,0.0,0.0,0.0,0.0,0.0,0,2017,2,40,0,0.0,0.05000000000000006,0.00014573951192839584,0.0,0.8660254037844386,0.5000000000000001,0.0,0.0,0.0,0.05000000000000006
2017-02-12,The Dadra And Nagar Haveli And Daman And Diu,Statewide,0.0,0.0,0.0,0.0,0.0,0.0,0.0,0,2017,2,43,0,0.0,0.0,1.7907589191371633e-19,0.0,0.8660254037844386,0.5000000000000001,0.0,0.0,0.0,0.0
2017-02-13,Rajasthan,Statewide,0.0,0.0,0.0,0.0,0.0,0.0,0.0,0,2017,2,44,0,0.049999999999999115,10.23,0.017473441080975934,0.0,0.8660254037844386,0.5000000000000001,0.0,0.0,0.0,10.23
2017-02-18,Punjab,Statewide,0.0,0.0,0.0,0.0,0.0,0.0,0.0,0,2017,2,49,0,0.0,41.3,0.016826810546513585,0.0,0.8660254037844386,0.5000000000000001,0.0,0.0,0.0,41.3
2017-02-19,Maharashtra,Statewide,0.0,0.0,0.0,0.0,0.0,0.0,0.0,0,2017,2,50,0,0.0,0.18000000000000005,0.003215934480492109,0.0,0.8660254037844386,0.5000000000000001,0.0,0.0,0.0,0.18000000000000005
2017-02-20,Rajasthan,Statewide,0.0,0.0,0.0,0.0,0.0,0.0,0.0,0,2017,2,51,0,0.0,10.17,0.0014390130088150156,0.0,0.8660254037844386,0.5000000000000001,0.0,0.0,0.0,10.17
2017-02-21,Karnataka,Statewide,0.0,0.0,0.0,0.0,0.0,0.0,0.0,0,2017,2,52,0,0.0,2.930000000000014,0.00016432944219873835,0.0,0.8660254037844386,0.5000000000000001,0.0,0.0,0.0,2.930000000000014
2017-02-22,Chandigarh,Statewide,0.0,0.0,0.0,0.0,0.0,0.0,0.0,0,2017,2,53,0,0.0,22.799999999999976,0.0021274446699251813,0.0,0.8660254037844386,0.5000000000000001,0.0,0.0,0.0,22.799999999999976
2017-02-23,Tripura,Statewide,7.23,0.0,0.0,0.0,0.0,0.0,0.0,0,2017,2,54,0,12.919999999999957,12.920000000000043,3.1660800030911456,0.0,0.8660254037844386,0.5000000000000001,7.23,0.0,0.0,12.920000000000043
2017-02-24,Delhi,Statewide,0.0,0.0,0.0,0.0,0.0,0.0,0.0,0,2017,2,55,0,0.0,25.82000000000001,0.00035057467173774576,0.0,0.8660254037844386,0.5000000000000001,0.0,0.0,0.0,25.82000000000001
2017-02-25,Tripura,Statewide,0.0,0.0,0.0,0.0,0.0,0.0,0.0,0,2017,2,56,0,19.809999999999956,19.81000000000004,2.9982792015146607,0.0,0.8660254037844386,0.5000000000000001,0.0,0.0,0.0,19.81000000000004
2017-02-26,Chandigarh,Statewide,0.0,0.0,0.0,0.0,0.0,0.0,0.0,0,2017,2,57,0,0.0,3.9999999999999716,0.000510799465249036,0.0,0.8660254037844386,0.5000000000000001,0.0,0.0,0.0,3.9999999999999716
2017-02-26,Jharkhand,Statewide,0.0,0.0,0.0,0.0,0.0,0.0,0.0,0,2017,2,57,0,0.0,0.44000000000000006,0.00036318781632936994,0.0,0.8660254037844386,0.5000000000000001,0.0,0.0,0.0,0.44000000000000006
2017-02-28,Karnataka,Statewide,0.0,0.0,0.0,0.0,0.0,0.0,0.0,0,2017,2,59,0,0.0,0.0,1.3533236181667552e-05,0.0,0.8660254037844386,0.5000000000000001,0.0,0.0,0.0,0.0
2017-03-03,Nagaland,Statewide,1.12,0.0,0.0,0.0,0.0,0.0,0.0,0,2017,3,62,0,1.429999999999954,35.53,0.7866360418071645,0.0,1.0,6.123233995736766e-17,1.12,0.0,0.0,35.53
2017-03-03,Puducherry,Statewide,0.0,0.0,0.0,0.0,0.0,0.0,0.0,0,2017,3,62,0,0.0,0.08,8.328280950568833e-05,0.0,1.0,6.123233995736766e-17,0.0,0.0,0.0,0.08
2017-03-05,Bihar,Statewide,1.3,0.0,0.0,0.0,0.0,0.0,0.0,0,2017,3,64,0,1.4800000000001066,1.6400000000000001,0.4271843307273303,0.0,1.0,6.123233995736766e-17,1.3,0.0,0.0,1.6400000000000001
2017-03-06,Jharkhand,Statewide,0.42,0.0,0.0,0.0,0.0,0.0,0.0,0,2017,3,65,0,2.1300000000000034,2.29,0.4752299370548676,0.0,1.0,6.123233995736766e-17,0.42,0.0,0.0,2.29
2017-03-07,Tripura,Statewide,0.0,0.0,0.0,0.0,0.0,0.0,0.0,0,2017,3,66,0,35.87999999999996,55.69000000000004,7.592403966401937,0.0,1.0,6.123233995736766e-17,0.0,0.0,0.0,55.69000000000004
2017-03-08,Madhya Pradesh,Statewide,0.16,0.0,0.0,0.0,0.0,0.0,0.0,0,2017,3,67,0,0.1599999999999858,4.3100000000000005,0.04823862358140004,0.0,1.0,6.123233995736766e-17,0.16,0.0,0.0,4.3100000000000005
2017-03-10,Uttarakhand,Statewide,2.49,0.0,0.0,0.0,0.0,0.0,0.0,0,2017,3,69,0,20.62,31.9,4.407758844060964,0.0,1.0,6.123233995736766e-17,2.49,0.0,0.0,31.9
2017-03-10,West Bengal,Statewide,5.65,0.0,0.0,0.0,0.0,0.0,0.0,0,2017,3,69,0,10.160000000000014,10.7,2.3683824675974994,0.0,1.0,6.123233995736766e-17,5.65,0.0,0.0,10.7
2017-03-11,Gujarat,Statewide,0.0,0.0,0.0,0.0,0.0,0.0,0.0,0,2017,3,70,0,0.0,0.0,3.247017362277121e-08,0.0,1.0,6.123233995736766e-17,0.0,0.0,0.0,0.0
2017-03-12,Bihar,Statewide,1.44,0.0,0.0,0.0,0.0,0.0,0.0,0,2017,3,71,0,12.640000000000105,14.28,2.7922794665280173,0.0,1.0,6.123233995736766e-17,1.44,0.0,0.0,14.28
2017-03-12,Puducherry,Statewide,0.08,0.0,0.0,0.0,0.0,0.0,0.0,0,2017,3,71,0,1.0400000000000356,31.9,0.8836643659017642,0.0,1.0,6.123233995736766e-17,0.08,0.0,0.0,31.9
2017-03-17,Kerala,Statewide,0.87,0.0,0.0,0.0,0.0,0.0,0.0,0,2017,3,76,0,20.3,49.01,3.218849250682341,0.0,1.0,6.123233995736766e-17,0.87,0.0,0.0,49.01
2017-03-19,West Bengal,Statewide,0.96,0.0,0.0,0.0,0.0,0.0,0.0,0,2017,3,78,0,1.8700000000000108,37.44,1.0660385644331196,0.0,1.0,6.123233995736766e-17,0.96,0.0,0.0,37.44
2017-03-20,Madhya Pradesh,Statewide,0.47,0.0,0.0,0.0,0.0,0.0,0.0,0,2017,3,79,0,1.5799999999999859,2.54,0.37730706078058107,0.0,1.0,6.123233995736766e-17,0.47,0.0,0.0,2.54
2017-03-21,Ladakh,Statewide,2.44,0.0,0.0,0.0,0.0,0.0,0.0,0,2017,3,80,0,17.08,57.81,2.4390448678170005,0.0,1.0,6.123233995736766e-17,2.44,0.0,0.0,57.81
2017-03-21,Uttarakhand,Statewide,0.0,0.0,0.0,0.0,0.0,0.0,0.0,0,2017,3,80,0,6.96,57.27,0.9294067720089647,0.0,1.0,6.123233995736766e-17,0.0,0.0,0.0,57.27
2017-03-22,Andaman And Nicobar Islands,Statewide,0.79,0.0,0.0,0.0,0.0,0.0,0.0,0,2017,3,81,0,7.3,39.55,0.9943219411489742,0.0,1.0,6.123233995736766e-17,0.79,0.0,0.0,39.55
2017-03-23,Andhra Pradesh,Statewide,0.0,0.0,0.0,0.0,0.0,0.0,0.0,0,2017,3,82,0,3.389999999999961,12.99,0.3661282210596446,0.0,1.0,6.123233995736766e-17,0.0,0.0,0.0,12.99
2017-03-23,Madhya Pradesh,Statewide,0.0,0.0,0.0,0.0,0.0,0.0,0.0,0,2017,3,82,0,1.5799999999999859,2.54,0.12941632184773927,0.0,1.0,6.123233995736766e-17,0.0,0.0,0.0,2.54
2017-03-24,Rajasthan,Statewide,0.0,0.0,0.0,0.0,0.0,0.0,0.0,0,2017,3,83,0,4.699999999999998,6.719999999999999,0.24215192069929803,0.0,1.0,6.123233995736766e-17,0.0,0.0,0.0,6.719999999999999
2017-04-02,Jharkhand,Statewide,0.0,0.0,0.0,0.0,0.0,0.0,0.0,0,2017,4,92,0,0.10000000000000356,13.42,0.03355296269467721,0.0,0.8660254037844387,-0.4999999999999998,0.0,0.0,0.0,13.42
2017-04-05,Kerala,Statewide,0.52,0.0,0.0,0.0,0.0,0.0,0.0,0,2017,4,95,0,4.329999999999998,50.46,0.5431645287897133,0.0,0.8660254037844387,-0.4999999999999998,0.52,0.0,0.0,50.46
2017-04-08,West Bengal,Statewide,2.68,0.0,0.0,0.0,0.0,0.0,0.0,0,2017,4,98,0,11.870000000000012,58.13,1.417697604433257,0.0,0.8660254037844387,-0.4999999999999998,2.68,0.0,0.0,58.13
2017-04-09,Odisha,Statewide,0.15,0.0,0.0,0.0,0.0,0.0,0.0,0,2017,4,99,0,2.499999999999993,21.66,0.21633564633900348,0.0,0.8660254037844387,-0.4999999999999998,0.15,0.0,0.0,21.66
2017-04-11,Uttar Pradesh,Statewide,0.0,0.0,0.0,0.0,0.0,0.0,0.0,0,2017,4,101,0,0.5799999999999929,0.7300000000000001,0.03622076184145805,0.0,0.8660254037844387,-0.4999999999999998,0.0,0.0,0.0,0.7300000000000001
2017-04-13,Uttarakhand,Statewide,0.0,0.0,0.0,0.0,0.0,0.0,0.0,0,2017,4,103,0,15.76,51.71,1.2405427590864295,0.0,0.8660254037844387,-0.4999999999999998,0.0,0.0,0.0,51.71
2017-04-14,Kerala,Statewide,2.69,0.0,0.0,0.0,0.0,0.0,0.0,0,2017,4,104,0,7.649999999999999,34.96,1.6249711913011202,0.0,0.8660254037844387,-0.4999999999999998,2.69,0.0,0.0,34.96
2017-04-14,Sikkim,Statewide,0.0,0.0,0.0,0.0,0.0,0.0,0.0,0,2017,4,104,0,12.749999999999993,254.82999999999998,1.9817778770611343,0.0,0.8660254037844387,-0.4999999999999998,0.0,0.0,0.0,254.82999999999998
2017-04-15,Chandigarh,Statewide,0.0,0.0,0.0,0.0,0.0,0.0,0.0,0,2017,4,105,0,0.0,6.299999999999971,0.07493958034635725,0.0,0.8660254037844387,-0.4999999999999998,0.0,0.0,0.0,6.299999999999971
2017-04-17,Rajasthan,Statewide,0.0,0.0,0.0,0.0,0.0,0.0,0.0,0,2017,4,107,0,0.0,5.019999999999999,0.0016937026727420394,0.0,0.8660254037844387,-0.4999999999999998,0.0,0.0,0.0,5.019999999999999
2017-04-19,Telangana,Statewide,0.0,0.0,0.0,0.0,0.0,0.0,0.0,0,2017,4,109,0,0.0699999999999989,2.29,0.020246623083763907,0.0,0.8660254037844387,-0.4999999999999998,0.0,0.0,0.0,2.29
2017-04-22,Delhi,Statewide,0.0,0.0,0.0,0.0,0.0,0.0,0.0,0,2017,4,112,0,0.0,10.040000000000012,0.007321822814242381,0.0,0.8660254037844387,-0.4999999999999998,0.0,0.0,0.0,10.040000000000012
2017-04-23,Madhya Pradesh,Statewide,0.0,0.0,0.0,0.0,0.0,0.0,0.0,0,2017,4,113,0,0.0,0.0,2.041870962107159e-06,0.0,0.8660254037844387,-0.4999999999999998,0.0,0.0,0.0,0.0
2017-04-28,The Dadra And Nagar Haveli And Daman And Diu,Statewide,0.0,0.0,0.0,0.0,0.0,0.0,0.0,0,2017,4,118,0,0.0,0.0,4.319068818269349e-31,0.0,0.8660254037844387,-0.4999999999999998,0.0,0.0,0.0,0.0
2017-04-29,Bihar,Statewide,0.01,0.0,0.0,0.0,0.0,0.0,0.0,0,2017,4,119,0,15.200000000000108,31.41,0.9201414871982854,0.0,0.8660254037844387,-0.4999999999999998,0.01,0.0,0.0,31.41
2017-04-30,Maharashtra,Statewide,0.25,0.0,0.0,0.0,0.0,0.0,0.0,0,2017,4,120,0,0.27,0.6600000000000001,0.07934182454983187,0.0,0.8660254037844387,-0.4999999999999998,0.25,0.0,0.0,0.6600000000000001
2017-05-02,Karnataka,Statewide,1.61,0.0,0.0,0.0,0.0,0.0,0.0,0,2017,5,122,0,10.360000000000012,22.830000000000016,1.5558686857898336,0.0,0.49999999999999994,-0.8660254037844387,1.61,0.0,0.0,22.830000000000016
2017-05-02,Kerala,Statewide,4.76,0.0,0.0,0.0,0.0,0.0,0.0,0,2017,5,122,0,14.699999999999998,40.64,2.702135876835831,0.0,0.49999999999999994,-0.8660254037844387,4.76,0.0,0.0,40.64
2017-05-02,West Bengal,Statewide,9.49,0.0,0.0,0.0,0.0,0.0,0.0,0,2017,5,122,0,23.56000000000001,71.73,5.609546541887843,0.0,0.49999999999999994,-0.8660254037844387,9.49,0.0,0.0,71.73
2017-05-04,Goa,Statewide,3.11,0.0,0.0,0.0,0.0,0.0,0.0,0,2017,5,124,0,3.8499999999999432,5.33,0.9868576307623242,0.0,0.49999999999999994,-0.8660254037844387,3.11,0.0,0.0,5.33
2017-05-05,Goa,Statewide,0.49,0.0,0.0,0.0,0.0,0.0,0.0,0,2017,5,125,0,4.329999999999943,5.82,0.8378003415336269,0.0,0.49999999999999994,-0.8660254037844387,0.49,0.0,0.0,5.82
2017-05-07,Chandigarh,Statewide,0.0,0.0,0.0,0.0,0.0,0.0,0.0,0,2017,5,127,0,0.0,5.199999999999972,0.04707688309893776,0.0,0.49999999999999994,-0.8660254037844387,0.0,0.0,0.0,5.199999999999972
2017-05-08,Haryana,Statewide,0.0,0.0,0.0,0.0,0.0,0.0,0.0,0,2017,5,128,0,0.08,2.28,0.0268427249272995,0.0,0.49999999999999994,-0.8660254037844387,0.0,0.0,0.0,2.28
2017-05-09,Jammu And Kashmir,Statewide,0.24,0.0,0.0,0.0,0.0,0.0,0.0,0,2017,5,129,0,1.68,149.79000000000002,0.513997671647063,0.0,0.49999999999999994,-0.8660254037844387,0.24,0.0,0.0,149.79000000000002
2017-05-09,Punjab,Statewide,0.0,0.0,0.0,0.0,0.0,0.0,0.0,0,2017,5,129,0,0.0,7.519999999999999,0.02093020555866021,0.0,0.49999999999999994,-0.8660254037844387,0.0,0.0,0.0,7.519999999999999
2017-05-10,Andaman And Nicobar Islands,Statewide,10.75,0.0,0.0,0.0,0.0,0.0,0.0,0,2017,5,130,0,66.73,164.28,9.2083497824484,0.0,0.49999999999999994,-0.8660254037844387,10.75,0.0,0.0,164.28
2017-05-12,Karnataka,Statewide,2.4,0.0,0.0,0.0,0.0,0.0,0.0,0,2017,5,132,0,19.370000000000008,38.110000000000014,2.385461933365978,0.0,0.49999999999999994,-0.8660254037844387,2.4,0.0,0.0,38.110000000000014
2017-05-13,Jammu And Kashmir,Statewide,0.24,0.0,0.0,0.0,0.0,0.0,0.0,0,2017,5,133,0,1.68,122.63,0.3057868409624598,0.0,0.49999999999999994,-0.8660254037844387,0.24,0.0,0.0,122.63
2017-05-16,Nagaland,Statewide,5.12,0.0,0.0,0.0,0.0,0.0,0.0,0,2017,5,136,0,40.27999999999995,153.72,5.181638748813893,0.0,0.49999999999999994,-0.8660254037844387,5.12,0.0,0.0,153.72
2017-05-16,West Bengal,Statewide,8.54,0.0,0.0,0.0,0.0,0.0,0.0,0,2017,5,136,0,33.37000000000001,104.7,5.301558370579913,0.0,0.49999999999999994,-0.8660254037844387,8.54,0.0,0.0,104.7
2017-05-18,Punjab,Statewide,0.1,0.0,0.0,0.0,0.0,0.0,0.0,0,2017,5,138,0,0.59,8.59,0.13866509639954339,0.0,0.49999999999999994,-0.8660254037844387,0.1,0.0,0.0,8.59
2017-05-19,Ladakh,Statewide,0.4,0.0,0.0,0.0,0.0,0.0,0.0,0,2017,5,139,0,2.8000000000000003,71.73,0.4061895129878716,0.0,0.49999999999999994,-0.8660254037844387,0.4,0.0,0.0,71.73
2017-05-21,Telangana,Statewide,0.03,0.0,0.0,0.0,0.0,0.0,0.0,0,2017,5,141,0,1.479999999999999,14.739999999999998,0.132976360061396,0.0,0.49999999999999994,-0.8660254037844387,0.03,0.0,0.0,14.739999999999998
2017-05-22,Puducherry,Statewide,0.06,0.0,0.0,0.0,0.0,0.0,0.0,0,2017,5,142,0,0.22000000000003508,5.2,0.07341713006075964,0.0,0.49999999999999994,-0.8660254037844387,0.06,0.0,0.0,5.2
2017-05-23,Chandigarh,Statewide,0.0,0.0,0.0,0.0,0.0,0.0,0.0,0,2017,5,143,0,1.4000000000000141,5.299999999999972,0.222844860278746,0.0,0.49999999999999994,-0.8660254037844387,0.0,0.0,0.0,5.299999999999972
2017-05-25,Uttarakhand,Statewide,0.03,0.0,0.0,0.0,0.0,0.0,0.0,0,2017,5,145,0,25.009999999999998,79.72,2.5163914133163785,0.0,0.49999999999999994,-0.8660254037844387,0.03,0.0,0.0,79.72
2017-05-27,Maharashtra,Statewide,0.28,0.0,0.0,0.0,0.0,0.0,0.0,0,2017,5,147,0,0.3700000000000002,7.750000000000001,0.11170388669979853,0.0,0.49999999999999994,-0.8660254037844387,0.28,0.0,0.0,7.750000000000001
2017-05-29,Jharkhand,Statewide,9.82,0.0,0.0,0.0,0.0,0.0,0.0,0,2017,5,149,0,32.39000000000001,66.77,5.421795597183985,0.0,0.49999999999999994,-0.8660254037844387,9.82,0.0,0.0,66.77
2017-05-30,Goa,Statewide,2.84,0.0,0.0,0.0,0.0,0.0,0.0,0,2017,5,150,0,3.709999999999943,43.55,1.044862936373677,0.0,0.49999999999999994,-0.8660254037844387,2.84,0.0,0.0,43.55
2017-06-01,Unknown,Gujarat,3.72,0.0,0.0,0.0,0.0,0.0,0.0,1,2017,6,152,1,24.95,24.95,5.116318,0.0,1.2246467991473532e-16,-1.0,3.72,0.0,0.0,24.95
2017-06-04,Unknown,Lakhimpur,3.72,0.0,0.0,0.0,0.0,0.0,0.0,1,2017,6,155,1,23.1,23.1,5.18727,0.0,1.2246467991473532e-16,-1.0,3.72,0.0,0.0,23.1
2017-06-05,Ladakh,Statewide,1.22,0.0,0.0,0.0,0.0,0.0,0.0,0,2017,6,156,1,6.8999999999999995,16.1,1.0821969986958768,0.0,1.2246467991473532e-16,-1.0,1.22,0.0,0.0,16.1
2017-06-05,Tamil Nadu,Statewide,0.11,0.0,0.0,0.0,0.0,0.0,0.0,0,2017,6,156,1,3.5300000000000002,32.15,0.40438706735307395,0.0,1.2246467991473532e-16,-1.0,0.11,0.0,0.0,32.15
2017-06-07,Rajasthan,Statewide,0.17,0.0,0.0,0.0,0.0,0.0,0.0,0,2017,6,158,1,4.56,24.25,0.31187977661454125,0.0,1.2246467991473532e-16,-1.0,0.17,0.0,0.0,24.25
2017-06-08,Telangana,Statewide,19.62,0.0,0.0,0.0,0.0,0.0,0.0,0,2017,6,159,1,43.989999999999995,63.370000000000005,9.425582315960469,0.0,1.2246467991473532e-16,-1.0,19.62,0.0,0.0,63.370000000000005
2017-06-09,Arunachal Pradesh,Statewide,3.94,0.0,0.0,0.0,0.0,0.0,0.0,0,2017,6,160,1,101.27000000000001,366.5,7.562343394816972,0.0,1.2246467991473532e-16,-1.0,3.94,0.0,0.0,366.5
2017-06-10,Bihar,Statewide,1.52,0.0,0.0,0.0,0.0,0.0,0.0,0,2017,6,161,1,32.900000000000105,100.97,4.864386589432456,0.0,1.2246467991473532e-16,-1.0,1.52,0.0,0.0,100.97
2017-06-13,Andaman And Nicobar Islands,Statewide,11.47,0.0,0.0,0.0,0.0,0.0,0.0,0,2017,6,164,1,89.25,420.23,12.161614140452933,0.0,1.2246467991473532e-16,-1.0,11.47,0.0,0.0,420.23
2017-06-14,Chandigarh,Statewide,0.0,0.0,0.0,0.0,0.0,0.0,0.0,0,2017,6,165,1,1.3000000000000143,36.89999999999997,0.8115746836174427,0.0,1.2246467991473532e-16,-1.0,0.0,0.0,0.0,36.89999999999997
2017-06-14,Telangana,Statewide,5.64,0.0,0.0,0.0,0.0,0.0,0.0,0,2017,6,165,1,64.37,100.14,7.924933853890433,0.0,1.2246467991473532e-16,-1.0,5.64,0.0,0.0,100.14
2017-06-15,Nagaland,Statewide,10.11,0.0,0.0,0.0,0.0,0.0,0.0,0,2017,6,166,1,65.85999999999996,242.17,8.483593577080779,0.0,1.2246467991473532e-16,-1.0,10.11,0.0,0.0,242.17
2017-06-17,Himachal Pradesh,Statewide,3.55,0.0,0.0,0.0,0.0,0.0,0.0,0,2017,6,168,1,9.070000000000007,88.14,1.8433186232977927,0.0,1.2246467991473532e-16,-1.0,3.55,0.0,0.0,88.14
2017-06-17,Jammu And Kashmir,Statewide,2.02,0.0,0.0,0.0,0.0,0.0,0.0,0,2017,6,168,1,14.14,37.46,2.015859426063878,0.0,1.2246467991473532e-16,-1.0,2.02,0.0,0.0,37.46
2017-06-18,Rajasthan,Statewide,1.95,0.0,0.0,0.0,0.0,0.0,0.0,0,2017,6,169,1,5.130000000000001,34.93,0.9991741244660078,0.0,1.2246467991473532e-16,-1.0,1.95,0.0,0.0,34.93
2017-06-18,Sikkim,Statewide,47.72,0.0,0.0,0.0,0.0,0.0,0.0,0,2017,6,169,1,161.89,370.90000000000003,22.16409869552005,0.0,1.2246467991473532e-16,-1.0,47.72,0.0,0.0,370.90000000000003
2017-06-19,Madhya Pradesh,Statewide,1.9,0.0,0.0,0.0,0.0,0.0,0.0,0,2017,6,170,1,10.669999999999986,49.64,1.7568314249500676,0.0,1.2246467991473532e-16,-1.0,1.9,0.0,0.0,49.64
2017-06-21,Madhya Pradesh,Statewide,5.62,0.0,0.0,0.0,0.0,0.0,0.0,0,2017,6,172,1,15.899999999999986,57.620000000000005,3.0508473982255326,0.0,1.2246467991473532e-16,-1.0,5.62,0.0,0.0,57.620000000000005
2017-06-21,West Bengal,Statewide,6.81,0.0,0.0,0.0,0.0,0.0,0.0,0,2017,6,172,1,121.05000000000001,238.39999999999998,20.982363479192554,0.0,1.2246467991473532e-16,-1.0,6.81,0.0,0.0,238.39999999999998
2017-06-22,Telangana,Statewide,0.64,0.0,0.0,0.0,0.0,0.0,0.0,0,2017,6,173,1,49.029999999999994,149.24,5.234799760658413,0.0,1.2246467991473532e-16,-1.0,0.64,0.0,0.0,149.24
2017-06-23,Chhattisgarh,Statewide,8.43,0.0,0.0,0.0,0.0,0.0,0.0,0,2017,6,174,1,46.90000000000001,109.75999999999999,8.703852988723682,0.0,1.2246467991473532e-16,-1.0,8.43,0.0,0.0,109.75999999999999
2017-06-23,Ladakh,Statewide,1.22,0.0,0.0,0.0,0.0,0.0,0.0,0,2017,6,174,1,8.54,30.86,1.2197755997188433,0.0,1.2246467991473532e-16,-1.0,1.22,0.0,0.0,30.86
2017-06-24,Arunachal Pradesh,Statewide,1.81,0.0,0.0,0.0,0.0,0.0,0.0,0,2017,6,175,1,113.62,435.56,10.424773389804704,0.0,1.2246467991473532e-16,-1.0,1.81,0.0,0.0,435.56
2017-06-25,Jharkhand,Statewide,7.03,0.0,0.0,0.0,0.0,0.0,0.0,0,2017,6,176,1,55.720000000000006,135.47,6.636280336472319,0.0,1.2246467991473532e-16,-1.0,7.03,0.0,0.0,135.47
2017-06-25,Unknown,Lakhimpur,3.72,0.0,0.0,0.0,0.0,0.0,0.0,1,2017,6,176,1,26.82,26.82,4.747089,0.0,1.2246467991473532e-16,-1.0,3.72,0.0,0.0,26.82
2017-06-27,Bihar,Statewide,0.41,0.0,0.0,0.0,0.0,0.0,0.0,0,2017,6,178,1,23.000000000000107,109.24,2.296035416570771,0.0,1.2246467991473532e-16,-1.0,0.41,0.0,0.0,109.24
2017-06-29,Andaman And Nicobar Islands,Statewide,11.19,0.0,0.0,0.0,0.0,0.0,0.0,0,2017,6,180,1,87.64999999999999,390.58,12.08064719179469,0.0,1.2246467991473532e-16,-1.0,11.19,0.0,0.0,390.58
2017-07-02,Tripura,Statewide,6.85,0.0,0.0,0.0,0.0,0.0,0.0,0,2017,7,183,1,67.19999999999995,528.46,8.52211718181901,0.0,-0.4999999999999997,-0.8660254037844388,6.85,0.0,0.0,528.46
2017-07-04,Mizoram,Statewide,31.45,0.0,0.0,0.0,0.0,0.0,0.0,0,2017,7,185,1,121.38000000000002,692.66,20.400838505106506,0.0,-0.4999999999999997,-0.8660254037844388,31.45,0.0,0.0,692.66
2017-07-04,Rajasthan,Statewide,3.05,0.0,0.0,0.0,0.0,0.0,0.0,0,2017,7,185,1,55.83,101.94,5.803836582851036,0.0,-0.4999999999999997,-0.8660254037844388,3.05,0.0,0.0,101.94
2017-07-07,Bihar,Statewide,10.92,0.0,0.0,0.0,0.0,0.0,0.0,0,2017,7,188,1,139.4100000000001,219.37,17.599886616863863,0.0,-0.4999999999999997,-0.8660254037844388,10.92,0.0,0.0,219.37
2017-07-07,Manipur,Statewide,25.74,0.0,0.0,0.0,0.0,0.0,0.0,0,2017,7,188,1,160.24,393.60999999999996,21.001862189566246,0.0,-0.4999999999999997,-0.8660254037844388,25.74,0.0,0.0,393.60999999999996
2017-07-09,Telangana,Statewide,1.54,0.0,0.0,0.0,0.0,0.0,0.0,0,2017,7,190,1,22.61,180.0,3.2642105859308597,0.0,-0.4999999999999997,-0.8660254037844388,1.54,0.0,0.0,180.0
2017-07-10,Arunachal Pradesh,Statewide,68.22,0.0,0.0,0.0,0.0,0.0,0.0,0,2017,7,191,1,224.42000000000002,674.8900000000001,44.08373939530175,0.0,-0.4999999999999997,-0.8660254037844388,68.22,0.0,0.0,674.8900000000001
2017-07-12,Gujarat,Statewide,3.11,0.0,0.0,0.0,0.0,0.0,0.0,0,2017,7,193,1,15.57,167.88,3.3921580271304874,0.0,-0.4999999999999997,-0.8660254037844388,3.11,0.0,0.0,167.88
2017-07-12,Meghalaya,Statewide,27.49,0.0,0.0,0.0,0.0,0.0,0.0,0,2017,7,193,1,188.7500000000001,978.57,29.297753337070063,0.0,-0.4999999999999997,-0.8660254037844388,27.49,0.0,0.0,978.57
2017-07-12,Uttar Pradesh,Statewide,14.91,0.0,0.0,0.0,0.0,0.0,0.0,0,2017,7,193,1,99.50999999999999,220.32999999999998,14.663331379457613,0.0,-0.4999999999999997,-0.8660254037844388,14.91,0.0,0.0,220.32999999999998
2017-07-14,Gujarat,Statewide,7.9,0.0,0.0,0.0,0.0,0.0,0.0,0,2017,7,195,1,27.009999999999998,175.76,4.842757433293938,0.0,-0.4999999999999997,-0.8660254037844388,7.9,0.0,0.0,175.76
2017-07-15,Unknown,Statewide,7.83,0.0,0.0,0.0,0.0,0.0,0.0,1,2017,7,196,1,31.130000000000003,93.94,4.636006413634757,0.0,-0.4999999999999997,-0.8660254037844388,7.83,0.0,0.0,93.94
2017-07-19,Bihar,Statewide,3.8,0.0,0.0,0.0,0.0,0.0,0.0,0,2017,7,200,1,19.050000000000107,293.98999999999995,4.036981199160948,0.0,-0.4999999999999997,-0.8660254037844388,3.8,0.0,0.0,293.98999999999995
2017-07-20,Jammu And Kashmir,Statewide,1.95,0.0,0.0,0.0,0.0,0.0,0.0,0,2017,7,201,1,13.65,59.2,1.9500558225756568,0.0,-0.4999999999999997,-0.8660254037844388,1.95,0.0,0.0,59.2
2017-07-20,Uttarakhand,Statewide,15.15,0.0,0.0,0.0,0.0,0.0,0.0,0,2017,7,201,1,78.63,448.65999999999997,12.240693541780761,0.0,-0.4999999999999997,-0.8660254037844388,15.15,0.0,0.0,448.65999999999997
2017-07-21,Andaman And Nicobar Islands,Statewide,13.2,0.0,0.0,0.0,0.0,0.0,0.0,0,2017,7,202,1,81.28,336.02,12.065985440441132,0.0,-0.4999999999999997,-0.8660254037844388,13.2,0.0,0.0,336.02
2017-07-22,Meghalaya,Statewide,11.8,0.0,0.0,0.0,0.0,0.0,0.0,0,2017,7,203,1,101.66000000000011,646.8599999999999,15.273387597180943,0.0,-0.4999999999999997,-0.8660254037844388,11.8,0.0,0.0,646.8599999999999
2017-07-23,Uttar Pradesh,Statewide,4.69,0.0,0.0,0.0,0.0,0.0,0.0,0,2017,7,204,1,33.38999999999999,237.84,5.595827665990925,0.0,-0.4999999999999997,-0.8660254037844388,4.69,0.0,0.0,237.84
2017-07-24,Goa,Statewide,19.3,0.0,0.0,0.0,0.0,0.0,0.0,0,2017,7,205,1,326.09999999999997,1017.8299999999999,31.349886861855264,0.0,-0.4999999999999997,-0.8660254037844388,19.3,0.0,0.0,1017.8299999999999
2017-07-24,Maharashtra,Statewide,10.36,0.0,0.0,0.0,0.0,0.0,0.0,0,2017,7,205,1,122.25,346.32,13.526912469709167,0.0,-0.4999999999999997,-0.8660254037844388,10.36,0.0,0.0,346.32
2017-07-27,Unknown,Statewide,7.83,0.0,0.0,0.0,0.0,0.0,0.0,1,2017,7,208,1,38.78,95.85,5.59420448954433,0.0,-0.4999999999999997,-0.8660254037844388,7.83,0.0,0.0,95.85
2017-07-28,Andhra Pradesh,Statewide,2.35,0.0,0.0,0.0,0.0,0.0,0.0,0,2017,7,209,1,5.069999999999961,100.03,1.413812045637409,0.0,-0.4999999999999997,-0.8660254037844388,2.35,0.0,0.0,100.03
2017-07-29,Goa,Statewide,27.54,0.0,0.0,0.0,0.0,0.0,0.0,0,2017,7,210,1,102.51999999999994,922.31,19.50404118487201,0.0,-0.4999999999999997,-0.8660254037844388,27.54,0.0,0.0,922.31
2017-07-29,Maharashtra,Statewide,8.82,0.0,0.0,0.0,0.0,0.0,0.0,0,2017,7,210,1,54.22,310.01,8.234442078784017,0.0,-0.4999999999999997,-0.8660254037844388,8.82,0.0,0.0,310.01
2017-08-01,Karnataka,Statewide,2.74,0.0,0.0,0.0,0.0,0.0,0.0,0,2017,8,213,1,16.59000000000001,116.96000000000001,2.8137005036650935,0.0,-0.8660254037844385,-0.5000000000000004,2.74,0.0,0.0,116.96000000000001
2017-08-01,The Dadra And Nagar Haveli And Daman And Diu,Statewide,15.68,0.0,0.0,0.0,0.0,0.0,0.0,0,2017,8,213,1,234.57999999999987,1074.24,28.46977145427421,0.0,-0.8660254037844385,-0.5000000000000004,15.68,0.0,0.0,1074.24
2017-08-08,Karnataka,Statewide,3.65,0.0,0.0,0.0,0.0,0.0,0.0,0,2017,8,220,1,23.36000000000001,120.28000000000002,3.319850705388985,0.0,-0.8660254037844385,-0.5000000000000004,3.65,0.0,0.0,120.28000000000002
2017-08-08,Meghalaya,Statewide,19.42,0.0,0.0,0.0,0.0,0.0,0.0,0,2017,8,220,1,97.58000000000011,482.58,16.478442171622184,0.0,-0.8660254037844385,-0.5000000000000004,19.42,0.0,0.0,482.58
2017-08-08,West Bengal,Statewide,12.85,0.0,0.0,0.0,0.0,0.0,0.0,0,2017,8,220,1,79.91000000000001,444.49,10.586122557309801,0.0,-0.8660254037844385,-0.5000000000000004,12.85,0.0,0.0,444.49
2017-08-11,Chhattisgarh,Statewide,4.59,0.0,0.0,0.0,0.0,0.0,0.0,0,2017,8,223,1,71.20000000000002,346.27,8.030632348813272,0.0,-0.8660254037844385,-0.5000000000000004,4.59,0.0,0.0,346.27
2017-08-11,Tamil Nadu,Statewide,1.55,0.0,0.0,0.0,0.0,0.0,0.0,0,2017,8,223,1,17.4,45.2,3.1197701939242277,0.0,-0.8660254037844385,-0.5000000000000004,1.55,0.0,0.0,45.2
2017-08-11,Unknown,Araria,5.92,0.0,0.0,0.0,0.0,0.0,0.0,1,2017,8,223,1,5.92,5.92,5.92,0.0,-0.8660254037844385,-0.5000000000000004,5.92,0.0,0.0,5.92
2017-08-12,Meghalaya,Statewide,113.5,0.0,0.0,0.0,0.0,0.0,0.0,0,2017,8,224,1,410.19000000000005,737.5,79.69456096540648,0.0,-0.8660254037844385,-0.5000000000000004,113.5,0.0,0.0,737.5
2017-08-14,Andhra Pradesh,Statewide,8.02,0.0,0.0,0.0,0.0,0.0,0.0,0,2017,8,226,1,48.51999999999995,130.28,6.547422826217552,0.0,-0.8660254037844385,-0.5000000000000004,8.02,0.0,0.0,130.28
2017-08-16,Unknown,Uttar Pradesh (Siddharthnagar,5.92,0.0,0.0,0.0,0.0,0.0,0.0,1,2017,8,228,1,5.92,5.92,5.92,0.0,-0.8660254037844385,-0.5000000000000004,5.92,0.0,0.0,5.92
2017-08-17,Assam,Statewide,4.8,0.0,0.0,0.0,0.0,0.0,0.0,0,2017,8,229,1,127.03,375.91999999999996,10.724393072544236,0.0,-0.8660254037844385,-0.5000000000000004,4.8,0.0,0.0,375.91999999999996
2017-08-19,West Bengal,Statewide,4.87,0.0,0.0,0.0,0.0,0.0,0.0,0,2017,8,231,1,101.69000000000001,553.45,11.557160107754038,0.0,-0.8660254037844385,-0.5000000000000004,4.87,0.0,0.0,553.45
2017-08-20,Mizoram,Statewide,16.34,0.0,0.0,0.0,0.0,0.0,0.0,0,2017,8,232,1,178.59,818.6,22.310685863493998,0.0,-0.8660254037844385,-0.5000000000000004,16.34,0.0,0.0,818.6
2017-08-21,Jharkhand,Statewide,2.62,0.0,0.0,0.0,0.0,0.0,0.0,0,2017,8,233,1,59.64,451.44000000000005,6.67794261818897,0.0,-0.8660254037844385,-0.5000000000000004,2.62,0.0,0.0,451.44000000000005
2017-08-24,Tamil Nadu,Statewide,3.1,0.0,0.0,0.0,0.0,0.0,0.0,0,2017,8,236,1,14.17,86.75999999999999,2.0607042852375437,0.0,-0.8660254037844385,-0.5000000000000004,3.1,0.0,0.0,86.75999999999999
2017-08-26,Uttarakhand,Statewide,4.02,0.0,0.0,0.0,0.0,0.0,0.0,0,2017,8,238,1,85.67999999999999,412.02000000000004,9.531148903393266,0.0,-0.8660254037844385,-0.5000000000000004,4.02,0.0,0.0,412.02000000000004
2017-08-27,Kerala,Statewide,13.19,0.0,0.0,0.0,0.0,0.0,0.0,0,2017,8,239,1,56.49,210.01999999999998,7.423372066189026,0.0,-0.8660254037844385,-0.5000000000000004,13.19,0.0,0.0,210.01999999999998
2017-08-27,Uttar Pradesh,Statewide,6.94,0.0,0.0,0.0,0.0,0.0,0.0,0,2017,8,239,1,37.72999999999999,178.46,6.348385711168859,0.0,-0.8660254037844385,-0.5000000000000004,6.94,0.0,0.0,178.46
2017-08-29,Delhi,Statewide,1.14,0.0,0.0,0.0,0.0,0.0,0.0,0,2017,8,241,1,24.280000000000022,81.92,2.4187087535120275,0.0,-0.8660254037844385,-0.5000000000000004,1.14,0.0,0.0,81.92
2017-08-29,Himachal Pradesh,Statewide,7.01,0.0,0.0,0.0,0.0,0.0,0.0,0,2017,8,241,1,35.480000000000004,239.39000000000001,4.745863349990154,0.0,-0.8660254037844385,-0.5000000000000004,7.01,0.0,0.0,239.39000000000001
2017-08-29,Unknown,Mumbai (Dadar,5.92,0.0,0.0,0.0,0.0,0.0,0.0,1,2017,8,241,1,5.92,5.92,5.92,0.0,-0.8660254037844385,-0.5000000000000004,5.92,0.0,0.0,5.92
2017-09-02,Lakshadweep,Statewide,1642.9,0.0,0.0,0.0,0.0,0.0,0.0,0,2017,9,245,1,11500.300000000001,49287.0,1642.8999999999992,0.0,-1.0,-1.8369701987210297e-16,1642.9,0.0,0.0,49287.0
2017-09-02,Punjab,Statewide,22.26,0.0,0.0,0.0,0.0,0.0,0.0,0,2017,9,245,1,48.2,143.35,11.531409379717694,0.0,-1.0,-1.8369701987210297e-16,22.26,0.0,0.0,143.35
2017-09-02,Uttar Pradesh,Statewide,12.53,0.0,0.0,0.0,0.0,0.0,0.0,0,2017,9,245,1,54.06999999999999,193.57,9.397587000533303,0.0,-1.0,-1.8369701987210297e-16,12.53,0.0,0.0,193.57
2017-09-03,Andhra Pradesh,Statewide,4.37,0.0,0.0,0.0,0.0,0.0,0.0,0,2017,9,246,1,43.99999999999996,203.15,5.003806866646361,0.0,-1.0,-1.8369701987210297e-16,4.37,0.0,0.0,203.15
2017-09-03,Punjab,Statewide,3.16,0.0,0.0,0.0,0.0,0.0,0.0,0,2017,9,246,1,51.36,138.89,9.019986565802386,0.0,-1.0,-1.8369701987210297e-16,3.16,0.0,0.0,138.89
2017-09-05,West Bengal,Statewide,5.79,0.0,0.0,0.0,0.0,0.0,0.0,0,2017,9,248,1,71.92000000000002,392.21000000000004,9.283324137983973,0.0,-1.0,-1.8369701987210297e-16,5.79,0.0,0.0,392.21000000000004
2017-09-06,Jammu And Kashmir,Statewide,11.12,0.0,0.0,0.0,0.0,0.0,0.0,0,2017,9,249,1,72.25999999999999,199.67999999999998,10.463511916202432,0.0,-1.0,-1.8369701987210297e-16,11.12,0.0,0.0,199.67999999999998
2017-09-07,Lakshadweep,Statewide,1642.9,0.0,0.0,0.0,0.0,0.0,0.0,0,2017,9,250,1,11500.300000000001,49287.0,1642.8999999999992,0.0,-1.0,-1.8369701987210297e-16,1642.9,0.0,0.0,49287.0
2017-09-10,Ladakh,Statewide,1.31,0.0,0.0,0.0,0.0,0.0,0.0,0,2017,9,253,1,9.17,80.3,1.3679087229278233,0.0,-1.0,-1.8369701987210297e-16,1.31,0.0,0.0,80.3
2017-09-12,Mizoram,Statewide,10.96,0.0,0.0,0.0,0.0,0.0,0.0,0,2017,9,255,1,139.38000000000002,837.01,24.069815029428327,0.0,-1.0,-1.8369701987210297e-16,10.96,0.0,0.0,837.01
2017-09-13,Delhi,Statewide,0.0,0.0,0.0,0.0,0.0,0.0,0.0,0,2017,9,256,1,12.840000000000021,93.98,0.6824355207202476,0.0,-1.0,-1.8369701987210297e-16,0.0,0.0,0.0,93.98
2017-09-13,Sikkim,Statewide,3.97,0.0,0.0,0.0,0.0,0.0,0.0,0,2017,9,256,1,30.899999999999984,316.47,5.324775146910125,0.0,-1.0,-1.8369701987210297e-16,3.97,0.0,0.0,316.47
2017-09-15,Uttarakhand,Statewide,0.16,0.0,0.0,0.0,0.0,0.0,0.0,0,2017,9,258,1,5.42,264.29,0.8705567494872446,0.0,-1.0,-1.8369701987210297e-16,0.16,0.0,0.0,264.29
2017-09-16,Puducherry,Statewide,0.04,0.0,0.0,0.0,0.0,0.0,0.0,0,2017,9,259,1,5.900000000000042,59.39,0.8806552154043552,0.0,-1.0,-1.8369701987210297e-16,0.04,0.0,0.0,59.39
2017-09-17,Andaman And Nicobar Islands,Statewide,11.76,0.0,0.0,0.0,0.0,0.0,0.0,0,2017,9,260,1,79.32,336.48,12.001281246877658,0.0,-1.0,-1.8369701987210297e-16,11.76,0.0,0.0,336.48
2017-09-21,Goa,Statewide,29.33,0.0,0.0,0.0,0.0,0.0,0.0,0,2017,9,264,1,209.17999999999995,454.14,32.66238183747065,0.0,-1.0,-1.8369701987210297e-16,29.33,0.0,0.0,454.14
2017-09-25,Andaman And Nicobar Islands,Statewide,16.18,0.0,0.0,0.0,0.0,0.0,0.0,0,2017,9,268,1,96.51,359.9,13.516995564432811,0.0,-1.0,-1.8369701987210297e-16,16.18,0.0,0.0,359.9
2017-09-26,Ladakh,Statewide,1.31,0.0,0.0,0.0,0.0,0.0,0.0,0,2017,9,269,1,9.17,47.5,1.3101924476568434,0.0,-1.0,-1.8369701987210297e-16,1.31,0.0,0.0,47.5
2017-10-01,Tamil Nadu,Statewide,2.3,0.0,0.0,0.0,0.0,0.0,0.0,0,2017,10,274,0,26.48,76.64,2.3720263443581944,0.0,-0.8660254037844386,0.5000000000000001,2.3,0.0,0.0,76.64
2017-10-01,Uttar Pradesh,Statewide,0.06,0.0,0.0,0.0,0.0,0.0,0.0,0,2017,10,274,0,1.4399999999999928,97.03,1.1765703555658078,0.0,-0.8660254037844386,0.5000000000000001,0.06,0.0,0.0,97.03
2017-10-02,Punjab,Statewide,0.0,0.0,0.0,0.0,0.0,0.0,0.0,0,2017,10,275,0,0.060000000000000005,27.4,0.18582989708881267,0.0,-0.8660254037844386,0.5000000000000001,0.0,0.0,0.0,27.4
2017-10-03,Maharashtra,Statewide,2.42,0.0,0.0,0.0,0.0,0.0,0.0,0,2017,10,276,0,18.449999999999992,194.34,2.679730117692797,0.0,-0.8660254037844386,0.5000000000000001,2.42,0.0,0.0,194.34
2017-10-04,Delhi,Statewide,0.0,0.0,0.0,0.0,0.0,0.0,0.0,0,2017,10,277,0,0.0,78.71000000000001,0.39322656220312663,0.0,-0.8660254037844386,0.5000000000000001,0.0,0.0,0.0,78.71000000000001
2017-10-05,Odisha,Statewide,4.86,0.0,0.0,0.0,0.0,0.0,0.0,0,2017,10,278,0,50.46999999999999,191.15,6.228410840468724,0.0,-0.8660254037844386,0.5000000000000001,4.86,0.0,0.0,191.15
2017-10-06,Kerala,Statewide,6.31,0.0,0.0,0.0,0.0,0.0,0.0,0,2017,10,279,0,21.789999999999992,210.29,3.76600916735212,0.0,-0.8660254037844386,0.5000000000000001,6.31,0.0,0.0,210.29
2017-10-07,Chandigarh,Statewide,0.0,0.0,0.0,0.0,0.0,0.0,0.0,0,2017,10,280,0,0.0,95.29999999999997,0.2143018282914224,0.0,-0.8660254037844386,0.5000000000000001,0.0,0.0,0.0,95.29999999999997
2017-10-08,Kerala,Statewide,3.54,0.0,0.0,0.0,0.0,0.0,0.0,0,2017,10,281,0,24.389999999999993,209.52,3.822944492002539,0.0,-0.8660254037844386,0.5000000000000001,3.54,0.0,0.0,209.52
2017-10-08,Unknown,Statewide,0.17,0.0,0.0,0.0,0.0,0.0,0.0,1,2017,10,281,0,35.230000000000004,92.28,3.9669431426810307,0.0,-0.8660254037844386,0.5000000000000001,0.17,0.0,0.0,92.28
2017-10-11,Bihar,Statewide,21.11,0.0,0.0,0.0,0.0,0.0,0.0,0,2017,10,284,0,25.7200000000001,127.57999999999998,7.306478819886004,0.0,-0.8660254037844386,0.5000000000000001,21.11,0.0,0.0,127.57999999999998
2017-10-11,Gujarat,Statewide,1.53,0.0,0.0,0.0,0.0,0.0,0.0,0,2017,10,284,0,3.469999999999998,40.57,0.8078480281692861,0.0,-0.8660254037844386,0.5000000000000001,1.53,0.0,0.0,40.57
2017-10-12,Chhattisgarh,Statewide,1.69,0.0,0.0,0.0,0.0,0.0,0.0,0,2017,10,285,0,36.180000000000014,185.63000000000002,4.382799436305545,0.0,-0.8660254037844386,0.5000000000000001,1.69,0.0,0.0,185.63000000000002
2017-10-12,Uttarakhand,Statewide,0.0,0.0,0.0,0.0,0.0,0.0,0.0,0,2017,10,285,0,0.14,118.71,0.09652950149099795,0.0,-0.8660254037844386,0.5000000000000001,0.0,0.0,0.0,118.71
2017-10-13,Andhra Pradesh,Statewide,2.76,0.0,0.0,0.0,0.0,0.0,0.0,0,2017,10,286,0,59.30999999999996,221.04,7.695477630337635,0.0,-0.8660254037844386,0.5000000000000001,2.76,0.0,0.0,221.04
2017-10-13,Jharkhand,Statewide,1.54,0.0,0.0,0.0,0.0,0.0,0.0,0,2017,10,286,0,47.349999999999994,177.20000000000002,5.384122288508077,0.0,-0.8660254037844386,0.5000000000000001,1.54,0.0,0.0,177.20000000000002
2017-10-13,Madhya Pradesh,Statewide,0.38,0.0,0.0,0.0,0.0,0.0,0.0,0,2017,10,286,0,10.929999999999986,118.21,1.12736040714961,0.0,-0.8660254037844386,0.5000000000000001,0.38,0.0,0.0,118.21
2017-10-19,Andhra Pradesh,Statewide,0.95,0.0,0.0,0.0,0.0,0.0,0.0,0,2017,10,292,0,26.779999999999962,198.77,3.2269605777315924,0.0,-0.8660254037844386,0.5000000000000001,0.95,0.0,0.0,198.77
2017-10-19,Himachal Pradesh,Statewide,0.0,0.0,0.0,0.0,0.0,0.0,0.0,0,2017,10,292,0,0.25000000000000355,50.39,0.016752737188706904,0.0,-0.8660254037844386,0.5000000000000001,0.0,0.0,0.0,50.39
2017-10-19,Karnataka,Statewide,0.08,0.0,0.0,0.0,0.0,0.0,0.0,0,2017,10,292,0,37.55000000000002,208.83,3.2340341409080438,0.0,-0.8660254037844386,0.5000000000000001,0.08,0.0,0.0,208.83
2017-10-20,Andaman And Nicobar Islands,Statewide,6.69,0.0,0.0,0.0,0.0,0.0,0.0,0,2017,10,293,0,68.5,361.24,8.411669267185266,0.0,-0.8660254037844386,0.5000000000000001,6.69,0.0,0.0,361.24
2017-10-21,Delhi,Statewide,0.0,0.0,0.0,0.0,0.0,0.0,0.0,0,2017,10,294,0,0.0,65.25,0.0009147649727873566,0.0,-0.8660254037844386,0.5000000000000001,0.0,0.0,0.0,65.25
2017-10-21,Ladakh,Statewide,0.0,0.0,0.0,0.0,0.0,0.0,0.0,0,2017,10,294,0,0.0,11.79,0.0007317208905004532,0.0,-0.8660254037844386,0.5000000000000001,0.0,0.0,0.0,11.79
2017-10-24,Goa,Statewide,1.76,0.0,0.0,0.0,0.0,0.0,0.0,0,2017,10,297,0,2.149999999999943,197.72,1.4277921720108415,0.0,-0.8660254037844386,0.5000000000000001,1.76,0.0,0.0,197.72
2017-10-24,Jharkhand,Statewide,0.01,0.0,0.0,0.0,0.0,0.0,0.0,0,2017,10,297,0,35.730000000000004,144.38000000000002,3.381052506658393,0.0,-0.8660254037844386,0.5000000000000001,0.01,0.0,0.0,144.38000000000002
2017-10-25,Telangana,Statewide,0.44,0.0,0.0,0.0,0.0,0.0,0.0,0,2017,10,298,0,5.240000000000007,156.41,1.0749878436274156,0.0,-0.8660254037844386,0.5000000000000001,0.44,0.0,0.0,156.41
2017-10-26,Meghalaya,Statewide,0.0,0.0,0.0,0.0,0.0,0.0,0.0,0,2017,10,299,0,180.9000000000001,471.05,12.06416418711264,0.0,-0.8660254037844386,0.5000000000000001,0.0,0.0,0.0,471.05
2017-10-28,Bihar,Statewide,0.0,0.0,0.0,0.0,0.0,0.0,0.0,0,2017,10,301,0,1.440000000000099,69.32,0.17147064252497216,0.0,-0.8660254037844386,0.5000000000000001,0.0,0.0,0.0,69.32
2017-10-30,Unknown,Chenai (Tamil Nadu),0.17,0.0,0.0,0.0,0.0,0.0,0.0,1,2017,10,303,0,0.17,0.17,0.17,0.0,-0.8660254037844386,0.5000000000000001,0.17,0.0,0.0,0.17
2017-10-30,Unknown,Statewide,0.17,0.0,0.0,0.0,0.0,0.0,0.0,1,2017,10,303,0,27.57,88.71000000000001,2.8278601998767217,0.0,-0.8660254037844386,0.5000000000000001,0.17,0.0,0.0,88.71000000000001
2017-10-30,Uttar Pradesh,Statewide,0.05,0.0,0.0,0.0,0.0,0.0,0.0,0,2017,10,303,0,0.0499999999999929,3.13,0.018249569566867196,0.0,-0.8660254037844386,0.5000000000000001,0.05,0.0,0.0,3.13
2017-10-31,Chhattisgarh,Statewide,0.0,0.0,0.0,0.0,0.0,0.0,0.0,0,2017,10,304,0,0.4300000000000133,66.14999999999999,0.12415562261773207,0.0,-0.8660254037844386,0.5000000000000001,0.0,0.0,0.0,66.14999999999999
2017-11-02,Ladakh,Statewide,0.0,0.0,0.0,0.0,0.0,0.0,0.0,0,2017,11,306,0,0.0,0.0,1.0127958996388236e-05,0.0,-0.5000000000000004,0.8660254037844384,0.0,0.0,0.0,0.0
2017-11-02,Rajasthan,Statewide,0.0,0.0,0.0,0.0,0.0,0.0,0.0,0,2017,11,306,0,0.0,0.0,6.069064378733221e-07,0.0,-0.5000000000000004,0.8660254037844384,0.0,0.0,0.0,0.0
2017-11-07,Karnataka,Statewide,2.39,0.0,0.0,0.0,0.0,0.0,0.0,0,2017,11,311,0,4.810000000000011,86.77000000000001,1.1913327628908819,0.0,-0.5000000000000004,0.8660254037844384,2.39,0.0,0.0,86.77000000000001
2017-11-08,Haryana,Statewide,0.0,0.0,0.0,0.0,0.0,0.0,0.0,0,2017,11,312,0,0.0,0.0,9.091175538041352e-07,0.0,-0.5000000000000004,0.8660254037844384,0.0,0.0,0.0,0.0
2017-11-09,Punjab,Statewide,0.0,0.0,0.0,0.0,0.0,0.0,0.0,0,2017,11,313,0,0.0,0.0,2.414577263947308e-07,0.0,-0.5000000000000004,0.8660254037844384,0.0,0.0,0.0,0.0
2017-11-10,Haryana,Statewide,0.0,0.0,0.0,0.0,0.0,0.0,0.0,0,2017,11,314,0,0.0,0.0,4.454676013640262e-07,0.0,-0.5000000000000004,0.8660254037844384,0.0,0.0,0.0,0.0
2017-11-11,Uttar Pradesh,Statewide,0.0,0.0,0.0,0.0,0.0,0.0,0.0,0,2017,11,315,0,0.0,0.36,0.0003119173359596377,0.0,-0.5000000000000004,0.8660254037844384,0.0,0.0,0.0,0.36
2017-11-14,Andaman And Nicobar Islands,Statewide,9.91,0.0,0.0,0.0,0.0,0.0,0.0,0,2017,11,318,0,59.6,273.03,8.648468473766929,0.0,-0.5000000000000004,0.8660254037844384,9.91,0.0,0.0,273.03
2017-11-14,Himachal Pradesh,Statewide,0.0,0.0,0.0,0.0,0.0,0.0,0.0,0,2017,11,318,0,0.10000000000000356,0.2,0.007208595865768597,0.0,-0.5000000000000004,0.8660254037844384,0.0,0.0,0.0,0.2
2017-11-16,Odisha,Statewide,17.64,0.0,0.0,0.0,0.0,0.0,0.0,0,2017,11,320,0,20.7,103.92,5.936642164654435,0.0,-0.5000000000000004,0.8660254037844384,17.64,0.0,0.0,103.92
2017-11-18,Lakshadweep,Statewide,1642.9,0.0,0.0,0.0,0.0,0.0,0.0,0,2017,11,322,0,11500.300000000001,49287.0,1642.8999999999992,0.0,-0.5000000000000004,0.8660254037844384,1642.9,0.0,0.0,49287.0
2017-11-24,Chandigarh,Statewide,0.0,0.0,0.0,0.0,0.0,0.0,0.0,0,2017,11,328,0,0.0,0.0,7.865598913419394e-09,0.0,-0.5000000000000004,0.8660254037844384,0.0,0.0,0.0,0.0
2017-11-25,Tripura,Statewide,0.0,0.0,0.0,0.0,0.0,0.0,0.0,0,2017,11,329,0,0.14999999999992894,70.70000000000003,0.08446975966923811,0.0,-0.5000000000000004,0.8660254037844384,0.0,0.0,0.0,70.70000000000003
2017-11-30,Andaman And Nicobar Islands,Statewide,8.95,0.0,0.0,0.0,0.0,0.0,0.0,0,2017,11,334,0,59.11,285.13,8.139494228039432,0.0,-0.5000000000000004,0.8660254037844384,8.95,0.0,0.0,285.13
2017-12-04,Telangana,Statewide,0.0,0.0,0.0,0.0,0.0,0.0,0.0,0,2017,12,338,0,0.0,6.3100000000000005,0.035098615414089165,0.0,-2.4492935982947064e-16,1.0,0.0,0.0,0.0,6.3100000000000005
2017-12-05,Andhra Pradesh,Statewide,0.0,0.0,0.0,0.0,0.0,0.0,0.0,0,2017,12,339,0,8.34999999999996,39.23,0.6988829469291474,0.0,-2.4492935982947064e-16,1.0,0.0,0.0,0.0,39.23
2017-12-06,Punjab,Statewide,0.0,0.0,0.0,0.0,0.0,0.0,0.0,0,2017,12,340,0,0.0,3.8299999999999965,0.0008107922211189562,0.0,-2.4492935982947064e-16,1.0,0.0,0.0,0.0,3.8299999999999965
2017-12-09,Telangana,Statewide,0.0,0.0,0.0,0.0,0.0,0.0,0.0,0,2017,12,343,0,0.0,6.18,0.005899024292645964,0.0,-2.4492935982947064e-16,1.0,0.0,0.0,0.0,6.18
2017-12-10,Himachal Pradesh,Statewide,0.0,0.0,0.0,0.0,0.0,0.0,0.0,0,2017,12,344,0,0.9900000000000035,9.47,0.12343192030836175,0.0,-2.4492935982947064e-16,1.0,0.0,0.0,0.0,9.47
2017-12-11,Tripura,Statewide,39.05,0.0,0.0,0.0,0.0,0.0,0.0,0,2017,12,345,0,86.62999999999992,91.60000000000002,21.047911717765828,0.0,-2.4492935982947064e-16,1.0,39.05,0.0,0.0,91.60000000000002
2017-12-13,Tamil Nadu,Statewide,0.23,0.0,0.0,0.0,0.0,0.0,0.0,0,2017,12,347,0,1.37,49.989999999999995,0.29013133571737776,0.0,-2.4492935982947064e-16,1.0,0.23,0.0,0.0,49.989999999999995
2017-12-14,Goa,Statewide,0.0,0.0,0.0,0.0,0.0,0.0,0.0,0,2017,12,348,0,0.0,11.54,0.16195376857872287,0.0,-2.4492935982947064e-16,1.0,0.0,0.0,0.0,11.54
2017-12-17,Andaman And Nicobar Islands,Statewide,5.44,0.0,0.0,0.0,0.0,0.0,0.0,0,2017,12,351,0,57.11,265.03000000000003,7.4929030741603295,0.0,-2.4492935982947064e-16,1.0,5.44,0.0,0.0,265.03000000000003
2017-12-18,Odisha,Statewide,0.0,0.0,0.0,0.0,0.0,0.0,0.0,0,2017,12,352,0,0.0,13.370000000000001,0.09273730055695961,0.0,-2.4492935982947064e-16,1.0,0.0,0.0,0.0,13.370000000000001
2017-12-19,Ladakh,Statewide,0.0,0.0,0.0,0.0,0.0,0.0,0.0,0,2017,12,353,0,0.0,0.0,5.310431547629901e-13,0.0,-2.4492935982947064e-16,1.0,0.0,0.0,0.0,0.0
2017-12-24,Arunachal Pradesh,Statewide,0.0,0.0,0.0,0.0,0.0,0.0,0.0,0,2017,12,358,0,0.0,10.979999999999999,0.013528402963944674,0.0,-2.4492935982947064e-16,1.0,0.0,0.0,0.0,10.979999999999999
2017-12-24,Bihar,Statewide,0.0,0.0,0.0,0.0,0.0,0.0,0.0,0,2017,12,358,0,0.0,0.16,0.0002661440835102145,0.0,-2.4492935982947064e-16,1.0,0.0,0.0,0.0,0.16
2017-12-24,Nagaland,Statewide,0.0,0.0,0.0,0.0,0.0,0.0,0.0,0,2017,12,358,0,0.0,18.35,0.054626325825882734,0.0,-2.4492935982947064e-16,1.0,0.0,0.0,0.0,18.35
2017-12-30,Manipur,Statewide,0.0,0.0,0.0,0.0,0.0,0.0,0.0,0,2017,12,364,0,0.0,87.47999999999999,0.02718950445217603,0.0,-2.4492935982947064e-16,1.0,0.0,0.0,0.0,87.47999999999999
2018-01-01,Ladakh,Statewide,0.0,0.0,0.0,0.0,0.0,0.0,0.0,0,2018,1,1,0,0.0,0.0,5.145224574839741e-15,0.0,0.49999999999999994,0.8660254037844387,0.0,0.0,0.0,0.0
2018-01-02,Jammu And Kashmir,Statewide,0.0,0.0,0.0,0.0,0.0,0.0,0.0,0,2018,1,2,0,0.0,0.0,3.057142175823298e-14,0.0,0.49999999999999994,0.8660254037844387,0.0,0.0,0.0,0.0
2018-01-03,Ladakh,Statewide,0.0,0.0,0.0,0.0,0.0,0.0,0.0,0,2018,1,3,0,0.0,0.0,2.521160041671473e-15,0.0,0.49999999999999994,0.8660254037844387,0.0,0.0,0.0,0.0
2018-01-03,West Bengal,Statewide,0.0,0.0,0.0,0.0,0.0,0.0,0.0,0,2018,1,3,0,0.0,11.629999999999999,0.0006411279065159631,0.0,0.49999999999999994,0.8660254037844387,0.0,0.0,0.0,11.629999999999999
2018-01-04,Jharkhand,Statewide,0.0,0.0,0.0,0.0,0.0,0.0,0.0,0,2018,1,4,0,0.0,1.31,5.311924589421056e-05,0.0,0.49999999999999994,0.8660254037844387,0.0,0.0,0.0,1.31
2018-01-05,Bihar,Statewide,0.0,0.0,0.0,0.0,0.0,0.0,0.0,0,2018,1,5,0,0.0,0.13,3.6837766967118054e-06,0.0,0.49999999999999994,0.8660254037844387,0.0,0.0,0.0,0.13
2018-01-05,Punjab,Statewide,0.0,0.0,0.0,0.0,0.0,0.0,0.0,0,2018,1,5,0,0.0,16.869999999999994,0.0009881903563616883,0.0,0.49999999999999994,0.8660254037844387,0.0,0.0,0.0,16.869999999999994
2018-01-06,Manipur,Statewide,0.0,0.0,0.0,0.0,0.0,0.0,0.0,0,2018,1,6,0,3.76,91.24,0.4358450726065058,0.0,0.49999999999999994,0.8660254037844387,0.0,0.0,0.0,91.24
2018-01-06,Uttar Pradesh,Statewide,0.0,0.0,0.0,0.0,0.0,0.0,0.0,0,2018,1,6,0,0.0,0.6300000000000001,2.680652142323566e-05,0.0,0.49999999999999994,0.8660254037844387,0.0,0.0,0.0,0.6300000000000001
2018-01-09,Gujarat,Statewide,0.0,0.0,0.0,0.0,0.0,0.0,0.0,0,2018,1,9,0,0.0,0.0,9.076109372763761e-06,0.0,0.49999999999999994,0.8660254037844387,0.0,0.0,0.0,0.0
2018-01-09,Kerala,Statewide,0.0,0.0,0.0,0.0,0.0,0.0,0.0,0,2018,1,9,0,0.1599999999999929,8.569999999999999,0.033913953252903827,0.0,0.49999999999999994,0.8660254037844387,0.0,0.0,0.0,8.569999999999999
2018-01-09,Odisha,Statewide,0.0,0.0,0.0,0.0,0.0,0.0,0.0,0,2018,1,9,0,0.0,0.0,3.625862497063671e-05,0.0,0.49999999999999994,0.8660254037844387,0.0,0.0,0.0,0.0
2018-01-09,Unknown,Statewide,0.0,0.0,0.0,0.0,0.0,0.0,0.0,1,2018,1,9,0,19.740000000000002,84.99000000000001,1.979502139913705,0.0,0.49999999999999994,0.8660254037844387,0.0,0.0,0.0,84.99000000000001
2018-01-11,Himachal Pradesh,Statewide,0.0,0.0,0.0,0.0,0.0,0.0,0.0,0,2018,1,11,0,0.25000000000000355,15.1,0.010499314878059444,0.0,0.49999999999999994,0.8660254037844387,0.0,0.0,0.0,15.1
2018-01-11,Puducherry,Statewide,2.92,0.0,0.0,0.0,0.0,0.0,0.0,0,2018,1,11,0,19.450000000000045,28.25,4.34522458101736,0.0,0.49999999999999994,0.8660254037844387,2.92,0.0,0.0,28.25
2018-01-13,Jharkhand,Statewide,0.0,0.0,0.0,0.0,0.0,0.0,0.0,0,2018,1,13,0,0.0,0.0,2.1435531729513354e-06,0.0,0.49999999999999994,0.8660254037844387,0.0,0.0,0.0,0.0
2018-01-13,Madhya Pradesh,Statewide,0.0,0.0,0.0,0.0,0.0,0.0,0.0,0,2018,1,13,0,0.0,0.0,8.849839005203722e-07,0.0,0.49999999999999994,0.8660254037844387,0.0,0.0,0.0,0.0
2018-01-13,Sikkim,Statewide,0.0,0.0,0.0,0.0,0.0,0.0,0.0,0,2018,1,13,0,0.0,0.0,2.613626241116679e-07,0.0,0.49999999999999994,0.8660254037844387,0.0,0.0,0.0,0.0
2018-01-17,Gujarat,Statewide,0.0,0.0,0.0,0.0,0.0,0.0,0.0,0,2018,1,17,0,0.0,0.0,5.232196438821788e-07,0.0,0.49999999999999994,0.8660254037844387,0.0,0.0,0.0,0.0
2018-01-18,Karnataka,Statewide,0.0,0.0,0.0,0.0,0.0,0.0,0.0,0,2018,1,18,0,0.0,0.0,2.4716105178375265e-07,0.0,0.49999999999999994,0.8660254037844387,0.0,0.0,0.0,0.0
2018-01-20,Kerala,Statewide,0.0,0.0,0.0,0.0,0.0,0.0,0.0,0,2018,1,20,0,0.029999999999992893,0.55,0.0069772988270781836,0.0,0.49999999999999994,0.8660254037844387,0.0,0.0,0.0,0.55
2018-01-21,Sikkim,Statewide,0.0,0.0,0.0,0.0,0.0,0.0,0.0,0,2018,1,21,0,0.0,0.0,1.5067035168415663e-08,0.0,0.49999999999999994,0.8660254037844387,0.0,0.0,0.0,0.0
2018-01-24,Goa,Statewide,0.0,0.0,0.0,0.0,0.0,0.0,0.0,0,2018,1,24,0,0.0,0.0,7.217897307515564e-08,0.0,0.49999999999999994,0.8660254037844387,0.0,0.0,0.0,0.0
2018-01-25,Haryana,Statewide,0.0,0.0,0.0,0.0,0.0,0.0,0.0,0,2018,1,25,0,6.139999999999997,6.140000000000001,1.2768002099198896,0.0,0.49999999999999994,0.8660254037844387,0.0,0.0,0.0,6.140000000000001
2018-01-25,Tamil Nadu,Statewide,0.01,0.0,0.0,0.0,0.0,0.0,0.0,0,2018,1,25,0,0.01,4.220000000000001,0.010230923578097666,0.0,0.49999999999999994,0.8660254037844387,0.01,0.0,0.0,4.220000000000001
2018-01-27,Jharkhand,Statewide,0.0,0.0,0.0,0.0,0.0,0.0,0.0,0,2018,1,27,0,0.0,0.0,1.4538072197742775e-08,0.0,0.49999999999999994,0.8660254037844387,0.0,0.0,0.0,0.0
2018-01-29,Delhi,Statewide,0.0,0.0,0.0,0.0,0.0,0.0,0.0,0,2018,1,29,0,3.1900000000000213,3.190000000000007,0.16084305826904532,0.0,0.49999999999999994,0.8660254037844387,0.0,0.0,0.0,3.190000000000007
2018-01-30,Andaman And Nicobar Islands,Statewide,2.86,0.0,0.0,0.0,0.0,0.0,0.0,0,2018,1,30,0,20.18,85.46000000000001,2.7801540412542147,0.0,0.49999999999999994,0.8660254037844387,2.86,0.0,0.0,85.46000000000001
2018-01-31,Puducherry,Statewide,0.0,0.0,0.0,0.0,0.0,0.0,0.0,0,2018,1,31,0,0.0,19.619999999999997,0.003559141581619782,0.0,0.49999999999999994,0.8660254037844387,0.0,0.0,0.0,19.619999999999997
2018-02-06,Tamil Nadu,Statewide,0.02,0.0,0.0,0.0,0.0,0.0,0.0,0,2018,2,37,0,0.02,4.24,0.0061416091515759325,0.0,0.8660254037844386,0.5000000000000001,0.02,0.0,0.0,4.24
2018-02-07,West Bengal,Statewide,0.0,0.0,0.0,0.0,0.0,0.0,0.0,0,2018,2,38,0,0.0,0.02,8.838893412445115e-05,0.0,0.8660254037844386,0.5000000000000001,0.0,0.0,0.0,0.02
2018-02-08,Sikkim,Statewide,0.0,0.0,0.0,0.0,0.0,0.0,0.0,0,2018,2,39,0,1.059999999999986,6.64,0.09863961175194104,0.0,0.8660254037844386,0.5000000000000001,0.0,0.0,0.0,6.64
2018-02-08,Unknown,Statewide,0.0,0.0,0.0,0.0,0.0,0.0,0.0,1,2018,2,39,0,16.0,84.99000000000001,1.3856514979395933,0.0,0.8660254037844386,0.5000000000000001,0.0,0.0,0.0,84.99000000000001
2018-02-10,Tripura,Statewide,0.0,0.0,0.0,0.0,0.0,0.0,0.0,0,2018,2,41,0,0.0,0.0,1.460965639629348e-06,0.0,0.8660254037844386,0.5000000000000001,0.0,0.0,0.0,0.0
2018-02-11,Jharkhand,Statewide,0.0,0.0,0.0,0.0,0.0,0.0,0.0,0,2018,2,42,0,0.9600000000000036,0.9600000000000003,0.19089000006902038,0.0,0.8660254037844386,0.5000000000000001,0.0,0.0,0.0,0.9600000000000003
2018-02-11,Odisha,Statewide,0.0,0.0,0.0,0.0,0.0,0.0,0.0,0,2018,2,42,0,0.02,0.02,0.004200000280315201,0.0,0.8660254037844386,0.5000000000000001,0.0,0.0,0.0,0.02
2018-02-11,Tamil Nadu,Statewide,0.0,0.0,0.0,0.0,0.0,0.0,0.0,0,2018,2,42,0,3.43,3.4400000000000004,0.3667703202501053,0.0,0.8660254037844386,0.5000000000000001,0.0,0.0,0.0,3.4400000000000004
2018-02-12,Maharashtra,Statewide,1.97,0.0,0.0,0.0,0.0,0.0,0.0,0,2018,2,43,0,2.0299999999999927,2.03,0.6036000000319024,0.0,0.8660254037844386,0.5000000000000001,1.97,0.0,0.0,2.03
2018-02-13,Madhya Pradesh,Statewide,2.05,0.0,0.0,0.0,0.0,0.0,0.0,0,2018,2,44,0,6.8899999999999855,6.8999999999999995,1.6314023937819515,0.0,0.8660254037844386,0.5000000000000001,2.05,0.0,0.0,6.8999999999999995
2018-02-13,Nagaland,Statewide,0.0,0.0,0.0,0.0,0.0,0.0,0.0,0,2018,2,44,0,0.17999999999995026,4.86,0.028517602892062743,0.0,0.8660254037844386,0.5000000000000001,0.0,0.0,0.0,4.86
2018-02-14,Nagaland,Statewide,0.0,0.0,0.0,0.0,0.0,0.0,0.0,0,2018,2,45,0,0.0,4.86,0.01996232202444392,0.0,0.8660254037844386,0.5000000000000001,0.0,0.0,0.0,4.86
2018-02-15,Sikkim,Statewide,15.93,0.0,0.0,0.0,0.0,0.0,0.0,0,2018,2,46,0,15.929999999999986,22.57,4.787123396178103,0.0,0.8660254037844386,0.5000000000000001,15.93,0.0,0.0,22.57
2018-02-16,Assam,Statewide,0.17,0.0,0.0,0.0,0.0,0.0,0.0,0,2018,2,47,0,3.1399999999999935,9.67,0.692868335239829,0.0,0.8660254037844386,0.5000000000000001,0.17,0.0,0.0,9.67
2018-02-16,Uttar Pradesh,Statewide,0.0,0.0,0.0,0.0,0.0,0.0,0.0,0,2018,2,47,0,4.479999999999992,6.06,0.418168327874339,0.0,0.8660254037844386,0.5000000000000001,0.0,0.0,0.0,6.06
2018-02-18,Telangana,Statewide,0.0,0.0,0.0,0.0,0.0,0.0,0.0,0,2018,2,49,0,1.8700000000000072,1.9000000000000001,0.10034726709005923,0.0,0.8660254037844386,0.5000000000000001,0.0,0.0,0.0,1.9000000000000001
2018-02-23,The Dadra And Nagar Haveli And Daman And Diu,Statewide,0.0,0.0,0.0,0.0,0.0,0.0,0.0,0,2018,2,54,0,0.0,0.0,8.072729475270687e-12,0.0,0.8660254037844386,0.5000000000000001,0.0,0.0,0.0,0.0
2018-02-24,Jammu And Kashmir,Statewide,1.22,0.0,0.0,0.0,0.0,0.0,0.0,0,2018,2,55,0,8.54,29.28,1.2197662708977157,0.0,0.8660254037844386,0.5000000000000001,1.22,0.0,0.0,29.28
2018-02-27,Odisha,Statewide,0.0,0.0,0.0,0.0,0.0,0.0,0.0,0,2018,2,58,0,0.09,0.36,0.019284848963608797,0.0,0.8660254037844386,0.5000000000000001,0.0,0.0,0.0,0.36
2018-03-01,Chandigarh,Statewide,0.0,0.0,0.0,0.0,0.0,0.0,0.0,0,2018,3,60,0,12.000000000000014,51.49999999999997,0.895602729685079,0.0,1.0,6.123233995736766e-17,0.0,0.0,0.0,51.49999999999997
2018-03-02,Himachal Pradesh,Statewide,0.54,0.0,0.0,0.0,0.0,0.0,0.0,0,2018,3,61,0,20.780000000000005,54.31,1.204116945965909,0.0,1.0,6.123233995736766e-17,0.54,0.0,0.0,54.31
2018-03-02,Sikkim,Statewide,11.74,0.0,0.0,0.0,0.0,0.0,0.0,0,2018,3,61,0,23.069999999999986,63.480000000000004,4.859763265355392,0.0,1.0,6.123233995736766e-17,11.74,0.0,0.0,63.480000000000004
2018-03-05,Karnataka,Statewide,0.0,0.0,0.0,0.0,0.0,0.0,0.0,0,2018,3,64,0,0.0,3.150000000000014,0.00033298717630277503,0.0,1.0,6.123233995736766e-17,0.0,0.0,0.0,3.150000000000014
2018-03-06,Ladakh,Statewide,0.55,0.0,0.0,0.0,0.0,0.0,0.0,0,2018,3,65,0,3.8500000000000005,16.5,0.5499970235674179,0.0,1.0,6.123233995736766e-17,0.55,0.0,0.0,16.5
2018-03-06,Manipur,Statewide,0.38,0.0,0.0,0.0,0.0,0.0,0.0,0,2018,3,65,0,0.94,7.569999999999997,0.3220564478248681,0.0,1.0,6.123233995736766e-17,0.38,0.0,0.0,7.569999999999997
2018-03-06,Meghalaya,Statewide,0.31,0.0,0.0,0.0,0.0,0.0,0.0,0,2018,3,65,0,2.4700000000000997,23.54,0.762867117991012,0.0,1.0,6.123233995736766e-17,0.31,0.0,0.0,23.54
2018-03-08,Karnataka,Statewide,0.0,0.0,0.0,0.0,0.0,0.0,0.0,0,2018,3,67,0,0.0,3.150000000000014,0.00011421460147185183,0.0,1.0,6.123233995736766e-17,0.0,0.0,0.0,3.150000000000014
2018-03-09,Andhra Pradesh,Statewide,0.0,0.0,0.0,0.0,0.0,0.0,0.0,0,2018,3,68,0,0.0,1.51,1.4771201631153481e-05,0.0,1.0,6.123233995736766e-17,0.0,0.0,0.0,1.51
2018-03-11,Ladakh,Statewide,0.55,0.0,0.0,0.0,0.0,0.0,0.0,0,2018,3,70,0,3.8500000000000005,16.5,0.5499994997509758,0.0,1.0,6.123233995736766e-17,0.55,0.0,0.0,16.5
2018-03-13,Kerala,Statewide,0.21,0.0,0.0,0.0,0.0,0.0,0.0,0,2018,3,72,0,0.2099999999999929,0.44,0.06356692418286758,0.0,1.0,6.123233995736766e-17,0.21,0.0,0.0,0.44
2018-03-15,Andhra Pradesh,Statewide,0.0,0.0,0.0,0.0,0.0,0.0,0.0,0,2018,3,74,0,0.0,0.0,1.7378171007035753e-06,0.0,1.0,6.123233995736766e-17,0.0,0.0,0.0,0.0
2018-03-17,Odisha,Statewide,0.32,0.0,0.0,0.0,0.0,0.0,0.0,0,2018,3,76,0,0.54,0.64,0.139099143512576,0.0,1.0,6.123233995736766e-17,0.32,0.0,0.0,0.64
2018-03-17,Uttar Pradesh,Statewide,0.0,0.0,0.0,0.0,0.0,0.0,0.0,0,2018,3,76,0,0.0,0.38,0.001307055354326178,0.0,1.0,6.123233995736766e-17,0.0,0.0,0.0,0.38
2018-03-18,Madhya Pradesh,Statewide,0.0,0.0,0.0,0.0,0.0,0.0,0.0,0,2018,3,77,0,0.00999999999998579,0.15,0.002959446926944814,0.0,1.0,6.123233995736766e-17,0.0,0.0,0.0,0.15
2018-03-18,Uttar Pradesh,Statewide,0.0,0.0,0.0,0.0,0.0,0.0,0.0,0,2018,3,77,0,0.0,0.38,0.0009149387480283246,0.0,1.0,6.123233995736766e-17,0.0,0.0,0.0,0.38
2018-03-19,Sikkim,Statewide,0.0,0.0,0.0,0.0,0.0,0.0,0.0,0,2018,3,78,0,24.819999999999986,127.69,3.554785547207262,0.0,1.0,6.123233995736766e-17,0.0,0.0,0.0,127.69
2018-03-21,Delhi,Statewide,0.0,0.0,0.0,0.0,0.0,0.0,0.0,0,2018,3,80,0,0.0,0.0,2.024894323545646e-09,0.0,1.0,6.123233995736766e-17,0.0,0.0,0.0,0.0
2018-03-27,Haryana,Statewide,0.0,0.0,0.0,0.0,0.0,0.0,0.0,0,2018,3,86,0,0.5299999999999965,0.61,0.02219999084579847,0.0,1.0,6.123233995736766e-17,0.0,0.0,0.0,0.61
2018-03-29,Tamil Nadu,Statewide,0.0,0.0,0.0,0.0,0.0,0.0,0.0,0,2018,3,88,0,0.7000000000000004,10.97,0.08074937920538226,0.0,1.0,6.123233995736766e-17,0.0,0.0,0.0,10.97
2018-03-30,Mizoram,Statewide,0.69,0.0,0.0,0.0,0.0,0.0,0.0,0,2018,3,89,0,24.210000000000026,31.95,2.943262937155899,0.0,1.0,6.123233995736766e-17,0.69,0.0,0.0,31.95
2018-03-31,Karnataka,Statewide,1.44,0.0,0.0,0.0,0.0,0.0,0.0,0,2018,3,90,0,1.9800000000000106,16.810000000000016,0.5504475241831395,0.0,1.0,6.123233995736766e-17,1.44,0.0,0.0,16.810000000000016
2018-03-31,Mizoram,Statewide,3.59,0.0,0.0,0.0,0.0,0.0,0.0,0,2018,3,90,0,27.800000000000026,35.54,3.137284056009129,0.0,1.0,6.123233995736766e-17,3.59,0.0,0.0,35.54
2018-04-03,Punjab,Statewide,0.0,0.0,0.0,0.0,0.0,0.0,0.0,0,2018,4,93,0,0.0,4.359999999999996,0.016694148693715948,0.0,0.8660254037844387,-0.4999999999999998,0.0,0.0,0.0,4.359999999999996
2018-04-04,Ladakh,Statewide,0.0,0.0,0.0,0.0,0.0,0.0,0.0,0,2018,4,94,0,1.6500000000000001,14.3,0.13205499990416164,0.0,0.8660254037844387,-0.4999999999999998,0.0,0.0,0.0,14.3
2018-04-05,Mizoram,Statewide,0.01,0.0,0.0,0.0,0.0,0.0,0.0,0,2018,4,95,0,6.990000000000029,38.1,1.097283331293454,0.0,0.8660254037844387,-0.4999999999999998,0.01,0.0,0.0,38.1
2018-04-08,Jammu And Kashmir,Statewide,0.0,0.0,0.0,0.0,0.0,0.0,0.0,0,2018,4,98,0,0.0,26.839999999999996,0.07033057214895785,0.0,0.8660254037844387,-0.4999999999999998,0.0,0.0,0.0,26.839999999999996
2018-04-09,Bihar,Statewide,0.57,0.0,0.0,0.0,0.0,0.0,0.0,0,2018,4,99,0,9.1500000000001,16.67,1.2501298090922761,0.0,0.8660254037844387,-0.4999999999999998,0.57,0.0,0.0,16.67
2018-04-11,Uttarakhand,Statewide,7.79,0.0,0.0,0.0,0.0,0.0,0.0,0,2018,4,101,0,26.29,51.47,4.392031529458267,0.0,0.8660254037844387,-0.4999999999999998,7.79,0.0,0.0,51.47
2018-04-14,Assam,Statewide,11.55,0.0,0.0,0.0,0.0,0.0,0.0,0,2018,4,104,0,55.63999999999999,113.25,9.53724183549435,0.0,0.8660254037844387,-0.4999999999999998,11.55,0.0,0.0,113.25
2018-04-14,Chandigarh,Statewide,0.0,0.0,0.0,0.0,0.0,0.0,0.0,0,2018,4,104,0,17.300000000000015,19.39999999999997,1.1549490597910277,0.0,0.8660254037844387,-0.4999999999999998,0.0,0.0,0.0,19.39999999999997
2018-04-17,Chhattisgarh,Statewide,0.04,0.0,0.0,0.0,0.0,0.0,0.0,0,2018,4,107,0,11.080000000000013,24.6,1.493197689833919,0.0,0.8660254037844387,-0.4999999999999998,0.04,0.0,0.0,24.6
2018-04-18,Himachal Pradesh,Statewide,0.19,0.0,0.0,0.0,0.0,0.0,0.0,0,2018,4,108,0,10.34,56.720000000000006,1.092052859572422,0.0,0.8660254037844387,-0.4999999999999998,0.19,0.0,0.0,56.720000000000006
2018-04-18,Kerala,Statewide,0.62,0.0,0.0,0.0,0.0,0.0,0.0,0,2018,4,108,0,26.789999999999992,54.55,3.1149934941957484,0.0,0.8660254037844387,-0.4999999999999998,0.62,0.0,0.0,54.55
2018-04-18,Tamil Nadu,Statewide,0.0,0.0,0.0,0.0,0.0,0.0,0.0,0,2018,4,108,0,5.950000000000001,10.299999999999999,0.5787707256325187,0.0,0.8660254037844387,-0.4999999999999998,0.0,0.0,0.0,10.299999999999999
2018-04-20,Maharashtra,Statewide,0.0,0.0,0.0,0.0,0.0,0.0,0.0,0,2018,4,110,0,7.429999999999993,12.329999999999998,0.5790369069484782,0.0,0.8660254037844387,-0.4999999999999998,0.0,0.0,0.0,12.329999999999998
2018-04-20,West Bengal,Statewide,0.92,0.0,0.0,0.0,0.0,0.0,0.0,0,2018,4,110,0,19.600000000000012,100.99999999999999,3.452347907020692,0.0,0.8660254037844387,-0.4999999999999998,0.92,0.0,0.0,100.99999999999999
2018-04-25,Telangana,Statewide,1.42,0.0,0.0,0.0,0.0,0.0,0.0,0,2018,4,115,0,3.700000000000009,24.6,0.7340490543336852,0.0,0.8660254037844387,-0.4999999999999998,1.42,0.0,0.0,24.6
2018-04-27,Bihar,Statewide,0.02,0.0,0.0,0.0,0.0,0.0,0.0,0,2018,4,117,0,0.48000000000009946,27.58,0.07750117800532956,0.0,0.8660254037844387,-0.4999999999999998,0.02,0.0,0.0,27.58
2018-04-28,Uttar Pradesh,Statewide,0.02,0.0,0.0,0.0,0.0,0.0,0.0,0,2018,4,118,0,0.019999999999992895,10.49,0.013329123950639184,0.0,0.8660254037844387,-0.4999999999999998,0.02,0.0,0.0,10.49
2018-05-01,West Bengal,Statewide,12.96,0.0,0.0,0.0,0.0,0.0,0.0,0,2018,5,121,0,30.66000000000001,134.36,6.45830079842272,0.0,0.49999999999999994,-0.8660254037844387,12.96,0.0,0.0,134.36
2018-05-03,Jammu And Kashmir,Statewide,0.0,0.0,0.0,0.0,0.0,0.0,0.0,0,2018,5,123,0,0.0,0.0,9.431812331197964e-06,0.0,0.49999999999999994,-0.8660254037844387,0.0,0.0,0.0,0.0
2018-05-03,Puducherry,Statewide,0.32,0.0,0.0,0.0,0.0,0.0,0.0,0,2018,5,123,0,7.240000000000046,20.259999999999998,1.521584513248949,0.0,0.49999999999999994,-0.8660254037844387,0.32,0.0,0.0,20.259999999999998
2018-05-04,Ladakh,Statewide,0.0,0.0,0.0,0.0,0.0,0.0,0.0,0,2018,5,124,0,0.0,0.0,2.976432579927228e-06,0.0,0.49999999999999994,-0.8660254037844387,0.0,0.0,0.0,0.0
2018-05-06,Arunachal Pradesh,Statewide,1.2,0.0,0.0,0.0,0.0,0.0,0.0,0,2018,5,126,0,39.08,203.91,4.793227335179988,0.0,0.49999999999999994,-0.8660254037844387,1.2,0.0,0.0,203.91
2018-05-06,Meghalaya,Statewide,18.97,0.0,0.0,0.0,0.0,0.0,0.0,0,2018,5,126,0,75.33000000000008,231.75,11.791393180697288,0.0,0.49999999999999994,-0.8660254037844387,18.97,0.0,0.0,231.75
2018-05-07,Odisha,Statewide,0.37,0.0,0.0,0.0,0.0,0.0,0.0,0,2018,5,127,0,33.52,90.71000000000001,1.9917851608306807,0.0,0.49999999999999994,-0.8660254037844387,0.37,0.0,0.0,90.71000000000001
2018-05-08,Tamil Nadu,Statewide,0.98,0.0,0.0,0.0,0.0,0.0,0.0,0,2018,5,128,0,15.2,27.05,1.5192960713568329,0.0,0.49999999999999994,-0.8660254037844387,0.98,0.0,0.0,27.05
2018-05-09,Meghalaya,Statewide,20.41,0.0,0.0,0.0,0.0,0.0,0.0,0,2018,5,129,0,91.41000000000008,274.76,15.698847860979171,0.0,0.49999999999999994,-0.8660254037844387,20.41,0.0,0.0,274.76
2018-05-09,West Bengal,Statewide,4.21,0.0,0.0,0.0,0.0,0.0,0.0,0,2018,5,129,0,24.710000000000008,136.15,3.5537420504104804,0.0,0.49999999999999994,-0.8660254037844387,4.21,0.0,0.0,136.15
2018-05-10,Meghalaya,Statewide,21.67,0.0,0.0,0.0,0.0,0.0,0.0,0,2018,5,130,0,106.11000000000008,281.16,17.49019350268542,0.0,0.49999999999999994,-0.8660254037844387,21.67,0.0,0.0,281.16
2018-05-10,West Bengal,Statewide,0.33,0.0,0.0,0.0,0.0,0.0,0.0,0,2018,5,130,0,21.060000000000013,130.15,2.586619435287336,0.0,0.49999999999999994,-0.8660254037844387,0.33,0.0,0.0,130.15
2018-05-11,Manipur,Statewide,8.76,0.0,0.0,0.0,0.0,0.0,0.0,0,2018,5,131,0,146.14,257.66,12.893639131901176,0.0,0.49999999999999994,-0.8660254037844387,8.76,0.0,0.0,257.66
2018-05-14,Himachal Pradesh,Statewide,2.49,0.0,0.0,0.0,0.0,0.0,0.0,0,2018,5,134,0,28.749999999999996,69.71000000000001,2.6826519424755175,0.0,0.49999999999999994,-0.8660254037844387,2.49,0.0,0.0,69.71000000000001
2018-05-14,Maharashtra,Statewide,0.19,0.0,0.0,0.0,0.0,0.0,0.0,0,2018,5,134,0,2.669999999999992,10.18,0.4584306225491823,0.0,0.49999999999999994,-0.8660254037844387,0.19,0.0,0.0,10.18
2018-05-16,Chhattisgarh,Statewide,0.09,0.0,0.0,0.0,0.0,0.0,0.0,0,2018,5,136,0,11.710000000000013,29.740000000000002,1.8405503759573492,0.0,0.49999999999999994,-0.8660254037844387,0.09,0.0,0.0,29.740000000000002
2018-05-17,Unknown,Tripura State,0.75,0.0,0.0,0.0,0.0,0.0,0.0,1,2018,5,137,0,0.75,0.75,0.75,0.0,0.49999999999999994,-0.8660254037844387,0.75,0.0,0.0,0.75
2018-05-21,Puducherry,Statewide,0.0,0.0,0.0,0.0,0.0,0.0,0.0,0,2018,5,141,0,0.5900000000000463,11.9,0.09973697682290691,0.0,0.49999999999999994,-0.8660254037844387,0.0,0.0,0.0,11.9
2018-05-22,Goa,Statewide,0.0,0.0,0.0,0.0,0.0,0.0,0.0,0,2018,5,142,0,14.549999999999947,98.28,2.0910901326453635,0.0,0.49999999999999994,-0.8660254037844387,0.0,0.0,0.0,98.28
2018-05-23,Goa,Statewide,0.0,0.0,0.0,0.0,0.0,0.0,0.0,0,2018,5,143,0,14.329999999999945,98.28,1.4637630928517544,0.0,0.49999999999999994,-0.8660254037844387,0.0,0.0,0.0,98.28
2018-05-23,Karnataka,Statewide,0.76,0.0,0.0,0.0,0.0,0.0,0.0,0,2018,5,143,0,27.890000000000008,85.77000000000001,4.018057804014159,0.0,0.49999999999999994,-0.8660254037844387,0.76,0.0,0.0,85.77000000000001
2018-05-28,Puducherry,Statewide,0.61,0.0,0.0,0.0,0.0,0.0,0.0,0,2018,5,148,0,6.460000000000046,17.62,0.6622156289103666,0.0,0.49999999999999994,-0.8660254037844387,0.61,0.0,0.0,17.62
2018-05-28,The Dadra And Nagar Haveli And Daman And Diu,Statewide,0.0,0.0,0.0,0.0,0.0,0.0,0.0,0,2018,5,148,0,0.0,0.0,5.350634288596723e-13,0.0,0.49999999999999994,-0.8660254037844387,0.0,0.0,0.0,0.0
2018-05-28,Uttar Pradesh,Statewide,0.02,0.0,0.0,0.0,0.0,0.0,0.0,0,2018,5,148,0,0.7199999999999929,18.91,0.09021960673076211,0.0,0.49999999999999994,-0.8660254037844387,0.02,0.0,0.0,18.91
2018-05-29,Unknown,Dakshina Kannada And Udupi Districts,0.75,0.0,0.0,0.0,0.0,0.0,0.0,1,2018,5,149,0,0.75,0.75,0.75,0.0,0.49999999999999994,-0.8660254037844387,0.75,0.0,0.0,0.75
2018-05-29,Unknown,Statewide,0.75,0.0,0.0,0.0,0.0,0.0,0.0,1,2018,5,149,0,16.75,85.74000000000001,1.194956048557715,0.0,0.49999999999999994,-0.8660254037844387,0.75,0.0,0.0,85.74000000000001
2018-05-30,Tamil Nadu,Statewide,0.45,0.0,0.0,0.0,0.0,0.0,0.0,0,2018,5,150,0,22.59,59.87,2.0203771821674597,0.0,0.49999999999999994,-0.8660254037844387,0.45,0.0,0.0,59.87
2018-05-31,Karnataka,Statewide,2.14,0.0,0.0,0.0,0.0,0.0,0.0,0,2018,5,151,0,52.27000000000001,142.73000000000002,8.045908068766384,0.0,0.49999999999999994,-0.8660254037844387,2.14,0.0,0.0,142.73000000000002
2018-06-01,Chandigarh,Statewide,0.0,0.0,0.0,0.0,0.0,0.0,0.0,0,2018,6,152,1,0.0,10.69999999999997,0.0019583920835350094,0.0,1.2246467991473532e-16,-1.0,0.0,0.0,0.0,10.69999999999997
2018-06-01,Gujarat,Statewide,0.0,0.0,0.0,0.0,0.0,0.0,0.0,0,2018,6,152,1,0.0,0.01,6.9802026067395835e-06,0.0,1.2246467991473532e-16,-1.0,0.0,0.0,0.0,0.01
2018-06-04,Chandigarh,Statewide,0.0,0.0,0.0,0.0,0.0,0.0,0.0,0,2018,6,155,1,10.600000000000014,20.299999999999972,1.5588717284846523,0.0,1.2246467991473532e-16,-1.0,0.0,0.0,0.0,20.299999999999972
2018-06-04,Madhya Pradesh,Statewide,0.56,0.0,0.0,0.0,0.0,0.0,0.0,0,2018,6,155,1,4.399999999999986,6.930000000000001,0.7271001637814339,0.0,1.2246467991473532e-16,-1.0,0.56,0.0,0.0,6.930000000000001
2018-06-07,Unknown,Statewide,3.72,0.0,0.0,0.0,0.0,0.0,0.0,1,2018,6,158,1,12.64,89.46000000000001,1.9524692339904006,0.0,1.2246467991473532e-16,-1.0,3.72,0.0,0.0,89.46000000000001
2018-06-08,Uttarakhand,Statewide,10.97,0.0,0.0,0.0,0.0,0.0,0.0,0,2018,6,159,1,50.589999999999996,78.86,8.625048801642635,0.0,1.2246467991473532e-16,-1.0,10.97,0.0,0.0,78.86
2018-06-09,Punjab,Statewide,12.58,0.0,0.0,0.0,0.0,0.0,0.0,0,2018,6,160,1,18.47,23.819999999999993,4.439272437864943,0.0,1.2246467991473532e-16,-1.0,12.58,0.0,0.0,23.819999999999993
2018-06-09,Uttar Pradesh,Statewide,1.53,0.0,0.0,0.0,0.0,0.0,0.0,0,2018,6,160,1,5.549999999999993,20.96,1.2886385875756414,0.0,1.2246467991473532e-16,-1.0,1.53,0.0,0.0,20.96
2018-06-13,Punjab,Statewide,0.01,0.0,0.0,0.0,0.0,0.0,0.0,0,2018,6,164,1,15.53,22.929999999999996,1.3249433123313723,0.0,1.2246467991473532e-16,-1.0,0.01,0.0,0.0,22.929999999999996
2018-06-14,Mizoram,Statewide,40.63,0.0,0.0,0.0,0.0,0.0,0.0,0,2018,6,165,1,280.89000000000004,479.56,48.11002968505806,0.0,1.2246467991473532e-16,-1.0,40.63,0.0,0.0,479.56
2018-06-15,Andhra Pradesh,Statewide,0.59,0.0,0.0,0.0,0.0,0.0,0.0,0,2018,6,166,1,17.79999999999996,67.51,1.9751313664774308,0.0,1.2246467991473532e-16,-1.0,0.59,0.0,0.0,67.51
2018-06-15,Puducherry,Statewide,1.87,0.0,0.0,0.0,0.0,0.0,0.0,0,2018,6,166,1,9.740000000000046,62.440000000000005,1.71063664498356,0.0,1.2246467991473532e-16,-1.0,1.87,0.0,0.0,62.440000000000005
2018-06-16,Madhya Pradesh,Statewide,0.0,0.0,0.0,0.0,0.0,0.0,0.0,0,2018,6,167,1,27.849999999999984,42.650000000000006,1.6714019404744525,0.0,1.2246467991473532e-16,-1.0,0.0,0.0,0.0,42.650000000000006
2018-06-16,Mizoram,Statewide,24.8,0.0,0.0,0.0,0.0,0.0,0.0,0,2018,6,167,1,338.18000000000006,553.24,43.01121454567844,0.0,1.2246467991473532e-16,-1.0,24.8,0.0,0.0,553.24
2018-06-19,Goa,Statewide,62.87,0.0,0.0,0.0,0.0,0.0,0.0,0,2018,6,170,1,168.02999999999994,568.3299999999999,36.46387197667608,0.0,1.2246467991473532e-16,-1.0,62.87,0.0,0.0,568.3299999999999
2018-06-20,Manipur,Statewide,0.01,0.0,0.0,0.0,0.0,0.0,0.0,0,2018,6,171,1,48.39,263.52,4.8271350455226445,0.0,1.2246467991473532e-16,-1.0,0.01,0.0,0.0,263.52
2018-06-21,Tripura,Statewide,0.39,0.0,0.0,0.0,0.0,0.0,0.0,0,2018,6,172,1,112.66999999999992,504.34000000000003,10.570783158833141,0.0,1.2246467991473532e-16,-1.0,0.39,0.0,0.0,504.34000000000003
2018-06-22,Unknown,Assam,3.72,0.0,0.0,0.0,0.0,0.0,0.0,1,2018,6,173,1,39.510000000000005,43.980000000000004,5.160570845699999,0.0,1.2246467991473532e-16,-1.0,3.72,0.0,0.0,43.980000000000004
2018-06-22,Unknown,Statewide,3.72,0.0,0.0,0.0,0.0,0.0,0.0,1,2018,6,173,1,8.530000000000001,89.46,2.4827284637932805,0.0,1.2246467991473532e-16,-1.0,3.72,0.0,0.0,89.46
2018-06-25,Unknown,Statewide,3.72,0.0,0.0,0.0,0.0,0.0,0.0,1,2018,6,176,1,12.080000000000002,85.35,2.853909924655296,0.0,1.2246467991473532e-16,-1.0,3.72,0.0,0.0,85.35
2018-06-26,Mizoram,Statewide,3.59,0.0,0.0,0.0,0.0,0.0,0.0,0,2018,6,177,1,42.31000000000003,572.1,7.370558670622294,0.0,1.2246467991473532e-16,-1.0,3.59,0.0,0.0,572.1
2018-06-28,Haryana,Statewide,19.93,0.0,0.0,0.0,0.0,0.0,0.0,0,2018,6,179,1,22.279999999999998,54.510000000000005,6.456753651833387,0.0,1.2246467991473532e-16,-1.0,19.93,0.0,0.0,54.510000000000005
2018-07-04,Sikkim,Statewide,37.37,0.0,0.0,0.0,0.0,0.0,0.0,0,2018,7,185,1,197.04,685.78,33.79348563915856,0.0,-0.4999999999999997,-0.8660254037844388,37.37,0.0,0.0,685.78
2018-07-08,Unknown,Statewide,7.83,0.0,0.0,0.0,0.0,0.0,0.0,1,2018,7,189,1,19.740000000000002,87.25999999999999,4.346736947258707,0.0,-0.4999999999999997,-0.8660254037844388,7.83,0.0,0.0,87.25999999999999
2018-07-09,Assam,Statewide,4.41,0.0,0.0,0.0,0.0,0.0,0.0,0,2018,7,190,1,73.02999999999999,413.33000000000004,8.926962767213924,0.0,-0.4999999999999997,-0.8660254037844388,4.41,0.0,0.0,413.33000000000004
2018-07-10,Himachal Pradesh,Statewide,5.26,0.0,0.0,0.0,0.0,0.0,0.0,0,2018,7,191,1,17.689999999999998,126.41,3.270777253662518,0.0,-0.4999999999999997,-0.8660254037844388,5.26,0.0,0.0,126.41
2018-07-12,Assam,Statewide,11.6,0.0,0.0,0.0,0.0,0.0,0.0,0,2018,7,193,1,58.93999999999998,417.21,9.973978229154374,0.0,-0.4999999999999997,-0.8660254037844388,11.6,0.0,0.0,417.21
2018-07-16,Telangana,Statewide,13.19,0.0,0.0,0.0,0.0,0.0,0.0,0,2018,7,197,1,87.69,246.82,13.335743787820043,0.0,-0.4999999999999997,-0.8660254037844388,13.19,0.0,0.0,246.82
2018-07-17,The Dadra And Nagar Haveli And Daman And Diu,Statewide,151.32,0.0,0.0,0.0,0.0,0.0,0.0,0,2018,7,198,1,650.6999999999998,1315.78,106.33261648469787,0.0,-0.4999999999999997,-0.8660254037844388,151.32,0.0,0.0,1315.78
2018-07-19,The Dadra And Nagar Haveli And Daman And Diu,Statewide,54.28,0.0,0.0,0.0,0.0,0.0,0.0,0,2018,7,200,1,656.9599999999998,1427.24,84.10548207750193,0.0,-0.4999999999999997,-0.8660254037844388,54.28,0.0,0.0,1427.24
2018-07-20,Unknown,Odisha State,7.83,0.0,0.0,0.0,0.0,0.0,0.0,1,2018,7,201,1,7.83,7.83,7.83,0.0,-0.4999999999999997,-0.8660254037844388,7.83,0.0,0.0,7.83
2018-07-21,The Dadra And Nagar Haveli And Daman And Diu,Statewide,56.26,0.0,0.0,0.0,0.0,0.0,0.0,0,2018,7,202,1,590.2499999999999,1520.51,65.86598621797594,0.0,-0.4999999999999997,-0.8660254037844388,56.26,0.0,0.0,1520.51
2018-07-26,Unknown,Uttar Pradesh,7.83,0.0,0.0,0.0,0.0,0.0,0.0,1,2018,7,207,1,34.34,44.17,5.2934583352099995,0.0,-0.4999999999999997,-0.8660254037844388,7.83,0.0,0.0,44.17
2018-07-27,Jharkhand,Statewide,23.43,0.0,0.0,0.0,0.0,0.0,0.0,0,2018,7,208,1,114.36,237.55,16.8349423455465,0.0,-0.4999999999999997,-0.8660254037844388,23.43,0.0,0.0,237.55
2018-07-29,Assam,Statewide,18.36,0.0,0.0,0.0,0.0,0.0,0.0,0,2018,7,210,1,82.59999999999998,306.33,12.156821040863996,0.0,-0.4999999999999997,-0.8660254037844388,18.36,0.0,0.0,306.33
2018-07-29,Goa,Statewide,12.57,0.0,0.0,0.0,0.0,0.0,0.0,0,2018,7,210,1,127.54999999999994,1149.8899999999999,16.134701173346635,0.0,-0.4999999999999997,-0.8660254037844388,12.57,0.0,0.0,1149.8899999999999
2018-07-29,Meghalaya,Statewide,36.44,0.0,0.0,0.0,0.0,0.0,0.0,0,2018,7,210,1,144.08000000000007,590.48,25.182463507001742,0.0,-0.4999999999999997,-0.8660254037844388,36.44,0.0,0.0,590.48
2018-07-31,Himachal Pradesh,Statewide,1.61,0.0,0.0,0.0,0.0,0.0,0.0,0,2018,7,212,1,89.35,257.76,8.641433821496982,0.0,-0.4999999999999997,-0.8660254037844388,1.61,0.0,0.0,257.76
2018-08-01,Gujarat,Statewide,0.09,0.0,0.0,0.0,0.0,0.0,0.0,0,2018,8,213,1,1.7400000000000002,280.62,0.7041806027653599,0.0,-0.8660254037844385,-0.5000000000000004,0.09,0.0,0.0,280.62
2018-08-02,Unknown,Biswanath,5.92,0.0,0.0,0.0,0.0,0.0,0.0,1,2018,8,214,1,5.92,5.92,5.92,0.0,-0.8660254037844385,-0.5000000000000004,5.92,0.0,0.0,5.92
2018-08-03,Karnataka,Statewide,2.31,0.0,0.0,0.0,0.0,0.0,0.0,0,2018,8,215,1,15.670000000000014,207.29000000000002,2.6388525785828185,0.0,-0.8660254037844385,-0.5000000000000004,2.31,0.0,0.0,207.29000000000002
2018-08-07,Unknown,Thrissur,5.92,0.0,0.0,0.0,0.0,0.0,0.0,1,2018,8,219,1,5.92,5.92,5.92,0.0,-0.8660254037844385,-0.5000000000000004,5.92,0.0,0.0,5.92
2018-08-08,Haryana,Statewide,4.25,0.0,0.0,0.0,0.0,0.0,0.0,0,2018,8,220,1,20.129999999999995,172.66000000000003,4.243791231322555,0.0,-0.8660254037844385,-0.5000000000000004,4.25,0.0,0.0,172.66000000000003
2018-08-08,Uttarakhand,Statewide,6.36,0.0,0.0,0.0,0.0,0.0,0.0,0,2018,8,220,1,109.42,470.63,14.50538409229383,0.0,-0.8660254037844385,-0.5000000000000004,6.36,0.0,0.0,470.63
2018-08-11,Tripura,Statewide,5.98,0.0,0.0,0.0,0.0,0.0,0.0,0,2018,8,223,1,75.46999999999993,325.90000000000003,8.007463399436832,0.0,-0.8660254037844385,-0.5000000000000004,5.98,0.0,0.0,325.90000000000003
2018-08-12,Chhattisgarh,Statewide,23.2,0.0,0.0,0.0,0.0,0.0,0.0,0,2018,8,224,1,107.56,385.39,15.28508721356722,0.0,-0.8660254037844385,-0.5000000000000004,23.2,0.0,0.0,385.39
2018-08-12,Maharashtra,Statewide,13.79,0.0,0.0,0.0,0.0,0.0,0.0,0,2018,8,224,1,30.29999999999999,196.42000000000002,6.342215382020862,0.0,-0.8660254037844385,-0.5000000000000004,13.79,0.0,0.0,196.42000000000002
2018-08-13,Andhra Pradesh,Statewide,8.12,0.0,0.0,0.0,0.0,0.0,0.0,0,2018,8,225,1,43.19999999999996,100.61000000000001,6.820070303399277,0.0,-0.8660254037844385,-0.5000000000000004,8.12,0.0,0.0,100.61000000000001
2018-08-13,Chandigarh,Statewide,51.5,0.0,0.0,0.0,0.0,0.0,0.0,0,2018,8,225,1,91.70000000000002,320.99999999999994,23.124530107107923,0.0,-0.8660254037844385,-0.5000000000000004,51.5,0.0,0.0,320.99999999999994
2018-08-13,Jammu And Kashmir,Statewide,2.01,0.0,0.0,0.0,0.0,0.0,0.0,0,2018,8,225,1,14.069999999999999,83.42,2.0231764055398958,0.0,-0.8660254037844385,-0.5000000000000004,2.01,0.0,0.0,83.42
2018-08-13,Ladakh,Statewide,0.08,0.0,0.0,0.0,0.0,0.0,0.0,0,2018,8,225,1,0.56,25.52,0.09317677547636374,0.0,-0.8660254037844385,-0.5000000000000004,0.08,0.0,0.0,25.52
2018-08-14,Ladakh,Statewide,0.08,0.0,0.0,0.0,0.0,0.0,0.0,0,2018,8,226,1,0.56,24.16,0.0892237428334546,0.0,-0.8660254037844385,-0.5000000000000004,0.08,0.0,0.0,24.16
2018-08-15,Unknown,Statewide,5.92,0.0,0.0,0.0,0.0,0.0,0.0,1,2018,8,227,1,25.66,87.26,4.818715863081095,0.0,-0.8660254037844385,-0.5000000000000004,5.92,0.0,0.0,87.26
2018-08-16,Madhya Pradesh,Statewide,16.19,0.0,0.0,0.0,0.0,0.0,0.0,0,2018,8,228,1,46.43999999999998,249.56,8.143230129249702,0.0,-0.8660254037844385,-0.5000000000000004,16.19,0.0,0.0,249.56
2018-08-16,Rajasthan,Statewide,4.47,0.0,0.0,0.0,0.0,0.0,0.0,0,2018,8,228,1,13.1,111.31,2.0179631142731878,0.0,-0.8660254037844385,-0.5000000000000004,4.47,0.0,0.0,111.31
2018-08-21,Meghalaya,Statewide,2.96,0.0,0.0,0.0,0.0,0.0,0.0,0,2018,8,233,1,68.94000000000008,417.26,5.900261317240426,0.0,-0.8660254037844385,-0.5000000000000004,2.96,0.0,0.0,417.26
2018-08-26,Sikkim,Statewide,15.19,0.0,0.0,0.0,0.0,0.0,0.0,0,2018,8,238,1,115.63,570.39,20.33932572142951,0.0,-0.8660254037844385,-0.5000000000000004,15.19,0.0,0.0,570.39
2018-08-28,Lakshadweep,Statewide,1642.9,0.0,0.0,0.0,0.0,0.0,0.0,0,2018,8,240,1,11500.300000000001,49287.0,1642.8999999999992,0.0,-0.8660254037844385,-0.5000000000000004,1642.9,0.0,0.0,49287.0
2018-08-28,Telangana,Statewide,1.49,0.0,0.0,0.0,0.0,0.0,0.0,0,2018,8,240,1,19.030000000000015,316.07,5.021026377677766,0.0,-0.8660254037844385,-0.5000000000000004,1.49,0.0,0.0,316.07
2018-08-28,Uttar Pradesh,Statewide,5.47,0.0,0.0,0.0,0.0,0.0,0.0,0,2018,8,240,1,94.77,339.33,11.832702974136453,0.0,-0.8660254037844385,-0.5000000000000004,5.47,0.0,0.0,339.33
2018-08-29,Sikkim,Statewide,11.77,0.0,0.0,0.0,0.0,0.0,0.0,0,2018,8,241,1,157.29000000000002,571.6,19.95192872245032,0.0,-0.8660254037844385,-0.5000000000000004,11.77,0.0,0.0,571.6
2018-08-31,Andhra Pradesh,Statewide,2.73,0.0,0.0,0.0,0.0,0.0,0.0,0,2018,8,243,1,20.69999999999996,138.69,2.706631620820593,0.0,-0.8660254037844385,-0.5000000000000004,2.73,0.0,0.0,138.69
2018-09-01,Rajasthan,Statewide,1.14,0.0,0.0,0.0,0.0,0.0,0.0,0,2018,9,244,1,17.68,94.0,2.7594298032081763,0.0,-1.0,-1.8369701987210297e-16,1.14,0.0,0.0,94.0
2018-09-01,Unknown,Uttar Pradesh,3.74,0.0,0.0,0.0,0.0,0.0,0.0,1,2018,9,244,1,34.34,47.910000000000004,4.827420834647,0.0,-1.0,-1.8369701987210297e-16,3.74,0.0,0.0,47.910000000000004
2018-09-03,Arunachal Pradesh,Statewide,15.42,0.0,0.0,0.0,0.0,0.0,0.0,0,2018,9,246,1,91.66,244.66,13.72166193495015,0.0,-1.0,-1.8369701987210297e-16,15.42,0.0,0.0,244.66
2018-09-03,Maharashtra,Statewide,4.31,0.0,0.0,0.0,0.0,0.0,0.0,0,2018,9,246,1,25.7,254.79,3.8333220869046425,0.0,-1.0,-1.8369701987210297e-16,4.31,0.0,0.0,254.79
2018-09-03,Telangana,Statewide,0.74,0.0,0.0,0.0,0.0,0.0,0.0,0,2018,9,246,1,11.670000000000014,316.8,1.959686442307411,0.0,-1.0,-1.8369701987210297e-16,0.74,0.0,0.0,316.8
2018-09-05,The Dadra And Nagar Haveli And Daman And Diu,Statewide,6.01,0.0,0.0,0.0,0.0,0.0,0.0,0,2018,9,248,1,44.46999999999989,309.84000000000003,7.627781041698536,0.0,-1.0,-1.8369701987210297e-16,6.01,0.0,0.0,309.84000000000003
2018-09-06,Punjab,Statewide,1.39,0.0,0.0,0.0,0.0,0.0,0.0,0,2018,9,249,1,19.379999999999995,118.8,2.810956289767533,0.0,-1.0,-1.8369701987210297e-16,1.39,0.0,0.0,118.8
2018-09-07,Unknown,Statewide,3.74,0.0,0.0,0.0,0.0,0.0,0.0,1,2018,9,250,1,29.400000000000002,87.26,4.495101104156766,0.0,-1.0,-1.8369701987210297e-16,3.74,0.0,0.0,87.26
2018-09-11,Kerala,Statewide,0.81,0.0,0.0,0.0,0.0,0.0,0.0,0,2018,9,254,1,1.92,443.51,0.5199767477214517,0.0,-1.0,-1.8369701987210297e-16,0.81,0.0,0.0,443.51
2018-09-12,Gujarat,Statewide,0.06,0.0,0.0,0.0,0.0,0.0,0.0,0,2018,9,255,1,1.5,120.63,0.4012475487532865,0.0,-1.0,-1.8369701987210297e-16,0.06,0.0,0.0,120.63
2018-09-12,Ladakh,Statewide,0.1,0.0,0.0,0.0,0.0,0.0,0.0,0,2018,9,255,1,0.7000000000000001,2.64,0.09972347125180638,0.0,-1.0,-1.8369701987210297e-16,0.1,0.0,0.0,2.64
2018-09-12,Uttar Pradesh,Statewide,4.23,0.0,0.0,0.0,0.0,0.0,0.0,0,2018,9,255,1,27.899999999999995,263.81,3.5261204153940073,0.0,-1.0,-1.8369701987210297e-16,4.23,0.0,0.0,263.81
2018-09-12,Uttarakhand,Statewide,13.65,0.0,0.0,0.0,0.0,0.0,0.0,0,2018,9,255,1,50.09,400.77000000000004,9.19311574733771,0.0,-1.0,-1.8369701987210297e-16,13.65,0.0,0.0,400.77000000000004
2018-09-14,Chandigarh,Statewide,4.9,0.0,0.0,0.0,0.0,0.0,0.0,0,2018,9,257,1,48.70000000000002,212.7,5.4881283139349595,0.0,-1.0,-1.8369701987210297e-16,4.9,0.0,0.0,212.7
2018-09-15,Puducherry,Statewide,1.16,0.0,0.0,0.0,0.0,0.0,0.0,0,2018,9,258,1,2.130000000000046,75.57000000000001,0.5481565672205856,0.0,-1.0,-1.8369701987210297e-16,1.16,0.0,0.0,75.57000000000001
2018-09-17,West Bengal,Statewide,0.08,0.0,0.0,0.0,0.0,0.0,0.0,0,2018,9,260,1,62.350000000000016,278.73,6.693218732602215,0.0,-1.0,-1.8369701987210297e-16,0.08,0.0,0.0,278.73
2018-09-20,Jammu And Kashmir,Statewide,8.92,0.0,0.0,0.0,0.0,0.0,0.0,0,2018,9,263,1,62.44,198.5,8.91448637151957,0.0,-1.0,-1.8369701987210297e-16,8.92,0.0,0.0,198.5
2018-09-20,Kerala,Statewide,2.09,0.0,0.0,0.0,0.0,0.0,0.0,0,2018,9,263,1,5.8100000000000005,50.83,1.1238749045766894,0.0,-1.0,-1.8369701987210297e-16,2.09,0.0,0.0,50.83
2018-09-21,Rajasthan,Statewide,0.0,0.0,0.0,0.0,0.0,0.0,0.0,0,2018,9,264,1,0.48000000000000004,78.85,0.20511618419754163,0.0,-1.0,-1.8369701987210297e-16,0.0,0.0,0.0,78.85
2018-09-22,Madhya Pradesh,Statewide,20.7,0.0,0.0,0.0,0.0,0.0,0.0,0,2018,9,265,1,23.989999999999984,198.95,6.770081141024914,0.0,-1.0,-1.8369701987210297e-16,20.7,0.0,0.0,198.95
2018-09-23,Unknown,Punjab,3.74,0.0,0.0,0.0,0.0,0.0,0.0,1,2018,9,266,1,19.05,19.05,4.3412299999999995,0.0,-1.0,-1.8369701987210297e-16,3.74,0.0,0.0,19.05
2018-09-23,Unknown,Statewide,3.74,0.0,0.0,0.0,0.0,0.0,0.0,1,2018,9,266,1,32.39,90.83,4.268570772909736,0.0,-1.0,-1.8369701987210297e-16,3.74,0.0,0.0,90.83
2018-09-26,Meghalaya,Statewide,4.57,0.0,0.0,0.0,0.0,0.0,0.0,0,2018,9,269,1,32.860000000000085,401.27000000000004,5.257111499183875,0.0,-1.0,-1.8369701987210297e-16,4.57,0.0,0.0,401.27000000000004
2018-10-01,The Dadra And Nagar Haveli And Daman And Diu,Statewide,0.0,0.0,0.0,0.0,0.0,0.0,0.0,0,2018,10,274,0,0.11999999999988631,49.55,0.060998794706650324,0.0,-0.8660254037844386,0.5000000000000001,0.0,0.0,0.0,49.55
2018-10-02,Rajasthan,Statewide,0.0,0.0,0.0,0.0,0.0,0.0,0.0,0,2018,10,275,0,0.5,74.55999999999999,0.46105350683035884,0.0,-0.8660254037844386,0.5000000000000001,0.0,0.0,0.0,74.55999999999999
2018-10-03,Meghalaya,Statewide,1.09,0.0,0.0,0.0,0.0,0.0,0.0,0,2018,10,276,0,8.480000000000086,286.65,1.3064762395372382,0.0,-0.8660254037844386,0.5000000000000001,1.09,0.0,0.0,286.65
2018-10-07,Andaman And Nicobar Islands,Statewide,11.34,0.0,0.0,0.0,0.0,0.0,0.0,0,2018,10,280,0,93.77000000000001,397.2,13.312930476424985,0.0,-0.8660254037844386,0.5000000000000001,11.34,0.0,0.0,397.2
2018-10-07,Gujarat,Statewide,0.0,0.0,0.0,0.0,0.0,0.0,0.0,0,2018,10,280,0,0.5199999999999982,18.669999999999998,0.10175232224193685,0.0,-0.8660254037844386,0.5000000000000001,0.0,0.0,0.0,18.669999999999998
2018-10-09,Chandigarh,Statewide,0.0,0.0,0.0,0.0,0.0,0.0,0.0,0,2018,10,282,0,0.0,212.29999999999998,0.24673482899776958,0.0,-0.8660254037844386,0.5000000000000001,0.0,0.0,0.0,212.29999999999998
2018-10-10,Arunachal Pradesh,Statewide,0.0,0.0,0.0,0.0,0.0,0.0,0.0,0,2018,10,283,0,15.72,248.66000000000003,3.399238322036276,0.0,-0.8660254037844386,0.5000000000000001,0.0,0.0,0.0,248.66000000000003
2018-10-11,Telangana,Statewide,0.01,0.0,0.0,0.0,0.0,0.0,0.0,0,2018,10,284,0,0.3100000000000142,83.04,0.12151343214559994,0.0,-0.8660254037844386,0.5000000000000001,0.01,0.0,0.0,83.04
2018-10-12,Bihar,Statewide,16.04,0.0,0.0,0.0,0.0,0.0,0.0,0,2018,10,285,0,17.190000000000097,54.31999999999999,4.92885222824486,0.0,-0.8660254037844386,0.5000000000000001,16.04,0.0,0.0,54.31999999999999
2018-10-12,Uttar Pradesh,Statewide,2.48,0.0,0.0,0.0,0.0,0.0,0.0,0,2018,10,285,0,2.5599999999999965,41.959999999999994,0.7646680544691566,0.0,-0.8660254037844386,0.5000000000000001,2.48,0.0,0.0,41.959999999999994
2018-10-13,Odisha,Statewide,19.02,0.0,0.0,0.0,0.0,0.0,0.0,0,2018,10,286,0,137.86,266.83,27.68614867579695,0.0,-0.8660254037844386,0.5000000000000001,19.02,0.0,0.0,266.83
2018-10-14,Andaman And Nicobar Islands,Statewide,13.72,0.0,0.0,0.0,0.0,0.0,0.0,0,2018,10,287,0,71.28,388.15999999999997,11.127499402334644,0.0,-0.8660254037844386,0.5000000000000001,13.72,0.0,0.0,388.15999999999997
2018-10-14,Mizoram,Statewide,16.1,0.0,0.0,0.0,0.0,0.0,0.0,0,2018,10,287,0,136.23000000000002,251.35000000000002,18.94884231919179,0.0,-0.8660254037844386,0.5000000000000001,16.1,0.0,0.0,251.35000000000002
2018-10-15,Assam,Statewide,3.2,0.0,0.0,0.0,0.0,0.0,0.0,0,2018,10,288,0,27.589999999999986,153.76000000000002,4.1881987047549725,0.0,-0.8660254037844386,0.5000000000000001,3.2,0.0,0.0,153.76000000000002
2018-10-18,Bihar,Statewide,0.0,0.0,0.0,0.0,0.0,0.0,0.0,0,2018,10,291,0,17.240000000000098,34.07,0.6461524258007794,0.0,-0.8660254037844386,0.5000000000000001,0.0,0.0,0.0,34.07
2018-10-20,Chhattisgarh,Statewide,0.0,0.0,0.0,0.0,0.0,0.0,0.0,0,2018,10,293,0,1.4900000000000142,50.62,0.12140506546797719,0.0,-0.8660254037844386,0.5000000000000001,0.0,0.0,0.0,50.62
2018-10-22,West Bengal,Statewide,0.0,0.0,0.0,0.0,0.0,0.0,0.0,0,2018,10,295,0,2.460000000000014,87.61,0.6869847598073083,0.0,-0.8660254037844386,0.5000000000000001,0.0,0.0,0.0,87.61
2018-10-24,Bihar,Statewide,0.0,0.0,0.0,0.0,0.0,0.0,0.0,0,2018,10,297,0,0.13000000000009948,20.54,0.08624744674303587,0.0,-0.8660254037844386,0.5000000000000001,0.0,0.0,0.0,20.54
2018-10-29,Goa,Statewide,0.0,0.0,0.0,0.0,0.0,0.0,0.0,0,2018,10,302,0,0.0799999999999396,110.66999999999999,0.2256149416693943,0.0,-0.8660254037844386,0.5000000000000001,0.0,0.0,0.0,110.66999999999999
2018-11-02,Puducherry,Statewide,26.15,0.0,0.0,0.0,0.0,0.0,0.0,0,2018,11,306,0,40.350000000000044,232.0,10.917045899783243,0.0,-0.5000000000000004,0.8660254037844384,26.15,0.0,0.0,232.0
2018-11-03,Jammu And Kashmir,Statewide,0.0,0.0,0.0,0.0,0.0,0.0,0.0,0,2018,11,307,0,0.48,3.2399999999999998,0.041207622078461494,0.0,-0.5000000000000004,0.8660254037844384,0.0,0.0,0.0,3.2399999999999998
2018-11-04,Mizoram,Statewide,0.94,0.0,0.0,0.0,0.0,0.0,0.0,0,2018,11,308,0,21.69000000000003,193.93,2.1102324431984294,0.0,-0.5000000000000004,0.8660254037844384,0.94,0.0,0.0,193.93
2018-11-05,Puducherry,Statewide,0.92,0.0,0.0,0.0,0.0,0.0,0.0,0,2018,11,309,0,56.16000000000004,110.74,6.262716743625651,0.0,-0.5000000000000004,0.8660254037844384,0.92,0.0,0.0,110.74
2018-11-06,Sikkim,Statewide,0.01,0.0,0.0,0.0,0.0,0.0,0.0,0,2018,11,310,0,6.879999999999998,36.75,1.2836504110811249,0.0,-0.5000000000000004,0.8660254037844384,0.01,0.0,0.0,36.75
2018-11-10,Unknown,Statewide,0.0,0.0,0.0,0.0,0.0,0.0,0.0,1,2018,11,314,0,28.67,90.83,2.9879995410368148,0.0,-0.5000000000000004,0.8660254037844384,0.0,0.0,0.0,90.83
2018-11-11,Punjab,Statewide,0.0,0.0,0.0,0.0,0.0,0.0,0.0,0,2018,11,315,0,0.009999999999992895,0.7499999999999928,0.015234505815229105,0.0,-0.5000000000000004,0.8660254037844384,0.0,0.0,0.0,0.7499999999999928
2018-11-12,Bihar,Statewide,0.0,0.0,0.0,0.0,0.0,0.0,0.0,0,2018,11,316,0,0.030000000000099475,0.3,0.0016716260527284608,0.0,-0.5000000000000004,0.8660254037844384,0.0,0.0,0.0,0.3
2018-11-13,Delhi,Statewide,0.0,0.0,0.0,0.0,0.0,0.0,0.0,0,2018,11,317,0,0.0,0.0,2.3431193494682932e-07,0.0,-0.5000000000000004,0.8660254037844384,0.0,0.0,0.0,0.0
2018-11-17,Arunachal Pradesh,Statewide,14.48,0.0,0.0,0.0,0.0,0.0,0.0,0,2018,11,321,0,25.589999999999996,59.14,6.800332046790329,0.0,-0.5000000000000004,0.8660254037844384,14.48,0.0,0.0,59.14
2018-11-22,Lakshadweep,Statewide,1642.9,0.0,0.0,0.0,0.0,0.0,0.0,0,2018,11,326,0,11500.300000000001,49287.0,1642.8999999999992,0.0,-0.5000000000000004,0.8660254037844384,1642.9,0.0,0.0,49287.0
2018-11-26,Jharkhand,Statewide,0.0,0.0,0.0,0.0,0.0,0.0,0.0,0,2018,11,330,0,0.0,1.6500000000000001,0.0002753176802201,0.0,-0.5000000000000004,0.8660254037844384,0.0,0.0,0.0,1.6500000000000001
2018-12-01,Meghalaya,Statewide,0.0,0.0,0.0,0.0,0.0,0.0,0.0,0,2018,12,335,0,0.0,10.33,0.004043979372207785,0.0,-2.4492935982947064e-16,1.0,0.0,0.0,0.0,10.33
2018-12-06,Unknown,Statewide,0.0,0.0,0.0,0.0,0.0,0.0,0.0,1,2018,12,340,0,24.95,90.83,2.0915996787257702,0.0,-2.4492935982947064e-16,1.0,0.0,0.0,0.0,90.83
2018-12-07,Telangana,Statewide,0.0,0.0,0.0,0.0,0.0,0.0,0.0,0,2018,12,341,0,0.06000000000001421,2.02,0.009406447765924359,0.0,-2.4492935982947064e-16,1.0,0.0,0.0,0.0,2.02
2018-12-11,Meghalaya,Statewide,0.0,0.0,0.0,0.0,0.0,0.0,0.0,0,2018,12,345,0,0.0,3.3200000000000003,0.00011423240801152569,0.0,-2.4492935982947064e-16,1.0,0.0,0.0,0.0,3.3200000000000003
2018-12-11,Sikkim,Statewide,0.0,0.0,0.0,0.0,0.0,0.0,0.0,0,2018,12,345,0,0.0,21.95,0.0008910054378240918,0.0,-2.4492935982947064e-16,1.0,0.0,0.0,0.0,21.95
2018-12-11,Telangana,Statewide,0.06,0.0,0.0,0.0,0.0,0.0,0.0,0,2018,12,345,0,0.3100000000000142,2.27,0.06015848810859843,0.0,-2.4492935982947064e-16,1.0,0.06,0.0,0.0,2.27
2018-12-15,Goa,Statewide,0.0,0.0,0.0,0.0,0.0,0.0,0.0,0,2018,12,349,0,0.0,10.63,0.044433452614909025,0.0,-2.4492935982947064e-16,1.0,0.0,0.0,0.0,10.63
2018-12-15,Puducherry,Statewide,0.0,0.0,0.0,0.0,0.0,0.0,0.0,0,2018,12,349,0,0.0,222.83,0.19145769350461248,0.0,-2.4492935982947064e-16,1.0,0.0,0.0,0.0,222.83
2018-12-17,Assam,Statewide,0.0,0.0,0.0,0.0,0.0,0.0,0.0,0,2018,12,351,0,0.2999999999999858,2.4899999999999998,0.015233337170263565,0.0,-2.4492935982947064e-16,1.0,0.0,0.0,0.0,2.4899999999999998
2018-12-19,Arunachal Pradesh,Statewide,17.7,0.0,0.0,0.0,0.0,0.0,0.0,0,2018,12,353,0,20.269999999999996,20.9,5.853204647879617,0.0,-2.4492935982947064e-16,1.0,17.7,0.0,0.0,20.9
2018-12-19,Odisha,Statewide,3.08,0.0,0.0,0.0,0.0,0.0,0.0,0,2018,12,353,0,53.51,53.739999999999995,10.946934644157336,0.0,-2.4492935982947064e-16,1.0,3.08,0.0,0.0,53.739999999999995
2018-12-22,Chhattisgarh,Statewide,0.0,0.0,0.0,0.0,0.0,0.0,0.0,0,2018,12,356,0,43.640000000000015,46.2,2.9647048187353082,0.0,-2.4492935982947064e-16,1.0,0.0,0.0,0.0,46.2
2018-12-22,Jharkhand,Statewide,0.0,0.0,0.0,0.0,0.0,0.0,0.0,0,2018,12,356,0,30.449999999999996,30.63,2.2505991861486625,0.0,-2.4492935982947064e-16,1.0,0.0,0.0,0.0,30.63
2018-12-23,Kerala,Statewide,0.16,0.0,0.0,0.0,0.0,0.0,0.0,0,2018,12,357,0,0.9500000000000001,22.96,0.13643851527548834,0.0,-2.4492935982947064e-16,1.0,0.16,0.0,0.0,22.96
2018-12-24,Odisha,Statewide,0.0,0.0,0.0,0.0,0.0,0.0,0.0,0,2018,12,358,0,44.69,53.739999999999995,1.839851305643523,0.0,-2.4492935982947064e-16,1.0,0.0,0.0,0.0,53.739999999999995
2018-12-24,West Bengal,Statewide,0.0,0.0,0.0,0.0,0.0,0.0,0.0,0,2018,12,358,0,18.020000000000014,19.45,0.7589218440565071,0.0,-2.4492935982947064e-16,1.0,0.0,0.0,0.0,19.45
2018-12-26,Madhya Pradesh,Statewide,0.0,0.0,0.0,0.0,0.0,0.0,0.0,0,2018,12,360,0,0.0,3.9600000000000004,0.04799253943604185,0.0,-2.4492935982947064e-16,1.0,0.0,0.0,0.0,3.9600000000000004
2018-12-30,Lakshadweep,Statewide,1642.9,0.0,0.0,0.0,0.0,0.0,0.0,0,2018,12,364,0,11500.300000000001,49287.0,1642.8999999999992,0.0,-2.4492935982947064e-16,1.0,1642.9,0.0,0.0,49287.0
2019-01-01,Jammu And Kashmir,Statewide,0.0,0.0,0.0,0.0,0.0,0.0,0.0,0,2019,1,1,0,0.0,0.0,2.9906246921364426e-11,0.0,0.49999999999999994,0.8660254037844387,0.0,0.0,0.0,0.0
2019-01-02,Uttarakhand,Statewide,0.01,0.0,0.0,0.0,0.0,0.0,0.0,0,2019,1,2,0,0.04000000000000311,2.54,0.0047127638593716424,0.0,0.49999999999999994,0.8660254037844387,0.01,0.0,0.0,2.54
2019-01-03,Haryana,Statewide,0.0,0.0,0.0,0.0,0.0,0.0,0.0,0,2019,1,3,0,0.0,4.71,0.0007019856983932075,0.0,0.49999999999999994,0.8660254037844387,0.0,0.0,0.0,4.71
2019-01-03,Jammu And Kashmir,Statewide,0.0,0.0,0.0,0.0,0.0,0.0,0.0,0,2019,1,3,0,0.0,0.0,1.4654060991468567e-11,0.0,0.49999999999999994,0.8660254037844387,0.0,0.0,0.0,0.0
2019-01-03,The Dadra And Nagar Haveli And Daman And Diu,Statewide,0.0,0.0,0.0,0.0,0.0,0.0,0.0,0,2019,1,3,0,0.0,0.0,2.313766089092729e-13,0.0,0.49999999999999994,0.8660254037844387,0.0,0.0,0.0,0.0
2019-01-05,Ladakh,Statewide,0.0,0.0,0.0,0.0,0.0,0.0,0.0,0,2019,1,5,0,0.0,0.0,2.9884603440864977e-12,0.0,0.49999999999999994,0.8660254037844387,0.0,0.0,0.0,0.0
2019-01-07,Unknown,Statewide,0.0,0.0,0.0,0.0,0.0,0.0,0.0,1,2019,1,7,0,21.23,90.83,1.464119775108039,0.0,0.49999999999999994,0.8660254037844387,0.0,0.0,0.0,90.83
2019-01-10,Gujarat,Statewide,0.0,0.0,0.0,0.0,0.0,0.0,0.0,0,2019,1,10,0,0.0,0.0,2.5929414466084987e-13,0.0,0.49999999999999994,0.8660254037844387,0.0,0.0,0.0,0.0
2019-01-11,Punjab,Statewide,0.0,0.0,0.0,0.0,0.0,0.0,0.0,0,2019,1,11,0,1.9599999999999926,5.5199999999999925,0.10095991529671533,0.0,0.49999999999999994,0.8660254037844387,0.0,0.0,0.0,5.5199999999999925
2019-01-11,Rajasthan,Statewide,0.0,0.0,0.0,0.0,0.0,0.0,0.0,0,2019,1,11,0,0.23,0.37000000000000005,0.011599473917521126,0.0,0.49999999999999994,0.8660254037844387,0.0,0.0,0.0,0.37000000000000005
2019-01-12,Chhattisgarh,Statewide,0.0,0.0,0.0,0.0,0.0,0.0,0.0,0,2019,1,12,0,0.0,44.24,0.0016559236147323866,0.0,0.49999999999999994,0.8660254037844387,0.0,0.0,0.0,44.24
2019-01-12,Rajasthan,Statewide,0.39,0.0,0.0,0.0,0.0,0.0,0.0,0,2019,1,12,0,0.62,0.62,0.1251196317422648,0.0,0.49999999999999994,0.8660254037844387,0.39,0.0,0.0,0.62
2019-01-14,Chhattisgarh,Statewide,0.0,0.0,0.0,0.0,0.0,0.0,0.0,0,2019,1,14,0,0.0,43.64,0.0008114025712188693,0.0,0.49999999999999994,0.8660254037844387,0.0,0.0,0.0,43.64
2019-01-15,Punjab,Statewide,0.0,0.0,0.0,0.0,0.0,0.0,0.0,0,2019,1,15,0,0.7699999999999929,2.769999999999993,0.1386904756627413,0.0,0.49999999999999994,0.8660254037844387,0.0,0.0,0.0,2.769999999999993
2019-01-17,Telangana,Statewide,0.0,0.0,0.0,0.0,0.0,0.0,0.0,0,2019,1,17,0,0.0,0.03,0.00015011426829167706,0.0,0.49999999999999994,0.8660254037844387,0.0,0.0,0.0,0.03
2019-01-18,Kerala,Statewide,0.0,0.0,0.0,0.0,0.0,0.0,0.0,0,2019,1,18,0,0.0,14.1,0.00187953065941375,0.0,0.49999999999999994,0.8660254037844387,0.0,0.0,0.0,14.1
2019-01-18,Mizoram,Statewide,0.0,0.0,0.0,0.0,0.0,0.0,0.0,0,2019,1,18,0,0.0,0.0,4.0537831471683885e-05,0.0,0.49999999999999994,0.8660254037844387,0.0,0.0,0.0,0.0
2019-01-19,Haryana,Statewide,0.0,0.0,0.0,0.0,0.0,0.0,0.0,0,2019,1,19,0,0.06,3.46,0.012052522599635147,0.0,0.49999999999999994,0.8660254037844387,0.0,0.0,0.0,3.46
2019-01-20,Arunachal Pradesh,Statewide,0.0,0.0,0.0,0.0,0.0,0.0,0.0,0,2019,1,20,0,0.0,11.370000000000001,0.024068543255904674,0.0,0.49999999999999994,0.8660254037844387,0.0,0.0,0.0,11.370000000000001
2019-01-23,Haryana,Statewide,4.87,0.0,0.0,0.0,0.0,0.0,0.0,0,2019,1,23,0,12.04,15.5,2.969593810676172,0.0,0.49999999999999994,0.8660254037844387,4.87,0.0,0.0,15.5
2019-01-24,Chhattisgarh,Statewide,0.09,0.0,0.0,0.0,0.0,0.0,0.0,0,2019,1,24,0,0.09000000000001421,0.09,0.02702292011433443,0.0,0.49999999999999994,0.8660254037844387,0.09,0.0,0.0,0.09
2019-01-24,Punjab,Statewide,0.03,0.0,0.0,0.0,0.0,0.0,0.0,0,2019,1,24,0,29.529999999999994,32.29999999999999,4.834054660949537,0.0,0.49999999999999994,0.8660254037844387,0.03,0.0,0.0,32.29999999999999
2019-01-25,Lakshadweep,Statewide,1642.9,0.0,0.0,0.0,0.0,0.0,0.0,0,2019,1,25,0,11500.300000000001,49287.0,1642.8999999999992,0.0,0.49999999999999994,0.8660254037844387,1642.9,0.0,0.0,49287.0
2019-01-26,Sikkim,Statewide,0.46,0.0,0.0,0.0,0.0,0.0,0.0,0,2019,1,26,0,5.869999999999998,14.25,1.062492615210978,0.0,0.49999999999999994,0.8660254037844387,0.46,0.0,0.0,14.25
2019-01-27,Jharkhand,Statewide,1.12,0.0,0.0,0.0,0.0,0.0,0.0,0,2019,1,27,0,1.9200000000000002,1.9200000000000002,0.46148096798328364,0.0,0.49999999999999994,0.8660254037844387,1.12,0.0,0.0,1.9200000000000002
2019-01-30,Meghalaya,Statewide,0.38,0.0,0.0,0.0,0.0,0.0,0.0,0,2019,1,30,0,0.3800000000000817,0.5700000000000001,0.11406140271178639,0.0,0.49999999999999994,0.8660254037844387,0.38,0.0,0.0,0.5700000000000001
2019-01-31,Lakshadweep,Statewide,1642.9,0.0,0.0,0.0,0.0,0.0,0.0,0,2019,1,31,0,11500.300000000001,49287.0,1642.8999999999992,0.0,0.49999999999999994,0.8660254037844387,1642.9,0.0,0.0,49287.0
2019-01-31,Meghalaya,Statewide,0.0,0.0,0.0,0.0,0.0,0.0,0.0,0,2019,1,31,0,0.3800000000000817,0.5700000000000001,0.07984298189825047,0.0,0.49999999999999994,0.8660254037844387,0.0,0.0,0.0,0.5700000000000001
2019-01-31,Puducherry,Statewide,0.0,0.0,0.0,0.0,0.0,0.0,0.0,0,2019,1,31,0,0.5700000000000426,0.57,0.08115905351537321,0.0,0.49999999999999994,0.8660254037844387,0.0,0.0,0.0,0.57
2019-02-05,Punjab,Statewide,0.0,0.0,0.0,0.0,0.0,0.0,0.0,0,2019,2,36,0,3.2699999999999934,33.89999999999999,0.3318072755167051,0.0,0.8660254037844386,0.5000000000000001,0.0,0.0,0.0,33.89999999999999
2019-02-07,Odisha,Statewide,0.0,0.0,0.0,0.0,0.0,0.0,0.0,0,2019,2,38,0,0.0,0.9299999999999929,0.006803048386010919,0.0,0.8660254037844386,0.5000000000000001,0.0,0.0,0.0,0.9299999999999929
2019-02-08,Delhi,Statewide,18.42,0.0,0.0,0.0,0.0,0.0,0.0,0,2019,2,39,0,18.850000000000023,50.42000000000001,5.624257698834329,0.0,0.8660254037844386,0.5000000000000001,18.42,0.0,0.0,50.42000000000001
2019-02-08,Telangana,Statewide,0.0,0.0,0.0,0.0,0.0,0.0,0.0,0,2019,2,39,0,0.0,25.009999999999998,0.123370002266004,0.0,0.8660254037844386,0.5000000000000001,0.0,0.0,0.0,25.009999999999998
2019-02-09,Haryana,Statewide,0.0,0.0,0.0,0.0,0.0,0.0,0.0,0,2019,2,40,0,8.91,23.490000000000002,1.8755592311156437,0.0,0.8660254037844386,0.5000000000000001,0.0,0.0,0.0,23.490000000000002
2019-02-09,Maharashtra,Statewide,0.0,0.0,0.0,0.0,0.0,0.0,0.0,0,2019,2,40,0,0.0,3.05,0.006007427507726566,0.0,0.8660254037844386,0.5000000000000001,0.0,0.0,0.0,3.05
2019-02-11,Mizoram,Statewide,0.0,0.0,0.0,0.0,0.0,0.0,0.0,0,2019,2,42,0,0.0,0.05,0.00020762707430267067,0.0,0.8660254037844386,0.5000000000000001,0.0,0.0,0.0,0.05
2019-02-14,Uttar Pradesh,Statewide,0.14,0.0,0.0,0.0,0.0,0.0,0.0,0,2019,2,45,0,6.439999999999996,19.57,0.30852966265564,0.0,0.8660254037844386,0.5000000000000001,0.14,0.0,0.0,19.57
2019-02-15,Puducherry,Statewide,0.0,0.0,0.0,0.0,0.0,0.0,0.0,0,2019,2,46,0,0.0,3.4299999999999997,0.024621683962852976,0.0,0.8660254037844386,0.5000000000000001,0.0,0.0,0.0,3.4299999999999997
2019-02-19,Lakshadweep,Statewide,1642.9,0.0,0.0,0.0,0.0,0.0,0.0,0,2019,2,50,0,11500.300000000001,49287.0,1642.8999999999992,0.0,0.8660254037844386,0.5000000000000001,1642.9,0.0,0.0,49287.0
2019-02-20,Tripura,Statewide,0.0,0.0,0.0,0.0,0.0,0.0,0.0,0,2019,2,51,0,4.319999999999928,4.400000000000028,0.6231464057456079,0.0,0.8660254037844386,0.5000000000000001,0.0,0.0,0.0,4.400000000000028
2019-02-20,Uttar Pradesh,Statewide,0.09,0.0,0.0,0.0,0.0,0.0,0.0,0,2019,2,51,0,8.009999999999996,27.44,0.5807167862817733,0.0,0.8660254037844386,0.5000000000000001,0.09,0.0,0.0,27.44
2019-02-21,Chandigarh,Statewide,0.5,0.0,0.0,0.0,0.0,0.0,0.0,0,2019,2,52,0,11.40000000000002,51.699999999999974,1.2982487381726633,0.0,0.8660254037844386,0.5000000000000001,0.5,0.0,0.0,51.699999999999974
2019-02-23,Andaman And Nicobar Islands,Statewide,1.05,0.0,0.0,0.0,0.0,0.0,0.0,0,2019,2,54,0,9.330000000000002,59.95,1.2826129492142944,0.0,0.8660254037844386,0.5000000000000001,1.05,0.0,0.0,59.95
2019-02-24,Rajasthan,Statewide,0.0,0.0,0.0,0.0,0.0,0.0,0.0,0,2019,2,55,0,0.76,2.34,0.07750560895826711,0.0,0.8660254037844386,0.5000000000000001,0.0,0.0,0.0,2.34
2019-02-25,Assam,Statewide,0.26,0.0,0.0,0.0,0.0,0.0,0.0,0,2019,2,56,0,9.739999999999986,27.85,1.2346689354168678,0.0,0.8660254037844386,0.5000000000000001,0.26,0.0,0.0,27.85
2019-02-25,Nagaland,Statewide,0.06,0.0,0.0,0.0,0.0,0.0,0.0,0,2019,2,56,0,10.849999999999945,25.450000000000006,1.546333676725028,0.0,0.8660254037844386,0.5000000000000001,0.06,0.0,0.0,25.450000000000006
2019-02-28,Telangana,Statewide,0.47,0.0,0.0,0.0,0.0,0.0,0.0,0,2019,2,59,0,0.5000000000000142,1.4,0.15149516786894707,0.0,0.8660254037844386,0.5000000000000001,0.47,0.0,0.0,1.4
2019-03-02,Chhattisgarh,Statewide,0.0,0.0,0.0,0.0,0.0,0.0,0.0,0,2019,3,61,0,2.8300000000000143,12.440000000000001,0.30167984433764566,0.0,1.0,6.123233995736766e-17,0.0,0.0,0.0,12.440000000000001
2019-03-03,Delhi,Statewide,6.06,0.0,0.0,0.0,0.0,0.0,0.0,0,2019,3,62,0,9.19000000000002,35.620000000000005,2.0382518440134287,0.0,1.0,6.123233995736766e-17,6.06,0.0,0.0,35.620000000000005
2019-03-03,Jharkhand,Statewide,0.0,0.0,0.0,0.0,0.0,0.0,0.0,0,2019,3,62,0,19.779999999999998,35.53,1.2639900842782048,0.0,1.0,6.123233995736766e-17,0.0,0.0,0.0,35.53
2019-03-05,Tamil Nadu,Statewide,0.0,0.0,0.0,0.0,0.0,0.0,0.0,0,2019,3,64,0,1.73,4.02,0.15389999700711207,0.0,1.0,6.123233995736766e-17,0.0,0.0,0.0,4.02
2019-03-05,The Dadra And Nagar Haveli And Daman And Diu,Statewide,0.0,0.0,0.0,0.0,0.0,0.0,0.0,0,2019,3,64,0,0.0,0.0,8.22810627727987e-23,0.0,1.0,6.123233995736766e-17,0.0,0.0,0.0,0.0
2019-03-05,Unknown,Statewide,0.0,0.0,0.0,0.0,0.0,0.0,0.0,1,2019,3,64,0,13.399999999999999,90.83,1.0248838425756273,0.0,1.0,6.123233995736766e-17,0.0,0.0,0.0,90.83
2019-03-06,Meghalaya,Statewide,1.93,0.0,0.0,0.0,0.0,0.0,0.0,0,2019,3,65,0,23.890000000000082,39.0,1.5401182667737807,0.0,1.0,6.123233995736766e-17,1.93,0.0,0.0,39.0
2019-03-07,Maharashtra,Statewide,0.0,0.0,0.0,0.0,0.0,0.0,0.0,0,2019,3,66,0,0.38,1.0899999999999999,0.03619330364496891,0.0,1.0,6.123233995736766e-17,0.0,0.0,0.0,1.0899999999999999
2019-03-07,Puducherry,Statewide,0.0,0.0,0.0,0.0,0.0,0.0,0.0,0,2019,3,66,0,1.3800000000000425,1.38,0.09008904519963458,0.0,1.0,6.123233995736766e-17,0.0,0.0,0.0,1.38
2019-03-10,Manipur,Statewide,0.0,0.0,0.0,0.0,0.0,0.0,0.0,0,2019,3,69,0,5.629999999999996,28.879999999999992,0.6817380296670521,0.0,1.0,6.123233995736766e-17,0.0,0.0,0.0,28.879999999999992
2019-03-12,Arunachal Pradesh,Statewide,0.61,0.0,0.0,0.0,0.0,0.0,0.0,0,2019,3,71,0,27.319999999999997,128.13,1.8466106352282392,0.0,1.0,6.123233995736766e-17,0.61,0.0,0.0,128.13
2019-03-14,West Bengal,Statewide,0.0,0.0,0.0,0.0,0.0,0.0,0.0,0,2019,3,73,0,0.20000000000001067,84.63,0.3070181479993793,0.0,1.0,6.123233995736766e-17,0.0,0.0,0.0,84.63
2019-03-16,Punjab,Statewide,0.0,0.0,0.0,0.0,0.0,0.0,0.0,0,2019,3,75,0,4.729999999999992,46.589999999999996,0.46597683154531094,0.0,1.0,6.123233995736766e-17,0.0,0.0,0.0,46.589999999999996
2019-03-19,Kerala,Statewide,0.44,0.0,0.0,0.0,0.0,0.0,0.0,0,2019,3,78,0,0.44,13.82,0.22930052112426177,0.0,1.0,6.123233995736766e-17,0.44,0.0,0.0,13.82
2019-03-20,Uttarakhand,Statewide,0.13,0.0,0.0,0.0,0.0,0.0,0.0,0,2019,3,79,0,11.400000000000004,89.55000000000001,0.803490886435911,0.0,1.0,6.123233995736766e-17,0.13,0.0,0.0,89.55000000000001
2019-03-21,Haryana,Statewide,0.02,0.0,0.0,0.0,0.0,0.0,0.0,0,2019,3,80,0,1.36,13.7,0.07655733578114955,0.0,1.0,6.123233995736766e-17,0.02,0.0,0.0,13.7
2019-03-22,Lakshadweep,Statewide,1642.9,0.0,0.0,0.0,0.0,0.0,0.0,0,2019,3,81,0,11500.300000000001,49287.0,1642.8999999999992,0.0,1.0,6.123233995736766e-17,1642.9,0.0,0.0,49287.0
2019-03-23,The Dadra And Nagar Haveli And Daman And Diu,Statewide,0.0,0.0,0.0,0.0,0.0,0.0,0.0,0,2019,3,82,0,0.0,0.0,1.3398760146974847e-25,0.0,1.0,6.123233995736766e-17,0.0,0.0,0.0,0.0
2019-03-25,Jammu And Kashmir,Statewide,0.0,0.0,0.0,0.0,0.0,0.0,0.0,0,2019,3,84,0,0.0,77.94,0.0024885600637646528,0.0,1.0,6.123233995736766e-17,0.0,0.0,0.0,77.94
2019-03-25,Rajasthan,Statewide,0.0,0.0,0.0,0.0,0.0,0.0,0.0,0,2019,3,84,0,0.0,1.7799999999999996,0.0028695341512324866,0.0,1.0,6.123233995736766e-17,0.0,0.0,0.0,1.7799999999999996
2019-03-27,Madhya Pradesh,Statewide,0.0,0.0,0.0,0.0,0.0,0.0,0.0,0,2019,3,86,0,0.6799999999999857,9.99,0.08906117725534636,0.0,1.0,6.123233995736766e-17,0.0,0.0,0.0,9.99
2019-03-27,Mizoram,Statewide,0.0,0.0,0.0,0.0,0.0,0.0,0.0,0,2019,3,86,0,5.5800000000000285,46.209999999999994,0.4097978277998501,0.0,1.0,6.123233995736766e-17,0.0,0.0,0.0,46.209999999999994
2019-03-27,Rajasthan,Statewide,0.0,0.0,0.0,0.0,0.0,0.0,0.0,0,2019,3,86,0,0.04,1.8199999999999996,0.009806071734103918,0.0,1.0,6.123233995736766e-17,0.0,0.0,0.0,1.8199999999999996
2019-03-27,Uttarakhand,Statewide,0.0,0.0,0.0,0.0,0.0,0.0,0.0,0,2019,3,86,0,10.560000000000002,61.900000000000006,2.069370463508809,0.0,1.0,6.123233995736766e-17,0.0,0.0,0.0,61.900000000000006
2019-03-28,Nagaland,Statewide,3.33,0.0,0.0,0.0,0.0,0.0,0.0,0,2019,3,87,0,17.039999999999942,82.5,2.1005889368165125,0.0,1.0,6.123233995736766e-17,3.33,0.0,0.0,82.5
2019-03-30,Jharkhand,Statewide,0.07,0.0,0.0,0.0,0.0,0.0,0.0,0,2019,3,89,0,0.8400000000000001,18.75,0.15904937449749174,0.0,1.0,6.123233995736766e-17,0.07,0.0,0.0,18.75
2019-04-03,Himachal Pradesh,Statewide,0.0,0.0,0.0,0.0,0.0,0.0,0.0,0,2019,4,93,0,0.0,57.93000000000001,0.24979277932895233,0.0,0.8660254037844387,-0.4999999999999998,0.0,0.0,0.0,57.93000000000001
2019-04-03,Karnataka,Statewide,0.94,0.0,0.0,0.0,0.0,0.0,0.0,0,2019,4,93,0,4.690000000000015,7.1100000000000145,0.7471877579874102,0.0,0.8660254037844387,-0.4999999999999998,0.94,0.0,0.0,7.1100000000000145
2019-04-06,Assam,Statewide,0.1,0.0,0.0,0.0,0.0,0.0,0.0,0,2019,4,96,0,50.02999999999999,74.16000000000001,4.812433131303865,0.0,0.8660254037844387,-0.4999999999999998,0.1,0.0,0.0,74.16000000000001
2019-04-06,Sikkim,Statewide,12.75,0.0,0.0,0.0,0.0,0.0,0.0,0,2019,4,96,0,78.22999999999999,187.97,7.593868816612085,0.0,0.8660254037844387,-0.4999999999999998,12.75,0.0,0.0,187.97
2019-04-08,Punjab,Statewide,1.08,0.0,0.0,0.0,0.0,0.0,0.0,0,2019,4,98,0,1.139999999999993,5.989999999999993,0.3368198621134893,0.0,0.8660254037844387,-0.4999999999999998,1.08,0.0,0.0,5.989999999999993
2019-04-10,Puducherry,Statewide,0.0,0.0,0.0,0.0,0.0,0.0,0.0,0,2019,4,100,0,1.6200000000000427,1.62,0.1666991833239246,0.0,0.8660254037844387,-0.4999999999999998,0.0,0.0,0.0,1.62
2019-04-12,Puducherry,Statewide,0.12,0.0,0.0,0.0,0.0,0.0,0.0,0,2019,4,102,0,2.110000000000043,2.1100000000000003,0.19538259982872305,0.0,0.8660254037844387,-0.4999999999999998,0.12,0.0,0.0,2.1100000000000003
2019-04-13,Odisha,Statewide,1.31,0.0,0.0,0.0,0.0,0.0,0.0,0,2019,4,103,0,10.92,36.379999999999995,1.2053041793209203,0.0,0.8660254037844387,-0.4999999999999998,1.31,0.0,0.0,36.379999999999995
2019-04-14,Uttar Pradesh,Statewide,0.0,0.0,0.0,0.0,0.0,0.0,0.0,0,2019,4,104,0,0.29999999999999644,2.92,0.04928981162147207,0.0,0.8660254037844387,-0.4999999999999998,0.0,0.0,0.0,2.92
2019-04-19,Jharkhand,Statewide,5.31,0.0,0.0,0.0,0.0,0.0,0.0,0,2019,4,109,0,10.059999999999999,32.01,2.351314420570194,0.0,0.8660254037844387,-0.4999999999999998,5.31,0.0,0.0,32.01
2019-04-23,Odisha,Statewide,1.31,0.0,0.0,0.0,0.0,0.0,0.0,0,2019,4,113,0,19.95,37.96999999999999,2.8317933328694416,0.0,0.8660254037844387,-0.4999999999999998,1.31,0.0,0.0,37.96999999999999
2019-04-23,Punjab,Statewide,0.0,0.0,0.0,0.0,0.0,0.0,0.0,0,2019,4,113,0,18.93999999999999,23.289999999999992,0.9458100918147138,0.0,0.8660254037844387,-0.4999999999999998,0.0,0.0,0.0,23.289999999999992
2019-04-24,Rajasthan,Statewide,0.0,0.0,0.0,0.0,0.0,0.0,0.0,0,2019,4,114,0,1.98,11.43,0.2828905919942776,0.0,0.8660254037844387,-0.4999999999999998,0.0,0.0,0.0,11.43
2019-04-30,Haryana,Statewide,0.0,0.0,0.0,0.0,0.0,0.0,0.0,0,2019,4,120,0,0.65,12.5,0.07412227202950022,0.0,0.8660254037844387,-0.4999999999999998,0.0,0.0,0.0,12.5
2019-04-30,Puducherry,Statewide,0.34,0.0,0.0,0.0,0.0,0.0,0.0,0,2019,4,120,0,0.8400000000000427,4.96,0.1730471917397075,0.0,0.8660254037844387,-0.4999999999999998,0.34,0.0,0.0,4.96
2019-05-01,Punjab,Statewide,0.08,0.0,0.0,0.0,0.0,0.0,0.0,0,2019,5,121,0,1.4099999999999928,24.679999999999993,0.1280374916310355,0.0,0.49999999999999994,-0.8660254037844387,0.08,0.0,0.0,24.679999999999993
2019-05-04,Andaman And Nicobar Islands,Statewide,11.74,0.0,0.0,0.0,0.0,0.0,0.0,0,2019,5,124,0,56.879999999999995,121.15,8.654854205717024,0.0,0.49999999999999994,-0.8660254037844387,11.74,0.0,0.0,121.15
2019-05-04,Maharashtra,Statewide,0.0,0.0,0.0,0.0,0.0,0.0,0.0,0,2019,5,124,0,0.38,5.19,0.019910650308196724,0.0,0.49999999999999994,-0.8660254037844387,0.0,0.0,0.0,5.19
2019-05-04,Rajasthan,Statewide,0.2,0.0,0.0,0.0,0.0,0.0,0.0,0,2019,5,124,0,0.22,11.599999999999998,0.07219095904133409,0.0,0.49999999999999994,-0.8660254037844387,0.2,0.0,0.0,11.599999999999998
2019-05-05,West Bengal,Statewide,2.38,0.0,0.0,0.0,0.0,0.0,0.0,0,2019,5,125,0,81.5,145.29,15.445035594487893,0.0,0.49999999999999994,-0.8660254037844387,2.38,0.0,0.0,145.29
2019-05-08,Unknown,Statewide,0.75,0.0,0.0,0.0,0.0,0.0,0.0,1,2019,5,128,0,8.23,90.83,0.942418689802939,0.0,0.49999999999999994,-0.8660254037844387,0.75,0.0,0.0,90.83
2019-05-09,Sikkim,Statewide,6.42,0.0,0.0,0.0,0.0,0.0,0.0,0,2019,5,129,0,99.24999999999999,269.66,12.041221803754677,0.0,0.49999999999999994,-0.8660254037844387,6.42,0.0,0.0,269.66
2019-05-14,The Dadra And Nagar Haveli And Daman And Diu,Statewide,0.0,0.0,0.0,0.0,0.0,0.0,0.0,0,2019,5,134,0,0.0,0.02,1.931943453487905e-07,0.0,0.49999999999999994,-0.8660254037844387,0.0,0.0,0.0,0.02
2019-05-15,Lakshadweep,Statewide,1642.9,0.0,0.0,0.0,0.0,0.0,0.0,0,2019,5,135,0,11500.300000000001,49287.0,1642.8999999999992,0.0,0.49999999999999994,-0.8660254037844387,1642.9,0.0,0.0,49287.0
2019-05-15,Maharashtra,Statewide,0.0,0.0,0.0,0.0,0.0,0.0,0.0,0,2019,5,135,0,0.08000000000000002,3.09,0.012869481513249185,0.0,0.49999999999999994,-0.8660254037844387,0.0,0.0,0.0,3.09
2019-05-17,Arunachal Pradesh,Statewide,4.8,0.0,0.0,0.0,0.0,0.0,0.0,0,2019,5,137,0,140.79,387.76,12.419223785953394,0.0,0.49999999999999994,-0.8660254037844387,4.8,0.0,0.0,387.76
2019-05-19,Rajasthan,Statewide,0.06,0.0,0.0,0.0,0.0,0.0,0.0,0,2019,5,139,0,10.23,13.94,1.361379056575994,0.0,0.49999999999999994,-0.8660254037844387,0.06,0.0,0.0,13.94
2019-05-20,Chhattisgarh,Statewide,0.0,0.0,0.0,0.0,0.0,0.0,0.0,0,2019,5,140,0,2.8900000000000143,8.309999999999999,0.14854133854370302,0.0,0.49999999999999994,-0.8660254037844387,0.0,0.0,0.0,8.309999999999999
2019-05-21,Jharkhand,Statewide,0.3,0.0,0.0,0.0,0.0,0.0,0.0,0,2019,5,141,0,3.57,52.12,0.3959441895817001,0.0,0.49999999999999994,-0.8660254037844387,0.3,0.0,0.0,52.12
2019-05-21,Manipur,Statewide,0.41,0.0,0.0,0.0,0.0,0.0,0.0,0,2019,5,141,0,25.11,87.72,1.5145111522822376,0.0,0.49999999999999994,-0.8660254037844387,0.41,0.0,0.0,87.72
2019-05-24,Nagaland,Statewide,5.28,0.0,0.0,0.0,0.0,0.0,0.0,0,2019,5,144,0,39.57999999999994,244.21,6.151088678118963,0.0,0.49999999999999994,-0.8660254037844387,5.28,0.0,0.0,244.21
2019-05-24,Unknown,Statewide,0.75,0.0,0.0,0.0,0.0,0.0,0.0,1,2019,5,144,0,5.24,87.86,0.8846930828620572,0.0,0.49999999999999994,-0.8660254037844387,0.75,0.0,0.0,87.86
2019-05-25,Kerala,Statewide,6.53,0.0,0.0,0.0,0.0,0.0,0.0,0,2019,5,145,0,16.360000000000003,55.83,3.4626072604630265,0.0,0.49999999999999994,-0.8660254037844387,6.53,0.0,0.0,55.83
2019-05-25,Madhya Pradesh,Statewide,0.01,0.0,0.0,0.0,0.0,0.0,0.0,0,2019,5,145,0,0.1299999999999858,1.6700000000000002,0.027250367291173597,0.0,0.49999999999999994,-0.8660254037844387,0.01,0.0,0.0,1.6700000000000002
2019-05-25,Meghalaya,Statewide,18.24,0.0,0.0,0.0,0.0,0.0,0.0,0,2019,5,145,0,78.44000000000008,596.7,14.405371838988186,0.0,0.49999999999999994,-0.8660254037844387,18.24,0.0,0.0,596.7
2019-05-27,The Dadra And Nagar Haveli And Daman And Diu,Statewide,0.0,0.0,0.0,0.0,0.0,0.0,0.0,0,2019,5,147,0,0.0,0.0,1.87184089370725e-09,0.0,0.49999999999999994,-0.8660254037844387,0.0,0.0,0.0,0.0
2019-05-29,Nagaland,Statewide,2.03,0.0,0.0,0.0,0.0,0.0,0.0,0,2019,5,149,0,51.99999999999994,272.70000000000005,5.477875474131452,0.0,0.49999999999999994,-0.8660254037844387,2.03,0.0,0.0,272.70000000000005
2019-05-31,Maharashtra,Statewide,0.01,0.0,0.0,0.0,0.0,0.0,0.0,0,2019,5,151,0,0.13999999999999999,0.9400000000000001,0.03548364584925966,0.0,0.49999999999999994,-0.8660254037844387,0.01,0.0,0.0,0.9400000000000001
2019-06-02,Gujarat,Statewide,0.0,0.0,0.0,0.0,0.0,0.0,0.0,0,2019,6,153,1,0.0,0.24,0.00014202680632639323,0.0,1.2246467991473532e-16,-1.0,0.0,0.0,0.0,0.24
2019-06-02,Tamil Nadu,Statewide,0.58,0.0,0.0,0.0,0.0,0.0,0.0,0,2019,6,153,1,9.02,24.6,1.109091983384562,0.0,1.2246467991473532e-16,-1.0,0.58,0.0,0.0,24.6
2019-06-05,Jharkhand,Statewide,1.52,0.0,0.0,0.0,0.0,0.0,0.0,0,2019,6,156,1,17.37,34.910000000000004,2.6572781758574253,0.0,1.2246467991473532e-16,-1.0,1.52,0.0,0.0,34.910000000000004
2019-06-07,Tamil Nadu,Statewide,0.03,0.0,0.0,0.0,0.0,0.0,0.0,0,2019,6,158,1,13.649999999999999,32.92,2.098544789647443,0.0,1.2246467991473532e-16,-1.0,0.03,0.0,0.0,32.92
2019-06-08,Telangana,Statewide,7.62,0.0,0.0,0.0,0.0,0.0,0.0,0,2019,6,159,1,17.540000000000013,34.82,3.741817411326113,0.0,1.2246467991473532e-16,-1.0,7.62,0.0,0.0,34.82
2019-06-08,Unknown,Statewide,3.72,0.0,0.0,0.0,0.0,0.0,0.0,1,2019,6,159,1,5.220000000000001,83.75,1.73528515800344,0.0,1.2246467991473532e-16,-1.0,3.72,0.0,0.0,83.75
2019-06-09,Sikkim,Statewide,47.36,0.0,0.0,0.0,0.0,0.0,0.0,0,2019,6,160,1,111.15,455.21999999999997,23.059139846976805,0.0,1.2246467991473532e-16,-1.0,47.36,0.0,0.0,455.21999999999997
2019-06-12,Andaman And Nicobar Islands,Statewide,11.57,0.0,0.0,0.0,0.0,0.0,0.0,0,2019,6,163,1,93.58000000000001,419.75,12.458020200647047,0.0,1.2246467991473532e-16,-1.0,11.57,0.0,0.0,419.75
2019-06-15,Tripura,Statewide,11.98,0.0,0.0,0.0,0.0,0.0,0.0,0,2019,6,166,1,56.84999999999993,374.6,11.443110644896686,0.0,1.2246467991473532e-16,-1.0,11.98,0.0,0.0,374.6
2019-06-16,Jammu And Kashmir,Statewide,0.18,0.0,0.0,0.0,0.0,0.0,0.0,0,2019,6,167,1,1.26,77.64,0.19714791217964828,0.0,1.2246467991473532e-16,-1.0,0.18,0.0,0.0,77.64
2019-06-18,Mizoram,Statewide,1.49,0.0,0.0,0.0,0.0,0.0,0.0,0,2019,6,169,1,110.19000000000003,273.39,9.481124793016006,0.0,1.2246467991473532e-16,-1.0,1.49,0.0,0.0,273.39
2019-06-21,Ladakh,Statewide,0.0,0.0,0.0,0.0,0.0,0.0,0.0,0,2019,6,172,1,0.0,63.17999999999999,0.003920930102264125,0.0,1.2246467991473532e-16,-1.0,0.0,0.0,0.0,63.17999999999999
2019-06-21,Manipur,Statewide,8.63,0.0,0.0,0.0,0.0,0.0,0.0,0,2019,6,172,1,55.13,129.46,8.23318693860668,0.0,1.2246467991473532e-16,-1.0,8.63,0.0,0.0,129.46
2019-06-21,Tamil Nadu,Statewide,0.31,0.0,0.0,0.0,0.0,0.0,0.0,0,2019,6,172,1,1.07,30.64,0.2594770696045098,0.0,1.2246467991473532e-16,-1.0,0.31,0.0,0.0,30.64
2019-06-21,Uttar Pradesh,Statewide,0.26,0.0,0.0,0.0,0.0,0.0,0.0,0,2019,6,172,1,4.759999999999997,12.15,0.7617178212651485,0.0,1.2246467991473532e-16,-1.0,0.26,0.0,0.0,12.15
2019-06-21,Uttarakhand,Statewide,7.1,0.0,0.0,0.0,0.0,0.0,0.0,0,2019,6,172,1,16.1,55.800000000000004,3.51878852492173,0.0,1.2246467991473532e-16,-1.0,7.1,0.0,0.0,55.800000000000004
2019-06-27,Unknown,Statewide,3.72,0.0,0.0,0.0,0.0,0.0,0.0,1,2019,6,178,1,8.940000000000001,81.55,2.330699610602408,0.0,1.2246467991473532e-16,-1.0,3.72,0.0,0.0,81.55
2019-06-28,Unknown,Mumbai,3.72,0.0,0.0,0.0,0.0,0.0,0.0,1,2019,6,179,1,3.72,3.72,3.72,0.0,1.2246467991473532e-16,-1.0,3.72,0.0,0.0,3.72
2019-07-03,Arunachal Pradesh,Statewide,15.16,0.0,0.0,0.0,0.0,0.0,0.0,0,2019,7,184,1,123.87,414.78999999999996,15.903811173456027,0.0,-0.4999999999999997,-0.8660254037844388,15.16,0.0,0.0,414.78999999999996
2019-07-03,Chandigarh,Statewide,0.0,0.0,0.0,0.0,0.0,0.0,0.0,0,2019,7,184,1,0.0,22.29999999999998,0.008617260248155774,0.0,-0.4999999999999997,-0.8660254037844388,0.0,0.0,0.0,22.29999999999998
2019-07-04,Andaman And Nicobar Islands,Statewide,8.61,0.0,0.0,0.0,0.0,0.0,0.0,0,2019,7,185,1,75.78,365.46,10.120499473524932,0.0,-0.4999999999999997,-0.8660254037844388,8.61,0.0,0.0,365.46
2019-07-05,Tripura,Statewide,5.19,0.0,0.0,0.0,0.0,0.0,0.0,0,2019,7,186,1,69.47999999999993,227.18000000000004,6.890189621523174,0.0,-0.4999999999999997,-0.8660254037844388,5.19,0.0,0.0,227.18000000000004
2019-07-07,West Bengal,Statewide,16.22,0.0,0.0,0.0,0.0,0.0,0.0,0,2019,7,188,1,65.2,209.87,11.639620449025806,0.0,-0.4999999999999997,-0.8660254037844388,16.22,0.0,0.0,209.87
2019-07-08,Rajasthan,Statewide,4.12,0.0,0.0,0.0,0.0,0.0,0.0,0,2019,7,189,1,54.15,100.98,7.5847814369118,0.0,-0.4999999999999997,-0.8660254037844388,4.12,0.0,0.0,100.98
2019-07-11,Tripura,Statewide,33.52,0.0,0.0,0.0,0.0,0.0,0.0,0,2019,7,192,1,198.29999999999995,387.18,33.49156107878258,0.0,-0.4999999999999997,-0.8660254037844388,33.52,0.0,0.0,387.18
2019-07-12,Nagaland,Statewide,11.39,0.0,0.0,0.0,0.0,0.0,0.0,0,2019,7,193,1,76.09999999999994,244.60000000000002,11.60001351540911,0.0,-0.4999999999999997,-0.8660254037844388,11.39,0.0,0.0,244.60000000000002
2019-07-13,The Dadra And Nagar Haveli And Daman And Diu,Statewide,9.02,0.0,0.0,0.0,0.0,0.0,0.0,0,2019,7,194,1,350.4399999999999,980.58,24.557014722032946,0.0,-0.4999999999999997,-0.8660254037844388,9.02,0.0,0.0,980.58
2019-07-14,Jharkhand,Statewide,2.52,0.0,0.0,0.0,0.0,0.0,0.0,0,2019,7,195,1,63.26,196.92999999999998,6.889948634199286,0.0,-0.4999999999999997,-0.8660254037844388,2.52,0.0,0.0,196.92999999999998
2019-07-14,Unknown,Sitamarhi,7.83,0.0,0.0,0.0,0.0,0.0,0.0,1,2019,7,195,1,7.83,7.83,7.83,0.0,-0.4999999999999997,-0.8660254037844388,7.83,0.0,0.0,7.83
2019-07-19,Tripura,Statewide,25.06,0.0,0.0,0.0,0.0,0.0,0.0,0,2019,7,200,1,219.57999999999993,601.87,26.101363835785264,0.0,-0.4999999999999997,-0.8660254037844388,25.06,0.0,0.0,601.87
2019-07-20,Meghalaya,Statewide,4.46,0.0,0.0,0.0,0.0,0.0,0.0,0,2019,7,201,1,132.49000000000007,1191.0800000000002,14.715378672185143,0.0,-0.4999999999999997,-0.8660254037844388,4.46,0.0,0.0,1191.0800000000002
2019-07-21,Andhra Pradesh,Statewide,4.87,0.0,0.0,0.0,0.0,0.0,0.0,0,2019,7,202,1,41.16999999999996,105.60000000000001,6.928205780433269,0.0,-0.4999999999999997,-0.8660254037844388,4.87,0.0,0.0,105.60000000000001
2019-07-21,Uttar Pradesh,Statewide,2.21,0.0,0.0,0.0,0.0,0.0,0.0,0,2019,7,202,1,28.84,273.90000000000003,4.028396467862089,0.0,-0.4999999999999997,-0.8660254037844388,2.21,0.0,0.0,273.90000000000003
2019-07-22,Andhra Pradesh,Statewide,5.18,0.0,0.0,0.0,0.0,0.0,0.0,0,2019,7,203,1,42.91999999999996,108.42999999999999,6.403744046303288,0.0,-0.4999999999999997,-0.8660254037844388,5.18,0.0,0.0,108.42999999999999
2019-07-23,Jharkhand,Statewide,3.01,0.0,0.0,0.0,0.0,0.0,0.0,0,2019,7,204,1,15.549999999999999,175.48,2.0188177294346645,0.0,-0.4999999999999997,-0.8660254037844388,3.01,0.0,0.0,175.48
2019-07-29,Delhi,Statewide,1.44,0.0,0.0,0.0,0.0,0.0,0.0,0,2019,7,210,1,46.30000000000002,144.58,6.8764955900748905,0.0,-0.4999999999999997,-0.8660254037844388,1.44,0.0,0.0,144.58
2019-07-30,Ladakh,Statewide,0.39,0.0,0.0,0.0,0.0,0.0,0.0,0,2019,7,211,1,2.73,11.700000000000001,0.38999121322354374,0.0,-0.4999999999999997,-0.8660254037844388,0.39,0.0,0.0,11.700000000000001
2019-08-01,Delhi,Statewide,0.11,0.0,0.0,0.0,0.0,0.0,0.0,0,2019,8,213,1,29.800000000000022,144.69,2.391637987395687,0.0,-0.8660254037844385,-0.5000000000000004,0.11,0.0,0.0,144.69
2019-08-02,Uttarakhand,Statewide,13.03,0.0,0.0,0.0,0.0,0.0,0.0,0,2019,8,214,1,70.64,314.85,9.662383284065797,0.0,-0.8660254037844385,-0.5000000000000004,13.03,0.0,0.0,314.85
2019-08-03,Uttarakhand,Statewide,19.59,0.0,0.0,0.0,0.0,0.0,0.0,0,2019,8,215,1,70.07,325.17,12.640668298846057,0.0,-0.8660254037844385,-0.5000000000000004,19.59,0.0,0.0,325.17
2019-08-05,Karnataka,Statewide,15.13,0.0,0.0,0.0,0.0,0.0,0.0,0,2019,8,217,1,63.08000000000001,226.21,10.722985897811874,0.0,-0.8660254037844385,-0.5000000000000004,15.13,0.0,0.0,226.21
2019-08-05,Sikkim,Statewide,22.48,0.0,0.0,0.0,0.0,0.0,0.0,0,2019,8,217,1,82.30000000000001,741.29,15.393648737910222,0.0,-0.8660254037844385,-0.5000000000000004,22.48,0.0,0.0,741.29
2019-08-09,Andaman And Nicobar Islands,Statewide,10.62,0.0,0.0,0.0,0.0,0.0,0.0,0,2019,8,221,1,75.41,339.77,11.452994428183661,0.0,-0.8660254037844385,-0.5000000000000004,10.62,0.0,0.0,339.77
2019-08-09,Chandigarh,Statewide,5.1,0.0,0.0,0.0,0.0,0.0,0.0,0,2019,8,221,1,24.60000000000003,201.7,2.677457795995843,0.0,-0.8660254037844385,-0.5000000000000004,5.1,0.0,0.0,201.7
2019-08-10,Maharashtra,Statewide,13.64,0.0,0.0,0.0,0.0,0.0,0.0,0,2019,8,222,1,187.98,527.5600000000001,23.463915269708306,0.0,-0.8660254037844385,-0.5000000000000004,13.64,0.0,0.0,527.5600000000001
2019-08-12,Lakshadweep,Statewide,1642.9,0.0,0.0,0.0,0.0,0.0,0.0,0,2019,8,224,1,11500.300000000001,49287.0,1642.8999999999992,0.0,-0.8660254037844385,-0.5000000000000004,1642.9,0.0,0.0,49287.0
2019-08-12,Maharashtra,Statewide,3.98,0.0,0.0,0.0,0.0,0.0,0.0,0,2019,8,224,1,129.1,524.73,14.15291848215707,0.0,-0.8660254037844385,-0.5000000000000004,3.98,0.0,0.0,524.73
2019-08-12,Unknown,West Bengal,5.92,0.0,0.0,0.0,0.0,0.0,0.0,1,2019,8,224,1,17.47,17.47,5.243099999999999,0.0,-0.8660254037844385,-0.5000000000000004,5.92,0.0,0.0,17.47
2019-08-14,Madhya Pradesh,Statewide,36.04,0.0,0.0,0.0,0.0,0.0,0.0,0,2019,8,226,1,143.92999999999998,386.9,18.673343493626888,0.0,-0.8660254037844385,-0.5000000000000004,36.04,0.0,0.0,386.9
2019-08-17,The Dadra And Nagar Haveli And Daman And Diu,Statewide,14.06,0.0,0.0,0.0,0.0,0.0,0.0,0,2019,8,229,1,64.1599999999999,1216.3899999999999,12.390521634586378,0.0,-0.8660254037844385,-0.5000000000000004,14.06,0.0,0.0,1216.3899999999999
2019-08-18,Karnataka,Statewide,3.21,0.0,0.0,0.0,0.0,0.0,0.0,0,2019,8,230,1,45.52000000000002,370.92,7.562299591691453,0.0,-0.8660254037844385,-0.5000000000000004,3.21,0.0,0.0,370.92
2019-08-21,Meghalaya,Statewide,11.2,0.0,0.0,0.0,0.0,0.0,0.0,0,2019,8,233,1,120.7100000000001,529.0699999999999,12.257554934922227,0.0,-0.8660254037844385,-0.5000000000000004,11.2,0.0,0.0,529.0699999999999
2019-08-22,Himachal Pradesh,Statewide,1.94,0.0,0.0,0.0,0.0,0.0,0.0,0,2019,8,234,1,126.62,338.1,10.795165933733166,0.0,-0.8660254037844385,-0.5000000000000004,1.94,0.0,0.0,338.1
2019-08-23,Rajasthan,Statewide,0.99,0.0,0.0,0.0,0.0,0.0,0.0,0,2019,8,235,1,41.68,286.74,3.7931508551534985,0.0,-0.8660254037844385,-0.5000000000000004,0.99,0.0,0.0,286.74
2019-08-24,Andaman And Nicobar Islands,Statewide,8.16,0.0,0.0,0.0,0.0,0.0,0.0,0,2019,8,236,1,80.84,334.48,10.082667466389392,0.0,-0.8660254037844385,-0.5000000000000004,8.16,0.0,0.0,334.48
2019-08-27,Meghalaya,Statewide,2.83,0.0,0.0,0.0,0.0,0.0,0.0,0,2019,8,239,1,60.08000000000008,380.70000000000005,7.328742330538663,0.0,-0.8660254037844385,-0.5000000000000004,2.83,0.0,0.0,380.70000000000005
2019-08-27,Uttar Pradesh,Statewide,2.51,0.0,0.0,0.0,0.0,0.0,0.0,0,2019,8,239,1,63.03,174.79000000000002,6.823625604721503,0.0,-0.8660254037844385,-0.5000000000000004,2.51,0.0,0.0,174.79000000000002
2019-08-29,Tripura,Statewide,6.13,0.0,0.0,0.0,0.0,0.0,0.0,0,2019,8,241,1,84.79999999999991,286.56000000000006,8.079051123917552,0.0,-0.8660254037844385,-0.5000000000000004,6.13,0.0,0.0,286.56000000000006
2019-09-02,Sikkim,Statewide,0.09,0.0,0.0,0.0,0.0,0.0,0.0,0,2019,9,245,1,78.64,380.7,11.383226945639882,0.0,-1.0,-1.8369701987210297e-16,0.09,0.0,0.0,380.7
2019-09-04,Mizoram,Statewide,9.27,0.0,0.0,0.0,0.0,0.0,0.0,0,2019,9,247,1,32.91000000000002,235.52,5.905890674135003,0.0,-1.0,-1.8369701987210297e-16,9.27,0.0,0.0,235.52
2019-09-05,Telangana,Statewide,5.54,0.0,0.0,0.0,0.0,0.0,0.0,0,2019,9,248,1,79.01,232.07,8.972822423010392,0.0,-1.0,-1.8369701987210297e-16,5.54,0.0,0.0,232.07
2019-09-08,Uttarakhand,Statewide,13.68,0.0,0.0,0.0,0.0,0.0,0.0,0,2019,9,251,1,82.87,367.14,13.552096532113833,0.0,-1.0,-1.8369701987210297e-16,13.68,0.0,0.0,367.14
2019-09-09,The Dadra And Nagar Haveli And Daman And Diu,Statewide,50.67,0.0,0.0,0.0,0.0,0.0,0.0,0,2019,9,252,1,293.9999999999999,478.55,42.28933718912726,0.0,-1.0,-1.8369701987210297e-16,50.67,0.0,0.0,478.55
2019-09-10,Jammu And Kashmir,Statewide,0.7,0.0,0.0,0.0,0.0,0.0,0.0,0,2019,9,253,1,4.8999999999999995,234.0,1.0008313580740995,0.0,-1.0,-1.8369701987210297e-16,0.7,0.0,0.0,234.0
2019-09-10,Nagaland,Statewide,3.27,0.0,0.0,0.0,0.0,0.0,0.0,0,2019,9,253,1,28.049999999999947,130.46,3.8027665598424063,0.0,-1.0,-1.8369701987210297e-16,3.27,0.0,0.0,130.46
2019-09-11,Manipur,Statewide,8.16,0.0,0.0,0.0,0.0,0.0,0.0,0,2019,9,254,1,27.64,99.52,4.427078231456328,0.0,-1.0,-1.8369701987210297e-16,8.16,0.0,0.0,99.52
2019-09-11,Puducherry,Statewide,3.92,0.0,0.0,0.0,0.0,0.0,0.0,0,2019,9,254,1,20.940000000000044,167.60999999999999,2.5641597320806566,0.0,-1.0,-1.8369701987210297e-16,3.92,0.0,0.0,167.60999999999999
2019-09-12,Haryana,Statewide,0.01,0.0,0.0,0.0,0.0,0.0,0.0,0,2019,9,255,1,3.539999999999999,76.38,0.24030445119547328,0.0,-1.0,-1.8369701987210297e-16,0.01,0.0,0.0,76.38
2019-09-13,Unknown,Statewide,3.74,0.0,0.0,0.0,0.0,0.0,0.0,1,2019,9,256,1,12.68,85.12,2.7534897274216856,0.0,-1.0,-1.8369701987210297e-16,3.74,0.0,0.0,85.12
2019-09-15,Unknown,Statewide,3.74,0.0,0.0,0.0,0.0,0.0,0.0,1,2019,9,258,1,16.42,88.86,3.04944280919518,0.0,-1.0,-1.8369701987210297e-16,3.74,0.0,0.0,88.86
2019-09-18,Rajasthan,Statewide,0.81,0.0,0.0,0.0,0.0,0.0,0.0,0,2019,9,261,1,33.5,134.37,3.069546843586965,0.0,-1.0,-1.8369701987210297e-16,0.81,0.0,0.0,134.37
2019-09-19,Arunachal Pradesh,Statewide,0.55,0.0,0.0,0.0,0.0,0.0,0.0,0,2019,9,262,1,116.77999999999999,296.85999999999996,12.656154926687975,0.0,-1.0,-1.8369701987210297e-16,0.55,0.0,0.0,296.85999999999996
2019-09-21,Goa,Statewide,1.6,0.0,0.0,0.0,0.0,0.0,0.0,0,2019,9,264,1,65.05999999999989,787.36,8.324641594343083,0.0,-1.0,-1.8369701987210297e-16,1.6,0.0,0.0,787.36
2019-09-22,Lakshadweep,Statewide,1642.9,0.0,0.0,0.0,0.0,0.0,0.0,0,2019,9,265,1,11500.300000000001,49287.0,1642.8999999999992,0.0,-1.0,-1.8369701987210297e-16,1642.9,0.0,0.0,49287.0
2019-09-24,Tripura,Statewide,16.21,0.0,0.0,0.0,0.0,0.0,0.0,0,2019,9,267,1,43.859999999999914,256.09000000000003,9.105917440858036,0.0,-1.0,-1.8369701987210297e-16,16.21,0.0,0.0,256.09000000000003
2019-09-24,Uttarakhand,Statewide,0.82,0.0,0.0,0.0,0.0,0.0,0.0,0,2019,9,267,1,24.13,238.57000000000002,3.1462293872867226,0.0,-1.0,-1.8369701987210297e-16,0.82,0.0,0.0,238.57000000000002
2019-09-30,Rajasthan,Statewide,5.5,0.0,0.0,0.0,0.0,0.0,0.0,0,2019,9,273,1,25.15,116.52000000000001,4.5148492841205705,0.0,-1.0,-1.8369701987210297e-16,5.5,0.0,0.0,116.52000000000001
2019-10-03,Arunachal Pradesh,Statewide,1.11,0.0,0.0,0.0,0.0,0.0,0.0,0,2019,10,276,0,23.75,346.13,3.297863337482881,0.0,-0.8660254037844386,0.5000000000000001,1.11,0.0,0.0,346.13
2019-10-05,Jharkhand,Statewide,0.95,0.0,0.0,0.0,0.0,0.0,0.0,0,2019,10,278,0,88.31,262.25,6.213381162457512,0.0,-0.8660254037844386,0.5000000000000001,0.95,0.0,0.0,262.25
2019-10-06,Uttarakhand,Statewide,0.0,0.0,0.0,0.0,0.0,0.0,0.0,0,2019,10,279,0,46.86,218.05,4.26153847939172,0.0,-0.8660254037844386,0.5000000000000001,0.0,0.0,0.0,218.05
2019-10-07,Jammu And Kashmir,Statewide,8.44,0.0,0.0,0.0,0.0,0.0,0.0,0,2019,10,280,0,59.08,75.17999999999999,7.802597486339209,0.0,-0.8660254037844386,0.5000000000000001,8.44,0.0,0.0,75.17999999999999
2019-10-09,Haryana,Statewide,0.0,0.0,0.0,0.0,0.0,0.0,0.0,0,2019,10,282,0,4.209999999999998,20.46,0.3372455500080173,0.0,-0.8660254037844386,0.5000000000000001,0.0,0.0,0.0,20.46
2019-10-10,Puducherry,Statewide,0.21,0.0,0.0,0.0,0.0,0.0,0.0,0,2019,10,283,0,2.290000000000046,143.45,0.42897255594799255,0.0,-0.8660254037844386,0.5000000000000001,0.21,0.0,0.0,143.45
2019-10-12,Lakshadweep,Statewide,1642.9,0.0,0.0,0.0,0.0,0.0,0.0,0,2019,10,285,0,11500.300000000001,49287.0,1642.8999999999992,0.0,-0.8660254037844386,0.5000000000000001,1642.9,0.0,0.0,49287.0
2019-10-13,Tripura,Statewide,0.0,0.0,0.0,0.0,0.0,0.0,0.0,0,2019,10,286,0,83.48999999999991,240.17000000000002,9.545031740570929,0.0,-0.8660254037844386,0.5000000000000001,0.0,0.0,0.0,240.17000000000002
2019-10-14,Arunachal Pradesh,Statewide,0.28,0.0,0.0,0.0,0.0,0.0,0.0,0,2019,10,287,0,42.54,242.60999999999999,3.4950411022760406,0.0,-0.8660254037844386,0.5000000000000001,0.28,0.0,0.0,242.60999999999999
2019-10-17,West Bengal,Statewide,0.13,0.0,0.0,0.0,0.0,0.0,0.0,0,2019,10,290,0,7.219999999999997,251.32,1.1658185573454596,0.0,-0.8660254037844386,0.5000000000000001,0.13,0.0,0.0,251.32
2019-10-18,Chandigarh,Statewide,0.0,0.0,0.0,0.0,0.0,0.0,0.0,0,2019,10,291,0,0.0,119.7,0.03803187470887061,0.0,-0.8660254037844386,0.5000000000000001,0.0,0.0,0.0,119.7
2019-10-18,Karnataka,Statewide,7.06,0.0,0.0,0.0,0.0,0.0,0.0,0,2019,10,291,0,35.530000000000015,239.14,5.685522208999816,0.0,-0.8660254037844386,0.5000000000000001,7.06,0.0,0.0,239.14
2019-10-18,Tripura,Statewide,0.0,0.0,0.0,0.0,0.0,0.0,0.0,0,2019,10,291,0,23.519999999999914,229.98000000000002,4.151323484637755,0.0,-0.8660254037844386,0.5000000000000001,0.0,0.0,0.0,229.98000000000002
2019-10-19,Jharkhand,Statewide,0.88,0.0,0.0,0.0,0.0,0.0,0.0,0,2019,10,292,0,2.0700000000000003,231.49,0.6407624376662013,0.0,-0.8660254037844386,0.5000000000000001,0.88,0.0,0.0,231.49
2019-10-19,Madhya Pradesh,Statewide,0.84,0.0,0.0,0.0,0.0,0.0,0.0,0,2019,10,292,0,1.0099999999999858,158.37,0.3205395934200735,0.0,-0.8660254037844386,0.5000000000000001,0.84,0.0,0.0,158.37
2019-10-19,Sikkim,Statewide,0.0,0.0,0.0,0.0,0.0,0.0,0.0,0,2019,10,292,0,1.47,262.82,0.7319635029501251,0.0,-0.8660254037844386,0.5000000000000001,0.0,0.0,0.0,262.82
2019-10-19,Unknown,Belagavi,0.17,0.0,0.0,0.0,0.0,0.0,0.0,1,2019,10,292,0,0.17,0.17,0.17,0.0,-0.8660254037844386,0.5000000000000001,0.17,0.0,0.0,0.17
2019-10-21,Gujarat,Statewide,0.1,0.0,0.0,0.0,0.0,0.0,0.0,0,2019,10,294,0,0.31000000000001426,144.73,0.10641553704628127,0.0,-0.8660254037844386,0.5000000000000001,0.1,0.0,0.0,144.73
2019-10-21,Sikkim,Statewide,0.01,0.0,0.0,0.0,0.0,0.0,0.0,0,2019,10,294,0,0.01,252.92000000000002,0.3616621164455613,0.0,-0.8660254037844386,0.5000000000000001,0.01,0.0,0.0,252.92000000000002
2019-10-24,The Dadra And Nagar Haveli And Daman And Diu,Statewide,10.82,0.0,0.0,0.0,0.0,0.0,0.0,0,2019,10,297,0,21.869999999999884,128.19,5.066815012178098,0.0,-0.8660254037844386,0.5000000000000001,10.82,0.0,0.0,128.19
2019-10-25,Unknown,Statewide,0.17,0.0,0.0,0.0,0.0,0.0,0.0,1,2019,10,298,0,16.59,88.85000000000001,2.185609966436626,0.0,-0.8660254037844386,0.5000000000000001,0.17,0.0,0.0,88.85000000000001
2019-10-26,Lakshadweep,Statewide,1642.9,0.0,0.0,0.0,0.0,0.0,0.0,0,2019,10,299,0,11500.300000000001,49287.0,1642.8999999999992,0.0,-0.8660254037844386,0.5000000000000001,1642.9,0.0,0.0,49287.0
2019-10-28,Madhya Pradesh,Statewide,1.83,0.0,0.0,0.0,0.0,0.0,0.0,0,2019,10,301,0,4.939999999999985,60.91,0.9682979542408133,0.0,-0.8660254037844386,0.5000000000000001,1.83,0.0,0.0,60.91
2019-10-31,Chandigarh,Statewide,0.0,0.0,0.0,0.0,0.0,0.0,0.0,0,2019,10,304,0,0.0,0.0999999999999858,0.00036848707044654825,0.0,-0.8660254037844386,0.5000000000000001,0.0,0.0,0.0,0.0999999999999858
2019-10-31,Uttarakhand,Statewide,0.0,0.0,0.0,0.0,0.0,0.0,0.0,0,2019,10,304,0,0.0,21.6,0.00330875669522017,0.0,-0.8660254037844386,0.5000000000000001,0.0,0.0,0.0,21.6
2019-11-01,Nagaland,Statewide,0.0,0.0,0.0,0.0,0.0,0.0,0.0,0,2019,11,305,0,73.66999999999994,185.53000000000003,4.1042836748748455,0.0,-0.5000000000000004,0.8660254037844384,0.0,0.0,0.0,185.53000000000003
2019-11-02,Andhra Pradesh,Statewide,0.61,0.0,0.0,0.0,0.0,0.0,0.0,0,2019,11,306,0,35.409999999999954,227.74,4.836009467804075,0.0,-0.5000000000000004,0.8660254037844384,0.61,0.0,0.0,227.74
2019-11-02,Manipur,Statewide,0.0,0.0,0.0,0.0,0.0,0.0,0.0,0,2019,11,306,0,60.349999999999994,118.99,2.5584386454516204,0.0,-0.5000000000000004,0.8660254037844384,0.0,0.0,0.0,118.99
2019-11-02,Sikkim,Statewide,0.0,0.0,0.0,0.0,0.0,0.0,0.0,0,2019,11,306,0,1.0699999999999998,85.91,0.32855294658744444,0.0,-0.5000000000000004,0.8660254037844384,0.0,0.0,0.0,85.91
2019-11-03,Gujarat,Statewide,6.86,0.0,0.0,0.0,0.0,0.0,0.0,0,2019,11,307,0,20.230000000000015,32.47,3.256075799496797,0.0,-0.5000000000000004,0.8660254037844384,6.86,0.0,0.0,32.47
2019-11-06,Andhra Pradesh,Statewide,0.0,0.0,0.0,0.0,0.0,0.0,0.0,0,2019,11,310,0,19.359999999999957,209.78,2.624195873219758,0.0,-0.5000000000000004,0.8660254037844384,0.0,0.0,0.0,209.78
2019-11-08,The Dadra And Nagar Haveli And Daman And Diu,Statewide,10.24,0.0,0.0,0.0,0.0,0.0,0.0,0,2019,11,312,0,52.58999999999989,103.71,5.4932603983106985,0.0,-0.5000000000000004,0.8660254037844384,10.24,0.0,0.0,103.71
2019-11-10,Nagaland,Statewide,8.19,0.0,0.0,0.0,0.0,0.0,0.0,0,2019,11,314,0,14.24999999999995,113.19000000000001,2.9481877504324148,0.0,-0.5000000000000004,0.8660254037844384,8.19,0.0,0.0,113.19000000000001
2019-11-15,West Bengal,Statewide,0.0,0.0,0.0,0.0,0.0,0.0,0.0,0,2019,11,319,0,53.099999999999994,140.51,2.5418768745295974,0.0,-0.5000000000000004,0.8660254037844384,0.0,0.0,0.0,140.51
2019-11-17,Assam,Statewide,0.07,0.0,0.0,0.0,0.0,0.0,0.0,0,2019,11,321,0,4.509999999999989,77.53,0.2880241391646177,0.0,-0.5000000000000004,0.8660254037844384,0.07,0.0,0.0,77.53
2019-11-17,Chhattisgarh,Statewide,0.0,0.0,0.0,0.0,0.0,0.0,0.0,0,2019,11,321,0,0.0,65.28999999999999,0.011576507972156402,0.0,-0.5000000000000004,0.8660254037844384,0.0,0.0,0.0,65.28999999999999
2019-11-18,Chandigarh,Statewide,0.0,0.0,0.0,0.0,0.0,0.0,0.0,0,2019,11,322,0,0.0,11.299999999999985,0.08174086638855613,0.0,-0.5000000000000004,0.8660254037844384,0.0,0.0,0.0,11.299999999999985
2019-11-24,Tripura,Statewide,0.0,0.0,0.0,0.0,0.0,0.0,0.0,0,2019,11,328,0,0.0,90.99000000000002,0.13493619858317205,0.0,-0.5000000000000004,0.8660254037844384,0.0,0.0,0.0,90.99000000000002
2019-11-26,Arunachal Pradesh,Statewide,0.0,0.0,0.0,0.0,0.0,0.0,0.0,0,2019,11,330,0,1.05,16.82,0.2377479037947497,0.0,-0.5000000000000004,0.8660254037844384,0.0,0.0,0.0,16.82
2019-11-26,Maharashtra,Statewide,0.0,0.0,0.0,0.0,0.0,0.0,0.0,0,2019,11,330,0,0.01,42.25,0.004556605104548504,0.0,-0.5000000000000004,0.8660254037844384,0.0,0.0,0.0,42.25
2019-11-29,Unknown,Coimbatore,0.0,0.0,0.0,0.0,0.0,0.0,0.0,1,2019,11,333,0,0.0,0.0,0.0,0.0,-0.5000000000000004,0.8660254037844384,0.0,0.0,0.0,0.0
2019-11-30,Andaman And Nicobar Islands,Statewide,8.95,0.0,0.0,0.0,0.0,0.0,0.0,0,2019,11,334,0,59.11,285.13,8.139494228039432,0.0,-0.5000000000000004,0.8660254037844384,8.95,0.0,0.0,285.13
2019-11-30,Andhra Pradesh,Statewide,0.2,0.0,0.0,0.0,0.0,0.0,0.0,0,2019,11,334,0,5.079999999999957,31.470000000000002,0.9274957346719381,0.0,-0.5000000000000004,0.8660254037844384,0.2,0.0,0.0,31.470000000000002
2019-11-30,Chhattisgarh,Statewide,0.0,0.0,0.0,0.0,0.0,0.0,0.0,0,2019,11,334,0,0.0,1.53,0.00011216364013909793,0.0,-0.5000000000000004,0.8660254037844384,0.0,0.0,0.0,1.53
2019-11-30,Unknown,Statewide,0.0,0.0,0.0,0.0,0.0,0.0,0.0,1,2019,11,334,0,15.840000000000002,85.13000000000001,1.5299269765056382,0.0,-0.5000000000000004,0.8660254037844384,0.0,0.0,0.0,85.13000000000001
2019-12-04,Assam,Statewide,0.01,0.0,0.0,0.0,0.0,0.0,0.0,0,2019,12,338,0,1.3599999999999894,14.65,0.1476325812400055,0.0,-2.4492935982947064e-16,1.0,0.01,0.0,0.0,14.65
2019-12-04,Gujarat,Statewide,0.01,0.0,0.0,0.0,0.0,0.0,0.0,0,2019,12,338,0,0.0700000000000142,13.000000000000002,0.01046857559450806,0.0,-2.4492935982947064e-16,1.0,0.01,0.0,0.0,13.000000000000002
2019-12-05,Arunachal Pradesh,Statewide,0.0,0.0,0.0,0.0,0.0,0.0,0.0,0,2019,12,339,0,5.299999999999999,18.450000000000003,0.39121274747480694,0.0,-2.4492935982947064e-16,1.0,0.0,0.0,0.0,18.450000000000003
2019-12-06,Jammu And Kashmir,Statewide,0.0,0.0,0.0,0.0,0.0,0.0,0.0,0,2019,12,340,0,0.0,0.0,2.2380284524644387e-05,0.0,-2.4492935982947064e-16,1.0,0.0,0.0,0.0,0.0
2019-12-06,Mizoram,Statewide,0.0,0.0,0.0,0.0,0.0,0.0,0.0,0,2019,12,340,0,0.0,30.93,0.0010290173344439076,0.0,-2.4492935982947064e-16,1.0,0.0,0.0,0.0,30.93
2019-12-08,Andaman And Nicobar Islands,Statewide,11.73,0.0,0.0,0.0,0.0,0.0,0.0,0,2019,12,342,0,66.38,275.9,9.783667806952959,0.0,-2.4492935982947064e-16,1.0,11.73,0.0,0.0,275.9
2019-12-10,Manipur,Statewide,0.0,0.0,0.0,0.0,0.0,0.0,0.0,0,2019,12,344,0,0.0,14.889999999999993,0.00024128773909753477,0.0,-2.4492935982947064e-16,1.0,0.0,0.0,0.0,14.889999999999993
2019-12-11,Sikkim,Statewide,0.0,0.0,0.0,0.0,0.0,0.0,0.0,0,2019,12,345,0,0.0,5.8999999999999995,0.038913863946784,0.0,-2.4492935982947064e-16,1.0,0.0,0.0,0.0,5.8999999999999995
2019-12-18,Delhi,Statewide,0.0,0.0,0.0,0.0,0.0,0.0,0.0,0,2019,12,352,0,29.330000000000016,30.61000000000001,1.4970528454018819,0.0,-2.4492935982947064e-16,1.0,0.0,0.0,0.0,30.61000000000001
2019-12-18,Tamil Nadu,Statewide,0.8,0.0,0.0,0.0,0.0,0.0,0.0,0,2019,12,352,0,21.370000000000005,193.16,2.464345494637265,0.0,-2.4492935982947064e-16,1.0,0.8,0.0,0.0,193.16
2019-12-20,Himachal Pradesh,Statewide,0.24,0.0,0.0,0.0,0.0,0.0,0.0,0,2019,12,354,0,23.570000000000014,84.53999999999999,1.5431406464711417,0.0,-2.4492935982947064e-16,1.0,0.24,0.0,0.0,84.53999999999999
2019-12-21,Tamil Nadu,Statewide,3.55,0.0,0.0,0.0,0.0,0.0,0.0,0,2019,12,355,0,18.190000000000005,183.55999999999997,1.9991005046605816,0.0,-2.4492935982947064e-16,1.0,3.55,0.0,0.0,183.55999999999997
2019-12-23,Telangana,Statewide,0.0,0.0,0.0,0.0,0.0,0.0,0.0,0,2019,12,357,0,0.0,2.9,0.0007060353142637545,0.0,-2.4492935982947064e-16,1.0,0.0,0.0,0.0,2.9
2019-12-27,Punjab,Statewide,0.0,0.0,0.0,0.0,0.0,0.0,0.0,0,2019,12,361,0,0.03999999999998224,37.89,0.07281253531631364,0.0,-2.4492935982947064e-16,1.0,0.0,0.0,0.0,37.89
2020-01-03,Haryana,Statewide,0.0,0.0,0.0,0.0,0.0,0.0,0.0,0,2020,1,3,0,0.0,12.350000000000001,0.0022885342863140238,0.0,0.49999999999999994,0.8660254037844387,0.0,0.0,0.0,12.350000000000001
2020-01-06,Mizoram,Statewide,1.4,0.0,0.0,0.0,0.0,0.0,0.0,0,2020,1,6,0,53.25000000000001,57.06999999999999,8.59015732522736,0.0,0.49999999999999994,0.8660254037844387,1.4,0.0,0.0,57.06999999999999
2020-01-07,Meghalaya,Statewide,0.0,0.0,0.0,0.0,0.0,0.0,0.0,0,2020,1,7,0,10.840000000000085,12.42,1.1538871140177709,0.0,0.49999999999999994,0.8660254037844387,0.0,0.0,0.0,12.42
2020-01-14,Manipur,Statewide,0.0,0.0,0.0,0.0,0.0,0.0,0.0,0,2020,1,14,0,0.7099999999999929,41.06999999999999,0.3329547283111399,0.0,0.49999999999999994,0.8660254037844387,0.0,0.0,0.0,41.06999999999999
2020-01-14,West Bengal,Statewide,0.0,0.0,0.0,0.0,0.0,0.0,0.0,0,2020,1,14,0,2.8200000000000003,25.8,0.2804548766875563,0.0,0.49999999999999994,0.8660254037844387,0.0,0.0,0.0,25.8
2020-01-15,Jammu And Kashmir,Statewide,0.0,0.0,0.0,0.0,0.0,0.0,0.0,0,2020,1,15,0,0.0,0.0,1.4249092444228871e-11,0.0,0.49999999999999994,0.8660254037844387,0.0,0.0,0.0,0.0
2020-01-15,Puducherry,Statewide,0.0,0.0,0.0,0.0,0.0,0.0,0.0,0,2020,1,15,0,0.0,75.75999999999999,0.11646881038134818,0.0,0.49999999999999994,0.8660254037844387,0.0,0.0,0.0,75.75999999999999
2020-01-15,Tamil Nadu,Statewide,0.0,0.0,0.0,0.0,0.0,0.0,0.0,0,2020,1,15,0,0.0,22.04,0.05386542193948714,0.0,0.49999999999999994,0.8660254037844387,0.0,0.0,0.0,22.04
2020-01-16,Andhra Pradesh,Statewide,0.0,0.0,0.0,0.0,0.0,0.0,0.0,0,2020,1,16,0,0.17999999999995736,16.22,0.10160573533548337,0.0,0.49999999999999994,0.8660254037844387,0.0,0.0,0.0,16.22
2020-01-19,Madhya Pradesh,Statewide,0.17,0.0,0.0,0.0,0.0,0.0,0.0,0,2020,1,19,0,4.149999999999986,19.76,0.5637924933326623,0.0,0.49999999999999994,0.8660254037844387,0.17,0.0,0.0,19.76
2020-01-20,Karnataka,Statewide,0.0,0.0,0.0,0.0,0.0,0.0,0.0,0,2020,1,20,0,0.010000000000014267,1.5900000000000143,0.0023925951610683414,0.0,0.49999999999999994,0.8660254037844387,0.0,0.0,0.0,1.5900000000000143
2020-01-21,Andhra Pradesh,Statewide,0.0,0.0,0.0,0.0,0.0,0.0,0.0,0,2020,1,21,0,0.24999999999995734,16.05,0.04588887593783469,0.0,0.49999999999999994,0.8660254037844387,0.0,0.0,0.0,16.05
2020-01-22,Arunachal Pradesh,Statewide,0.49,0.0,0.0,0.0,0.0,0.0,0.0,0,2020,1,22,0,25.42,57.489999999999995,4.143639619126871,0.0,0.49999999999999994,0.8660254037844387,0.49,0.0,0.0,57.489999999999995
2020-01-23,Meghalaya,Statewide,0.0,0.0,0.0,0.0,0.0,0.0,0.0,0,2020,1,23,0,1.4800000000000844,13.83,0.1563447053079467,0.0,0.49999999999999994,0.8660254037844387,0.0,0.0,0.0,13.83
2020-01-26,Punjab,Statewide,0.03,0.0,0.0,0.0,0.0,0.0,0.0,0,2020,1,26,0,0.38999999999998225,37.25,0.12107502301483232,0.0,0.49999999999999994,0.8660254037844387,0.03,0.0,0.0,37.25
2020-01-28,The Dadra And Nagar Haveli And Daman And Diu,Statewide,0.0,0.0,0.0,0.0,0.0,0.0,0.0,0,2020,1,28,0,0.0,0.0,3.8858138898971657e-11,0.0,0.49999999999999994,0.8660254037844387,0.0,0.0,0.0,0.0
2020-01-29,Chhattisgarh,Statewide,1.13,0.0,0.0,0.0,0.0,0.0,0.0,0,2020,1,29,0,1.4100000000000141,30.499999999999996,0.3550740010561686,0.0,0.49999999999999994,0.8660254037844387,1.13,0.0,0.0,30.499999999999996
2020-01-30,Haryana,Statewide,0.03,0.0,0.0,0.0,0.0,0.0,0.0,0,2020,1,30,0,8.379999999999999,27.86,1.4981951534534863,0.0,0.49999999999999994,0.8660254037844387,0.03,0.0,0.0,27.86
2020-02-01,Assam,Statewide,0.11,0.0,0.0,0.0,0.0,0.0,0.0,0,2020,2,32,0,4.399999999999991,20.11,0.9806887784257446,0.0,0.8660254037844386,0.5000000000000001,0.11,0.0,0.0,20.11
2020-02-01,Odisha,Statewide,0.0,0.0,0.0,0.0,0.0,0.0,0.0,0,2020,2,32,0,3.4600000000000075,16.84,0.536443644534058,0.0,0.8660254037844386,0.5000000000000001,0.0,0.0,0.0,16.84
2020-02-03,Tamil Nadu,Statewide,0.0,0.0,0.0,0.0,0.0,0.0,0.0,0,2020,2,34,0,0.0,5.98,0.005424848594496354,0.0,0.8660254037844386,0.5000000000000001,0.0,0.0,0.0,5.98
2020-02-06,Delhi,Statewide,0.0,0.0,0.0,0.0,0.0,0.0,0.0,0,2020,2,37,0,0.0,30.170000000000005,0.08002336668202273,0.0,0.8660254037844386,0.5000000000000001,0.0,0.0,0.0,30.170000000000005
2020-02-06,Mizoram,Statewide,0.0,0.0,0.0,0.0,0.0,0.0,0.0,0,2020,2,37,0,0.5700000000000142,0.6299999999999999,0.02025451593451687,0.0,0.8660254037844386,0.5000000000000001,0.0,0.0,0.0,0.6299999999999999
2020-02-06,Rajasthan,Statewide,0.0,0.0,0.0,0.0,0.0,0.0,0.0,0,2020,2,37,0,0.0,4.63,0.012232382867493083,0.0,0.8660254037844386,0.5000000000000001,0.0,0.0,0.0,4.63
2020-02-06,West Bengal,Statewide,0.0,0.0,0.0,0.0,0.0,0.0,0.0,0,2020,2,37,0,1.99,10.69,0.18369217803177804,0.0,0.8660254037844386,0.5000000000000001,0.0,0.0,0.0,10.69
2020-02-07,Jammu And Kashmir,Statewide,0.1,0.0,0.0,0.0,0.0,0.0,0.0,0,2020,2,38,0,0.7000000000000001,0.7000000000000001,0.09176457000000389,0.0,0.8660254037844386,0.5000000000000001,0.1,0.0,0.0,0.7000000000000001
2020-02-07,Telangana,Statewide,0.0,0.0,0.0,0.0,0.0,0.0,0.0,0,2020,2,38,0,0.35000000000001424,0.49,0.029123465454302548,0.0,0.8660254037844386,0.5000000000000001,0.0,0.0,0.0,0.49
2020-02-11,Madhya Pradesh,Statewide,0.0,0.0,0.0,0.0,0.0,0.0,0.0,0,2020,2,42,0,3.0099999999999865,8.79,0.17631970436764305,0.0,0.8660254037844386,0.5000000000000001,0.0,0.0,0.0,8.79
2020-02-11,Punjab,Statewide,0.0,0.0,0.0,0.0,0.0,0.0,0.0,0,2020,2,42,0,0.0,28.569999999999997,0.026830063405139385,0.0,0.8660254037844386,0.5000000000000001,0.0,0.0,0.0,28.569999999999997
2020-02-12,Madhya Pradesh,Statewide,0.0,0.0,0.0,0.0,0.0,0.0,0.0,0,2020,2,43,0,0.7899999999999858,8.79,0.12342379305735013,0.0,0.8660254037844386,0.5000000000000001,0.0,0.0,0.0,8.79
2020-02-12,Tamil Nadu,Statewide,0.08,0.0,0.0,0.0,0.0,0.0,0.0,0,2020,2,43,0,0.1100000000000071,3.6300000000000003,0.030135975108216806,0.0,0.8660254037844386,0.5000000000000001,0.08,0.0,0.0,3.6300000000000003
2020-02-19,Punjab,Statewide,0.0,0.0,0.0,0.0,0.0,0.0,0.0,0,2020,2,50,0,0.0,10.37,0.0015466997634801085,0.0,0.8660254037844386,0.5000000000000001,0.0,0.0,0.0,10.37
2020-02-20,Tripura,Statewide,0.0,0.0,0.0,0.0,0.0,0.0,0.0,0,2020,2,51,0,0.0,1.9000000000000283,0.0004554852890828968,0.0,0.8660254037844386,0.5000000000000001,0.0,0.0,0.0,1.9000000000000283
2020-02-21,Kerala,Statewide,0.0,0.0,0.0,0.0,0.0,0.0,0.0,0,2020,2,52,0,1.0099999999999698,2.0,0.037625829982222136,0.0,0.8660254037844386,0.5000000000000001,0.0,0.0,0.0,2.0
2020-02-23,Meghalaya,Statewide,0.03,0.0,0.0,0.0,0.0,0.0,0.0,0,2020,2,54,0,0.4300000000000843,3.21,0.04304485040864728,0.0,0.8660254037844386,0.5000000000000001,0.03,0.0,0.0,3.21
2020-02-25,Jammu And Kashmir,Statewide,0.1,0.0,0.0,0.0,0.0,0.0,0.0,0,2020,2,56,0,0.7000000000000001,2.5,0.09998658931380335,0.0,0.8660254037844386,0.5000000000000001,0.1,0.0,0.0,2.5
2020-02-27,Arunachal Pradesh,Statewide,7.36,0.0,0.0,0.0,0.0,0.0,0.0,0,2020,2,58,0,13.740000000000002,41.5,3.714704241130589,0.0,0.8660254037844386,0.5000000000000001,7.36,0.0,0.0,41.5
2020-02-27,Chhattisgarh,Statewide,0.0,0.0,0.0,0.0,0.0,0.0,0.0,0,2020,2,58,0,17.650000000000013,41.53,2.4127245212240798,0.0,0.8660254037844386,0.5000000000000001,0.0,0.0,0.0,41.53
2020-03-05,Mizoram,Statewide,0.76,0.0,0.0,0.0,0.0,0.0,0.0,0,2020,3,65,0,0.7800000000000142,7.240000000000001,0.38225774893020514,0.0,1.0,6.123233995736766e-17,0.76,0.0,0.0,7.240000000000001
2020-03-06,Arunachal Pradesh,Statewide,1.69,0.0,0.0,0.0,0.0,0.0,0.0,0,2020,3,66,0,8.310000000000002,39.69,1.5818247569397381,0.0,1.0,6.123233995736766e-17,1.69,0.0,0.0,39.69
2020-03-06,Goa,Statewide,0.0,0.0,0.0,0.0,0.0,0.0,0.0,0,2020,3,66,0,0.5299999999998863,0.53,0.042343350001569094,0.0,1.0,6.123233995736766e-17,0.0,0.0,0.0,0.53
2020-03-07,Uttar Pradesh,Statewide,12.43,0.0,0.0,0.0,0.0,0.0,0.0,0,2020,3,67,0,22.229999999999997,34.92,5.242311159064391,0.0,1.0,6.123233995736766e-17,12.43,0.0,0.0,34.92
2020-03-10,Chandigarh,Statewide,0.0,0.0,0.0,0.0,0.0,0.0,0.0,0,2020,3,70,0,32.100000000000044,44.499999999999986,3.502036100316774,0.0,1.0,6.123233995736766e-17,0.0,0.0,0.0,44.499999999999986
2020-03-16,Karnataka,Statewide,0.0,0.0,0.0,0.0,0.0,0.0,0.0,0,2020,3,76,0,0.17000000000001422,3.900000000000014,0.03393881531359068,0.0,1.0,6.123233995736766e-17,0.0,0.0,0.0,3.900000000000014
2020-03-17,Gujarat,Statewide,0.0,0.0,0.0,0.0,0.0,0.0,0.0,0,2020,3,77,0,0.0,0.52,0.0031863208114388765,0.0,1.0,6.123233995736766e-17,0.0,0.0,0.0,0.52
2020-03-17,Sikkim,Statewide,0.0,0.0,0.0,0.0,0.0,0.0,0.0,0,2020,3,77,0,14.510000000000003,103.92999999999999,1.7671583777336395,0.0,1.0,6.123233995736766e-17,0.0,0.0,0.0,103.92999999999999
2020-03-18,Goa,Statewide,0.01,0.0,0.0,0.0,0.0,0.0,0.0,0,2020,3,78,0,0.009999999999886313,0.54,0.0035860864684241814,0.0,1.0,6.123233995736766e-17,0.01,0.0,0.0,0.54
2020-03-19,Jharkhand,Statewide,0.0,0.0,0.0,0.0,0.0,0.0,0.0,0,2020,3,79,0,37.419999999999995,88.9,2.535466956806226,0.0,1.0,6.123233995736766e-17,0.0,0.0,0.0,88.9
2020-03-20,The Dadra And Nagar Haveli And Daman And Diu,Statewide,0.0,0.0,0.0,0.0,0.0,0.0,0.0,0,2020,3,80,0,0.0,0.43,0.0012062681795671493,0.0,1.0,6.123233995736766e-17,0.0,0.0,0.0,0.43
2020-03-21,Chandigarh,Statewide,0.0,0.0,0.0,0.0,0.0,0.0,0.0,0,2020,3,81,0,4.3000000000000425,86.1,0.8628339079810774,0.0,1.0,6.123233995736766e-17,0.0,0.0,0.0,86.1
2020-03-21,Meghalaya,Statewide,0.5,0.0,0.0,0.0,0.0,0.0,0.0,0,2020,3,81,0,0.5100000000000853,52.88,0.19355613671337907,0.0,1.0,6.123233995736766e-17,0.5,0.0,0.0,52.88
2020-03-23,Assam,Statewide,0.56,0.0,0.0,0.0,0.0,0.0,0.0,0,2020,3,83,0,4.559999999999989,33.44,0.8895592975437953,0.0,1.0,6.123233995736766e-17,0.56,0.0,0.0,33.44
2020-03-24,Andaman And Nicobar Islands,Statewide,0.69,0.0,0.0,0.0,0.0,0.0,0.0,0,2020,3,84,0,6.91,39.36,0.853827049547044,0.0,1.0,6.123233995736766e-17,0.69,0.0,0.0,39.36
2020-03-24,Andhra Pradesh,Statewide,1.53,0.0,0.0,0.0,0.0,0.0,0.0,0,2020,3,84,0,7.849999999999958,16.19,1.0592241187661182,0.0,1.0,6.123233995736766e-17,1.53,0.0,0.0,16.19
2020-03-24,Mizoram,Statewide,0.2,0.0,0.0,0.0,0.0,0.0,0.0,0,2020,3,84,0,0.9700000000000142,8.31,0.22260759173985842,0.0,1.0,6.123233995736766e-17,0.2,0.0,0.0,8.31
2020-03-25,Lakshadweep,Statewide,1642.9,0.0,0.0,0.0,0.0,0.0,0.0,0,2020,3,85,0,11500.300000000001,49287.0,1642.8999999999992,0.0,1.0,6.123233995736766e-17,1642.9,0.0,0.0,49287.0
2020-03-28,Kerala,Statewide,0.0,0.0,0.0,0.0,0.0,0.0,0.0,0,2020,3,88,0,20.36999999999997,38.76,1.4164828668552694,0.0,1.0,6.123233995736766e-17,0.0,0.0,0.0,38.76
2020-03-29,Assam,Statewide,0.92,0.0,0.0,0.0,0.0,0.0,0.0,0,2020,3,89,0,2.8699999999999894,21.75,0.5504976717967299,0.0,1.0,6.123233995736766e-17,0.92,0.0,0.0,21.75
2020-03-31,Rajasthan,Statewide,0.0,0.0,0.0,0.0,0.0,0.0,0.0,0,2020,3,91,0,8.78,19.240000000000002,0.6523287028259553,0.0,1.0,6.123233995736766e-17,0.0,0.0,0.0,19.240000000000002
2020-04-01,Delhi,Statewide,0.88,0.0,0.0,0.0,0.0,0.0,0.0,0,2020,4,92,0,3.560000000000012,60.1,0.48265373831158104,0.0,0.8660254037844387,-0.4999999999999998,0.88,0.0,0.0,60.1
2020-04-01,Lakshadweep,Statewide,1642.9,0.0,0.0,0.0,0.0,0.0,0.0,0,2020,4,92,0,11500.300000000001,49287.0,1642.8999999999992,0.0,0.8660254037844387,-0.4999999999999998,1642.9,0.0,0.0,49287.0
2020-04-02,Madhya Pradesh,Statewide,0.0,0.0,0.0,0.0,0.0,0.0,0.0,0,2020,4,93,0,4.619999999999986,19.169999999999998,0.38939455870136314,0.0,0.8660254037844387,-0.4999999999999998,0.0,0.0,0.0,19.169999999999998
2020-04-03,Jharkhand,Statewide,0.04,0.0,0.0,0.0,0.0,0.0,0.0,0,2020,4,94,0,0.07999999999999645,78.21,0.04555296141424428,0.0,0.8660254037844387,-0.4999999999999998,0.04,0.0,0.0,78.21
2020-04-03,Meghalaya,Statewide,1.51,0.0,0.0,0.0,0.0,0.0,0.0,0,2020,4,94,0,1.5100000000000853,38.98,0.5035693116916091,0.0,0.8660254037844387,-0.4999999999999998,1.51,0.0,0.0,38.98
2020-04-05,Chhattisgarh,Statewide,0.98,0.0,0.0,0.0,0.0,0.0,0.0,0,2020,4,96,0,3.400000000000014,52.49,0.42454485129018354,0.0,0.8660254037844387,-0.4999999999999998,0.98,0.0,0.0,52.49
2020-04-06,Karnataka,Statewide,4.12,0.0,0.0,0.0,0.0,0.0,0.0,0,2020,4,97,0,4.750000000000014,9.930000000000014,1.3440853410354126,0.0,0.8660254037844387,-0.4999999999999998,4.12,0.0,0.0,9.930000000000014
2020-04-07,Sikkim,Statewide,11.87,0.0,0.0,0.0,0.0,0.0,0.0,0,2020,4,98,0,78.23,168.39,8.643467085037472,0.0,0.8660254037844387,-0.4999999999999998,11.87,0.0,0.0,168.39
2020-04-08,Chhattisgarh,Statewide,2.41,0.0,0.0,0.0,0.0,0.0,0.0,0,2020,4,99,0,3.8200000000000145,41.7,0.926578883992533,0.0,0.8660254037844387,-0.4999999999999998,2.41,0.0,0.0,41.7
2020-04-09,Kerala,Statewide,6.56,0.0,0.0,0.0,0.0,0.0,0.0,0,2020,4,100,0,30.269999999999968,57.93,4.935147528873038,0.0,0.8660254037844387,-0.4999999999999998,6.56,0.0,0.0,57.93
2020-04-09,Uttar Pradesh,Statewide,0.0,0.0,0.0,0.0,0.0,0.0,0.0,0,2020,4,100,0,0.009999999999996447,18.269999999999996,0.006638831046802952,0.0,0.8660254037844387,-0.4999999999999998,0.0,0.0,0.0,18.269999999999996
2020-04-10,Bihar,Statewide,0.03,0.0,0.0,0.0,0.0,0.0,0.0,0,2020,4,101,0,0.030000000000099475,32.489999999999995,0.012216218141245964,0.0,0.8660254037844387,-0.4999999999999998,0.03,0.0,0.0,32.489999999999995
2020-04-11,Rajasthan,Statewide,0.0,0.0,0.0,0.0,0.0,0.0,0.0,0,2020,4,102,0,0.09000000000000001,9.6,0.026009353065542598,0.0,0.8660254037844387,-0.4999999999999998,0.0,0.0,0.0,9.6
2020-04-12,Gujarat,Statewide,0.0,0.0,0.0,0.0,0.0,0.0,0.0,0,2020,4,103,0,0.02000000000001421,1.42,0.0038441012220226116,0.0,0.8660254037844387,-0.4999999999999998,0.0,0.0,0.0,1.42
2020-04-14,Chandigarh,Statewide,0.0,0.0,0.0,0.0,0.0,0.0,0.0,0,2020,4,105,0,0.10000000000004264,4.6999999999999895,0.007889625799629124,0.0,0.8660254037844387,-0.4999999999999998,0.0,0.0,0.0,4.6999999999999895
2020-04-17,Chandigarh,Statewide,0.0,0.0,0.0,0.0,0.0,0.0,0.0,0,2020,4,108,0,0.0,4.6999999999999895,0.0027061416492727888,0.0,0.8660254037844387,-0.4999999999999998,0.0,0.0,0.0,4.6999999999999895
2020-04-17,Jammu And Kashmir,Statewide,16.11,0.0,0.0,0.0,0.0,0.0,0.0,0,2020,4,108,0,112.77,389.7,16.093250279636123,0.0,0.8660254037844387,-0.4999999999999998,16.11,0.0,0.0,389.7
2020-04-18,Haryana,Statewide,1.35,0.0,0.0,0.0,0.0,0.0,0.0,0,2020,4,109,0,1.35,13.959999999999999,0.40774900794250535,0.0,0.8660254037844387,-0.4999999999999998,1.35,0.0,0.0,13.959999999999999
2020-04-18,Punjab,Statewide,5.82,0.0,0.0,0.0,0.0,0.0,0.0,0,2020,4,109,0,5.8199999999999825,26.47,1.7584545609397282,0.0,0.8660254037844387,-0.4999999999999998,5.82,0.0,0.0,26.47
2020-04-19,Kerala,Statewide,1.71,0.0,0.0,0.0,0.0,0.0,0.0,0,2020,4,110,0,8.51999999999997,75.03,1.6545664977270143,0.0,0.8660254037844387,-0.4999999999999998,1.71,0.0,0.0,75.03
2020-04-19,Meghalaya,Statewide,27.28,0.0,0.0,0.0,0.0,0.0,0.0,0,2020,4,110,0,91.40000000000009,130.32,17.884993720810648,0.0,0.8660254037844387,-0.4999999999999998,27.28,0.0,0.0,130.32
2020-04-19,Tripura,Statewide,18.55,0.0,0.0,0.0,0.0,0.0,0.0,0,2020,4,110,0,62.5299999999999,87.71000000000004,12.798267680865042,0.0,0.8660254037844387,-0.4999999999999998,18.55,0.0,0.0,87.71000000000004
2020-04-21,Uttarakhand,Statewide,4.27,0.0,0.0,0.0,0.0,0.0,0.0,0,2020,4,112,0,13.099999999999994,37.6,2.198676161572547,0.0,0.8660254037844387,-0.4999999999999998,4.27,0.0,0.0,37.6
2020-04-23,Ladakh,Statewide,10.14,0.0,0.0,0.0,0.0,0.0,0.0,0,2020,4,114,0,70.98,242.46,10.137586070871054,0.0,0.8660254037844387,-0.4999999999999998,10.14,0.0,0.0,242.46
2020-04-23,Madhya Pradesh,Statewide,0.03,0.0,0.0,0.0,0.0,0.0,0.0,0,2020,4,114,0,0.7299999999999858,8.489999999999998,0.08382150206221213,0.0,0.8660254037844387,-0.4999999999999998,0.03,0.0,0.0,8.489999999999998
2020-04-26,Jammu And Kashmir,Statewide,16.11,0.0,0.0,0.0,0.0,0.0,0.0,0,2020,4,117,0,112.77,454.49999999999994,16.10932408836707,0.0,0.8660254037844387,-0.4999999999999998,16.11,0.0,0.0,454.49999999999994
2020-04-26,Jharkhand,Statewide,2.83,0.0,0.0,0.0,0.0,0.0,0.0,0,2020,4,117,0,30.139999999999997,37.5,3.7099062275089736,0.0,0.8660254037844387,-0.4999999999999998,2.83,0.0,0.0,37.5
2020-04-28,Telangana,Statewide,1.54,0.0,0.0,0.0,0.0,0.0,0.0,0,2020,4,119,0,6.900000000000015,18.17,1.3228094827388972,0.0,0.8660254037844387,-0.4999999999999998,1.54,0.0,0.0,18.17
2020-04-30,Madhya Pradesh,Statewide,0.02,0.0,0.0,0.0,0.0,0.0,0.0,0,2020,4,121,0,4.199999999999986,7.0,0.503619469127282,0.0,0.8660254037844387,-0.4999999999999998,0.02,0.0,0.0,7.0
2020-05-04,Himachal Pradesh,Statewide,5.91,0.0,0.0,0.0,0.0,0.0,0.0,0,2020,5,125,0,11.440000000000019,53.56,2.5760051024426,0.0,0.49999999999999994,-0.8660254037844387,5.91,0.0,0.0,53.56
2020-05-05,Himachal Pradesh,Statewide,0.67,0.0,0.0,0.0,0.0,0.0,0.0,0,2020,5,126,0,10.33000000000002,54.21,2.00420357170982,0.0,0.49999999999999994,-0.8660254037844387,0.67,0.0,0.0,54.21
2020-05-06,Nagaland,Statewide,3.17,0.0,0.0,0.0,0.0,0.0,0.0,0,2020,5,127,0,35.30999999999995,166.99,5.234341712345428,0.0,0.49999999999999994,-0.8660254037844387,3.17,0.0,0.0,166.99
2020-05-06,Telangana,Statewide,0.22,0.0,0.0,0.0,0.0,0.0,0.0,0,2020,5,127,0,2.8300000000000143,24.270000000000003,0.49103674778902673,0.0,0.49999999999999994,-0.8660254037844387,0.22,0.0,0.0,24.270000000000003
2020-05-07,Andhra Pradesh,Statewide,1.28,0.0,0.0,0.0,0.0,0.0,0.0,0,2020,5,128,0,6.359999999999956,49.23,1.0574844867647115,0.0,0.49999999999999994,-0.8660254037844387,1.28,0.0,0.0,49.23
2020-05-08,Bihar,Statewide,6.92,0.0,0.0,0.0,0.0,0.0,0.0,0,2020,5,129,0,39.1500000000001,92.33,5.618445032449763,0.0,0.49999999999999994,-0.8660254037844387,6.92,0.0,0.0,92.33
2020-05-08,Goa,Statewide,0.0,0.0,0.0,0.0,0.0,0.0,0.0,0,2020,5,129,0,4.819999999999887,26.76,0.41637642469315256,0.0,0.49999999999999994,-0.8660254037844387,0.0,0.0,0.0,26.76
2020-05-10,Puducherry,Statewide,1.3,0.0,0.0,0.0,0.0,0.0,0.0,0,2020,5,131,0,2.7200000000000424,15.729999999999999,0.5700769182936123,0.0,0.49999999999999994,-0.8660254037844387,1.3,0.0,0.0,15.729999999999999
2020-05-11,Arunachal Pradesh,Statewide,7.5,0.0,0.0,0.0,0.0,0.0,0.0,0,2020,5,132,0,57.11,199.72,7.612344678675118,0.0,0.49999999999999994,-0.8660254037844387,7.5,0.0,0.0,199.72
2020-05-12,Uttar Pradesh,Statewide,0.79,0.0,0.0,0.0,0.0,0.0,0.0,0,2020,5,133,0,9.639999999999995,37.199999999999996,0.9467944605854696,0.0,0.49999999999999994,-0.8660254037844387,0.79,0.0,0.0,37.199999999999996
2020-05-14,Tripura,Statewide,2.38,0.0,0.0,0.0,0.0,0.0,0.0,0,2020,5,135,0,46.7299999999999,262.98,7.188455664549275,0.0,0.49999999999999994,-0.8660254037844387,2.38,0.0,0.0,262.98
2020-05-16,Himachal Pradesh,Statewide,0.2,0.0,0.0,0.0,0.0,0.0,0.0,0,2020,5,137,0,13.980000000000018,66.32,1.4391379499502792,0.0,0.49999999999999994,-0.8660254037844387,0.2,0.0,0.0,66.32
2020-05-17,Mizoram,Statewide,0.84,0.0,0.0,0.0,0.0,0.0,0.0,0,2020,5,138,0,18.190000000000015,119.03,1.471839323253155,0.0,0.49999999999999994,-0.8660254037844387,0.84,0.0,0.0,119.03
2020-05-17,Sikkim,Statewide,13.61,0.0,0.0,0.0,0.0,0.0,0.0,0,2020,5,138,0,74.63999999999999,271.26,12.16553159979011,0.0,0.49999999999999994,-0.8660254037844387,13.61,0.0,0.0,271.26
2020-05-18,Telangana,Statewide,0.52,0.0,0.0,0.0,0.0,0.0,0.0,0,2020,5,139,0,7.000000000000014,30.48,1.1735917797595827,0.0,0.49999999999999994,-0.8660254037844387,0.52,0.0,0.0,30.48
2020-05-23,Andaman And Nicobar Islands,Statewide,13.92,0.0,0.0,0.0,0.0,0.0,0.0,0,2020,5,144,0,90.25999999999999,285.73,12.69628038392647,0.0,0.49999999999999994,-0.8660254037844387,13.92,0.0,0.0,285.73
2020-05-27,Maharashtra,Statewide,0.01,0.0,0.0,0.0,0.0,0.0,0.0,0,2020,5,148,0,0.01,12.14,0.05662892528509227,0.0,0.49999999999999994,-0.8660254037844387,0.01,0.0,0.0,12.14
2020-05-30,Gujarat,Statewide,0.0,0.0,0.0,0.0,0.0,0.0,0.0,0,2020,5,151,0,0.0,0.48,9.00646817667466e-05,0.0,0.49999999999999994,-0.8660254037844387,0.0,0.0,0.0,0.48
2020-06-02,Nagaland,Statewide,4.32,0.0,0.0,0.0,0.0,0.0,0.0,0,2020,6,154,1,46.849999999999945,159.43,5.302821398279429,0.0,1.2246467991473532e-16,-1.0,4.32,0.0,0.0,159.43
2020-06-04,Lakshadweep,Statewide,1642.9,0.0,0.0,0.0,0.0,0.0,0.0,0,2020,6,156,1,11500.300000000001,49287.0,1642.8999999999992,0.0,1.2246467991473532e-16,-1.0,1642.9,0.0,0.0,49287.0
2020-06-05,Manipur,Statewide,10.04,0.0,0.0,0.0,0.0,0.0,0.0,0,2020,6,157,1,74.6,185.7,10.363353265507822,0.0,1.2246467991473532e-16,-1.0,10.04,0.0,0.0,185.7
2020-06-06,The Dadra And Nagar Haveli And Daman And Diu,Statewide,12.97,0.0,0.0,0.0,0.0,0.0,0.0,0,2020,6,158,1,43.759999999999884,43.79,8.812487132823161,0.0,1.2246467991473532e-16,-1.0,12.97,0.0,0.0,43.79
2020-06-06,Tripura,Statewide,0.62,0.0,0.0,0.0,0.0,0.0,0.0,0,2020,6,158,1,106.99999999999991,390.12,18.304214709119638,0.0,1.2246467991473532e-16,-1.0,0.62,0.0,0.0,390.12
2020-06-07,The Dadra And Nagar Haveli And Daman And Diu,Statewide,0.56,0.0,0.0,0.0,0.0,0.0,0.0,0,2020,6,159,1,44.31999999999989,44.35,6.336740992976213,0.0,1.2246467991473532e-16,-1.0,0.56,0.0,0.0,44.35
2020-06-09,Uttarakhand,Statewide,0.34,0.0,0.0,0.0,0.0,0.0,0.0,0,2020,6,161,1,19.659999999999997,68.03,2.5398000445537265,0.0,1.2246467991473532e-16,-1.0,0.34,0.0,0.0,68.03
2020-06-12,Telangana,Statewide,13.55,0.0,0.0,0.0,0.0,0.0,0.0,0,2020,6,164,1,53.33000000000001,101.38,12.097292111095076,0.0,1.2246467991473532e-16,-1.0,13.55,0.0,0.0,101.38
2020-06-13,Mizoram,Statewide,5.15,0.0,0.0,0.0,0.0,0.0,0.0,0,2020,6,165,1,63.54,281.74,9.170272257881232,0.0,1.2246467991473532e-16,-1.0,5.15,0.0,0.0,281.74
2020-06-19,Ladakh,Statewide,4.55,0.0,0.0,0.0,0.0,0.0,0.0,0,2020,6,171,1,31.849999999999998,86.45,4.544813685051435,0.0,1.2246467991473532e-16,-1.0,4.55,0.0,0.0,86.45
2020-06-20,Andaman And Nicobar Islands,Statewide,13.41,0.0,0.0,0.0,0.0,0.0,0.0,0,2020,6,172,1,82.99,414.41,11.9192814294071,0.0,1.2246467991473532e-16,-1.0,13.41,0.0,0.0,414.41
2020-06-20,Assam,Statewide,9.31,0.0,0.0,0.0,0.0,0.0,0.0,0,2020,6,172,1,109.86,500.77,15.117794460892476,0.0,1.2246467991473532e-16,-1.0,9.31,0.0,0.0,500.77
2020-06-23,Tamil Nadu,Statewide,1.53,0.0,0.0,0.0,0.0,0.0,0.0,0,2020,6,175,1,6.550000000000008,36.88999999999999,1.1744706009751713,0.0,1.2246467991473532e-16,-1.0,1.53,0.0,0.0,36.88999999999999
2020-06-24,Jharkhand,Statewide,2.5,0.0,0.0,0.0,0.0,0.0,0.0,0,2020,6,176,1,65.51,191.46,7.615634822869193,0.0,1.2246467991473532e-16,-1.0,2.5,0.0,0.0,191.46
2020-06-25,Madhya Pradesh,Statewide,2.98,0.0,0.0,0.0,0.0,0.0,0.0,0,2020,6,177,1,48.469999999999985,166.29,6.465534195518512,0.0,1.2246467991473532e-16,-1.0,2.98,0.0,0.0,166.29
2020-06-27,Jharkhand,Statewide,6.74,0.0,0.0,0.0,0.0,0.0,0.0,0,2020,6,179,1,57.559999999999995,210.48000000000002,8.898422744244133,0.0,1.2246467991473532e-16,-1.0,6.74,0.0,0.0,210.48000000000002
2020-06-27,Nagaland,Statewide,4.42,0.0,0.0,0.0,0.0,0.0,0.0,0,2020,6,179,1,96.53999999999995,244.21,10.144590143642441,0.0,1.2246467991473532e-16,-1.0,4.42,0.0,0.0,244.21
2020-07-01,Himachal Pradesh,Statewide,0.05,0.0,0.0,0.0,0.0,0.0,0.0,0,2020,7,183,1,12.840000000000014,64.39,1.8612893185793509,0.0,-0.4999999999999997,-0.8660254037844388,0.05,0.0,0.0,64.39
2020-07-02,Tamil Nadu,Statewide,0.7,0.0,0.0,0.0,0.0,0.0,0.0,0,2020,7,184,1,24.350000000000005,55.59,2.7716396223248054,0.0,-0.4999999999999997,-0.8660254037844388,0.7,0.0,0.0,55.59
2020-07-03,Sikkim,Statewide,58.36,0.0,0.0,0.0,0.0,0.0,0.0,0,2020,7,185,1,258.35,803.6999999999999,38.60572703395043,0.0,-0.4999999999999997,-0.8660254037844388,58.36,0.0,0.0,803.6999999999999
2020-07-03,Uttar Pradesh,Statewide,3.18,0.0,0.0,0.0,0.0,0.0,0.0,0,2020,7,185,1,40.269999999999996,154.88,4.460054460392423,0.0,-0.4999999999999997,-0.8660254037844388,3.18,0.0,0.0,154.88
2020-07-07,Odisha,Statewide,8.7,0.0,0.0,0.0,0.0,0.0,0.0,0,2020,7,189,1,65.15,271.73999999999995,11.494020298075228,0.0,-0.4999999999999997,-0.8660254037844388,8.7,0.0,0.0,271.73999999999995
2020-07-08,Assam,Statewide,11.63,0.0,0.0,0.0,0.0,0.0,0.0,0,2020,7,190,1,85.36,455.78,12.802364093383526,0.0,-0.4999999999999997,-0.8660254037844388,11.63,0.0,0.0,455.78
2020-07-13,Puducherry,Statewide,2.98,0.0,0.0,0.0,0.0,0.0,0.0,0,2020,7,195,1,30.37000000000004,97.94,3.7048979239487094,0.0,-0.4999999999999997,-0.8660254037844388,2.98,0.0,0.0,97.94
2020-07-14,Jharkhand,Statewide,10.15,0.0,0.0,0.0,0.0,0.0,0.0,0,2020,7,196,1,73.53999999999999,283.76000000000005,9.960191593855509,0.0,-0.4999999999999997,-0.8660254037844388,10.15,0.0,0.0,283.76000000000005
2020-07-15,Sikkim,Statewide,19.1,0.0,0.0,0.0,0.0,0.0,0.0,0,2020,7,197,1,210.25,887.64,24.639870845016812,0.0,-0.4999999999999997,-0.8660254037844388,19.1,0.0,0.0,887.64
2020-07-17,Maharashtra,Statewide,10.58,0.0,0.0,0.0,0.0,0.0,0.0,0,2020,7,199,1,59.0,265.24,10.03819786878117,0.0,-0.4999999999999997,-0.8660254037844388,10.58,0.0,0.0,265.24
2020-07-17,Nagaland,Statewide,13.09,0.0,0.0,0.0,0.0,0.0,0.0,0,2020,7,199,1,70.38999999999996,313.08000000000004,12.430816568816109,0.0,-0.4999999999999997,-0.8660254037844388,13.09,0.0,0.0,313.08000000000004
2020-07-17,Puducherry,Statewide,0.9,0.0,0.0,0.0,0.0,0.0,0.0,0,2020,7,199,1,9.06000000000004,95.96,1.7418759915400848,0.0,-0.4999999999999997,-0.8660254037844388,0.9,0.0,0.0,95.96
2020-07-17,Sikkim,Statewide,16.5,0.0,0.0,0.0,0.0,0.0,0.0,0,2020,7,199,1,165.44,876.9499999999999,20.530536714058236,0.0,-0.4999999999999997,-0.8660254037844388,16.5,0.0,0.0,876.9499999999999
2020-07-18,Ladakh,Statewide,0.385625,0.0,0.0,0.0,0.0,0.0,0.0,0,2020,7,200,1,1.6168749999999998,45.726875,0.37092619445719405,0.0,-0.4999999999999997,-0.8660254037844388,0.385625,0.0,0.0,45.726875
2020-07-21,Uttarakhand,Statewide,14.59,0.0,0.0,0.0,0.0,0.0,0.0,0,2020,7,203,1,98.77000000000001,355.24,14.07747212934203,0.0,-0.4999999999999997,-0.8660254037844388,14.59,0.0,0.0,355.24
2020-07-23,Sikkim,Statewide,13.9,0.0,0.0,0.0,0.0,0.0,0.0,0,2020,7,205,1,131.9,814.36,19.049476713872235,0.0,-0.4999999999999997,-0.8660254037844388,13.9,0.0,0.0,814.36
2020-07-24,Lakshadweep,Statewide,1642.9,0.0,0.0,0.0,0.0,0.0,0.0,0,2020,7,206,1,11500.300000000001,49287.0,1642.8999999999992,0.0,-0.4999999999999997,-0.8660254037844388,1642.9,0.0,0.0,49287.0
2020-07-25,Kerala,Statewide,22.74,0.0,0.0,0.0,0.0,0.0,0.0,0,2020,7,207,1,168.20999999999998,557.12,23.713695172017072,0.0,-0.4999999999999997,-0.8660254037844388,22.74,0.0,0.0,557.12
2020-07-27,Jammu And Kashmir,Statewide,8.75,0.0,0.0,0.0,0.0,0.0,0.0,0,2020,7,209,1,59.7,127.94999999999999,8.36840073650719,0.0,-0.4999999999999997,-0.8660254037844388,8.75,0.0,0.0,127.94999999999999
2020-08-02,Haryana,Statewide,1.75,0.0,0.0,0.0,0.0,0.0,0.0,0,2020,8,215,1,40.720000000000006,188.39,5.096721850754904,0.0,-0.8660254037844385,-0.5000000000000004,1.75,0.0,0.0,188.39
2020-08-02,Mizoram,Statewide,51.54,0.0,0.0,0.0,0.0,0.0,0.0,0,2020,8,215,1,124.79999999999998,377.87,24.435783623492533,0.0,-0.8660254037844385,-0.5000000000000004,51.54,0.0,0.0,377.87
2020-08-02,Nagaland,Statewide,0.01,0.0,0.0,0.0,0.0,0.0,0.0,0,2020,8,215,1,56.339999999999954,331.45,5.472180969333878,0.0,-0.8660254037844385,-0.5000000000000004,0.01,0.0,0.0,331.45
2020-08-02,Puducherry,Statewide,8.45,0.0,0.0,0.0,0.0,0.0,0.0,0,2020,8,215,1,58.97000000000004,140.8,7.616388267243531,0.0,-0.8660254037844385,-0.5000000000000004,8.45,0.0,0.0,140.8
2020-08-03,Manipur,Statewide,0.68,0.0,0.0,0.0,0.0,0.0,0.0,0,2020,8,216,1,30.859999999999992,199.97,3.2232584425275745,0.0,-0.8660254037844385,-0.5000000000000004,0.68,0.0,0.0,199.97
2020-08-03,Puducherry,Statewide,4.12,0.0,0.0,0.0,0.0,0.0,0.0,0,2020,8,216,1,61.59000000000004,138.84,6.567471787070471,0.0,-0.8660254037844385,-0.5000000000000004,4.12,0.0,0.0,138.84
2020-08-03,Tamil Nadu,Statewide,3.59,0.0,0.0,0.0,0.0,0.0,0.0,0,2020,8,216,1,33.790000000000006,113.14,4.114218953753762,0.0,-0.8660254037844385,-0.5000000000000004,3.59,0.0,0.0,113.14
2020-08-04,Maharashtra,Statewide,14.44,0.0,0.0,0.0,0.0,0.0,0.0,0,2020,8,217,1,57.82,303.76,9.469229183474773,0.0,-0.8660254037844385,-0.5000000000000004,14.44,0.0,0.0,303.76
2020-08-09,Arunachal Pradesh,Statewide,20.33,0.0,0.0,0.0,0.0,0.0,0.0,0,2020,8,222,1,52.56,512.42,12.722274181859206,0.0,-0.8660254037844385,-0.5000000000000004,20.33,0.0,0.0,512.42
2020-08-10,Goa,Statewide,48.6,0.0,0.0,0.0,0.0,0.0,0.0,0,2020,8,223,1,511.16999999999985,1229.62,54.59646161716629,0.0,-0.8660254037844385,-0.5000000000000004,48.6,0.0,0.0,1229.62
2020-08-10,Tripura,Statewide,3.0,0.0,0.0,0.0,0.0,0.0,0.0,0,2020,8,223,1,39.1899999999999,378.83000000000004,4.873830211288151,0.0,-0.8660254037844385,-0.5000000000000004,3.0,0.0,0.0,378.83000000000004
2020-08-11,Himachal Pradesh,Statewide,13.55,0.0,0.0,0.0,0.0,0.0,0.0,0,2020,8,224,1,56.94000000000001,268.08,9.779507873014246,0.0,-0.8660254037844385,-0.5000000000000004,13.55,0.0,0.0,268.08
2020-08-12,Himachal Pradesh,Statewide,7.13,0.0,0.0,0.0,0.0,0.0,0.0,0,2020,8,225,1,61.390000000000015,275.18,8.984655511109972,0.0,-0.8660254037844385,-0.5000000000000004,7.13,0.0,0.0,275.18
2020-08-14,West Bengal,Statewide,4.6,0.0,0.0,0.0,0.0,0.0,0.0,0,2020,8,227,1,54.82,345.93,8.15741154036054,0.0,-0.8660254037844385,-0.5000000000000004,4.6,0.0,0.0,345.93
2020-08-15,Bihar,Statewide,0.8,0.0,0.0,0.0,0.0,0.0,0.0,0,2020,8,228,1,78.8800000000001,310.12,8.989811587359055,0.0,-0.8660254037844385,-0.5000000000000004,0.8,0.0,0.0,310.12
2020-08-16,Chandigarh,Statewide,4.3,0.0,0.0,0.0,0.0,0.0,0.0,0,2020,8,229,1,148.80000000000004,297.09999999999997,13.266613686784142,0.0,-0.8660254037844385,-0.5000000000000004,4.3,0.0,0.0,297.09999999999997
2020-08-18,Chhattisgarh,Statewide,8.93,0.0,0.0,0.0,0.0,0.0,0.0,0,2020,8,231,1,132.39000000000001,399.88,18.98299786600841,0.0,-0.8660254037844385,-0.5000000000000004,8.93,0.0,0.0,399.88
2020-08-20,Madhya Pradesh,Statewide,12.5,0.0,0.0,0.0,0.0,0.0,0.0,0,2020,8,233,1,95.80999999999997,336.68,13.260235084139042,0.0,-0.8660254037844385,-0.5000000000000004,12.5,0.0,0.0,336.68
2020-08-22,Mizoram,Statewide,3.97,0.0,0.0,0.0,0.0,0.0,0.0,0,2020,8,235,1,34.64,297.56,6.392127721802135,0.0,-0.8660254037844385,-0.5000000000000004,3.97,0.0,0.0,297.56
2020-08-26,Gujarat,Statewide,10.53,0.0,0.0,0.0,0.0,0.0,0.0,0,2020,8,239,1,198.63000000000002,527.9499999999999,30.538509956121523,0.0,-0.8660254037844385,-0.5000000000000004,10.53,0.0,0.0,527.9499999999999
2020-08-27,Jammu And Kashmir,Statewide,55.48,0.0,0.0,0.0,0.0,0.0,0.0,0,2020,8,240,1,102.47,217.44,22.164549361938576,0.0,-0.8660254037844385,-0.5000000000000004,55.48,0.0,0.0,217.44
2020-09-01,Arunachal Pradesh,Statewide,2.53,0.0,0.0,0.0,0.0,0.0,0.0,0,2020,9,245,1,73.09,307.09000000000003,9.63849353615987,0.0,-1.0,-1.8369701987210297e-16,2.53,0.0,0.0,307.09000000000003
2020-09-03,Madhya Pradesh,Statewide,7.8,0.0,0.0,0.0,0.0,0.0,0.0,0,2020,9,247,1,137.34,454.44,10.318372939591427,0.0,-1.0,-1.8369701987210297e-16,7.8,0.0,0.0,454.44
2020-09-05,Sikkim,Statewide,32.38,0.0,0.0,0.0,0.0,0.0,0.0,0,2020,9,249,1,78.18,384.13,15.085331387665706,0.0,-1.0,-1.8369701987210297e-16,32.38,0.0,0.0,384.13
2020-09-06,Tamil Nadu,Statewide,3.02,0.0,0.0,0.0,0.0,0.0,0.0,0,2020,9,250,1,53.10000000000001,106.57000000000001,5.579356022749694,0.0,-1.0,-1.8369701987210297e-16,3.02,0.0,0.0,106.57000000000001
2020-09-10,Bihar,Statewide,4.4,0.0,0.0,0.0,0.0,0.0,0.0,0,2020,9,254,1,35.0700000000001,183.26999999999998,5.732199415073264,0.0,-1.0,-1.8369701987210297e-16,4.4,0.0,0.0,183.26999999999998
2020-09-21,Jammu And Kashmir,Statewide,0.0,0.0,0.0,0.0,0.0,0.0,0.0,0,2020,9,265,1,0.019999999999998228,173.19,0.05063594541120129,0.0,-1.0,-1.8369701987210297e-16,0.0,0.0,0.0,173.19
2020-09-24,Punjab,Statewide,0.07,0.0,0.0,0.0,0.0,0.0,0.0,0,2020,9,268,1,0.42999999999998223,60.57,0.10378456825474627,0.0,-1.0,-1.8369701987210297e-16,0.07,0.0,0.0,60.57
2020-09-24,Tamil Nadu,Statewide,0.07,0.0,0.0,0.0,0.0,0.0,0.0,0,2020,9,268,1,11.020000000000005,112.53,1.084191520353849,0.0,-1.0,-1.8369701987210297e-16,0.07,0.0,0.0,112.53
2020-09-24,The Dadra And Nagar Haveli And Daman And Diu,Statewide,13.82,0.0,0.0,0.0,0.0,0.0,0.0,0,2020,9,268,1,94.63999999999986,389.41,15.446686247371733,0.0,-1.0,-1.8369701987210297e-16,13.82,0.0,0.0,389.41
2020-09-25,Himachal Pradesh,Statewide,0.15,0.0,0.0,0.0,0.0,0.0,0.0,0,2020,9,269,1,1.2300000000000142,66.77000000000001,0.2621661984227111,0.0,-1.0,-1.8369701987210297e-16,0.15,0.0,0.0,66.77000000000001
2020-09-25,Odisha,Statewide,3.0,0.0,0.0,0.0,0.0,0.0,0.0,0,2020,9,269,1,58.660000000000004,205.77,5.843757698801513,0.0,-1.0,-1.8369701987210297e-16,3.0,0.0,0.0,205.77
2020-09-25,Uttarakhand,Statewide,7.68,0.0,0.0,0.0,0.0,0.0,0.0,0,2020,9,269,1,31.369999999999997,114.52000000000001,5.973907117854349,0.0,-1.0,-1.8369701987210297e-16,7.68,0.0,0.0,114.52000000000001
2020-09-26,Uttarakhand,Statewide,0.08,0.0,0.0,0.0,0.0,0.0,0.0,0,2020,9,270,1,28.88,92.09,4.205734982498044,0.0,-1.0,-1.8369701987210297e-16,0.08,0.0,0.0,92.09
2020-09-29,Andaman And Nicobar Islands,Statewide,16.14,0.0,0.0,0.0,0.0,0.0,0.0,0,2020,9,273,1,103.72999999999999,380.94,15.543333635020314,0.0,-1.0,-1.8369701987210297e-16,16.14,0.0,0.0,380.94
2020-09-30,Punjab,Statewide,0.0,0.0,0.0,0.0,0.0,0.0,0.0,0,2020,9,274,1,0.49999999999998224,23.65,0.04247304067060264,0.0,-1.0,-1.8369701987210297e-16,0.0,0.0,0.0,23.65
2020-10-01,Tripura,Statewide,10.13,0.0,0.0,0.0,0.0,0.0,0.0,0,2020,10,275,0,47.299999999999905,251.49000000000004,6.956419275365622,0.0,-0.8660254037844386,0.5000000000000001,10.13,0.0,0.0,251.49000000000004
2020-10-03,Andaman And Nicobar Islands,Statewide,13.99,0.0,0.0,0.0,0.0,0.0,0.0,0,2020,10,277,0,102.32,390.92,13.987790405768376,0.0,-0.8660254037844386,0.5000000000000001,13.99,0.0,0.0,390.92
2020-10-03,Chandigarh,Statewide,0.0,0.0,0.0,0.0,0.0,0.0,0.0,0,2020,10,277,0,0.0,17.599999999999987,0.058615513568531105,0.0,-0.8660254037844386,0.5000000000000001,0.0,0.0,0.0,17.599999999999987
2020-10-03,Karnataka,Statewide,2.87,0.0,0.0,0.0,0.0,0.0,0.0,0,2020,10,277,0,32.52000000000002,250.66000000000003,4.577524111100252,0.0,-0.8660254037844386,0.5000000000000001,2.87,0.0,0.0,250.66000000000003
2020-10-04,Goa,Statewide,9.74,0.0,0.0,0.0,0.0,0.0,0.0,0,2020,10,278,0,22.839999999999886,655.59,7.035453224315981,0.0,-0.8660254037844386,0.5000000000000001,9.74,0.0,0.0,655.59
2020-10-08,Goa,Statewide,0.0,0.0,0.0,0.0,0.0,0.0,0.0,0,2020,10,282,0,23.399999999999885,627.47,3.7488083191582664,0.0,-0.8660254037844386,0.5000000000000001,0.0,0.0,0.0,627.47
2020-10-09,Arunachal Pradesh,Statewide,0.42,0.0,0.0,0.0,0.0,0.0,0.0,0,2020,10,283,0,107.37,499.22,10.981024472563504,0.0,-0.8660254037844386,0.5000000000000001,0.42,0.0,0.0,499.22
2020-10-10,Odisha,Statewide,0.79,0.0,0.0,0.0,0.0,0.0,0.0,0,2020,10,284,0,42.739999999999995,195.68,3.811093039178949,0.0,-0.8660254037844386,0.5000000000000001,0.79,0.0,0.0,195.68
2020-10-13,Delhi,Statewide,0.0,0.0,0.0,0.0,0.0,0.0,0.0,0,2020,10,287,0,0.0,0.0,1.6857499299926147e-05,0.0,-0.8660254037844386,0.5000000000000001,0.0,0.0,0.0,0.0
2020-10-14,Puducherry,Statewide,0.89,0.0,0.0,0.0,0.0,0.0,0.0,0,2020,10,288,0,33.04000000000004,179.60999999999999,5.11203924255279,0.0,-0.8660254037844386,0.5000000000000001,0.89,0.0,0.0,179.60999999999999
2020-10-15,Andhra Pradesh,Statewide,7.88,0.0,0.0,0.0,0.0,0.0,0.0,0,2020,10,289,0,107.06999999999996,264.77,15.030792330453355,0.0,-0.8660254037844386,0.5000000000000001,7.88,0.0,0.0,264.77
2020-10-17,Andaman And Nicobar Islands,Statewide,8.67,0.0,0.0,0.0,0.0,0.0,0.0,0,2020,10,291,0,73.76,383.25,10.55536229500078,0.0,-0.8660254037844386,0.5000000000000001,8.67,0.0,0.0,383.25
2020-10-19,The Dadra And Nagar Haveli And Daman And Diu,Statewide,1.44,0.0,0.0,0.0,0.0,0.0,0.0,0,2020,10,293,0,7.909999999999858,124.67999999999999,1.1685321464425233,0.0,-0.8660254037844386,0.5000000000000001,1.44,0.0,0.0,124.67999999999999
2020-10-20,Madhya Pradesh,Statewide,0.59,0.0,0.0,0.0,0.0,0.0,0.0,0,2020,10,294,0,3.059999999999986,78.75999999999999,0.6479433394252492,0.0,-0.8660254037844386,0.5000000000000001,0.59,0.0,0.0,78.75999999999999
2020-10-22,Ladakh,Statewide,0.0,0.0,0.0,0.0,0.0,0.0,0.0,0,2020,10,296,0,0.39999999999999913,0.86,0.036239825824772615,0.0,-0.8660254037844386,0.5000000000000001,0.0,0.0,0.0,0.86
2020-10-23,Madhya Pradesh,Statewide,0.12,0.0,0.0,0.0,0.0,0.0,0.0,0,2020,10,297,0,3.409999999999986,46.449999999999996,0.4113345654228604,0.0,-0.8660254037844386,0.5000000000000001,0.12,0.0,0.0,46.449999999999996
2020-10-23,Uttarakhand,Statewide,0.07,0.0,0.0,0.0,0.0,0.0,0.0,0,2020,10,297,0,0.24000000000000002,16.73,0.0569763687811749,0.0,-0.8660254037844386,0.5000000000000001,0.07,0.0,0.0,16.73
2020-10-24,Haryana,Statewide,0.0,0.0,0.0,0.0,0.0,0.0,0.0,0,2020,10,298,0,0.0,0.42,2.262100015754101e-05,0.0,-0.8660254037844386,0.5000000000000001,0.0,0.0,0.0,0.42
2020-10-26,The Dadra And Nagar Haveli And Daman And Diu,Statewide,0.0,0.0,0.0,0.0,0.0,0.0,0.0,0,2020,10,300,0,19.48999999999986,37.379999999999995,1.2770749449477714,0.0,-0.8660254037844386,0.5000000000000001,0.0,0.0,0.0,37.379999999999995
2020-10-28,Delhi,Statewide,0.0,0.0,0.0,0.0,0.0,0.0,0.0,0,2020,10,302,0,0.0,0.0,8.003201483022037e-08,0.0,-0.8660254037844386,0.5000000000000001,0.0,0.0,0.0,0.0
2020-10-30,Jharkhand,Statewide,0.0,0.0,0.0,0.0,0.0,0.0,0.0,0,2020,10,304,0,0.29999999999999644,63.84,0.05647839810767589,0.0,-0.8660254037844386,0.5000000000000001,0.0,0.0,0.0,63.84
2020-10-30,Maharashtra,Statewide,0.03,0.0,0.0,0.0,0.0,0.0,0.0,0,2020,10,304,0,6.25,118.96000000000001,0.757365094272995,0.0,-0.8660254037844386,0.5000000000000001,0.03,0.0,0.0,118.96000000000001
2020-10-31,Punjab,Statewide,0.0,0.0,0.0,0.0,0.0,0.0,0.0,0,2020,10,305,0,0.0,0.0,6.701200217985862e-07,0.0,-0.8660254037844386,0.5000000000000001,0.0,0.0,0.0,0.0
2020-11-01,Maharashtra,Statewide,0.0,0.0,0.0,0.0,0.0,0.0,0.0,0,2020,11,306,0,3.54,115.08,0.3753088961937675,0.0,-0.5000000000000004,0.8660254037844384,0.0,0.0,0.0,115.08
2020-11-03,Chandigarh,Statewide,0.0,0.0,0.0,0.0,0.0,0.0,0.0,0,2020,11,308,0,0.0,0.0,9.248085046443666e-07,0.0,-0.5000000000000004,0.8660254037844384,0.0,0.0,0.0,0.0
2020-11-04,Maharashtra,Statewide,0.01,0.0,0.0,0.0,0.0,0.0,0.0,0,2020,11,309,0,0.26,111.31,0.13173095139446223,0.0,-0.5000000000000004,0.8660254037844384,0.01,0.0,0.0,111.31
2020-11-05,Lakshadweep,Statewide,1642.9,0.0,0.0,0.0,0.0,0.0,0.0,0,2020,11,310,0,11500.300000000001,49287.0,1642.8999999999992,0.0,-0.5000000000000004,0.8660254037844384,1642.9,0.0,0.0,49287.0
2020-11-08,Bihar,Statewide,0.0,0.0,0.0,0.0,0.0,0.0,0.0,0,2020,11,313,0,0.010000000000099476,0.38,0.0010925158909481775,0.0,-0.5000000000000004,0.8660254037844384,0.0,0.0,0.0,0.38
2020-11-08,Manipur,Statewide,0.0,0.0,0.0,0.0,0.0,0.0,0.0,0,2020,11,313,0,40.71999999999999,177.26999999999998,2.619350603990821,0.0,-0.5000000000000004,0.8660254037844384,0.0,0.0,0.0,177.26999999999998
2020-11-09,Uttar Pradesh,Statewide,0.0,0.0,0.0,0.0,0.0,0.0,0.0,0,2020,11,314,0,0.0,0.1799999999999929,0.00016902347315585973,0.0,-0.5000000000000004,0.8660254037844384,0.0,0.0,0.0,0.1799999999999929
2020-11-11,Madhya Pradesh,Statewide,0.0,0.0,0.0,0.0,0.0,0.0,0.0,0,2020,11,316,0,0.0,4.199999999999992,0.00046887595973761924,0.0,-0.5000000000000004,0.8660254037844384,0.0,0.0,0.0,4.199999999999992
2020-11-11,Telangana,Statewide,0.0,0.0,0.0,0.0,0.0,0.0,0.0,0,2020,11,316,0,0.5100000000000142,119.32000000000001,0.042635958839172226,0.0,-0.5000000000000004,0.8660254037844384,0.0,0.0,0.0,119.32000000000001
2020-11-13,Lakshadweep,Statewide,1642.9,0.0,0.0,0.0,0.0,0.0,0.0,0,2020,11,318,0,11500.300000000001,49287.0,1642.8999999999992,0.0,-0.5000000000000004,0.8660254037844384,1642.9,0.0,0.0,49287.0
2020-11-14,Bihar,Statewide,0.0,0.0,0.0,0.0,0.0,0.0,0.0,0,2020,11,319,0,0.0,0.3,0.00012853340205416208,0.0,-0.5000000000000004,0.8660254037844384,0.0,0.0,0.0,0.3
2020-11-15,Andhra Pradesh,Statewide,1.47,0.0,0.0,0.0,0.0,0.0,0.0,0,2020,11,320,0,26.05999999999996,92.12,3.9557777116767827,0.0,-0.5000000000000004,0.8660254037844384,1.47,0.0,0.0,92.12
2020-11-18,Manipur,Statewide,0.0,0.0,0.0,0.0,0.0,0.0,0.0,0,2020,11,323,0,0.0,163.85999999999999,0.07399017140806073,0.0,-0.5000000000000004,0.8660254037844384,0.0,0.0,0.0,163.85999999999999
2020-11-18,Sikkim,Statewide,0.83,0.0,0.0,0.0,0.0,0.0,0.0,0,2020,11,323,0,0.83,51.13999999999999,0.28111592165386134,0.0,-0.5000000000000004,0.8660254037844384,0.83,0.0,0.0,51.13999999999999
2020-11-20,The Dadra And Nagar Haveli And Daman And Diu,Statewide,0.0,0.0,0.0,0.0,0.0,0.0,0.0,0,2020,11,325,0,0.019999999999857892,8.66,0.004371264513362854,0.0,-0.5000000000000004,0.8660254037844384,0.0,0.0,0.0,8.66
2020-11-22,Delhi,Statewide,0.0,0.0,0.0,0.0,0.0,0.0,0.0,0,2020,11,327,0,1.4300000000000141,1.4300000000000141,0.05047142101073282,0.0,-0.5000000000000004,0.8660254037844384,0.0,0.0,0.0,1.4300000000000141
2020-11-23,Himachal Pradesh,Statewide,0.45,0.0,0.0,0.0,0.0,0.0,0.0,0,2020,11,328,0,2.2600000000000144,21.240000000000002,0.5171859517107882,0.0,-0.5000000000000004,0.8660254037844384,0.45,0.0,0.0,21.240000000000002
2020-11-26,Delhi,Statewide,0.0,0.0,0.0,0.0,0.0,0.0,0.0,0,2020,11,331,0,0.0,1.4300000000000141,0.012118188184676946,0.0,-0.5000000000000004,0.8660254037844384,0.0,0.0,0.0,1.4300000000000141
2020-11-26,Manipur,Statewide,0.0,0.0,0.0,0.0,0.0,0.0,0.0,0,2020,11,331,0,0.2699999999999929,78.26999999999998,0.0320483861412336,0.0,-0.5000000000000004,0.8660254037844384,0.0,0.0,0.0,78.26999999999998
2020-11-27,Arunachal Pradesh,Statewide,0.0,0.0,0.0,0.0,0.0,0.0,0.0,0,2020,11,332,0,16.71,61.28,1.0408798225090008,0.0,-0.5000000000000004,0.8660254037844384,0.0,0.0,0.0,61.28
2020-11-28,Jharkhand,Statewide,0.04,0.0,0.0,0.0,0.0,0.0,0.0,0,2020,11,333,0,0.06999999999999645,6.55,0.1368304419632785,0.0,-0.5000000000000004,0.8660254037844384,0.04,0.0,0.0,6.55
2020-11-28,Manipur,Statewide,0.0,0.0,0.0,0.0,0.0,0.0,0.0,0,2020,11,333,0,0.2699999999999929,78.26999999999998,0.015703709209204463,0.0,-0.5000000000000004,0.8660254037844384,0.0,0.0,0.0,78.26999999999998
2020-12-01,Meghalaya,Statewide,0.0,0.0,0.0,0.0,0.0,0.0,0.0,0,2020,12,336,0,0.0,9.400000000000002,0.007034371918357187,0.0,-2.4492935982947064e-16,1.0,0.0,0.0,0.0,9.400000000000002
2020-12-01,West Bengal,Statewide,0.0,0.0,0.0,0.0,0.0,0.0,0.0,0,2020,12,336,0,0.0,4.71,0.03544937244781044,0.0,-2.4492935982947064e-16,1.0,0.0,0.0,0.0,4.71
2020-12-03,Goa,Statewide,0.0,0.0,0.0,0.0,0.0,0.0,0.0,0,2020,12,338,0,0.06999999999988632,0.11000000000000001,0.003582737090410607,0.0,-2.4492935982947064e-16,1.0,0.0,0.0,0.0,0.11000000000000001
2020-12-11,Andhra Pradesh,Statewide,0.0,0.0,0.0,0.0,0.0,0.0,0.0,0,2020,12,346,0,31.549999999999972,222.64000000000001,3.390894198873006,0.0,-2.4492935982947064e-16,1.0,0.0,0.0,0.0,222.64000000000001
2020-12-16,Meghalaya,Statewide,0.0,0.0,0.0,0.0,0.0,0.0,0.0,0,2020,12,351,0,0.0,1.8500000000000019,0.007341595755494212,0.0,-2.4492935982947064e-16,1.0,0.0,0.0,0.0,1.8500000000000019
2020-12-17,Puducherry,Statewide,72.53,0.0,0.0,0.0,0.0,0.0,0.0,0,2020,12,352,0,96.06000000000003,629.69,28.21604266543067,0.0,-2.4492935982947064e-16,1.0,72.53,0.0,0.0,629.69
2020-12-20,Mizoram,Statewide,0.0,0.0,0.0,0.0,0.0,0.0,0.0,0,2020,12,355,0,0.0,0.28,4.4035215585711136e-06,0.0,-2.4492935982947064e-16,1.0,0.0,0.0,0.0,0.28
2020-12-22,Odisha,Statewide,0.0,0.0,0.0,0.0,0.0,0.0,0.0,0,2020,12,357,0,0.0,0.9400000000000001,0.00029853398858623747,0.0,-2.4492935982947064e-16,1.0,0.0,0.0,0.0,0.9400000000000001
2020-12-24,Odisha,Statewide,0.0,0.0,0.0,0.0,0.0,0.0,0.0,0,2020,12,359,0,0.0,0.9,0.00014628165440725633,0.0,-2.4492935982947064e-16,1.0,0.0,0.0,0.0,0.9
2020-12-26,Madhya Pradesh,Statewide,0.0,0.0,0.0,0.0,0.0,0.0,0.0,0,2020,12,361,0,0.0,6.969999999999993,0.02665806892921018,0.0,-2.4492935982947064e-16,1.0,0.0,0.0,0.0,6.969999999999993
2020-12-26,Mizoram,Statewide,0.0,0.0,0.0,0.0,0.0,0.0,0.0,0,2020,12,361,0,0.0,0.0,5.180699078443327e-07,0.0,-2.4492935982947064e-16,1.0,0.0,0.0,0.0,0.0
2020-12-27,Delhi,Statewide,0.0,0.0,0.0,0.0,0.0,0.0,0.0,0,2020,12,362,0,0.0,0.6800000000000143,0.000968693743205412,0.0,-2.4492935982947064e-16,1.0,0.0,0.0,0.0,0.6800000000000143
2020-12-27,Jharkhand,Statewide,0.0,0.0,0.0,0.0,0.0,0.0,0.0,0,2020,12,362,0,0.0,0.30999999999999994,0.001553517025307419,0.0,-2.4492935982947064e-16,1.0,0.0,0.0,0.0,0.30999999999999994
2021-01-01,Jammu And Kashmir,Statewide,0.0,0.0,0.0,0.0,0.0,0.0,0.0,0,2021,1,1,0,16.32,71.95,1.370996316132164,0.0,0.49999999999999994,0.8660254037844387,0.0,0.0,0.0,71.95
2021-01-03,Sikkim,Statewide,0.0,0.0,0.0,0.0,0.0,0.0,0.0,0,2021,1,3,0,0.0,20.419999999999998,0.00039811498681310245,0.0,0.49999999999999994,0.8660254037844387,0.0,0.0,0.0,20.419999999999998
2021-01-04,Odisha,Statewide,0.0,0.0,0.0,0.0,0.0,0.0,0.0,0,2021,1,4,0,0.0,0.01,2.892466272697515e-06,0.0,0.49999999999999994,0.8660254037844387,0.0,0.0,0.0,0.01
2021-01-04,Telangana,Statewide,0.0,0.0,0.0,0.0,0.0,0.0,0.0,0,2021,1,4,0,0.0,0.19,1.060502599114278e-05,0.0,0.49999999999999994,0.8660254037844387,0.0,0.0,0.0,0.19
2021-01-06,Arunachal Pradesh,Statewide,0.0,0.0,0.0,0.0,0.0,0.0,0.0,0,2021,1,6,0,0.0,9.479999999999999,0.0029817901919485003,0.0,0.49999999999999994,0.8660254037844387,0.0,0.0,0.0,9.479999999999999
2021-01-06,Mizoram,Statewide,0.0,0.0,0.0,0.0,0.0,0.0,0.0,0,2021,1,6,0,0.0,0.0,1.0243934835241436e-08,0.0,0.49999999999999994,0.8660254037844387,0.0,0.0,0.0,0.0
2021-01-06,Uttarakhand,Statewide,11.79,0.0,0.0,0.0,0.0,0.0,0.0,0,2021,1,6,0,20.229999999999997,27.41,4.859984593104553,0.0,0.49999999999999994,0.8660254037844387,11.79,0.0,0.0,27.41
2021-01-07,Jharkhand,Statewide,0.0,0.0,0.0,0.0,0.0,0.0,0.0,0,2021,1,7,0,0.0,0.26999999999999996,3.0718107598461655e-05,0.0,0.49999999999999994,0.8660254037844387,0.0,0.0,0.0,0.26999999999999996
2021-01-09,Himachal Pradesh,Statewide,0.0,0.0,0.0,0.0,0.0,0.0,0.0,0,2021,1,9,0,34.73000000000001,57.56999999999999,3.343909708007446,0.0,0.49999999999999994,0.8660254037844387,0.0,0.0,0.0,57.56999999999999
2021-01-10,Gujarat,Statewide,0.39,0.0,0.0,0.0,0.0,0.0,0.0,0,2021,1,10,0,1.1800000000000144,7.55,0.2724624283564512,0.0,0.49999999999999994,0.8660254037844387,0.39,0.0,0.0,7.55
2021-01-14,Jammu And Kashmir,Statewide,0.0,0.0,0.0,0.0,0.0,0.0,0.0,0,2021,1,14,0,0.52,107.22,1.345172270976168,0.0,0.49999999999999994,0.8660254037844387,0.0,0.0,0.0,107.22
2021-01-16,Karnataka,Statewide,0.0,0.0,0.0,0.0,0.0,0.0,0.0,0,2021,1,16,0,0.5100000000000142,24.840000000000014,0.39600848244694353,0.0,0.49999999999999994,0.8660254037844387,0.0,0.0,0.0,24.840000000000014
2021-01-18,Chhattisgarh,Statewide,0.0,0.0,0.0,0.0,0.0,0.0,0.0,0,2021,1,18,0,0.0,0.0,2.8188132706758595e-06,0.0,0.49999999999999994,0.8660254037844387,0.0,0.0,0.0,0.0
2021-01-19,Delhi,Statewide,0.0,0.0,0.0,0.0,0.0,0.0,0.0,0,2021,1,19,0,0.0,37.110000000000014,0.07436089091321955,0.0,0.49999999999999994,0.8660254037844387,0.0,0.0,0.0,37.110000000000014
2021-01-22,Uttar Pradesh,Statewide,0.0,0.0,0.0,0.0,0.0,0.0,0.0,0,2021,1,22,0,0.0,5.249999999999994,0.00382238733711461,0.0,0.49999999999999994,0.8660254037844387,0.0,0.0,0.0,5.249999999999994
2021-01-24,Bihar,Statewide,0.0,0.0,0.0,0.0,0.0,0.0,0.0,0,2021,1,24,0,0.05000000000009948,0.07,0.0062258025066487125,0.0,0.49999999999999994,0.8660254037844387,0.0,0.0,0.0,0.07
2021-01-24,Manipur,Statewide,0.0,0.0,0.0,0.0,0.0,0.0,0.0,0,2021,1,24,0,5.199999999999993,5.209999999999986,0.5350848852640526,0.0,0.49999999999999994,0.8660254037844387,0.0,0.0,0.0,5.209999999999986
2021-01-25,Arunachal Pradesh,Statewide,1.38,0.0,0.0,0.0,0.0,0.0,0.0,0,2021,1,25,0,17.31,21.91,1.3938500643383749,0.0,0.49999999999999994,0.8660254037844387,1.38,0.0,0.0,21.91
2021-01-25,Delhi,Statewide,0.0,0.0,0.0,0.0,0.0,0.0,0.0,0,2021,1,25,0,0.0,37.110000000000014,0.008748484455049365,0.0,0.49999999999999994,0.8660254037844387,0.0,0.0,0.0,37.110000000000014
2021-01-27,Telangana,Statewide,0.0,0.0,0.0,0.0,0.0,0.0,0.0,0,2021,1,27,0,0.0,1.35,0.00034778319456850313,0.0,0.49999999999999994,0.8660254037844387,0.0,0.0,0.0,1.35
2021-01-29,Himachal Pradesh,Statewide,0.0,0.0,0.0,0.0,0.0,0.0,0.0,0,2021,1,29,0,7.040000000000014,41.79,0.3576320213389649,0.0,0.49999999999999994,0.8660254037844387,0.0,0.0,0.0,41.79
2021-01-29,Sikkim,Statewide,0.0,0.0,0.0,0.0,0.0,0.0,0.0,0,2021,1,29,0,0.0,22.979999999999997,0.31626186838806264,0.0,0.49999999999999994,0.8660254037844387,0.0,0.0,0.0,22.979999999999997
2021-01-29,The Dadra And Nagar Haveli And Daman And Diu,Statewide,0.0,0.0,0.0,0.0,0.0,0.0,0.0,0,2021,1,29,0,0.0,2.43,0.0005840555560357169,0.0,0.49999999999999994,0.8660254037844387,0.0,0.0,0.0,2.43
2021-02-03,Delhi,Statewide,0.0,0.0,0.0,0.0,0.0,0.0,0.0,0,2021,2,34,0,0.0,16.180000000000014,0.0003530329035446711,0.0,0.8660254037844386,0.5000000000000001,0.0,0.0,0.0,16.180000000000014
2021-02-05,Chhattisgarh,Statewide,0.0,0.0,0.0,0.0,0.0,0.0,0.0,0,2021,2,36,0,0.7300000000000137,2.4699999999999998,0.06875408019019381,0.0,0.8660254037844386,0.5000000000000001,0.0,0.0,0.0,2.4699999999999998
2021-02-05,Uttarakhand,Statewide,8.6,0.0,0.0,0.0,0.0,0.0,0.0,0,2021,2,36,0,9.42,18.43,2.7524794294279915,0.0,0.8660254037844386,0.5000000000000001,8.6,0.0,0.0,18.43
2021-02-07,Jammu And Kashmir,Statewide,0.0,0.0,0.0,0.0,0.0,0.0,0.0,0,2021,2,38,0,10.559999999999999,27.9,0.9895787282133868,0.0,0.8660254037844386,0.5000000000000001,0.0,0.0,0.0,27.9
2021-02-09,Kerala,Statewide,0.0,0.0,0.0,0.0,0.0,0.0,0.0,0,2021,2,40,0,0.03999999999996092,27.549999999999997,0.005943976849056743,0.0,0.8660254037844386,0.5000000000000001,0.0,0.0,0.0,27.549999999999997
2021-02-14,Manipur,Statewide,0.0,0.0,0.0,0.0,0.0,0.0,0.0,0,2021,2,45,0,0.0,5.199999999999986,0.0002988694495977148,0.0,0.8660254037844386,0.5000000000000001,0.0,0.0,0.0,5.199999999999986
2021-02-15,Lakshadweep,Statewide,1642.9,0.0,0.0,0.0,0.0,0.0,0.0,0,2021,2,46,0,11500.300000000001,49287.0,1642.8999999999992,0.0,0.8660254037844386,0.5000000000000001,1642.9,0.0,0.0,49287.0
2021-02-17,Goa,Statewide,0.0,0.0,0.0,0.0,0.0,0.0,0.0,0,2021,2,48,0,0.0,0.0,5.2000111474022814e-06,0.0,0.8660254037844386,0.5000000000000001,0.0,0.0,0.0,0.0
2021-02-17,Lakshadweep,Statewide,1642.9,0.0,0.0,0.0,0.0,0.0,0.0,0,2021,2,48,0,11500.300000000001,49287.0,1642.8999999999992,0.0,0.8660254037844386,0.5000000000000001,1642.9,0.0,0.0,49287.0
2021-02-17,Nagaland,Statewide,0.01,0.0,0.0,0.0,0.0,0.0,0.0,0,2021,2,48,0,0.009999999999950262,4.82,0.0032661906038603814,0.0,0.8660254037844386,0.5000000000000001,0.01,0.0,0.0,4.82
2021-02-17,West Bengal,Statewide,0.03,0.0,0.0,0.0,0.0,0.0,0.0,0,2021,2,48,0,0.04,1.8,0.014879796001412343,0.0,0.8660254037844386,0.5000000000000001,0.03,0.0,0.0,1.8
2021-02-18,Goa,Statewide,0.03,0.0,0.0,0.0,0.0,0.0,0.0,0,2021,2,49,0,0.029999999999886312,0.03,0.00900364000780318,0.0,0.8660254037844386,0.5000000000000001,0.03,0.0,0.0,0.03
2021-02-18,Karnataka,Statewide,0.02,0.0,0.0,0.0,0.0,0.0,0.0,0,2021,2,49,0,0.02000000000001421,0.02000000000001421,0.0060056127670182514,0.0,0.8660254037844386,0.5000000000000001,0.02,0.0,0.0,0.02000000000001421
2021-02-19,Maharashtra,Statewide,5.13,0.0,0.0,0.0,0.0,0.0,0.0,0,2021,2,50,0,5.78,5.93,1.6667060945951766,0.0,0.8660254037844386,0.5000000000000001,5.13,0.0,0.0,5.93
2021-02-21,Himachal Pradesh,Statewide,0.0,0.0,0.0,0.0,0.0,0.0,0.0,0,2021,2,52,0,0.27000000000001423,23.02,0.04242277778624517,0.0,0.8660254037844386,0.5000000000000001,0.0,0.0,0.0,23.02
2021-02-23,Bihar,Statewide,0.0,0.0,0.0,0.0,0.0,0.0,0.0,0,2021,2,54,0,0.13000000000009948,0.7,0.006881532922986212,0.0,0.8660254037844386,0.5000000000000001,0.0,0.0,0.0,0.7
2021-02-23,Puducherry,Statewide,0.0,0.0,0.0,0.0,0.0,0.0,0.0,0,2021,2,54,0,109.87000000000003,110.35,18.200917530969544,0.0,0.8660254037844386,0.5000000000000001,0.0,0.0,0.0,110.35
2021-02-23,West Bengal,Statewide,0.0,0.0,0.0,0.0,0.0,0.0,0.0,0,2021,2,54,0,0.1,0.61,0.0058048531197701595,0.0,0.8660254037844386,0.5000000000000001,0.0,0.0,0.0,0.61
2021-02-27,Sikkim,Statewide,7.94,0.0,0.0,0.0,0.0,0.0,0.0,0,2021,2,58,0,7.94,17.93,2.4572438725966936,0.0,0.8660254037844386,0.5000000000000001,7.94,0.0,0.0,17.93
2021-02-28,Uttarakhand,Statewide,1.06,0.0,0.0,0.0,0.0,0.0,0.0,0,2021,2,59,0,3.94,16.41,0.9246661722688805,0.0,0.8660254037844386,0.5000000000000001,1.06,0.0,0.0,16.41
2021-03-01,Rajasthan,Statewide,0.0,0.0,0.0,0.0,0.0,0.0,0.0,0,2021,3,60,0,0.0,0.09,0.00012802856033542636,0.0,1.0,6.123233995736766e-17,0.0,0.0,0.0,0.09
2021-03-02,Tamil Nadu,Statewide,0.0,0.0,0.0,0.0,0.0,0.0,0.0,0,2021,3,61,0,0.09999999999999912,13.74,0.18968575633048046,0.0,1.0,6.123233995736766e-17,0.0,0.0,0.0,13.74
2021-03-07,Uttarakhand,Statewide,0.31,0.0,0.0,0.0,0.0,0.0,0.0,0,2021,3,66,0,0.31,7.3,0.16915023535088303,0.0,1.0,6.123233995736766e-17,0.31,0.0,0.0,7.3
2021-03-08,Kerala,Statewide,0.21,0.0,0.0,0.0,0.0,0.0,0.0,0,2021,3,67,0,0.2099999999999609,11.98,0.10773258197069308,0.0,1.0,6.123233995736766e-17,0.21,0.0,0.0,11.98
2021-03-09,Andaman And Nicobar Islands,Statewide,2.86,0.0,0.0,0.0,0.0,0.0,0.0,0,2021,3,68,0,9.93,47.99,1.8134861508736169,0.0,1.0,6.123233995736766e-17,2.86,0.0,0.0,47.99
2021-03-09,The Dadra And Nagar Haveli And Daman And Diu,Statewide,0.0,0.0,0.0,0.0,0.0,0.0,0.0,0,2021,3,68,0,0.0,0.13,6.350866154254728e-05,0.0,1.0,6.123233995736766e-17,0.0,0.0,0.0,0.13
2021-03-11,Mizoram,Statewide,0.02,0.0,0.0,0.0,0.0,0.0,0.0,0,2021,3,70,0,4.760000000000001,6.03,0.6398800424451434,0.0,1.0,6.123233995736766e-17,0.02,0.0,0.0,6.03
2021-03-14,Rajasthan,Statewide,0.0,0.0,0.0,0.0,0.0,0.0,0.0,0,2021,3,73,0,0.7699999999999996,0.8,0.11587378045605147,0.0,1.0,6.123233995736766e-17,0.0,0.0,0.0,0.8
2021-03-14,West Bengal,Statewide,1.65,0.0,0.0,0.0,0.0,0.0,0.0,0,2021,3,73,0,7.199999999999999,9.18,1.1206236278840083,0.0,1.0,6.123233995736766e-17,1.65,0.0,0.0,9.18
2021-03-17,Puducherry,Statewide,0.0,0.0,0.0,0.0,0.0,0.0,0.0,0,2021,3,76,0,0.6400000000000284,110.50999999999999,0.029704841046610767,0.0,1.0,6.123233995736766e-17,0.0,0.0,0.0,110.50999999999999
2021-03-17,West Bengal,Statewide,0.0,0.0,0.0,0.0,0.0,0.0,0.0,0,2021,3,76,0,6.65,9.5,0.43141390436421473,0.0,1.0,6.123233995736766e-17,0.0,0.0,0.0,9.5
2021-03-18,Ladakh,Statewide,0.27,0.0,0.0,0.0,0.0,0.0,0.0,0,2021,3,77,0,24.029999999999998,58.230000000000004,1.1940570875468774,0.0,1.0,6.123233995736766e-17,0.27,0.0,0.0,58.230000000000004
2021-03-22,Haryana,Statewide,0.47,0.0,0.0,0.0,0.0,0.0,0.0,0,2021,3,81,0,0.4700000000000035,3.67,0.16114291585242901,0.0,1.0,6.123233995736766e-17,0.47,0.0,0.0,3.67
2021-03-23,Bihar,Statewide,0.0,0.0,0.0,0.0,0.0,0.0,0.0,0,2021,3,82,0,0.0,1.92,0.01281970288193146,0.0,1.0,6.123233995736766e-17,0.0,0.0,0.0,1.92
2021-03-24,Punjab,Statewide,0.79,0.0,0.0,0.0,0.0,0.0,0.0,0,2021,3,83,0,5.829999999999982,8.69,1.172362542110128,0.0,1.0,6.123233995736766e-17,0.79,0.0,0.0,8.69
2021-03-26,Ladakh,Statewide,0.0,0.0,0.0,0.0,0.0,0.0,0.0,0,2021,3,85,0,31.719999999999995,87.85,4.054632914923473,0.0,1.0,6.123233995736766e-17,0.0,0.0,0.0,87.85
2021-03-27,The Dadra And Nagar Haveli And Daman And Diu,Statewide,0.0,0.0,0.0,0.0,0.0,0.0,0.0,0,2021,3,86,0,0.0,0.0,1.0341836804097628e-07,0.0,1.0,6.123233995736766e-17,0.0,0.0,0.0,0.0
2021-03-29,Delhi,Statewide,0.0,0.0,0.0,0.0,0.0,0.0,0.0,0,2021,3,88,0,0.0,2.9300000000000144,0.0014894656907361889,0.0,1.0,6.123233995736766e-17,0.0,0.0,0.0,2.9300000000000144
2021-04-04,Gujarat,Statewide,0.0,0.0,0.0,0.0,0.0,0.0,0.0,0,2021,4,94,0,0.0,0.0,2.7516326318240237e-09,0.0,0.8660254037844387,-0.4999999999999998,0.0,0.0,0.0,0.0
2021-04-04,Punjab,Statewide,0.0,0.0,0.0,0.0,0.0,0.0,0.0,0,2021,4,94,0,0.0,7.98,0.02318143807005818,0.0,0.8660254037844387,-0.4999999999999998,0.0,0.0,0.0,7.98
2021-04-06,Odisha,Statewide,0.1,0.0,0.0,0.0,0.0,0.0,0.0,0,2021,4,96,0,2.560000000000003,7.37,0.4456187272753389,0.0,0.8660254037844387,-0.4999999999999998,0.1,0.0,0.0,7.37
2021-04-09,Chhattisgarh,Statewide,0.97,0.0,0.0,0.0,0.0,0.0,0.0,0,2021,4,99,0,1.2200000000000142,7.03,0.32958713842228976,0.0,0.8660254037844387,-0.4999999999999998,0.97,0.0,0.0,7.03
2021-04-13,Haryana,Statewide,0.0,0.0,0.0,0.0,0.0,0.0,0.0,0,2021,4,103,0,0.5700000000000035,1.92,0.02034998301644132,0.0,0.8660254037844387,-0.4999999999999998,0.0,0.0,0.0,1.92
2021-04-14,Jammu And Kashmir,Statewide,0.02,0.0,0.0,0.0,0.0,0.0,0.0,0,2021,4,104,0,4.46,111.91999999999999,1.3014151397584366,0.0,0.8660254037844387,-0.4999999999999998,0.02,0.0,0.0,111.91999999999999
2021-04-16,Bihar,Statewide,0.0,0.0,0.0,0.0,0.0,0.0,0.0,0,2021,4,106,0,0.04000000000009948,0.67,0.016746386498993876,0.0,0.8660254037844387,-0.4999999999999998,0.0,0.0,0.0,0.67
2021-04-16,Punjab,Statewide,0.0,0.0,0.0,0.0,0.0,0.0,0.0,0,2021,4,106,0,0.009999999999982237,8.57,0.03409076507505985,0.0,0.8660254037844387,-0.4999999999999998,0.0,0.0,0.0,8.57
2021-04-16,The Dadra And Nagar Haveli And Daman And Diu,Statewide,0.0,0.0,0.0,0.0,0.0,0.0,0.0,0,2021,4,106,0,0.009999999999857892,0.01,0.0021000000825198597,0.0,0.8660254037844387,-0.4999999999999998,0.0,0.0,0.0,0.01
2021-04-18,Goa,Statewide,0.0,0.0,0.0,0.0,0.0,0.0,0.0,0,2021,4,108,0,6.019999999999887,9.52,0.30016344064698164,0.0,0.8660254037844387,-0.4999999999999998,0.0,0.0,0.0,9.52
2021-04-18,Haryana,Statewide,0.1,0.0,0.0,0.0,0.0,0.0,0.0,0,2021,4,108,0,2.1500000000000035,4.069999999999999,0.4639202216455732,0.0,0.8660254037844387,-0.4999999999999998,0.1,0.0,0.0,4.069999999999999
2021-04-23,Puducherry,Statewide,0.42,0.0,0.0,0.0,0.0,0.0,0.0,0,2021,4,113,0,1.8700000000000285,6.35,0.3480077112946006,0.0,0.8660254037844387,-0.4999999999999998,0.42,0.0,0.0,6.35
2021-04-26,Puducherry,Statewide,0.04,0.0,0.0,0.0,0.0,0.0,0.0,0,2021,4,116,0,1.7700000000000282,6.69,0.232376644974048,0.0,0.8660254037844387,-0.4999999999999998,0.04,0.0,0.0,6.69
2021-04-26,Tamil Nadu,Statewide,0.21,0.0,0.0,0.0,0.0,0.0,0.0,0,2021,4,116,0,6.380000000000001,34.980000000000004,0.9236268225577247,0.0,0.8660254037844387,-0.4999999999999998,0.21,0.0,0.0,34.980000000000004
2021-04-28,Maharashtra,Statewide,0.52,0.0,0.0,0.0,0.0,0.0,0.0,0,2021,4,118,0,1.4500000000000002,8.58,0.2890822959255047,0.0,0.8660254037844387,-0.4999999999999998,0.52,0.0,0.0,8.58
2021-04-30,Andhra Pradesh,Statewide,0.62,0.0,0.0,0.0,0.0,0.0,0.0,0,2021,4,120,0,8.119999999999973,29.15,0.9080056685854243,0.0,0.8660254037844387,-0.4999999999999998,0.62,0.0,0.0,29.15
2021-04-30,Chandigarh,Statewide,0.0,0.0,0.0,0.0,0.0,0.0,0.0,0,2021,4,120,0,0.6000000000000427,18.19999999999999,0.34228333504685043,0.0,0.8660254037844387,-0.4999999999999998,0.0,0.0,0.0,18.19999999999999
2021-04-30,Delhi,Statewide,0.0,0.0,0.0,0.0,0.0,0.0,0.0,0,2021,4,120,0,0.7600000000000144,2.7600000000000144,0.07586833849295035,0.0,0.8660254037844387,-0.4999999999999998,0.0,0.0,0.0,2.7600000000000144
2021-04-30,Uttarakhand,Statewide,0.78,0.0,0.0,0.0,0.0,0.0,0.0,0,2021,4,120,0,22.65,64.57000000000001,1.736852083575239,0.0,0.8660254037844387,-0.4999999999999998,0.78,0.0,0.0,64.57000000000001
2021-05-01,Manipur,Statewide,5.92,0.0,0.0,0.0,0.0,0.0,0.0,0,2021,5,121,0,10.129999999999992,38.09999999999999,2.149611586546092,0.0,0.49999999999999994,-0.8660254037844387,5.92,0.0,0.0,38.09999999999999
2021-05-02,Karnataka,Statewide,3.27,0.0,0.0,0.0,0.0,0.0,0.0,0,2021,5,122,0,15.860000000000014,55.930000000000014,2.559002537677531,0.0,0.49999999999999994,-0.8660254037844387,3.27,0.0,0.0,55.930000000000014
2021-05-03,Andhra Pradesh,Statewide,0.36,0.0,0.0,0.0,0.0,0.0,0.0,0,2021,5,123,0,3.969999999999973,29.79,0.4669059443248005,0.0,0.49999999999999994,-0.8660254037844387,0.36,0.0,0.0,29.79
2021-05-03,Chhattisgarh,Statewide,0.74,0.0,0.0,0.0,0.0,0.0,0.0,0,2021,5,123,0,3.3800000000000137,16.35,0.5979840205096681,0.0,0.49999999999999994,-0.8660254037844387,0.74,0.0,0.0,16.35
2021-05-04,Manipur,Statewide,12.8,0.0,0.0,0.0,0.0,0.0,0.0,0,2021,5,124,0,24.029999999999994,53.649999999999984,5.621016774185309,0.0,0.49999999999999994,-0.8660254037844387,12.8,0.0,0.0,53.649999999999984
2021-05-04,The Dadra And Nagar Haveli And Daman And Diu,Statewide,0.0,0.0,0.0,0.0,0.0,0.0,0.0,0,2021,5,124,0,0.05999999999985789,0.27,0.007784100268689984,0.0,0.49999999999999994,-0.8660254037844387,0.0,0.0,0.0,0.27
2021-05-04,West Bengal,Statewide,17.12,0.0,0.0,0.0,0.0,0.0,0.0,0,2021,5,124,0,29.73,62.480000000000004,7.135520733554316,0.0,0.49999999999999994,-0.8660254037844387,17.12,0.0,0.0,62.480000000000004
2021-05-05,Kerala,Statewide,5.89,0.0,0.0,0.0,0.0,0.0,0.0,0,2021,5,125,0,39.05999999999996,146.94000000000003,6.497412785683464,0.0,0.49999999999999994,-0.8660254037844387,5.89,0.0,0.0,146.94000000000003
2021-05-07,Andhra Pradesh,Statewide,0.08,0.0,0.0,0.0,0.0,0.0,0.0,0,2021,5,127,0,5.359999999999973,33.32,0.9455701172323844,0.0,0.49999999999999994,-0.8660254037844387,0.08,0.0,0.0,33.32
2021-05-07,Himachal Pradesh,Statewide,5.64,0.0,0.0,0.0,0.0,0.0,0.0,0,2021,5,127,0,20.670000000000016,125.31,3.65452265572462,0.0,0.49999999999999994,-0.8660254037844387,5.64,0.0,0.0,125.31
2021-05-07,West Bengal,Statewide,8.37,0.0,0.0,0.0,0.0,0.0,0.0,0,2021,5,127,0,46.51,77.36,6.964193611609129,0.0,0.49999999999999994,-0.8660254037844387,8.37,0.0,0.0,77.36
2021-05-08,Assam,Statewide,6.52,0.0,0.0,0.0,0.0,0.0,0.0,0,2021,5,128,0,38.07000000000001,96.32,5.16705819686847,0.0,0.49999999999999994,-0.8660254037844387,6.52,0.0,0.0,96.32
2021-05-08,The Dadra And Nagar Haveli And Daman And Diu,Statewide,0.0,0.0,0.0,0.0,0.0,0.0,0.0,0,2021,5,128,0,0.0,0.27,0.0018689624745124643,0.0,0.49999999999999994,-0.8660254037844387,0.0,0.0,0.0,0.27
2021-05-09,Jharkhand,Statewide,2.52,0.0,0.0,0.0,0.0,0.0,0.0,0,2021,5,129,0,31.179999999999993,41.839999999999996,4.004911068456497,0.0,0.49999999999999994,-0.8660254037844387,2.52,0.0,0.0,41.839999999999996
2021-05-09,Tamil Nadu,Statewide,1.58,0.0,0.0,0.0,0.0,0.0,0.0,0,2021,5,129,0,15.54,52.290000000000006,2.058630078014122,0.0,0.49999999999999994,-0.8660254037844387,1.58,0.0,0.0,52.290000000000006
2021-05-09,Uttarakhand,Statewide,2.21,0.0,0.0,0.0,0.0,0.0,0.0,0,2021,5,129,0,41.2,106.64,5.613502484187726,0.0,0.49999999999999994,-0.8660254037844387,2.21,0.0,0.0,106.64
2021-05-10,Andaman And Nicobar Islands,Statewide,10.75,0.0,0.0,0.0,0.0,0.0,0.0,0,2021,5,130,0,66.73,164.28,9.2083497824484,0.0,0.49999999999999994,-0.8660254037844387,10.75,0.0,0.0,164.28
2021-05-10,Lakshadweep,Statewide,1642.9,0.0,0.0,0.0,0.0,0.0,0.0,0,2021,5,130,0,11500.300000000001,49287.0,1642.8999999999992,0.0,0.49999999999999994,-0.8660254037844387,1642.9,0.0,0.0,49287.0
2021-05-11,Jammu And Kashmir,Statewide,6.15,0.0,0.0,0.0,0.0,0.0,0.0,0,2021,5,131,0,29.610000000000003,102.26,4.097865013119953,0.0,0.49999999999999994,-0.8660254037844387,6.15,0.0,0.0,102.26
2021-05-12,Manipur,Statewide,4.89,0.0,0.0,0.0,0.0,0.0,0.0,0,2021,5,132,0,29.34999999999999,87.52999999999999,5.258359900108402,0.0,0.49999999999999994,-0.8660254037844387,4.89,0.0,0.0,87.52999999999999
2021-05-13,Sikkim,Statewide,25.57,0.0,0.0,0.0,0.0,0.0,0.0,0,2021,5,133,0,102.82,280.14,19.731654701731745,0.0,0.49999999999999994,-0.8660254037844387,25.57,0.0,0.0,280.14
2021-05-14,Rajasthan,Statewide,0.17,0.0,0.0,0.0,0.0,0.0,0.0,0,2021,5,134,0,3.7600000000000002,6.61,0.6775104562218325,0.0,0.49999999999999994,-0.8660254037844387,0.17,0.0,0.0,6.61
2021-05-16,Delhi,Statewide,0.0,0.0,0.0,0.0,0.0,0.0,0.0,0,2021,5,136,0,2.8500000000000147,7.260000000000014,0.29934929615013667,0.0,0.49999999999999994,-0.8660254037844387,0.0,0.0,0.0,7.260000000000014
2021-05-18,Telangana,Statewide,0.66,0.0,0.0,0.0,0.0,0.0,0.0,0,2021,5,138,0,13.880000000000013,34.04,1.4883266687962757,0.0,0.49999999999999994,-0.8660254037844387,0.66,0.0,0.0,34.04
2021-05-20,Lakshadweep,Statewide,1642.9,0.0,0.0,0.0,0.0,0.0,0.0,0,2021,5,140,0,11500.300000000001,49287.0,1642.8999999999992,0.0,0.49999999999999994,-0.8660254037844387,1642.9,0.0,0.0,49287.0
2021-05-20,Mizoram,Statewide,6.57,0.0,0.0,0.0,0.0,0.0,0.0,0,2021,5,140,0,54.440000000000005,147.81,7.13095651602992,0.0,0.49999999999999994,-0.8660254037844387,6.57,0.0,0.0,147.81
2021-05-23,Andhra Pradesh,Statewide,3.68,0.0,0.0,0.0,0.0,0.0,0.0,0,2021,5,143,0,39.59999999999998,75.57000000000001,6.891443245646619,0.0,0.49999999999999994,-0.8660254037844387,3.68,0.0,0.0,75.57000000000001
2021-05-29,Assam,Statewide,2.66,0.0,0.0,0.0,0.0,0.0,0.0,0,2021,5,149,0,31.620000000000008,210.68,4.624159741112278,0.0,0.49999999999999994,-0.8660254037844387,2.66,0.0,0.0,210.68
2021-05-29,Meghalaya,Statewide,16.05,0.0,0.0,0.0,0.0,0.0,0.0,0,2021,5,149,0,81.85000000000005,450.62,13.292298753523834,0.0,0.49999999999999994,-0.8660254037844387,16.05,0.0,0.0,450.62
2021-05-31,Telangana,Statewide,0.03,0.0,0.0,0.0,0.0,0.0,0.0,0,2021,5,151,0,4.820000000000014,42.61,0.9771359465350765,0.0,0.49999999999999994,-0.8660254037844387,0.03,0.0,0.0,42.61
2021-06-07,Meghalaya,Statewide,11.7,0.0,0.0,0.0,0.0,0.0,0.0,0,2021,6,158,1,147.27000000000004,554.86,16.632658240136287,0.0,1.2246467991473532e-16,-1.0,11.7,0.0,0.0,554.86
2021-06-07,Punjab,Statewide,0.09,0.0,0.0,0.0,0.0,0.0,0.0,0,2021,6,158,1,21.419999999999984,38.379999999999995,1.6348115568470856,0.0,1.2246467991473532e-16,-1.0,0.09,0.0,0.0,38.379999999999995
2021-06-09,Arunachal Pradesh,Statewide,18.72,0.0,0.0,0.0,0.0,0.0,0.0,0,2021,6,160,1,118.65,409.15999999999997,17.002140241349736,0.0,1.2246467991473532e-16,-1.0,18.72,0.0,0.0,409.15999999999997
2021-06-09,Assam,Statewide,7.38,0.0,0.0,0.0,0.0,0.0,0.0,0,2021,6,160,1,112.14999999999999,317.47,14.490045950230751,0.0,1.2246467991473532e-16,-1.0,7.38,0.0,0.0,317.47
2021-06-09,Madhya Pradesh,Statewide,8.08,0.0,0.0,0.0,0.0,0.0,0.0,0,2021,6,160,1,18.99999999999998,74.33999999999999,3.575259616817805,0.0,1.2246467991473532e-16,-1.0,8.08,0.0,0.0,74.33999999999999
2021-06-10,Telangana,Statewide,2.17,0.0,0.0,0.0,0.0,0.0,0.0,0,2021,6,161,1,33.51000000000001,90.94,4.445573174141434,0.0,1.2246467991473532e-16,-1.0,2.17,0.0,0.0,90.94
2021-06-10,Uttar Pradesh,Statewide,4.76,0.0,0.0,0.0,0.0,0.0,0.0,0,2021,6,161,1,9.53,119.03999999999999,2.522515038918716,0.0,1.2246467991473532e-16,-1.0,4.76,0.0,0.0,119.03999999999999
2021-06-11,Rajasthan,Statewide,0.01,0.0,0.0,0.0,0.0,0.0,0.0,0,2021,6,162,1,5.37,61.74,0.46176010836130393,0.0,1.2246467991473532e-16,-1.0,0.01,0.0,0.0,61.74
2021-06-12,Manipur,Statewide,12.68,0.0,0.0,0.0,0.0,0.0,0.0,0,2021,6,163,1,26.099999999999987,113.15999999999998,5.731972695517651,0.0,1.2246467991473532e-16,-1.0,12.68,0.0,0.0,113.15999999999998
2021-06-21,Ladakh,Statewide,0.2,0.0,0.0,0.0,0.0,0.0,0.0,0,2021,6,172,1,2.9499999999999966,7.87,0.4063933550358206,0.0,1.2246467991473532e-16,-1.0,0.2,0.0,0.0,7.87
2021-06-22,Karnataka,Statewide,1.16,0.0,0.0,0.0,0.0,0.0,0.0,0,2021,6,173,1,78.83000000000001,207.51,7.850758291132476,0.0,1.2246467991473532e-16,-1.0,1.16,0.0,0.0,207.51
2021-06-24,Assam,Statewide,12.75,0.0,0.0,0.0,0.0,0.0,0.0,0,2021,6,175,1,89.94000000000001,343.27,12.305274910915513,0.0,1.2246467991473532e-16,-1.0,12.75,0.0,0.0,343.27
2021-06-28,Chandigarh,Statewide,0.0,0.0,0.0,0.0,0.0,0.0,0.0,0,2021,6,179,1,17.200000000000042,126.1,1.5473673210062113,0.0,1.2246467991473532e-16,-1.0,0.0,0.0,0.0,126.1
2021-06-29,Madhya Pradesh,Statewide,8.56,0.0,0.0,0.0,0.0,0.0,0.0,0,2021,6,180,1,39.51999999999998,147.14999999999998,5.8679293368701595,0.0,1.2246467991473532e-16,-1.0,8.56,0.0,0.0,147.14999999999998
2021-07-01,Andhra Pradesh,Statewide,6.53,0.0,0.0,0.0,0.0,0.0,0.0,0,2021,7,182,1,27.239999999999974,99.6,3.984348202542631,0.0,-0.4999999999999997,-0.8660254037844388,6.53,0.0,0.0,99.6
2021-07-02,Maharashtra,Statewide,4.71,0.0,0.0,0.0,0.0,0.0,0.0,0,2021,7,183,1,44.91,258.56,5.593218063815408,0.0,-0.4999999999999997,-0.8660254037844388,4.71,0.0,0.0,258.56
2021-07-03,Uttar Pradesh,Statewide,3.57,0.0,0.0,0.0,0.0,0.0,0.0,0,2021,7,184,1,18.02,169.87,2.6120481137236755,0.0,-0.4999999999999997,-0.8660254037844388,3.57,0.0,0.0,169.87
2021-07-04,The Dadra And Nagar Haveli And Daman And Diu,Statewide,0.17,0.0,0.0,0.0,0.0,0.0,0.0,0,2021,7,185,1,29.849999999999852,285.43,2.483836284482206,0.0,-0.4999999999999997,-0.8660254037844388,0.17,0.0,0.0,285.43
2021-07-05,Andaman And Nicobar Islands,Statewide,9.6,0.0,0.0,0.0,0.0,0.0,0.0,0,2021,7,186,1,72.14,362.68,9.964349631467453,0.0,-0.4999999999999997,-0.8660254037844388,9.6,0.0,0.0,362.68
2021-07-05,Maharashtra,Statewide,0.91,0.0,0.0,0.0,0.0,0.0,0.0,0,2021,7,186,1,22.25,243.60000000000002,2.4835837958886846,0.0,-0.4999999999999997,-0.8660254037844388,0.91,0.0,0.0,243.60000000000002
2021-07-06,Bihar,Statewide,8.04,0.0,0.0,0.0,0.0,0.0,0.0,0,2021,7,187,1,101.6600000000001,395.66999999999996,10.532266813394267,0.0,-0.4999999999999997,-0.8660254037844388,8.04,0.0,0.0,395.66999999999996
2021-07-06,Sikkim,Statewide,1.07,0.0,0.0,0.0,0.0,0.0,0.0,0,2021,7,187,1,99.12999999999998,612.06,8.781880342408117,0.0,-0.4999999999999997,-0.8660254037844388,1.07,0.0,0.0,612.06
2021-07-06,West Bengal,Statewide,5.72,0.0,0.0,0.0,0.0,0.0,0.0,0,2021,7,187,1,98.14,434.21000000000004,10.890145063735384,0.0,-0.4999999999999997,-0.8660254037844388,5.72,0.0,0.0,434.21000000000004
2021-07-11,Odisha,Statewide,5.49,0.0,0.0,0.0,0.0,0.0,0.0,0,2021,7,192,1,48.72,212.23,6.090483829582501,0.0,-0.4999999999999997,-0.8660254037844388,5.49,0.0,0.0,212.23
2021-07-11,Uttarakhand,Statewide,20.44,0.0,0.0,0.0,0.0,0.0,0.0,0,2021,7,192,1,51.25,318.97,10.66182115281008,0.0,-0.4999999999999997,-0.8660254037844388,20.44,0.0,0.0,318.97
2021-07-14,Haryana,Statewide,6.54,0.0,0.0,0.0,0.0,0.0,0.0,0,2021,7,195,1,18.050000000000004,50.45,3.8991633779367305,0.0,-0.4999999999999997,-0.8660254037844388,6.54,0.0,0.0,50.45
2021-07-21,Haryana,Statewide,15.03,0.0,0.0,0.0,0.0,0.0,0.0,0,2021,7,202,1,104.23,141.60999999999999,18.887433301575612,0.0,-0.4999999999999997,-0.8660254037844388,15.03,0.0,0.0,141.60999999999999
2021-07-23,Manipur,Statewide,2.46,0.0,0.0,0.0,0.0,0.0,0.0,0,2021,7,204,1,50.79999999999999,135.42,4.901281224899391,0.0,-0.4999999999999997,-0.8660254037844388,2.46,0.0,0.0,135.42
2021-07-26,Odisha,Statewide,1.73,0.0,0.0,0.0,0.0,0.0,0.0,0,2021,7,207,1,99.42,236.38,10.03825577733082,0.0,-0.4999999999999997,-0.8660254037844388,1.73,0.0,0.0,236.38
2021-07-27,Himachal Pradesh,Statewide,10.06,0.0,0.0,0.0,0.0,0.0,0.0,0,2021,7,208,1,47.84000000000002,239.08,8.315809017260655,0.0,-0.4999999999999997,-0.8660254037844388,10.06,0.0,0.0,239.08
2021-07-27,Odisha,Statewide,2.39,0.0,0.0,0.0,0.0,0.0,0.0,0,2021,7,208,1,91.92,233.67000000000002,7.743779044131573,0.0,-0.4999999999999997,-0.8660254037844388,2.39,0.0,0.0,233.67000000000002
2021-07-30,Delhi,Statewide,32.1,0.0,0.0,0.0,0.0,0.0,0.0,0,2021,7,211,1,96.37,263.18,19.302834955103968,0.0,-0.4999999999999997,-0.8660254037844388,32.1,0.0,0.0,263.18
2021-07-30,Kerala,Statewide,1.9,0.0,0.0,0.0,0.0,0.0,0.0,0,2021,7,211,1,119.34999999999995,511.83,11.094099856481945,0.0,-0.4999999999999997,-0.8660254037844388,1.9,0.0,0.0,511.83
2021-07-31,Telangana,Statewide,0.47,0.0,0.0,0.0,0.0,0.0,0.0,0,2021,7,212,1,8.800000000000013,318.45000000000005,2.8519232033554567,0.0,-0.4999999999999997,-0.8660254037844388,0.47,0.0,0.0,318.45000000000005
2021-08-02,Himachal Pradesh,Statewide,1.71,0.0,0.0,0.0,0.0,0.0,0.0,0,2021,8,214,1,76.86000000000001,292.87,7.1776098550716965,0.0,-0.8660254037844385,-0.5000000000000004,1.71,0.0,0.0,292.87
2021-08-06,Manipur,Statewide,0.5,0.0,0.0,0.0,0.0,0.0,0.0,0,2021,8,218,1,110.85999999999999,236.54999999999998,7.742014184153962,0.0,-0.8660254037844385,-0.5000000000000004,0.5,0.0,0.0,236.54999999999998
2021-08-06,Odisha,Statewide,2.1,0.0,0.0,0.0,0.0,0.0,0.0,0,2021,8,218,1,21.84,247.94,3.4975924223462043,0.0,-0.8660254037844385,-0.5000000000000004,2.1,0.0,0.0,247.94
2021-08-09,Delhi,Statewide,15.16,0.0,0.0,0.0,0.0,0.0,0.0,0,2021,8,221,1,33.82000000000001,336.41,9.37364951410089,0.0,-0.8660254037844385,-0.5000000000000004,15.16,0.0,0.0,336.41
2021-08-10,Rajasthan,Statewide,5.33,0.0,0.0,0.0,0.0,0.0,0.0,0,2021,8,222,1,56.74,231.64,6.679299689433921,0.0,-0.8660254037844385,-0.5000000000000004,5.33,0.0,0.0,231.64
2021-08-11,Assam,Statewide,10.59,0.0,0.0,0.0,0.0,0.0,0.0,0,2021,8,223,1,55.709999999999994,275.45,8.688577484549459,0.0,-0.8660254037844385,-0.5000000000000004,10.59,0.0,0.0,275.45
2021-08-11,The Dadra And Nagar Haveli And Daman And Diu,Statewide,3.34,0.0,0.0,0.0,0.0,0.0,0.0,0,2021,8,223,1,26.72999999999986,610.96,3.92683204566221,0.0,-0.8660254037844385,-0.5000000000000004,3.34,0.0,0.0,610.96
2021-08-13,Himachal Pradesh,Statewide,5.96,0.0,0.0,0.0,0.0,0.0,0.0,0,2021,8,225,1,32.320000000000014,238.34,4.821981635710635,0.0,-0.8660254037844385,-0.5000000000000004,5.96,0.0,0.0,238.34
2021-08-17,Arunachal Pradesh,Statewide,10.75,0.0,0.0,0.0,0.0,0.0,0.0,0,2021,8,229,1,130.01,279.88,15.664501723881434,0.0,-0.8660254037844385,-0.5000000000000004,10.75,0.0,0.0,279.88
2021-08-18,Maharashtra,Statewide,22.59,0.0,0.0,0.0,0.0,0.0,0.0,0,2021,8,230,1,52.72,271.88,11.408375460729168,0.0,-0.8660254037844385,-0.5000000000000004,22.59,0.0,0.0,271.88
2021-08-18,Nagaland,Statewide,19.3,0.0,0.0,0.0,0.0,0.0,0.0,0,2021,8,230,1,76.13999999999996,228.28,13.875644335939256,0.0,-0.8660254037844385,-0.5000000000000004,19.3,0.0,0.0,228.28
2021-08-19,Kerala,Statewide,25.25,0.0,0.0,0.0,0.0,0.0,0.0,0,2021,8,231,1,65.57999999999994,401.45,12.1653280790515,0.0,-0.8660254037844385,-0.5000000000000004,25.25,0.0,0.0,401.45
2021-08-24,Assam,Statewide,10.32,0.0,0.0,0.0,0.0,0.0,0.0,0,2021,8,236,1,64.69,278.71999999999997,10.122030892123291,0.0,-0.8660254037844385,-0.5000000000000004,10.32,0.0,0.0,278.71999999999997
2021-08-25,Telangana,Statewide,3.18,0.0,0.0,0.0,0.0,0.0,0.0,0,2021,8,237,1,31.35000000000002,113.11999999999999,4.548265118350816,0.0,-0.8660254037844385,-0.5000000000000004,3.18,0.0,0.0,113.11999999999999
2021-08-27,Andhra Pradesh,Statewide,4.37,0.0,0.0,0.0,0.0,0.0,0.0,0,2021,8,239,1,36.479999999999976,111.81,5.505545924633448,0.0,-0.8660254037844385,-0.5000000000000004,4.37,0.0,0.0,111.81
2021-08-27,Telangana,Statewide,8.48,0.0,0.0,0.0,0.0,0.0,0.0,0,2021,8,239,1,44.570000000000014,135.9,7.9646499079919,0.0,-0.8660254037844385,-0.5000000000000004,8.48,0.0,0.0,135.9
2021-08-27,Uttarakhand,Statewide,12.48,0.0,0.0,0.0,0.0,0.0,0.0,0,2021,8,239,1,80.86,315.79999999999995,12.087162285165133,0.0,-0.8660254037844385,-0.5000000000000004,12.48,0.0,0.0,315.79999999999995
2021-08-28,Haryana,Statewide,0.14,0.0,0.0,0.0,0.0,0.0,0.0,0,2021,8,240,1,22.349999999999998,119.42,1.3457943753075048,0.0,-0.8660254037844385,-0.5000000000000004,0.14,0.0,0.0,119.42
2021-08-31,Rajasthan,Statewide,3.29,0.0,0.0,0.0,0.0,0.0,0.0,0,2021,8,243,1,5.789999999999999,113.76,1.6718097786584019,0.0,-0.8660254037844385,-0.5000000000000004,3.29,0.0,0.0,113.76
2021-09-02,Gujarat,Statewide,25.39,0.0,0.0,0.0,0.0,0.0,0.0,0,2021,9,245,1,52.030000000000015,87.47,12.563959909979506,0.0,-1.0,-1.8369701987210297e-16,25.39,0.0,0.0,87.47
2021-09-03,Karnataka,Statewide,8.46,0.0,0.0,0.0,0.0,0.0,0.0,0,2021,9,246,1,54.390000000000015,163.34000000000003,6.654741593397369,0.0,-1.0,-1.8369701987210297e-16,8.46,0.0,0.0,163.34000000000003
2021-09-03,Madhya Pradesh,Statewide,1.4,0.0,0.0,0.0,0.0,0.0,0.0,0,2021,9,246,1,38.48999999999999,189.62,4.816073285868652,0.0,-1.0,-1.8369701987210297e-16,1.4,0.0,0.0,189.62
2021-09-04,Nagaland,Statewide,1.53,0.0,0.0,0.0,0.0,0.0,0.0,0,2021,9,247,1,33.99999999999996,212.22,4.223141183262376,0.0,-1.0,-1.8369701987210297e-16,1.53,0.0,0.0,212.22
2021-09-06,Uttarakhand,Statewide,6.51,0.0,0.0,0.0,0.0,0.0,0.0,0,2021,9,249,1,33.27,293.33,5.5325459481465415,0.0,-1.0,-1.8369701987210297e-16,6.51,0.0,0.0,293.33
2021-09-11,West Bengal,Statewide,7.82,0.0,0.0,0.0,0.0,0.0,0.0,0,2021,9,254,1,45.550000000000004,305.78,6.855892545521491,0.0,-1.0,-1.8369701987210297e-16,7.82,0.0,0.0,305.78
2021-09-13,Tripura,Statewide,2.92,0.0,0.0,0.0,0.0,0.0,0.0,0,2021,9,256,1,45.8299999999999,292.79,4.740910167130172,0.0,-1.0,-1.8369701987210297e-16,2.92,0.0,0.0,292.79
2021-09-15,Odisha,Statewide,19.47,0.0,0.0,0.0,0.0,0.0,0.0,0,2021,9,258,1,207.0,401.6,36.11704038682104,0.0,-1.0,-1.8369701987210297e-16,19.47,0.0,0.0,401.6
2021-09-17,Andaman And Nicobar Islands,Statewide,11.76,0.0,0.0,0.0,0.0,0.0,0.0,0,2021,9,260,1,79.32,336.48,12.001281246877658,0.0,-1.0,-1.8369701987210297e-16,11.76,0.0,0.0,336.48
2021-09-19,Andaman And Nicobar Islands,Statewide,17.03,0.0,0.0,0.0,0.0,0.0,0.0,0,2021,9,262,1,88.19999999999999,339.84999999999997,13.402527810970051,0.0,-1.0,-1.8369701987210297e-16,17.03,0.0,0.0,339.84999999999997
2021-09-19,Bihar,Statewide,3.6,0.0,0.0,0.0,0.0,0.0,0.0,0,2021,9,262,1,40.860000000000085,211.65,5.812928247664608,0.0,-1.0,-1.8369701987210297e-16,3.6,0.0,0.0,211.65
2021-09-19,Telangana,Statewide,2.17,0.0,0.0,0.0,0.0,0.0,0.0,0,2021,9,262,1,12.820000000000014,267.45,1.9807184977372252,0.0,-1.0,-1.8369701987210297e-16,2.17,0.0,0.0,267.45
2021-09-21,Ladakh,Statewide,0.68,0.0,0.0,0.0,0.0,0.0,0.0,0,2021,9,264,1,3.0799999999999983,26.45,0.6098548895255318,0.0,-1.0,-1.8369701987210297e-16,0.68,0.0,0.0,26.45
2021-09-22,Andhra Pradesh,Statewide,5.6,0.0,0.0,0.0,0.0,0.0,0.0,0,2021,9,265,1,23.589999999999968,160.83,4.575171633304078,0.0,-1.0,-1.8369701987210297e-16,5.6,0.0,0.0,160.83
2021-09-22,Tripura,Statewide,1.73,0.0,0.0,0.0,0.0,0.0,0.0,0,2021,9,265,1,79.2399999999999,318.27000000000004,6.6807823101966735,0.0,-1.0,-1.8369701987210297e-16,1.73,0.0,0.0,318.27000000000004
2021-09-23,Jharkhand,Statewide,21.38,0.0,0.0,0.0,0.0,0.0,0.0,0,2021,9,266,1,62.31,250.69,13.885768791517364,0.0,-1.0,-1.8369701987210297e-16,21.38,0.0,0.0,250.69
2021-09-24,Meghalaya,Statewide,1.34,0.0,0.0,0.0,0.0,0.0,0.0,0,2021,9,267,1,46.16000000000005,313.81,4.977202168258494,0.0,-1.0,-1.8369701987210297e-16,1.34,0.0,0.0,313.81
2021-09-24,The Dadra And Nagar Haveli And Daman And Diu,Statewide,18.83,0.0,0.0,0.0,0.0,0.0,0.0,0,2021,9,267,1,160.84999999999985,741.08,29.229092257256255,0.0,-1.0,-1.8369701987210297e-16,18.83,0.0,0.0,741.08
2021-09-26,Uttarakhand,Statewide,9.97,0.0,0.0,0.0,0.0,0.0,0.0,0,2021,9,269,1,57.04,279.68,7.805578900554652,0.0,-1.0,-1.8369701987210297e-16,9.97,0.0,0.0,279.68
2021-09-27,Punjab,Statewide,1.65,0.0,0.0,0.0,0.0,0.0,0.0,0,2021,9,270,1,65.67999999999998,171.71,5.606359687703432,0.0,-1.0,-1.8369701987210297e-16,1.65,0.0,0.0,171.71
2021-09-28,Maharashtra,Statewide,24.45,0.0,0.0,0.0,0.0,0.0,0.0,0,2021,9,271,1,91.11,339.99,13.619104412495844,0.0,-1.0,-1.8369701987210297e-16,24.45,0.0,0.0,339.99
2021-09-28,Sikkim,Statewide,2.63,0.0,0.0,0.0,0.0,0.0,0.0,0,2021,9,271,1,47.76999999999999,322.36,4.721076137482871,0.0,-1.0,-1.8369701987210297e-16,2.63,0.0,0.0,322.36
2021-09-28,Telangana,Statewide,48.95,0.0,0.0,0.0,0.0,0.0,0.0,0,2021,9,271,1,99.72000000000003,327.23,21.626895653605317,0.0,-1.0,-1.8369701987210297e-16,48.95,0.0,0.0,327.23
2021-09-28,Uttar Pradesh,Statewide,1.05,0.0,0.0,0.0,0.0,0.0,0.0,0,2021,9,271,1,35.31,184.52999999999997,3.8896541955076884,0.0,-1.0,-1.8369701987210297e-16,1.05,0.0,0.0,184.52999999999997
2021-09-30,Jammu And Kashmir,Statewide,1.29,0.0,0.0,0.0,0.0,0.0,0.0,0,2021,9,273,1,10.18,81.34,1.2689993361507925,0.0,-1.0,-1.8369701987210297e-16,1.29,0.0,0.0,81.34
2021-10-01,Ladakh,Statewide,5.87,0.0,0.0,0.0,0.0,0.0,0.0,0,2021,10,274,0,10.649999999999999,38.58,2.6513092697582588,0.0,-0.8660254037844386,0.5000000000000001,5.87,0.0,0.0,38.58
2021-10-02,Andaman And Nicobar Islands,Statewide,13.81,0.0,0.0,0.0,0.0,0.0,0.0,0,2021,10,275,0,104.0,388.69,13.986843436811967,0.0,-0.8660254037844386,0.5000000000000001,13.81,0.0,0.0,388.69
2021-10-03,Tripura,Statewide,12.07,0.0,0.0,0.0,0.0,0.0,0.0,0,2021,10,276,0,65.4799999999999,239.13000000000002,8.331425013433831,0.0,-0.8660254037844386,0.5000000000000001,12.07,0.0,0.0,239.13000000000002
2021-10-05,Kerala,Statewide,15.23,0.0,0.0,0.0,0.0,0.0,0.0,0,2021,10,278,0,86.89999999999995,326.52,14.585355055655146,0.0,-0.8660254037844386,0.5000000000000001,15.23,0.0,0.0,326.52
2021-10-06,Uttar Pradesh,Statewide,1.68,0.0,0.0,0.0,0.0,0.0,0.0,0,2021,10,279,0,34.56,183.42,4.173711118159168,0.0,-0.8660254037844386,0.5000000000000001,1.68,0.0,0.0,183.42
2021-10-07,Nagaland,Statewide,0.02,0.0,0.0,0.0,0.0,0.0,0.0,0,2021,10,280,0,37.759999999999955,124.85,5.320979932723216,0.0,-0.8660254037844386,0.5000000000000001,0.02,0.0,0.0,124.85
2021-10-09,Assam,Statewide,1.19,0.0,0.0,0.0,0.0,0.0,0.0,0,2021,10,282,0,43.32999999999999,132.14999999999998,4.044846768642327,0.0,-0.8660254037844386,0.5000000000000001,1.19,0.0,0.0,132.14999999999998
2021-10-09,Mizoram,Statewide,7.89,0.0,0.0,0.0,0.0,0.0,0.0,0,2021,10,282,0,28.69,201.39000000000001,4.09314472220635,0.0,-0.8660254037844386,0.5000000000000001,7.89,0.0,0.0,201.39000000000001
2021-10-09,Nagaland,Statewide,6.36,0.0,0.0,0.0,0.0,0.0,0.0,0,2021,10,282,0,44.26999999999995,116.46000000000001,4.899580167034376,0.0,-0.8660254037844386,0.5000000000000001,6.36,0.0,0.0,116.46000000000001
2021-10-12,Goa,Statewide,20.93,0.0,0.0,0.0,0.0,0.0,0.0,0,2021,10,285,0,166.93999999999988,428.77000000000004,15.354614515186453,0.0,-0.8660254037844386,0.5000000000000001,20.93,0.0,0.0,428.77000000000004
2021-10-13,Chandigarh,Statewide,0.0,0.0,0.0,0.0,0.0,0.0,0.0,0,2021,10,286,0,0.0,130.7,0.08983667411408033,0.0,-0.8660254037844386,0.5000000000000001,0.0,0.0,0.0,130.7
2021-10-13,Madhya Pradesh,Statewide,0.01,0.0,0.0,0.0,0.0,0.0,0.0,0,2021,10,286,0,2.719999999999986,158.8,0.4608031926767189,0.0,-0.8660254037844386,0.5000000000000001,0.01,0.0,0.0,158.8
2021-10-13,Telangana,Statewide,0.45,0.0,0.0,0.0,0.0,0.0,0.0,0,2021,10,286,0,20.130000000000013,168.32000000000002,1.9560713351460008,0.0,-0.8660254037844386,0.5000000000000001,0.45,0.0,0.0,168.32000000000002
2021-10-14,Delhi,Statewide,0.0,0.0,0.0,0.0,0.0,0.0,0.0,0,2021,10,287,0,0.0,35.44000000000001,0.02419085287797054,0.0,-0.8660254037844386,0.5000000000000001,0.0,0.0,0.0,35.44000000000001
2021-10-15,Chandigarh,Statewide,0.0,0.0,0.0,0.0,0.0,0.0,0.0,0,2021,10,288,0,0.0,124.3,0.04401997031589936,0.0,-0.8660254037844386,0.5000000000000001,0.0,0.0,0.0,124.3
2021-10-16,Andhra Pradesh,Statewide,8.31,0.0,0.0,0.0,0.0,0.0,0.0,0,2021,10,289,0,24.139999999999972,168.89000000000001,4.693954351802688,0.0,-0.8660254037844386,0.5000000000000001,8.31,0.0,0.0,168.89000000000001
2021-10-16,The Dadra And Nagar Haveli And Daman And Diu,Statewide,0.0,0.0,0.0,0.0,0.0,0.0,0.0,0,2021,10,289,0,29.89999999999984,421.97,2.4599471506965824,0.0,-0.8660254037844386,0.5000000000000001,0.0,0.0,0.0,421.97
2021-10-22,Telangana,Statewide,0.11,0.0,0.0,0.0,0.0,0.0,0.0,0,2021,10,295,0,25.080000000000013,149.26,1.3227059504624463,0.0,-0.8660254037844386,0.5000000000000001,0.11,0.0,0.0,149.26
2021-10-24,Gujarat,Statewide,0.0,0.0,0.0,0.0,0.0,0.0,0.0,0,2021,10,297,0,0.14000000000001422,122.44999999999999,0.0378605573561489,0.0,-0.8660254037844386,0.5000000000000001,0.0,0.0,0.0,122.44999999999999
2021-10-24,Punjab,Statewide,16.14,0.0,0.0,0.0,0.0,0.0,0.0,0,2021,10,297,0,16.889999999999986,32.97,4.874506922434183,0.0,-0.8660254037844386,0.5000000000000001,16.14,0.0,0.0,32.97
2021-10-24,Uttar Pradesh,Statewide,0.0,0.0,0.0,0.0,0.0,0.0,0.0,0,2021,10,297,0,63.83,116.3,3.116419107510096,0.0,-0.8660254037844386,0.5000000000000001,0.0,0.0,0.0,116.3
2021-10-24,West Bengal,Statewide,0.01,0.0,0.0,0.0,0.0,0.0,0.0,0,2021,10,297,0,106.46000000000001,264.2,6.716301565800596,0.0,-0.8660254037844386,0.5000000000000001,0.01,0.0,0.0,264.2
2021-10-25,Kerala,Statewide,9.15,0.0,0.0,0.0,0.0,0.0,0.0,0,2021,10,298,0,87.75999999999995,544.7099999999999,14.306601641929579,0.0,-0.8660254037844386,0.5000000000000001,9.15,0.0,0.0,544.7099999999999
2021-10-25,Tamil Nadu,Statewide,8.54,0.0,0.0,0.0,0.0,0.0,0.0,0,2021,10,298,0,39.709999999999994,197.36,6.6683302697561455,0.0,-0.8660254037844386,0.5000000000000001,8.54,0.0,0.0,197.36
2021-10-26,Ladakh,Statewide,0.35,0.0,0.0,0.0,0.0,0.0,0.0,0,2021,10,299,0,9.839999999999995,45.24,1.7250519393871317,0.0,-0.8660254037844386,0.5000000000000001,0.35,0.0,0.0,45.24
2021-10-28,Jammu And Kashmir,Statewide,0.0,0.0,0.0,0.0,0.0,0.0,0.0,0,2021,10,301,0,51.93,103.07000000000001,3.5836565572028207,0.0,-0.8660254037844386,0.5000000000000001,0.0,0.0,0.0,103.07000000000001
2021-10-28,Uttarakhand,Statewide,0.21,0.0,0.0,0.0,0.0,0.0,0.0,0,2021,10,301,0,1.4300000000000002,227.86000000000004,2.5014902592139863,0.0,-0.8660254037844386,0.5000000000000001,0.21,0.0,0.0,227.86000000000004
2021-10-30,Chandigarh,Statewide,0.0,0.0,0.0,0.0,0.0,0.0,0.0,0,2021,10,303,0,32.900000000000034,50.899999999999984,1.6184565560602202,0.0,-0.8660254037844386,0.5000000000000001,0.0,0.0,0.0,50.899999999999984
2021-10-30,Odisha,Statewide,3.57,0.0,0.0,0.0,0.0,0.0,0.0,0,2021,10,303,0,4.66,90.89999999999999,1.4792156267318308,0.0,-0.8660254037844386,0.5000000000000001,3.57,0.0,0.0,90.89999999999999
2021-11-01,Chandigarh,Statewide,0.0,0.0,0.0,0.0,0.0,0.0,0.0,0,2021,11,305,0,0.0,38.29999999999998,0.7930437124695078,0.0,-0.5000000000000004,0.8660254037844384,0.0,0.0,0.0,38.29999999999998
2021-11-01,Himachal Pradesh,Statewide,0.0,0.0,0.0,0.0,0.0,0.0,0.0,0,2021,11,305,0,1.4100000000000141,54.92999999999999,0.5564149461368866,0.0,-0.5000000000000004,0.8660254037844384,0.0,0.0,0.0,54.92999999999999
2021-11-06,Andhra Pradesh,Statewide,2.1,0.0,0.0,0.0,0.0,0.0,0.0,0,2021,11,310,0,49.22999999999997,140.14000000000001,5.2729391293321,0.0,-0.5000000000000004,0.8660254037844384,2.1,0.0,0.0,140.14000000000001
2021-11-08,Karnataka,Statewide,0.48,0.0,0.0,0.0,0.0,0.0,0.0,0,2021,11,312,0,27.880000000000017,140.56000000000003,3.3922660475044215,0.0,-0.5000000000000004,0.8660254037844384,0.48,0.0,0.0,140.56000000000003
2021-11-13,Tamil Nadu,Statewide,3.04,0.0,0.0,0.0,0.0,0.0,0.0,0,2021,11,317,0,116.44000000000001,323.43,13.566709376344566,0.0,-0.5000000000000004,0.8660254037844384,3.04,0.0,0.0,323.43
2021-11-14,Haryana,Statewide,0.0,0.0,0.0,0.0,0.0,0.0,0.0,0,2021,11,318,0,0.0,19.43,0.0017729819241262441,0.0,-0.5000000000000004,0.8660254037844384,0.0,0.0,0.0,19.43
2021-11-14,Maharashtra,Statewide,0.65,0.0,0.0,0.0,0.0,0.0,0.0,0,2021,11,318,0,0.67,26.740000000000002,0.26599250277111797,0.0,-0.5000000000000004,0.8660254037844384,0.65,0.0,0.0,26.740000000000002
2021-11-16,Rajasthan,Statewide,0.0,0.0,0.0,0.0,0.0,0.0,0.0,0,2021,11,320,0,0.0,11.62,0.0003245310518856162,0.0,-0.5000000000000004,0.8660254037844384,0.0,0.0,0.0,11.62
2021-11-17,Jharkhand,Statewide,0.0,0.0,0.0,0.0,0.0,0.0,0.0,0,2021,11,321,0,22.590000000000007,55.160000000000004,2.6399480743174832,0.0,-0.5000000000000004,0.8660254037844384,0.0,0.0,0.0,55.160000000000004
2021-11-18,Delhi,Statewide,0.0,0.0,0.0,0.0,0.0,0.0,0.0,0,2021,11,322,0,0.0,15.290000000000013,0.001137577914770699,0.0,-0.5000000000000004,0.8660254037844384,0.0,0.0,0.0,15.290000000000013
2021-11-18,Jharkhand,Statewide,0.0,0.0,0.0,0.0,0.0,0.0,0.0,0,2021,11,322,0,22.590000000000007,33.400000000000006,1.8479636520222382,0.0,-0.5000000000000004,0.8660254037844384,0.0,0.0,0.0,33.400000000000006
2021-11-22,Haryana,Statewide,0.0,0.0,0.0,0.0,0.0,0.0,0.0,0,2021,11,326,0,0.0,5.46,0.00010220887969184891,0.0,-0.5000000000000004,0.8660254037844384,0.0,0.0,0.0,5.46
2021-11-22,Sikkim,Statewide,1.23,0.0,0.0,0.0,0.0,0.0,0.0,0,2021,11,326,0,1.2299999999999858,10.030000000000001,0.36989148038214287,0.0,-0.5000000000000004,0.8660254037844384,1.23,0.0,0.0,10.030000000000001
2021-11-22,Tamil Nadu,Statewide,0.52,0.0,0.0,0.0,0.0,0.0,0.0,0,2021,11,326,0,94.54,388.71999999999997,9.93282481607622,0.0,-0.5000000000000004,0.8660254037844384,0.52,0.0,0.0,388.71999999999997
2021-11-24,Arunachal Pradesh,Statewide,2.8,0.0,0.0,0.0,0.0,0.0,0.0,0,2021,11,328,0,10.090000000000003,18.18,2.305629142581036,0.0,-0.5000000000000004,0.8660254037844384,2.8,0.0,0.0,18.18
2021-11-24,Jharkhand,Statewide,0.0,0.0,0.0,0.0,0.0,0.0,0.0,0,2021,11,328,0,0.0,22.619999999999997,0.21741107569676424,0.0,-0.5000000000000004,0.8660254037844384,0.0,0.0,0.0,22.619999999999997
2021-11-25,West Bengal,Statewide,0.0,0.0,0.0,0.0,0.0,0.0,0.0,0,2021,11,329,0,0.8500000000000071,19.570000000000004,0.24364074988859177,0.0,-0.5000000000000004,0.8660254037844384,0.0,0.0,0.0,19.570000000000004
2021-11-26,Mizoram,Statewide,0.0,0.0,0.0,0.0,0.0,0.0,0.0,0,2021,11,330,0,0.0,32.94,0.19032780979246694,0.0,-0.5000000000000004,0.8660254037844384,0.0,0.0,0.0,32.94
2021-11-30,Bihar,Statewide,0.0,0.0,0.0,0.0,0.0,0.0,0.0,0,2021,11,334,0,0.05000000000008527,0.07,0.0017964560584214741,0.0,-0.5000000000000004,0.8660254037844384,0.0,0.0,0.0,0.07
2021-11-30,Puducherry,Statewide,15.4,0.0,0.0,0.0,0.0,0.0,0.0,0,2021,11,334,0,263.00000000000006,922.5,40.163547844500805,0.0,-0.5000000000000004,0.8660254037844384,15.4,0.0,0.0,922.5
2021-12-01,Rajasthan,Statewide,0.0,0.0,0.0,0.0,0.0,0.0,0.0,0,2021,12,335,0,0.0,10.15,0.05087030501659848,0.0,-2.4492935982947064e-16,1.0,0.0,0.0,0.0,10.15
2021-12-02,Jharkhand,Statewide,0.0,0.0,0.0,0.0,0.0,0.0,0.0,0,2021,12,336,0,0.0,22.59,0.012533315865877817,0.0,-2.4492935982947064e-16,1.0,0.0,0.0,0.0,22.59
2021-12-06,Manipur,Statewide,0.95,0.0,0.0,0.0,0.0,0.0,0.0,0,2021,12,340,0,0.9499999999999893,1.1099999999999857,0.28502393546798954,0.0,-2.4492935982947064e-16,1.0,0.95,0.0,0.0,1.1099999999999857
2021-12-07,Assam,Statewide,2.53,0.0,0.0,0.0,0.0,0.0,0.0,0,2021,12,341,0,3.0499999999999963,6.38,0.8748381861512067,0.0,-2.4492935982947064e-16,1.0,2.53,0.0,0.0,6.38
2021-12-07,Telangana,Statewide,0.0,0.0,0.0,0.0,0.0,0.0,0.0,0,2021,12,341,0,0.010000000000012435,32.309999999999995,0.036126265441980304,0.0,-2.4492935982947064e-16,1.0,0.0,0.0,0.0,32.309999999999995
2021-12-08,Delhi,Statewide,0.0,0.0,0.0,0.0,0.0,0.0,0.0,0,2021,12,342,0,1.360000000000007,1.360000000000014,0.10720506769919906,0.0,-2.4492935982947064e-16,1.0,0.0,0.0,0.0,1.360000000000014
2021-12-08,Manipur,Statewide,23.7,0.0,0.0,0.0,0.0,0.0,0.0,0,2021,12,342,0,43.26999999999999,43.429999999999986,11.159861728379315,0.0,-2.4492935982947064e-16,1.0,23.7,0.0,0.0,43.429999999999986
2021-12-08,Rajasthan,Statewide,0.0,0.0,0.0,0.0,0.0,0.0,0.0,0,2021,12,342,0,0.33,10.48,0.026739482360428453,0.0,-2.4492935982947064e-16,1.0,0.0,0.0,0.0,10.48
2021-12-08,The Dadra And Nagar Haveli And Daman And Diu,Statewide,0.0,0.0,0.0,0.0,0.0,0.0,0.0,0,2021,12,342,0,73.72999999999985,122.73,2.7713691749240614,0.0,-2.4492935982947064e-16,1.0,0.0,0.0,0.0,122.73
2021-12-09,Arunachal Pradesh,Statewide,0.19,0.0,0.0,0.0,0.0,0.0,0.0,0,2021,12,343,0,2.4400000000000044,14.07,0.5164420967457227,0.0,-2.4492935982947064e-16,1.0,0.19,0.0,0.0,14.07
2021-12-09,Karnataka,Statewide,0.0,0.0,0.0,0.0,0.0,0.0,0.0,0,2021,12,343,0,10.900000000000006,149.02000000000004,0.8489147462371113,0.0,-2.4492935982947064e-16,1.0,0.0,0.0,0.0,149.02000000000004
2021-12-09,Puducherry,Statewide,2.06,0.0,0.0,0.0,0.0,0.0,0.0,0,2021,12,343,0,2.5700000000000283,636.58,2.527710930662682,0.0,-2.4492935982947064e-16,1.0,2.06,0.0,0.0,636.58
2021-12-11,Delhi,Statewide,0.0,0.0,0.0,0.0,0.0,0.0,0.0,0,2021,12,345,0,0.4000000000000071,1.360000000000014,0.036771338220825275,0.0,-2.4492935982947064e-16,1.0,0.0,0.0,0.0,1.360000000000014
2021-12-14,Uttarakhand,Statewide,0.0,0.0,0.0,0.0,0.0,0.0,0.0,0,2021,12,348,0,0.0,12.930000000000028,0.19065848509326516,0.0,-2.4492935982947064e-16,1.0,0.0,0.0,0.0,12.930000000000028
2021-12-15,Puducherry,Statewide,5.21,0.0,0.0,0.0,0.0,0.0,0.0,0,2021,12,349,0,39.71000000000003,495.88,7.295841433281533,0.0,-2.4492935982947064e-16,1.0,5.21,0.0,0.0,495.88
2021-12-17,Delhi,Statewide,0.0,0.0,0.0,0.0,0.0,0.0,0.0,0,2021,12,351,0,0.0,1.360000000000014,0.004326111170341871,0.0,-2.4492935982947064e-16,1.0,0.0,0.0,0.0,1.360000000000014
2021-12-19,Sikkim,Statewide,0.0,0.0,0.0,0.0,0.0,0.0,0.0,0,2021,12,353,0,0.0,13.55,0.005396222279405174,0.0,-2.4492935982947064e-16,1.0,0.0,0.0,0.0,13.55
2021-12-20,Lakshadweep,Statewide,1642.9,0.0,0.0,0.0,0.0,0.0,0.0,0,2021,12,354,0,11500.300000000001,49287.0,1642.8999999999992,0.0,-2.4492935982947064e-16,1.0,1642.9,0.0,0.0,49287.0
2021-12-22,Punjab,Statewide,0.0,0.0,0.0,0.0,0.0,0.0,0.0,0,2021,12,356,0,0.0,0.24,0.00022764973786111042,0.0,-2.4492935982947064e-16,1.0,0.0,0.0,0.0,0.24
2021-12-25,Jharkhand,Statewide,0.0,0.0,0.0,0.0,0.0,0.0,0.0,0,2021,12,359,0,0.0,4.51,0.001809900420244668,0.0,-2.4492935982947064e-16,1.0,0.0,0.0,0.0,4.51
2021-12-26,Delhi,Statewide,0.0,0.0,0.0,0.0,0.0,0.0,0.0,0,2021,12,360,0,0.0,1.360000000000014,0.00017457419000628586,0.0,-2.4492935982947064e-16,1.0,0.0,0.0,0.0,1.360000000000014
2021-12-29,Andaman And Nicobar Islands,Statewide,4.37,0.0,0.0,0.0,0.0,0.0,0.0,0,2021,12,363,0,34.980000000000004,220.2,4.657058361854558,0.0,-2.4492935982947064e-16,1.0,4.37,0.0,0.0,220.2
2021-12-29,The Dadra And Nagar Haveli And Daman And Diu,Statewide,0.0,0.0,0.0,0.0,0.0,0.0,0.0,0,2021,12,363,0,0.0,78.87,0.001547936790501736,0.0,-2.4492935982947064e-16,1.0,0.0,0.0,0.0,78.87
2021-12-30,Sikkim,Statewide,15.45,0.0,0.0,0.0,0.0,0.0,0.0,0,2021,12,364,0,32.62999999999999,32.92,8.177220380946242,0.0,-2.4492935982947064e-16,1.0,15.45,0.0,0.0,32.92
2021-12-30,Uttarakhand,Statewide,0.18,0.0,0.0,0.0,0.0,0.0,0.0,0,2021,12,364,0,5.2299999999999995,18.200000000000028,1.091851550466173,0.0,-2.4492935982947064e-16,1.0,0.18,0.0,0.0,18.200000000000028
2021-12-31,Jharkhand,Statewide,0.07,0.0,0.0,0.0,0.0,0.0,0.0,0,2021,12,365,0,18.78000000000001,23.29,2.978222932974541,0.0,-2.4492935982947064e-16,1.0,0.07,0.0,0.0,23.29
2022-01-02,Andaman And Nicobar Islands,Statewide,3.36,0.0,0.0,0.0,0.0,0.0,0.0,0,2022,1,2,0,31.79,203.49,4.377548712681278,0.0,0.49999999999999994,0.8660254037844387,3.36,0.0,0.0,203.49
2022-01-02,The Dadra And Nagar Haveli And Daman And Diu,Statewide,0.0,0.0,0.0,0.0,0.0,0.0,0.0,0,2022,1,2,0,0.0,0.02,0.0003716596233994667,0.0,0.49999999999999994,0.8660254037844387,0.0,0.0,0.0,0.02
2022-01-09,Tripura,Statewide,0.0,0.0,0.0,0.0,0.0,0.0,0.0,0,2022,1,9,0,0.0,0.4300000000000284,0.0005298307378385255,0.0,0.49999999999999994,0.8660254037844387,0.0,0.0,0.0,0.4300000000000284
2022-01-10,Gujarat,Statewide,0.0,0.0,0.0,0.0,0.0,0.0,0.0,0,2022,1,10,0,1.6500000000000141,2.54,0.20694002880678822,0.0,0.49999999999999994,0.8660254037844387,0.0,0.0,0.0,2.54
2022-01-11,Maharashtra,Statewide,2.34,0.0,0.0,0.0,0.0,0.0,0.0,0,2022,1,11,0,4.8,10.26,1.1580613928777752,0.0,0.49999999999999994,0.8660254037844387,2.34,0.0,0.0,10.26
2022-01-12,Tripura,Statewide,0.09,0.0,0.0,0.0,0.0,0.0,0.0,0,2022,1,12,0,0.08999999999991473,0.5200000000000284,0.027181731943078612,0.0,0.49999999999999994,0.8660254037844387,0.09,0.0,0.0,0.5200000000000284
2022-01-14,Goa,Statewide,0.0,0.0,0.0,0.0,0.0,0.0,0.0,0,2022,1,14,0,0.009999999999872103,0.01,0.0010341705841323586,0.0,0.49999999999999994,0.8660254037844387,0.0,0.0,0.0,0.01
2022-01-14,Uttar Pradesh,Statewide,0.0,0.0,0.0,0.0,0.0,0.0,0.0,0,2022,1,14,0,22.380000000000003,37.339999999999996,1.529592584425935,0.0,0.49999999999999994,0.8660254037844387,0.0,0.0,0.0,37.339999999999996
2022-01-16,Odisha,Statewide,0.18,0.0,0.0,0.0,0.0,0.0,0.0,0,2022,1,16,0,39.15,54.72,4.670208625264974,0.0,0.49999999999999994,0.8660254037844387,0.18,0.0,0.0,54.72
2022-01-22,Manipur,Statewide,0.0,0.0,0.0,0.0,0.0,0.0,0.0,0,2022,1,22,0,6.1599999999999895,9.089999999999986,1.289757267167736,0.0,0.49999999999999994,0.8660254037844387,0.0,0.0,0.0,9.089999999999986
2022-01-26,Ladakh,Statewide,0.44,0.0,0.0,0.0,0.0,0.0,0.0,0,2022,1,26,0,10.399999999999995,44.209999999999994,1.4183180317809234,0.0,0.49999999999999994,0.8660254037844387,0.44,0.0,0.0,44.209999999999994
2022-01-28,Karnataka,Statewide,0.01,0.0,0.0,0.0,0.0,0.0,0.0,0,2022,1,28,0,0.12000000000000713,0.9500000000000142,0.025686042653875543,0.0,0.49999999999999994,0.8660254037844387,0.01,0.0,0.0,0.9500000000000142
2022-01-28,Punjab,Statewide,0.0,0.0,0.0,0.0,0.0,0.0,0.0,0,2022,1,28,0,28.529999999999983,121.05,1.6796037773341543,0.0,0.49999999999999994,0.8660254037844387,0.0,0.0,0.0,121.05
2022-01-29,Uttarakhand,Statewide,0.0,0.0,0.0,0.0,0.0,0.0,0.0,0,2022,1,29,0,23.99,100.43000000000004,1.767034313405505,0.0,0.49999999999999994,0.8660254037844387,0.0,0.0,0.0,100.43000000000004
2022-01-31,Chandigarh,Statewide,0.0,0.0,0.0,0.0,0.0,0.0,0.0,0,2022,1,31,0,1.1000000000000356,205.7,1.777377362534911,0.0,0.49999999999999994,0.8660254037844387,0.0,0.0,0.0,205.7
2022-01-31,Kerala,Statewide,0.0,0.0,0.0,0.0,0.0,0.0,0.0,0,2022,1,31,0,3.499999999999943,8.6,0.2438072955293126,0.0,0.49999999999999994,0.8660254037844387,0.0,0.0,0.0,8.6
2022-02-02,Kerala,Statewide,0.01,0.0,0.0,0.0,0.0,0.0,0.0,0,2022,2,33,0,2.6799999999999433,6.359999999999999,0.12246557480936315,0.0,0.8660254037844386,0.5000000000000001,0.01,0.0,0.0,6.359999999999999
2022-02-04,Telangana,Statewide,0.0,0.0,0.0,0.0,0.0,0.0,0.0,0,2022,2,35,0,0.0,37.22999999999999,0.004870691133132858,0.0,0.8660254037844386,0.5000000000000001,0.0,0.0,0.0,37.22999999999999
2022-02-04,The Dadra And Nagar Haveli And Daman And Diu,Statewide,0.0,0.0,0.0,0.0,0.0,0.0,0.0,0,2022,2,35,0,0.0,0.46,6.350687502531772e-06,0.0,0.8660254037844386,0.5000000000000001,0.0,0.0,0.0,0.46
2022-02-05,Himachal Pradesh,Statewide,7.69,0.0,0.0,0.0,0.0,0.0,0.0,0,2022,2,36,0,30.640000000000015,143.95,6.946837102087192,0.0,0.8660254037844386,0.5000000000000001,7.69,0.0,0.0,143.95
2022-02-08,Jammu And Kashmir,Statewide,0.43,0.0,0.0,0.0,0.0,0.0,0.0,0,2022,2,39,0,17.539999999999996,62.89,1.8057380354343302,0.0,0.8660254037844386,0.5000000000000001,0.43,0.0,0.0,62.89
2022-02-08,Telangana,Statewide,0.0,0.0,0.0,0.0,0.0,0.0,0.0,0,2022,2,39,0,0.0,37.22999999999999,0.001169452941065199,0.0,0.8660254037844386,0.5000000000000001,0.0,0.0,0.0,37.22999999999999
2022-02-11,Tripura,Statewide,0.0,0.0,0.0,0.0,0.0,0.0,0.0,0,2022,2,42,0,14.819999999999915,31.290000000000028,0.5876448397195944,0.0,0.8660254037844386,0.5000000000000001,0.0,0.0,0.0,31.290000000000028
2022-02-14,Meghalaya,Statewide,0.0,0.0,0.0,0.0,0.0,0.0,0.0,0,2022,2,45,0,1.200000000000064,43.96999999999999,0.4752083732792592,0.0,0.8660254037844386,0.5000000000000001,0.0,0.0,0.0,43.96999999999999
2022-02-15,Ladakh,Statewide,0.0,0.0,0.0,0.0,0.0,0.0,0.0,0,2022,2,46,0,0.23999999999999738,23.709999999999997,0.12268953028806757,0.0,0.8660254037844386,0.5000000000000001,0.0,0.0,0.0,23.709999999999997
2022-02-18,Madhya Pradesh,Statewide,0.0,0.0,0.0,0.0,0.0,0.0,0.0,0,2022,2,49,0,0.4599999999999858,4.84,0.06456923273842101,0.0,0.8660254037844386,0.5000000000000001,0.0,0.0,0.0,4.84
2022-02-18,Maharashtra,Statewide,0.0,0.0,0.0,0.0,0.0,0.0,0.0,0,2022,2,49,0,0.32,0.49,0.046410990497183925,0.0,0.8660254037844386,0.5000000000000001,0.0,0.0,0.0,0.49
2022-02-21,Punjab,Statewide,0.0,0.0,0.0,0.0,0.0,0.0,0.0,0,2022,2,52,0,0.4599999999999876,46.53,0.028401257960970306,0.0,0.8660254037844386,0.5000000000000001,0.0,0.0,0.0,46.53
2022-02-22,Punjab,Statewide,0.0,0.0,0.0,0.0,0.0,0.0,0.0,0,2022,2,53,0,0.0,26.45,0.019880880572679213,0.0,0.8660254037844386,0.5000000000000001,0.0,0.0,0.0,26.45
2022-02-22,West Bengal,Statewide,0.29,0.0,0.0,0.0,0.0,0.0,0.0,0,2022,2,53,0,0.5900000000000107,41.75999999999999,0.1994714033195467,0.0,0.8660254037844386,0.5000000000000001,0.29,0.0,0.0,41.75999999999999
2022-02-27,Bihar,Statewide,0.39,0.0,0.0,0.0,0.0,0.0,0.0,0,2022,2,58,0,1.8900000000000854,29.63,0.34492812999232647,0.0,0.8660254037844386,0.5000000000000001,0.39,0.0,0.0,29.63
2022-02-28,Nagaland,Statewide,0.12,0.0,0.0,0.0,0.0,0.0,0.0,0,2022,2,59,0,12.579999999999957,54.77,1.435260717082581,0.0,0.8660254037844386,0.5000000000000001,0.12,0.0,0.0,54.77
2022-03-02,Jammu And Kashmir,Statewide,2.43,0.0,0.0,0.0,0.0,0.0,0.0,0,2022,3,61,0,27.679999999999996,80.38,3.0353479932377807,0.0,1.0,6.123233995736766e-17,2.43,0.0,0.0,80.38
2022-03-04,Chandigarh,Statewide,0.0,0.0,0.0,0.0,0.0,0.0,0.0,0,2022,3,63,0,5.0000000000000355,37.899999999999984,0.25345973018016943,0.0,1.0,6.123233995736766e-17,0.0,0.0,0.0,37.899999999999984
2022-03-04,Ladakh,Statewide,3.12,0.0,0.0,0.0,0.0,0.0,0.0,0,2022,3,63,0,9.199999999999996,37.410000000000004,1.5947385439395767,0.0,1.0,6.123233995736766e-17,3.12,0.0,0.0,37.410000000000004
2022-03-04,Nagaland,Statewide,0.0,0.0,0.0,0.0,0.0,0.0,0.0,0,2022,3,63,0,5.6599999999999575,48.21,0.3641570981715276,0.0,1.0,6.123233995736766e-17,0.0,0.0,0.0,48.21
2022-03-06,Andhra Pradesh,Statewide,0.0,0.0,0.0,0.0,0.0,0.0,0.0,0,2022,3,65,0,0.009999999999971578,0.8800000000000001,0.0032299185750394007,0.0,1.0,6.123233995736766e-17,0.0,0.0,0.0,0.8800000000000001
2022-03-07,Haryana,Statewide,0.0,0.0,0.0,0.0,0.0,0.0,0.0,0,2022,3,66,0,0.019999999999996448,8.93,0.07393838321226447,0.0,1.0,6.123233995736766e-17,0.0,0.0,0.0,8.93
2022-03-12,Tamil Nadu,Statewide,0.0,0.0,0.0,0.0,0.0,0.0,0.0,0,2022,3,71,0,4.8500000000000005,15.020000000000001,0.3129079838818765,0.0,1.0,6.123233995736766e-17,0.0,0.0,0.0,15.020000000000001
2022-03-14,Kerala,Statewide,0.0,0.0,0.0,0.0,0.0,0.0,0.0,0,2022,3,73,0,3.079999999999943,11.819999999999999,0.1400700045624389,0.0,1.0,6.123233995736766e-17,0.0,0.0,0.0,11.819999999999999
2022-03-14,Maharashtra,Statewide,0.0,0.0,0.0,0.0,0.0,0.0,0.0,0,2022,3,73,0,1.01,1.34,0.06810623829570903,0.0,1.0,6.123233995736766e-17,0.0,0.0,0.0,1.34
2022-03-14,Punjab,Statewide,0.0,0.0,0.0,0.0,0.0,0.0,0.0,0,2022,3,73,0,0.009999999999987566,9.479999999999999,0.014988392751430758,0.0,1.0,6.123233995736766e-17,0.0,0.0,0.0,9.479999999999999
2022-03-15,Himachal Pradesh,Statewide,0.0,0.0,0.0,0.0,0.0,0.0,0.0,0,2022,3,74,0,0.0,47.069999999999986,0.05794281085702726,0.0,1.0,6.123233995736766e-17,0.0,0.0,0.0,47.069999999999986
2022-03-17,Rajasthan,Statewide,0.0,0.0,0.0,0.0,0.0,0.0,0.0,0,2022,3,76,0,0.0,2.2,0.036939394847406735,0.0,1.0,6.123233995736766e-17,0.0,0.0,0.0,2.2
2022-03-18,Delhi,Statewide,0.0,0.0,0.0,0.0,0.0,0.0,0.0,0,2022,3,77,0,0.0,4.800000000000015,0.0012499686459043699,0.0,1.0,6.123233995736766e-17,0.0,0.0,0.0,4.800000000000015
2022-03-18,Lakshadweep,Statewide,1642.9,0.0,0.0,0.0,0.0,0.0,0.0,0,2022,3,77,0,11500.300000000001,49287.0,1642.8999999999992,0.0,1.0,6.123233995736766e-17,1642.9,0.0,0.0,49287.0
2022-03-20,Nagaland,Statewide,0.0,0.0,0.0,0.0,0.0,0.0,0.0,0,2022,3,79,0,2.3699999999999575,22.380000000000003,0.1479353107559961,0.0,1.0,6.123233995736766e-17,0.0,0.0,0.0,22.380000000000003
2022-03-20,Sikkim,Statewide,0.46,0.0,0.0,0.0,0.0,0.0,0.0,0,2022,3,79,0,0.45999999999999114,47.63,0.15376479002814017,0.0,1.0,6.123233995736766e-17,0.46,0.0,0.0,47.63
2022-03-24,Arunachal Pradesh,Statewide,2.2,0.0,0.0,0.0,0.0,0.0,0.0,0,2022,3,83,0,19.210000000000008,31.580000000000002,3.0184708422931843,0.0,1.0,6.123233995736766e-17,2.2,0.0,0.0,31.580000000000002
2022-03-25,Puducherry,Statewide,0.24,0.0,0.0,0.0,0.0,0.0,0.0,0,2022,3,84,0,0.9700000000000302,17.02,0.15632003507309344,0.0,1.0,6.123233995736766e-17,0.24,0.0,0.0,17.02
2022-03-26,The Dadra And Nagar Haveli And Daman And Diu,Statewide,0.0,0.0,0.0,0.0,0.0,0.0,0.0,0,2022,3,85,0,0.0,0.0,8.185904542658196e-08,0.0,1.0,6.123233995736766e-17,0.0,0.0,0.0,0.0
2022-03-29,Lakshadweep,Statewide,1642.9,0.0,0.0,0.0,0.0,0.0,0.0,0,2022,3,88,0,11500.300000000001,49287.0,1642.8999999999992,0.0,1.0,6.123233995736766e-17,1642.9,0.0,0.0,49287.0
2022-03-30,Ladakh,Statewide,0.0,0.0,0.0,0.0,0.0,0.0,0.0,0,2022,3,89,0,0.6299999999999963,13.879999999999999,0.04467817252127514,0.0,1.0,6.123233995736766e-17,0.0,0.0,0.0,13.879999999999999
2022-03-30,Lakshadweep,Statewide,1642.9,0.0,0.0,0.0,0.0,0.0,0.0,0,2022,3,89,0,11500.300000000001,49287.0,1642.8999999999992,0.0,1.0,6.123233995736766e-17,1642.9,0.0,0.0,49287.0
2022-04-04,Bihar,Statewide,0.19,0.0,0.0,0.0,0.0,0.0,0.0,0,2022,4,94,0,0.6400000000000853,1.35,0.1075256883224435,0.0,0.8660254037844387,-0.4999999999999998,0.19,0.0,0.0,1.35
2022-04-05,Uttarakhand,Statewide,0.0,0.0,0.0,0.0,0.0,0.0,0.0,0,2022,4,95,0,0.96,5.120000000000032,0.15115534376760287,0.0,0.8660254037844387,-0.4999999999999998,0.0,0.0,0.0,5.120000000000032
2022-04-06,Punjab,Statewide,0.0,0.0,0.0,0.0,0.0,0.0,0.0,0,2022,4,96,0,0.5399999999999876,1.52,0.056537180414917856,0.0,0.8660254037844387,-0.4999999999999998,0.0,0.0,0.0,1.52
2022-04-06,Telangana,Statewide,0.06,0.0,0.0,0.0,0.0,0.0,0.0,0,2022,4,96,0,0.6000000000000124,3.089999999999991,0.09098541495094928,0.0,0.8660254037844387,-0.4999999999999998,0.06,0.0,0.0,3.089999999999991
2022-04-08,Bihar,Statewide,0.01,0.0,0.0,0.0,0.0,0.0,0.0,0,2022,4,98,0,0.42000000000008525,1.47,0.04851491776621868,0.0,0.8660254037844387,-0.4999999999999998,0.01,0.0,0.0,1.47
2022-04-10,Gujarat,Statewide,0.0,0.0,0.0,0.0,0.0,0.0,0.0,0,2022,4,100,0,0.0,0.04,0.0004989607722781586,0.0,0.8660254037844387,-0.4999999999999998,0.0,0.0,0.0,0.04
2022-04-11,Bihar,Statewide,0.59,0.0,0.0,0.0,0.0,0.0,0.0,0,2022,4,101,0,0.8500000000000852,2.2,0.21674061679381298,0.0,0.8660254037844387,-0.4999999999999998,0.59,0.0,0.0,2.2
2022-04-11,Punjab,Statewide,0.0,0.0,0.0,0.0,0.0,0.0,0.0,0,2022,4,101,0,0.7899999999999876,2.3000000000000003,0.06640590391233521,0.0,0.8660254037844387,-0.4999999999999998,0.0,0.0,0.0,2.3000000000000003
2022-04-12,Bihar,Statewide,0.0,0.0,0.0,0.0,0.0,0.0,0.0,0,2022,4,102,0,0.8300000000000852,2.2,0.15171843175566907,0.0,0.8660254037844387,-0.4999999999999998,0.0,0.0,0.0,2.2
2022-04-16,Chandigarh,Statewide,0.0,0.0,0.0,0.0,0.0,0.0,0.0,0,2022,4,106,0,0.10000000000003553,2.3999999999999857,0.024026536270460187,0.0,0.8660254037844387,-0.4999999999999998,0.0,0.0,0.0,2.3999999999999857
2022-04-17,Assam,Statewide,11.19,0.0,0.0,0.0,0.0,0.0,0.0,0,2022,4,107,0,100.64,256.53,13.602599352053257,0.0,0.8660254037844387,-0.4999999999999998,11.19,0.0,0.0,256.53
2022-04-18,Uttar Pradesh,Statewide,0.0,0.0,0.0,0.0,0.0,0.0,0.0,0,2022,4,108,0,0.010000000000000222,0.6399999999999929,0.004882701347309096,0.0,0.8660254037844387,-0.4999999999999998,0.0,0.0,0.0,0.6399999999999929
2022-04-25,Sikkim,Statewide,7.48,0.0,0.0,0.0,0.0,0.0,0.0,0,2022,4,115,0,35.49,341.94,6.964391954659048,0.0,0.8660254037844387,-0.4999999999999998,7.48,0.0,0.0,341.94
2022-04-27,Lakshadweep,Statewide,1642.9,0.0,0.0,0.0,0.0,0.0,0.0,0,2022,4,117,0,11500.300000000001,49287.0,1642.8999999999992,0.0,0.8660254037844387,-0.4999999999999998,1642.9,0.0,0.0,49287.0
2022-04-29,West Bengal,Statewide,0.03,0.0,0.0,0.0,0.0,0.0,0.0,0,2022,4,119,0,1.6500000000000106,52.60999999999999,0.29581702016922246,0.0,0.8660254037844387,-0.4999999999999998,0.03,0.0,0.0,52.60999999999999
2022-05-03,Maharashtra,Statewide,0.0,0.0,0.0,0.0,0.0,0.0,0.0,0,2022,5,123,0,0.46999999999999986,4.21,0.05283103939787601,0.0,0.49999999999999994,-0.8660254037844387,0.0,0.0,0.0,4.21
2022-05-03,Rajasthan,Statewide,0.0,0.0,0.0,0.0,0.0,0.0,0.0,0,2022,5,123,0,0.13,0.36,0.024817016514113444,0.0,0.49999999999999994,-0.8660254037844387,0.0,0.0,0.0,0.36
2022-05-04,Madhya Pradesh,Statewide,0.0,0.0,0.0,0.0,0.0,0.0,0.0,0,2022,5,124,0,0.13999999999998564,0.42,0.028481392964593007,0.0,0.49999999999999994,-0.8660254037844387,0.0,0.0,0.0,0.42
2022-05-04,Sikkim,Statewide,4.3,0.0,0.0,0.0,0.0,0.0,0.0,0,2022,5,124,0,32.47,309.51,4.778847505112272,0.0,0.49999999999999994,-0.8660254037844387,4.3,0.0,0.0,309.51
2022-05-08,Jammu And Kashmir,Statewide,0.0,0.0,0.0,0.0,0.0,0.0,0.0,0,2022,5,128,0,31.579999999999995,58.260000000000005,3.1223785112525726,0.0,0.49999999999999994,-0.8660254037844387,0.0,0.0,0.0,58.260000000000005
2022-05-08,Mizoram,Statewide,2.47,0.0,0.0,0.0,0.0,0.0,0.0,0,2022,5,128,0,50.26,117.35,4.738771071473976,0.0,0.49999999999999994,-0.8660254037844387,2.47,0.0,0.0,117.35
2022-05-09,Bihar,Statewide,4.5,0.0,0.0,0.0,0.0,0.0,0.0,0,2022,5,129,0,24.360000000000085,40.64,2.8323386175067107,0.0,0.49999999999999994,-0.8660254037844387,4.5,0.0,0.0,40.64
2022-05-09,Puducherry,Statewide,0.03,0.0,0.0,0.0,0.0,0.0,0.0,0,2022,5,129,0,11.32000000000003,39.11,1.5575493056369685,0.0,0.49999999999999994,-0.8660254037844387,0.03,0.0,0.0,39.11
2022-05-10,Chhattisgarh,Statewide,0.01,0.0,0.0,0.0,0.0,0.0,0.0,0,2022,5,130,0,3.0500000000000145,12.2,0.22138402487386202,0.0,0.49999999999999994,-0.8660254037844387,0.01,0.0,0.0,12.2
2022-05-11,Delhi,Statewide,0.0,0.0,0.0,0.0,0.0,0.0,0.0,0,2022,5,131,0,3.670000000000007,3.7900000000000142,0.1335889313321358,0.0,0.49999999999999994,-0.8660254037844387,0.0,0.0,0.0,3.7900000000000142
2022-05-11,Tamil Nadu,Statewide,2.37,0.0,0.0,0.0,0.0,0.0,0.0,0,2022,5,131,0,18.63,71.64,2.3712043885134455,0.0,0.49999999999999994,-0.8660254037844387,2.37,0.0,0.0,71.64
2022-05-12,Jammu And Kashmir,Statewide,0.04,0.0,0.0,0.0,0.0,0.0,0.0,0,2022,5,132,0,7.609999999999996,60.56,1.1012740805517423,0.0,0.49999999999999994,-0.8660254037844387,0.04,0.0,0.0,60.56
2022-05-12,Meghalaya,Statewide,74.47,0.0,0.0,0.0,0.0,0.0,0.0,0,2022,5,132,0,133.13000000000008,482.06000000000006,32.615763218458675,0.0,0.49999999999999994,-0.8660254037844387,74.47,0.0,0.0,482.06000000000006
2022-05-16,Rajasthan,Statewide,0.0,0.0,0.0,0.0,0.0,0.0,0.0,0,2022,5,136,0,0.0,0.9199999999999999,0.00447818365623566,0.0,0.49999999999999994,-0.8660254037844387,0.0,0.0,0.0,0.9199999999999999
2022-05-16,Uttarakhand,Statewide,2.67,0.0,0.0,0.0,0.0,0.0,0.0,0,2022,5,136,0,34.62,58.31000000000003,3.883972566022994,0.0,0.49999999999999994,-0.8660254037844387,2.67,0.0,0.0,58.31000000000003
2022-05-25,Andaman And Nicobar Islands,Statewide,18.57,0.0,0.0,0.0,0.0,0.0,0.0,0,2022,5,145,0,103.34,318.03,16.208477388123967,0.0,0.49999999999999994,-0.8660254037844387,18.57,0.0,0.0,318.03
2022-05-30,Chandigarh,Statewide,0.0,0.0,0.0,0.0,0.0,0.0,0.0,0,2022,5,150,0,10.500000000000036,33.09999999999999,1.1063703225075943,0.0,0.49999999999999994,-0.8660254037844387,0.0,0.0,0.0,33.09999999999999
2022-06-01,Andhra Pradesh,Statewide,0.97,0.0,0.0,0.0,0.0,0.0,0.0,0,2022,6,152,1,6.579999999999972,108.28,1.1913361872295347,0.0,1.2246467991473532e-16,-1.0,0.97,0.0,0.0,108.28
2022-06-03,Ladakh,Statewide,0.0,0.0,0.0,0.0,0.0,0.0,0.0,0,2022,6,154,1,4.4199999999999955,15.99,0.2727608089835843,0.0,1.2246467991473532e-16,-1.0,0.0,0.0,0.0,15.99
2022-06-05,Lakshadweep,Statewide,1642.9,0.0,0.0,0.0,0.0,0.0,0.0,0,2022,6,156,1,11500.300000000001,49287.0,1642.8999999999992,0.0,1.2246467991473532e-16,-1.0,1642.9,0.0,0.0,49287.0
2022-06-06,Haryana,Statewide,0.0,0.0,0.0,0.0,0.0,0.0,0.0,0,2022,6,157,1,0.7199999999999965,34.489999999999995,0.14443493752982356,0.0,1.2246467991473532e-16,-1.0,0.0,0.0,0.0,34.489999999999995
2022-06-06,Madhya Pradesh,Statewide,0.0,0.0,0.0,0.0,0.0,0.0,0.0,0,2022,6,157,1,0.45999999999998575,8.66,0.07083907005502778,0.0,1.2246467991473532e-16,-1.0,0.0,0.0,0.0,8.66
2022-06-06,Tamil Nadu,Statewide,6.43,0.0,0.0,0.0,0.0,0.0,0.0,0,2022,6,157,1,12.850000000000001,78.25,2.4188621812978313,0.0,1.2246467991473532e-16,-1.0,6.43,0.0,0.0,78.25
2022-06-11,Goa,Statewide,64.7,0.0,0.0,0.0,0.0,0.0,0.0,0,2022,6,162,1,88.40999999999988,211.60000000000002,23.53664092857656,0.0,1.2246467991473532e-16,-1.0,64.7,0.0,0.0,211.60000000000002
2022-06-11,Puducherry,Statewide,0.1,0.0,0.0,0.0,0.0,0.0,0.0,0,2022,6,162,1,14.450000000000033,94.39,1.1328760306103638,0.0,1.2246467991473532e-16,-1.0,0.1,0.0,0.0,94.39
2022-06-13,Jammu And Kashmir,Statewide,1.0,0.0,0.0,0.0,0.0,0.0,0.0,0,2022,6,164,1,6.739999999999996,46.36,1.107527594256315,0.0,1.2246467991473532e-16,-1.0,1.0,0.0,0.0,46.36
2022-06-13,Ladakh,Statewide,0.05,0.0,0.0,0.0,0.0,0.0,0.0,0,2022,6,164,1,3.0699999999999967,15.99,0.4384042325945079,0.0,1.2246467991473532e-16,-1.0,0.05,0.0,0.0,15.99
2022-06-16,Goa,Statewide,12.86,0.0,0.0,0.0,0.0,0.0,0.0,0,2022,6,167,1,157.17999999999986,291.03,14.70583314086586,0.0,1.2246467991473532e-16,-1.0,12.86,0.0,0.0,291.03
2022-06-16,Mizoram,Statewide,9.24,0.0,0.0,0.0,0.0,0.0,0.0,0,2022,6,167,1,57.239999999999995,303.18,9.355707497843124,0.0,1.2246467991473532e-16,-1.0,9.24,0.0,0.0,303.18
2022-06-20,Andaman And Nicobar Islands,Statewide,13.41,0.0,0.0,0.0,0.0,0.0,0.0,0,2022,6,171,1,82.99,414.41,11.9192814294071,0.0,1.2246467991473532e-16,-1.0,13.41,0.0,0.0,414.41
2022-06-20,Goa,Statewide,5.34,0.0,0.0,0.0,0.0,0.0,0.0,0,2022,6,171,1,86.49999999999987,274.36,15.438389537121893,0.0,1.2246467991473532e-16,-1.0,5.34,0.0,0.0,274.36
2022-06-21,Kerala,Statewide,11.65,0.0,0.0,0.0,0.0,0.0,0.0,0,2022,6,172,1,59.65999999999994,205.43,8.609328965461504,0.0,1.2246467991473532e-16,-1.0,11.65,0.0,0.0,205.43
2022-06-25,Jammu And Kashmir,Statewide,0.0,0.0,0.0,0.0,0.0,0.0,0.0,0,2022,6,176,1,97.83,132.93,7.962725745658831,0.0,1.2246467991473532e-16,-1.0,0.0,0.0,0.0,132.93
2022-06-25,Uttar Pradesh,Statewide,1.48,0.0,0.0,0.0,0.0,0.0,0.0,0,2022,6,176,1,12.74,21.45999999999999,1.6708265565610692,0.0,1.2246467991473532e-16,-1.0,1.48,0.0,0.0,21.45999999999999
2022-06-26,West Bengal,Statewide,5.79,0.0,0.0,0.0,0.0,0.0,0.0,0,2022,6,177,1,53.88000000000001,264.04999999999995,7.217461815538605,0.0,1.2246467991473532e-16,-1.0,5.79,0.0,0.0,264.04999999999995
2022-06-29,Punjab,Statewide,1.74,0.0,0.0,0.0,0.0,0.0,0.0,0,2022,6,180,1,3.3299999999999876,46.839999999999996,1.2156983432213386,0.0,1.2246467991473532e-16,-1.0,1.74,0.0,0.0,46.839999999999996
2022-07-01,Arunachal Pradesh,Statewide,29.22,0.0,0.0,0.0,0.0,0.0,0.0,0,2022,7,182,1,192.06,630.76,29.104033490470947,0.0,-0.4999999999999997,-0.8660254037844388,29.22,0.0,0.0,630.76
2022-07-04,Arunachal Pradesh,Statewide,14.46,0.0,0.0,0.0,0.0,0.0,0.0,0,2022,7,185,1,176.52,607.63,16.982853487231534,0.0,-0.4999999999999997,-0.8660254037844388,14.46,0.0,0.0,607.63
2022-07-04,Jammu And Kashmir,Statewide,1.84,0.0,0.0,0.0,0.0,0.0,0.0,0,2022,7,185,1,18.8,140.69,2.6484132303890986,0.0,-0.4999999999999997,-0.8660254037844388,1.84,0.0,0.0,140.69
2022-07-06,Andaman And Nicobar Islands,Statewide,10.88,0.0,0.0,0.0,0.0,0.0,0.0,0,2022,7,187,1,71.83,357.76,10.239044742027218,0.0,-0.4999999999999997,-0.8660254037844388,10.88,0.0,0.0,357.76
2022-07-06,Tamil Nadu,Statewide,2.1,0.0,0.0,0.0,0.0,0.0,0.0,0,2022,7,187,1,15.759999999999998,78.16000000000001,1.8456616566855937,0.0,-0.4999999999999997,-0.8660254037844388,2.1,0.0,0.0,78.16000000000001
2022-07-06,West Bengal,Statewide,3.91,0.0,0.0,0.0,0.0,0.0,0.0,0,2022,7,187,1,50.580000000000005,309.47999999999996,5.753391837155224,0.0,-0.4999999999999997,-0.8660254037844388,3.91,0.0,0.0,309.47999999999996
2022-07-10,Maharashtra,Statewide,35.66,0.0,0.0,0.0,0.0,0.0,0.0,0,2022,7,191,1,169.51999999999998,328.82,25.889147256674853,0.0,-0.4999999999999997,-0.8660254037844388,35.66,0.0,0.0,328.82
2022-07-13,Ladakh,Statewide,3.93,0.0,0.0,0.0,0.0,0.0,0.0,0,2022,7,194,1,48.63999999999999,80.0,5.4009657745972035,0.0,-0.4999999999999997,-0.8660254037844388,3.93,0.0,0.0,80.0
2022-07-14,Mizoram,Statewide,0.93,0.0,0.0,0.0,0.0,0.0,0.0,0,2022,7,195,1,84.24000000000001,467.53,9.840654101156177,0.0,-0.4999999999999997,-0.8660254037844388,0.93,0.0,0.0,467.53
2022-07-16,Chandigarh,Statewide,10.2,0.0,0.0,0.0,0.0,0.0,0.0,0,2022,7,197,1,134.80000000000004,348.29999999999995,15.97426092336691,0.0,-0.4999999999999997,-0.8660254037844388,10.2,0.0,0.0,348.29999999999995
2022-07-20,Andaman And Nicobar Islands,Statewide,11.77,0.0,0.0,0.0,0.0,0.0,0.0,0,2022,7,201,1,79.53,335.40999999999997,11.579979200630191,0.0,-0.4999999999999997,-0.8660254037844388,11.77,0.0,0.0,335.40999999999997
2022-07-21,Uttar Pradesh,Statewide,22.26,0.0,0.0,0.0,0.0,0.0,0.0,0,2022,7,202,1,47.04,121.62999999999998,8.630409697509693,0.0,-0.4999999999999997,-0.8660254037844388,22.26,0.0,0.0,121.62999999999998
2022-07-22,Sikkim,Statewide,17.46,0.0,0.0,0.0,0.0,0.0,0.0,0,2022,7,203,1,105.85,357.62,14.83598730152367,0.0,-0.4999999999999997,-0.8660254037844388,17.46,0.0,0.0,357.62
2022-07-23,Arunachal Pradesh,Statewide,1.44,0.0,0.0,0.0,0.0,0.0,0.0,0,2022,7,204,1,155.33,470.02,15.786127233053799,0.0,-0.4999999999999997,-0.8660254037844388,1.44,0.0,0.0,470.02
2022-07-23,Haryana,Statewide,5.81,0.0,0.0,0.0,0.0,0.0,0.0,0,2022,7,204,1,64.1,171.67000000000002,10.955066449735352,0.0,-0.4999999999999997,-0.8660254037844388,5.81,0.0,0.0,171.67000000000002
2022-07-25,Madhya Pradesh,Statewide,18.56,0.0,0.0,0.0,0.0,0.0,0.0,0,2022,7,206,1,107.50999999999998,377.76,17.350091562288064,0.0,-0.4999999999999997,-0.8660254037844388,18.56,0.0,0.0,377.76
2022-07-25,Maharashtra,Statewide,10.32,0.0,0.0,0.0,0.0,0.0,0.0,0,2022,7,206,1,67.21000000000001,531.11,11.55567998262515,0.0,-0.4999999999999997,-0.8660254037844388,10.32,0.0,0.0,531.11
2022-07-30,Odisha,Statewide,5.47,0.0,0.0,0.0,0.0,0.0,0.0,0,2022,7,211,1,43.83999999999999,330.77,5.003592985171309,0.0,-0.4999999999999997,-0.8660254037844388,5.47,0.0,0.0,330.77
2022-07-31,Telangana,Statewide,4.01,0.0,0.0,0.0,0.0,0.0,0.0,0,2022,7,212,1,46.730000000000004,546.9399999999999,6.051387456231158,0.0,-0.4999999999999997,-0.8660254037844388,4.01,0.0,0.0,546.9399999999999
2022-08-02,The Dadra And Nagar Haveli And Daman And Diu,Statewide,3.42,0.0,0.0,0.0,0.0,0.0,0.0,0,2022,8,214,1,22.86999999999983,1505.91,4.872581375650232,0.0,-0.8660254037844385,-0.5000000000000004,3.42,0.0,0.0,1505.91
2022-08-05,Gujarat,Statewide,11.28,0.0,0.0,0.0,0.0,0.0,0.0,0,2022,8,217,1,20.150000000000006,419.84,5.174753322669215,0.0,-0.8660254037844385,-0.5000000000000004,11.28,0.0,0.0,419.84
2022-08-05,Madhya Pradesh,Statewide,11.28,0.0,0.0,0.0,0.0,0.0,0.0,0,2022,8,217,1,34.98999999999999,354.32,6.8488504138108075,0.0,-0.8660254037844385,-0.5000000000000004,11.28,0.0,0.0,354.32
2022-08-07,Bihar,Statewide,2.6,0.0,0.0,0.0,0.0,0.0,0.0,0,2022,8,219,1,64.03000000000007,215.14999999999998,5.376802269033609,0.0,-0.8660254037844385,-0.5000000000000004,2.6,0.0,0.0,215.14999999999998
2022-08-08,Ladakh,Statewide,2.15,0.0,0.0,0.0,0.0,0.0,0.0,0,2022,8,220,1,6.409999999999997,59.42,1.423481763972613,0.0,-0.8660254037844385,-0.5000000000000004,2.15,0.0,0.0,59.42
2022-08-08,The Dadra And Nagar Haveli And Daman And Diu,Statewide,28.9,0.0,0.0,0.0,0.0,0.0,0.0,0,2022,8,220,1,93.19999999999983,1193.12,17.433410146263874,0.0,-0.8660254037844385,-0.5000000000000004,28.9,0.0,0.0,1193.12
2022-08-13,Arunachal Pradesh,Statewide,11.24,0.0,0.0,0.0,0.0,0.0,0.0,0,2022,8,225,1,41.01,321.80999999999995,5.905365584635135,0.0,-0.8660254037844385,-0.5000000000000004,11.24,0.0,0.0,321.80999999999995
2022-08-13,Jharkhand,Statewide,8.73,0.0,0.0,0.0,0.0,0.0,0.0,0,2022,8,225,1,75.75,217.74,13.029487856114795,0.0,-0.8660254037844385,-0.5000000000000004,8.73,0.0,0.0,217.74
2022-08-16,Uttar Pradesh,Statewide,3.72,0.0,0.0,0.0,0.0,0.0,0.0,0,2022,8,228,1,24.110000000000003,204.23999999999998,4.461432584975228,0.0,-0.8660254037844385,-0.5000000000000004,3.72,0.0,0.0,204.23999999999998
2022-08-17,Ladakh,Statewide,9.4,0.0,0.0,0.0,0.0,0.0,0.0,0,2022,8,229,1,23.949999999999996,61.71,4.0192175897550175,0.0,-0.8660254037844385,-0.5000000000000004,9.4,0.0,0.0,61.71
2022-08-19,Kerala,Statewide,3.92,0.0,0.0,0.0,0.0,0.0,0.0,0,2022,8,231,1,7.5499999999999465,463.24,3.1072959449868733,0.0,-0.8660254037844385,-0.5000000000000004,3.92,0.0,0.0,463.24
2022-08-22,Ladakh,Statewide,0.24,0.0,0.0,0.0,0.0,0.0,0.0,0,2022,8,234,1,22.819999999999997,69.25,1.8690044003101252,0.0,-0.8660254037844385,-0.5000000000000004,0.24,0.0,0.0,69.25
2022-08-23,Goa,Statewide,13.23,0.0,0.0,0.0,0.0,0.0,0.0,0,2022,8,235,1,110.56999999999987,629.14,16.32523326658465,0.0,-0.8660254037844385,-0.5000000000000004,13.23,0.0,0.0,629.14
2022-08-26,Himachal Pradesh,Statewide,1.88,0.0,0.0,0.0,0.0,0.0,0.0,0,2022,8,238,1,68.86000000000003,306.23,6.097764865372119,0.0,-0.8660254037844385,-0.5000000000000004,1.88,0.0,0.0,306.23
2022-08-26,Nagaland,Statewide,2.68,0.0,0.0,0.0,0.0,0.0,0.0,0,2022,8,238,1,58.48999999999997,197.95,9.062069268099279,0.0,-0.8660254037844385,-0.5000000000000004,2.68,0.0,0.0,197.95
2022-08-27,Chhattisgarh,Statewide,0.2,0.0,0.0,0.0,0.0,0.0,0.0,0,2022,8,239,1,64.85000000000001,431.82,7.182395747920241,0.0,-0.8660254037844385,-0.5000000000000004,0.2,0.0,0.0,431.82
2022-08-27,Jammu And Kashmir,Statewide,1.58,0.0,0.0,0.0,0.0,0.0,0.0,0,2022,8,239,1,42.33,223.25,5.581852885123169,0.0,-0.8660254037844385,-0.5000000000000004,1.58,0.0,0.0,223.25
2022-08-29,Punjab,Statewide,1.84,0.0,0.0,0.0,0.0,0.0,0.0,0,2022,8,241,1,12.359999999999985,95.67999999999999,1.3729275501319211,0.0,-0.8660254037844385,-0.5000000000000004,1.84,0.0,0.0,95.67999999999999
2022-09-01,Gujarat,Statewide,1.96,0.0,0.0,0.0,0.0,0.0,0.0,0,2022,9,244,1,4.760000000000007,242.29000000000002,1.6356310907244027,0.0,-1.0,-1.8369701987210297e-16,1.96,0.0,0.0,242.29000000000002
2022-09-02,Assam,Statewide,8.41,0.0,0.0,0.0,0.0,0.0,0.0,0,2022,9,245,1,76.51999999999998,208.01,10.692992443749544,0.0,-1.0,-1.8369701987210297e-16,8.41,0.0,0.0,208.01
2022-09-02,Bihar,Statewide,5.8,0.0,0.0,0.0,0.0,0.0,0.0,0,2022,9,245,1,62.06000000000008,144.19,7.619601500063025,0.0,-1.0,-1.8369701987210297e-16,5.8,0.0,0.0,144.19
2022-09-04,Rajasthan,Statewide,0.22,0.0,0.0,0.0,0.0,0.0,0.0,0,2022,9,247,1,7.23,194.33999999999997,1.3960294600425622,0.0,-1.0,-1.8369701987210297e-16,0.22,0.0,0.0,194.33999999999997
2022-09-05,Himachal Pradesh,Statewide,1.85,0.0,0.0,0.0,0.0,0.0,0.0,0,2022,9,248,1,28.25000000000002,228.73,4.993129399819943,0.0,-1.0,-1.8369701987210297e-16,1.85,0.0,0.0,228.73
2022-09-06,Odisha,Statewide,0.61,0.0,0.0,0.0,0.0,0.0,0.0,0,2022,9,249,1,18.279999999999994,424.18,3.0901801242898412,0.0,-1.0,-1.8369701987210297e-16,0.61,0.0,0.0,424.18
2022-09-07,Manipur,Statewide,2.34,0.0,0.0,0.0,0.0,0.0,0.0,0,2022,9,250,1,21.329999999999973,85.68999999999998,2.7359285168235705,0.0,-1.0,-1.8369701987210297e-16,2.34,0.0,0.0,85.68999999999998
2022-09-11,Maharashtra,Statewide,14.48,0.0,0.0,0.0,0.0,0.0,0.0,0,2022,9,254,1,76.45,212.92000000000002,11.503183449438422,0.0,-1.0,-1.8369701987210297e-16,14.48,0.0,0.0,212.92000000000002
2022-09-17,Mizoram,Statewide,3.35,0.0,0.0,0.0,0.0,0.0,0.0,0,2022,9,260,1,71.85000000000001,257.66,6.138539666262011,0.0,-1.0,-1.8369701987210297e-16,3.35,0.0,0.0,257.66
2022-09-18,Delhi,Statewide,0.0,0.0,0.0,0.0,0.0,0.0,0.0,0,2022,9,261,1,20.09000000000001,43.34000000000002,2.4691836706545205,0.0,-1.0,-1.8369701987210297e-16,0.0,0.0,0.0,43.34000000000002
2022-09-18,Nagaland,Statewide,1.75,0.0,0.0,0.0,0.0,0.0,0.0,0,2022,9,261,1,78.34999999999997,228.99,6.64784759792289,0.0,-1.0,-1.8369701987210297e-16,1.75,0.0,0.0,228.99
2022-09-18,Uttar Pradesh,Statewide,7.36,0.0,0.0,0.0,0.0,0.0,0.0,0,2022,9,261,1,109.82000000000001,207.03,15.754585452883443,0.0,-1.0,-1.8369701987210297e-16,7.36,0.0,0.0,207.03
2022-09-19,The Dadra And Nagar Haveli And Daman And Diu,Statewide,20.21,0.0,0.0,0.0,0.0,0.0,0.0,0,2022,9,262,1,302.41999999999985,549.68,39.787156191086964,0.0,-1.0,-1.8369701987210297e-16,20.21,0.0,0.0,549.68
2022-09-22,Kerala,Statewide,0.22,0.0,0.0,0.0,0.0,0.0,0.0,0,2022,9,265,1,7.27999999999995,371.79999999999995,1.5109935876313978,0.0,-1.0,-1.8369701987210297e-16,0.22,0.0,0.0,371.79999999999995
2022-09-23,Jharkhand,Statewide,1.43,0.0,0.0,0.0,0.0,0.0,0.0,0,2022,9,266,1,42.53000000000001,229.41,6.008414986230657,0.0,-1.0,-1.8369701987210297e-16,1.43,0.0,0.0,229.41
2022-09-27,Goa,Statewide,0.08,0.0,0.0,0.0,0.0,0.0,0.0,0,2022,9,270,1,19.939999999999873,444.55,3.245973613737111,0.0,-1.0,-1.8369701987210297e-16,0.08,0.0,0.0,444.55
2022-09-27,Nagaland,Statewide,6.21,0.0,0.0,0.0,0.0,0.0,0.0,0,2022,9,270,1,85.74999999999997,232.91,10.233976967222473,0.0,-1.0,-1.8369701987210297e-16,6.21,0.0,0.0,232.91
2022-09-27,Sikkim,Statewide,14.57,0.0,0.0,0.0,0.0,0.0,0.0,0,2022,9,270,1,196.29,600.25,28.07099300265642,0.0,-1.0,-1.8369701987210297e-16,14.57,0.0,0.0,600.25
2022-09-29,Chhattisgarh,Statewide,8.86,0.0,0.0,0.0,0.0,0.0,0.0,0,2022,9,272,1,30.770000000000017,219.47,5.9241102563921615,0.0,-1.0,-1.8369701987210297e-16,8.86,0.0,0.0,219.47
2022-10-03,Andaman And Nicobar Islands,Statewide,13.99,0.0,0.0,0.0,0.0,0.0,0.0,0,2022,10,276,0,102.32,390.92,13.987790405768376,0.0,-0.8660254037844386,0.5000000000000001,13.99,0.0,0.0,390.92
2022-10-04,Chhattisgarh,Statewide,5.21,0.0,0.0,0.0,0.0,0.0,0.0,0,2022,10,277,0,30.240000000000016,212.95,3.74681581079183,0.0,-0.8660254037844386,0.5000000000000001,5.21,0.0,0.0,212.95
2022-10-04,Madhya Pradesh,Statewide,0.76,0.0,0.0,0.0,0.0,0.0,0.0,0,2022,10,277,0,4.899999999999986,198.12,0.863827474356698,0.0,-0.8660254037844386,0.5000000000000001,0.76,0.0,0.0,198.12
2022-10-05,Jharkhand,Statewide,13.35,0.0,0.0,0.0,0.0,0.0,0.0,0,2022,10,278,0,57.56000000000001,225.72,10.436161295361568,0.0,-0.8660254037844386,0.5000000000000001,13.35,0.0,0.0,225.72
2022-10-05,Maharashtra,Statewide,0.8,0.0,0.0,0.0,0.0,0.0,0.0,0,2022,10,278,0,13.909999999999997,229.48,1.4167584754232352,0.0,-0.8660254037844386,0.5000000000000001,0.8,0.0,0.0,229.48
2022-10-09,Jharkhand,Statewide,0.39,0.0,0.0,0.0,0.0,0.0,0.0,0,2022,10,282,0,50.82000000000001,221.59,3.9155873270163117,0.0,-0.8660254037844386,0.5000000000000001,0.39,0.0,0.0,221.59
2022-10-09,Nagaland,Statewide,6.14,0.0,0.0,0.0,0.0,0.0,0.0,0,2022,10,282,0,46.89999999999997,253.26999999999998,7.051058010167304,0.0,-0.8660254037844386,0.5000000000000001,6.14,0.0,0.0,253.26999999999998
2022-10-09,Uttar Pradesh,Statewide,22.59,0.0,0.0,0.0,0.0,0.0,0.0,0,2022,10,282,0,100.91,302.2,17.372002876769276,0.0,-0.8660254037844386,0.5000000000000001,22.59,0.0,0.0,302.2
2022-10-09,West Bengal,Statewide,3.33,0.0,0.0,0.0,0.0,0.0,0.0,0,2022,10,282,0,52.83000000000001,249.39,5.29095891321186,0.0,-0.8660254037844386,0.5000000000000001,3.33,0.0,0.0,249.39
2022-10-10,Maharashtra,Statewide,4.53,0.0,0.0,0.0,0.0,0.0,0.0,0,2022,10,283,0,39.68999999999999,216.23000000000002,5.419248996964383,0.0,-0.8660254037844386,0.5000000000000001,4.53,0.0,0.0,216.23000000000002
2022-10-10,Meghalaya,Statewide,13.94,0.0,0.0,0.0,0.0,0.0,0.0,0,2022,10,283,0,69.58000000000011,358.76,11.945420076807391,0.0,-0.8660254037844386,0.5000000000000001,13.94,0.0,0.0,358.76
2022-10-11,Tripura,Statewide,3.49,0.0,0.0,0.0,0.0,0.0,0.0,0,2022,10,284,0,44.539999999999914,234.9,4.943700064223752,0.0,-0.8660254037844386,0.5000000000000001,3.49,0.0,0.0,234.9
2022-10-12,Haryana,Statewide,4.32,0.0,0.0,0.0,0.0,0.0,0.0,0,2022,10,285,0,38.37,193.2,5.506278989285484,0.0,-0.8660254037844386,0.5000000000000001,4.32,0.0,0.0,193.2
2022-10-12,Kerala,Statewide,6.21,0.0,0.0,0.0,0.0,0.0,0.0,0,2022,10,285,0,29.919999999999952,90.47,4.607412616473432,0.0,-0.8660254037844386,0.5000000000000001,6.21,0.0,0.0,90.47
2022-10-16,Delhi,Statewide,0.0,0.0,0.0,0.0,0.0,0.0,0.0,0,2022,10,289,0,17.25,239.84,2.628873367498584,0.0,-0.8660254037844386,0.5000000000000001,0.0,0.0,0.0,239.84
2022-10-16,Nagaland,Statewide,0.0,0.0,0.0,0.0,0.0,0.0,0.0,0,2022,10,289,0,18.199999999999974,197.73,2.05315841068672,0.0,-0.8660254037844386,0.5000000000000001,0.0,0.0,0.0,197.73
2022-10-17,Meghalaya,Statewide,0.0,0.0,0.0,0.0,0.0,0.0,0.0,0,2022,10,290,0,107.30000000000011,301.11,6.277962002631416,0.0,-0.8660254037844386,0.5000000000000001,0.0,0.0,0.0,301.11
2022-10-19,Tamil Nadu,Statewide,6.18,0.0,0.0,0.0,0.0,0.0,0.0,0,2022,10,292,0,63.18999999999999,140.6,8.376184285353915,0.0,-0.8660254037844386,0.5000000000000001,6.18,0.0,0.0,140.6
2022-10-21,Ladakh,Statewide,1.39,0.0,0.0,0.0,0.0,0.0,0.0,0,2022,10,294,0,5.169999999999996,17.05,1.220310502684423,0.0,-0.8660254037844386,0.5000000000000001,1.39,0.0,0.0,17.05
2022-10-23,Chhattisgarh,Statewide,0.0,0.0,0.0,0.0,0.0,0.0,0.0,0,2022,10,296,0,9.460000000000013,104.41,0.7886355450888053,0.0,-0.8660254037844386,0.5000000000000001,0.0,0.0,0.0,104.41
2022-10-24,Chhattisgarh,Statewide,0.0,0.0,0.0,0.0,0.0,0.0,0.0,0,2022,10,297,0,6.460000000000014,101.22999999999999,0.5520448815621637,0.0,-0.8660254037844386,0.5000000000000001,0.0,0.0,0.0,101.22999999999999
2022-10-27,Arunachal Pradesh,Statewide,6.25,0.0,0.0,0.0,0.0,0.0,0.0,0,2022,10,300,0,82.94,366.22999999999996,15.816089187020665,0.0,-0.8660254037844386,0.5000000000000001,6.25,0.0,0.0,366.22999999999996
2022-10-27,Manipur,Statewide,0.0,0.0,0.0,0.0,0.0,0.0,0.0,0,2022,10,300,0,57.03999999999998,121.37999999999998,7.884178599586623,0.0,-0.8660254037844386,0.5000000000000001,0.0,0.0,0.0,121.37999999999998
2022-10-27,Uttarakhand,Statewide,0.0,0.0,0.0,0.0,0.0,0.0,0.0,0,2022,10,300,0,1.4099999999999928,125.69000000000003,0.15110904303261438,0.0,-0.8660254037844386,0.5000000000000001,0.0,0.0,0.0,125.69000000000003
2022-11-06,Karnataka,Statewide,0.63,0.0,0.0,0.0,0.0,0.0,0.0,0,2022,11,310,0,7.810000000000008,147.41,1.038098548367896,0.0,-0.5000000000000004,0.8660254037844384,0.63,0.0,0.0,147.41
2022-11-06,Odisha,Statewide,0.0,0.0,0.0,0.0,0.0,0.0,0.0,0,2022,11,310,0,1.3799999999999928,57.410000000000004,0.1810266652580812,0.0,-0.5000000000000004,0.8660254037844384,0.0,0.0,0.0,57.410000000000004
2022-11-07,Andhra Pradesh,Statewide,0.03,0.0,0.0,0.0,0.0,0.0,0.0,0,2022,11,311,0,29.129999999999974,123.96000000000001,1.878389475314021,0.0,-0.5000000000000004,0.8660254037844384,0.03,0.0,0.0,123.96000000000001
2022-11-09,Goa,Statewide,0.0,0.0,0.0,0.0,0.0,0.0,0.0,0,2022,11,313,0,2.869999999999872,145.74,0.13639278718890951,0.0,-0.5000000000000004,0.8660254037844384,0.0,0.0,0.0,145.74
2022-11-11,Manipur,Statewide,0.0,0.0,0.0,0.0,0.0,0.0,0.0,0,2022,11,315,0,0.0,63.899999999999984,0.042470706016913704,0.0,-0.5000000000000004,0.8660254037844384,0.0,0.0,0.0,63.899999999999984
2022-11-16,Tripura,Statewide,0.0,0.0,0.0,0.0,0.0,0.0,0.0,0,2022,11,320,0,0.0,55.880000000000024,0.004667980472065756,0.0,-0.5000000000000004,0.8660254037844384,0.0,0.0,0.0,55.880000000000024
2022-11-20,Maharashtra,Statewide,0.0,0.0,0.0,0.0,0.0,0.0,0.0,0,2022,11,324,0,0.0,3.4499999999999997,0.00019397033139079893,0.0,-0.5000000000000004,0.8660254037844384,0.0,0.0,0.0,3.4499999999999997
2022-11-20,The Dadra And Nagar Haveli And Daman And Diu,Statewide,0.0,0.0,0.0,0.0,0.0,0.0,0.0,0,2022,11,324,0,0.0,1.04,0.00013204597690270078,0.0,-0.5000000000000004,0.8660254037844384,0.0,0.0,0.0,1.04
2022-11-22,Assam,Statewide,0.0,0.0,0.0,0.0,0.0,0.0,0.0,0,2022,11,326,0,0.019999999999985793,55.169999999999995,0.0024821905836979008,0.0,-0.5000000000000004,0.8660254037844384,0.0,0.0,0.0,55.169999999999995
2022-11-22,Telangana,Statewide,0.14,0.0,0.0,0.0,0.0,0.0,0.0,0,2022,11,326,0,0.14000000000000712,1.2299999999999858,0.04320334437641386,0.0,-0.5000000000000004,0.8660254037844384,0.14,0.0,0.0,1.2299999999999858
2022-11-22,Uttar Pradesh,Statewide,0.0,0.0,0.0,0.0,0.0,0.0,0.0,0,2022,11,326,0,0.0,0.13,0.0003975105211483923,0.0,-0.5000000000000004,0.8660254037844384,0.0,0.0,0.0,0.13
2022-11-24,Chandigarh,Statewide,0.0,0.0,0.0,0.0,0.0,0.0,0.0,0,2022,11,328,0,0.0,0.1,0.0012125357788550846,0.0,-0.5000000000000004,0.8660254037844384,0.0,0.0,0.0,0.1
2022-11-25,Puducherry,Statewide,0.0,0.0,0.0,0.0,0.0,0.0,0.0,0,2022,11,329,0,14.460000000000027,380.24,3.1940166954608933,0.0,-0.5000000000000004,0.8660254037844384,0.0,0.0,0.0,380.24
2022-11-27,Ladakh,Statewide,0.0,0.0,0.0,0.0,0.0,0.0,0.0,0,2022,11,331,0,0.0,29.86,0.06523502862786203,0.0,-0.5000000000000004,0.8660254037844384,0.0,0.0,0.0,29.86
2022-11-28,Haryana,Statewide,0.0,0.0,0.0,0.0,0.0,0.0,0.0,0,2022,11,332,0,0.0,0.21000000000000002,0.00010214999807475545,0.0,-0.5000000000000004,0.8660254037844384,0.0,0.0,0.0,0.21000000000000002
2022-11-29,Madhya Pradesh,Statewide,0.0,0.0,0.0,0.0,0.0,0.0,0.0,0,2022,11,333,0,0.0,0.0,6.657097670101129e-07,0.0,-0.5000000000000004,0.8660254037844384,0.0,0.0,0.0,0.0
2022-11-30,Sikkim,Statewide,0.0,0.0,0.0,0.0,0.0,0.0,0.0,0,2022,11,334,0,0.0,5.46,0.0028314265480980485,0.0,-0.5000000000000004,0.8660254037844384,0.0,0.0,0.0,5.46
2022-12-02,Jammu And Kashmir,Statewide,0.0,0.0,0.0,0.0,0.0,0.0,0.0,0,2022,12,336,0,0.0,66.36999999999999,0.01775015032100785,0.0,-2.4492935982947064e-16,1.0,0.0,0.0,0.0,66.36999999999999
2022-12-05,The Dadra And Nagar Haveli And Daman And Diu,Statewide,0.0,0.0,0.0,0.0,0.0,0.0,0.0,0,2022,12,339,0,0.0,0.0,6.268963974860842e-07,0.0,-2.4492935982947064e-16,1.0,0.0,0.0,0.0,0.0
2022-12-06,Andhra Pradesh,Statewide,0.0,0.0,0.0,0.0,0.0,0.0,0.0,0,2022,12,340,0,1.0099999999999716,48.14,0.1867284347580883,0.0,-2.4492935982947064e-16,1.0,0.0,0.0,0.0,48.14
2022-12-07,Karnataka,Statewide,0.0,0.0,0.0,0.0,0.0,0.0,0.0,0,2022,12,341,0,0.2100000000000071,15.540000000000013,0.0738002495290344,0.0,-2.4492935982947064e-16,1.0,0.0,0.0,0.0,15.540000000000013
2022-12-07,Nagaland,Statewide,0.0,0.0,0.0,0.0,0.0,0.0,0.0,0,2022,12,341,0,0.0,0.0,2.7430573570630674e-06,0.0,-2.4492935982947064e-16,1.0,0.0,0.0,0.0,0.0
2022-12-07,Puducherry,Statewide,0.0,0.0,0.0,0.0,0.0,0.0,0.0,0,2022,12,341,0,49.97000000000003,251.34,5.827335847022712,0.0,-2.4492935982947064e-16,1.0,0.0,0.0,0.0,251.34
2022-12-07,Tripura,Statewide,0.0,0.0,0.0,0.0,0.0,0.0,0.0,0,2022,12,341,0,0.0,0.19000000000002842,0.004696802381186291,0.0,-2.4492935982947064e-16,1.0,0.0,0.0,0.0,0.19000000000002842
2022-12-09,Delhi,Statewide,0.0,0.0,0.0,0.0,0.0,0.0,0.0,0,2022,12,343,0,0.0,0.0,1.1351776384036123e-08,0.0,-2.4492935982947064e-16,1.0,0.0,0.0,0.0,0.0
2022-12-09,Madhya Pradesh,Statewide,0.0,0.0,0.0,0.0,0.0,0.0,0.0,0,2022,12,343,0,0.0,0.0,1.8804653219791352e-08,0.0,-2.4492935982947064e-16,1.0,0.0,0.0,0.0,0.0
2022-12-10,Uttar Pradesh,Statewide,0.0,0.0,0.0,0.0,0.0,0.0,0.0,0,2022,12,344,0,0.0,0.0,6.473115379505103e-07,0.0,-2.4492935982947064e-16,1.0,0.0,0.0,0.0,0.0
2022-12-12,Rajasthan,Statewide,0.0,0.0,0.0,0.0,0.0,0.0,0.0,0,2022,12,346,0,0.0,0.05,3.7776896025533e-06,0.0,-2.4492935982947064e-16,1.0,0.0,0.0,0.0,0.05
2022-12-14,Haryana,Statewide,0.0,0.0,0.0,0.0,0.0,0.0,0.0,0,2022,12,348,0,0.0,0.01,3.39474379370322e-07,0.0,-2.4492935982947064e-16,1.0,0.0,0.0,0.0,0.01
2022-12-19,Gujarat,Statewide,0.0,0.0,0.0,0.0,0.0,0.0,0.0,0,2022,12,353,0,0.22000000000000722,0.22,0.015630510257323343,0.0,-2.4492935982947064e-16,1.0,0.0,0.0,0.0,0.22
2022-12-22,Lakshadweep,Statewide,1642.9,0.0,0.0,0.0,0.0,0.0,0.0,0,2022,12,356,0,11500.300000000001,49287.0,1642.8999999999992,0.0,-2.4492935982947064e-16,1.0,1642.9,0.0,0.0,49287.0
2022-12-22,Tripura,Statewide,0.0,0.0,0.0,0.0,0.0,0.0,0.0,0,2022,12,356,0,0.009999999999914735,0.20000000000002843,0.0010512983582047285,0.0,-2.4492935982947064e-16,1.0,0.0,0.0,0.0,0.20000000000002843
2022-12-25,Chhattisgarh,Statewide,0.0,0.0,0.0,0.0,0.0,0.0,0.0,0,2022,12,359,0,0.0,2.29,0.012680441664750837,0.0,-2.4492935982947064e-16,1.0,0.0,0.0,0.0,2.29
2022-12-25,Haryana,Statewide,0.0,0.0,0.0,0.0,0.0,0.0,0.0,0,2022,12,359,0,0.0,0.0,6.712517688922647e-09,0.0,-2.4492935982947064e-16,1.0,0.0,0.0,0.0,0.0
2022-12-25,Rajasthan,Statewide,0.0,0.0,0.0,0.0,0.0,0.0,0.0,0,2022,12,359,0,0.0,0.0,3.660166072162021e-08,0.0,-2.4492935982947064e-16,1.0,0.0,0.0,0.0,0.0
2022-12-26,Assam,Statewide,0.54,0.0,0.0,0.0,0.0,0.0,0.0,0,2022,12,360,0,0.7899999999999858,0.99,0.21592505078225988,0.0,-2.4492935982947064e-16,1.0,0.54,0.0,0.0,0.99
2022-12-26,West Bengal,Statewide,0.0,0.0,0.0,0.0,0.0,0.0,0.0,0,2022,12,360,0,0.0,0.0,9.660235255933338e-09,0.0,-2.4492935982947064e-16,1.0,0.0,0.0,0.0,0.0
2022-12-28,Jharkhand,Statewide,0.0,0.0,0.0,0.0,0.0,0.0,0.0,0,2022,12,362,0,0.17000000000000356,0.18000000000000002,0.03574152390775413,0.0,-2.4492935982947064e-16,1.0,0.0,0.0,0.0,0.18000000000000002
2022-12-31,Sikkim,Statewide,0.0,0.0,0.0,0.0,0.0,0.0,0.0,0,2022,12,365,0,1.8699999999999999,2.96,0.1420844977843805,0.0,-2.4492935982947064e-16,1.0,0.0,0.0,0.0,2.96
2023-01-03,Ladakh,Statewide,0.0,0.0,0.0,0.0,0.0,0.0,0.0,0,2023,1,3,0,8.479999999999997,11.89,0.61899903019114,0.0,0.49999999999999994,0.8660254037844387,0.0,0.0,0.0,11.89
2023-01-07,Bihar,Statewide,0.0,0.0,0.0,0.0,0.0,0.0,0.0,0,2023,1,7,0,0.0,0.06,0.00026515951725140073,0.0,0.49999999999999994,0.8660254037844387,0.0,0.0,0.0,0.06
2023-01-07,Mizoram,Statewide,0.0,0.0,0.0,0.0,0.0,0.0,0.0,0,2023,1,7,0,0.0,5.35,0.03946523246862586,0.0,0.49999999999999994,0.8660254037844387,0.0,0.0,0.0,5.35
2023-01-10,Maharashtra,Statewide,0.0,0.0,0.0,0.0,0.0,0.0,0.0,0,2023,1,10,0,0.09999999999999645,1.2299999999999998,0.0053479578110424714,0.0,0.49999999999999994,0.8660254037844387,0.0,0.0,0.0,1.2299999999999998
2023-01-10,Puducherry,Statewide,0.0,0.0,0.0,0.0,0.0,0.0,0.0,0,2023,1,10,0,2.8400000000000207,59.36000000000001,0.3400445665425342,0.0,0.49999999999999994,0.8660254037844387,0.0,0.0,0.0,59.36000000000001
2023-01-14,Delhi,Statewide,0.0,0.0,0.0,0.0,0.0,0.0,0.0,0,2023,1,14,0,0.0,0.0,3.010185559284969e-14,0.0,0.49999999999999994,0.8660254037844387,0.0,0.0,0.0,0.0
2023-01-15,Lakshadweep,Statewide,1642.9,0.0,0.0,0.0,0.0,0.0,0.0,0,2023,1,15,0,11500.300000000001,49287.0,1642.8999999999992,0.0,0.49999999999999994,0.8660254037844387,1642.9,0.0,0.0,49287.0
2023-01-22,Lakshadweep,Statewide,1642.9,0.0,0.0,0.0,0.0,0.0,0.0,0,2023,1,22,0,11500.300000000001,49287.0,1642.8999999999992,0.0,0.49999999999999994,0.8660254037844387,1642.9,0.0,0.0,49287.0
2023-01-23,Maharashtra,Statewide,0.0,0.0,0.0,0.0,0.0,0.0,0.0,0,2023,1,23,0,0.07999999999999645,0.17999999999999988,0.002875391834001028,0.0,0.49999999999999994,0.8660254037844387,0.0,0.0,0.0,0.17999999999999988
2023-01-25,Arunachal Pradesh,Statewide,0.0,0.0,0.0,0.0,0.0,0.0,0.0,0,2023,1,25,0,0.07,23.33,0.16928999811234252,0.0,0.49999999999999994,0.8660254037844387,0.0,0.0,0.0,23.33
2023-01-25,Goa,Statewide,0.0,0.0,0.0,0.0,0.0,0.0,0.0,0,2023,1,25,0,0.0,0.0,3.671930737092708e-07,0.0,0.49999999999999994,0.8660254037844387,0.0,0.0,0.0,0.0
2023-01-26,Chhattisgarh,Statewide,0.0,0.0,0.0,0.0,0.0,0.0,0.0,0,2023,1,26,0,0.0,0.26,0.0013554355673576842,0.0,0.49999999999999994,0.8660254037844387,0.0,0.0,0.0,0.26
2023-01-31,Himachal Pradesh,Statewide,6.41,0.0,0.0,0.0,0.0,0.0,0.0,0,2023,1,31,0,50.08000000000003,78.78999999999999,6.932545334410733,0.0,0.49999999999999994,0.8660254037844387,6.41,0.0,0.0,78.78999999999999
2023-01-31,Madhya Pradesh,Statewide,0.61,0.0,0.0,0.0,0.0,0.0,0.0,0,2023,1,31,0,4.899999999999986,5.85,0.5427223367241328,0.0,0.49999999999999994,0.8660254037844387,0.61,0.0,0.0,5.85
2023-02-03,Rajasthan,Statewide,0.0,0.0,0.0,0.0,0.0,0.0,0.0,0,2023,2,34,0,12.18,12.889999999999999,0.8442772345680344,0.0,0.8660254037844386,0.5000000000000001,0.0,0.0,0.0,12.889999999999999
2023-02-04,West Bengal,Statewide,0.0,0.0,0.0,0.0,0.0,0.0,0.0,0,2023,2,35,0,0.0,0.4899999999999938,0.0002458652290953227,0.0,0.8660254037844386,0.5000000000000001,0.0,0.0,0.0,0.4899999999999938
2023-02-05,Uttarakhand,Statewide,0.0,0.0,0.0,0.0,0.0,0.0,0.0,0,2023,2,36,0,14.239999999999995,32.10000000000002,0.7067007231176005,0.0,0.8660254037844386,0.5000000000000001,0.0,0.0,0.0,32.10000000000002
2023-02-07,Meghalaya,Statewide,0.0,0.0,0.0,0.0,0.0,0.0,0.0,0,2023,2,38,0,0.0,0.63,0.00010604382657872937,0.0,0.8660254037844386,0.5000000000000001,0.0,0.0,0.0,0.63
2023-02-08,Gujarat,Statewide,0.0,0.0,0.0,0.0,0.0,0.0,0.0,0,2023,2,39,0,0.0,1.91,0.018898767301191048,0.0,0.8660254037844386,0.5000000000000001,0.0,0.0,0.0,1.91
2023-02-08,Punjab,Statewide,0.0,0.0,0.0,0.0,0.0,0.0,0.0,0,2023,2,39,0,0.04999999999998579,21.709999999999987,0.12877341113050172,0.0,0.8660254037844386,0.5000000000000001,0.0,0.0,0.0,21.709999999999987
2023-02-10,Gujarat,Statewide,0.0,0.0,0.0,0.0,0.0,0.0,0.0,0,2023,2,41,0,0.0,1.91,0.009260395977583612,0.0,0.8660254037844386,0.5000000000000001,0.0,0.0,0.0,1.91
2023-02-11,Bihar,Statewide,0.0,0.0,0.0,0.0,0.0,0.0,0.0,0,2023,2,42,0,0.0,0.8,5.1757120398022125e-05,0.0,0.8660254037844386,0.5000000000000001,0.0,0.0,0.0,0.8
2023-02-11,Delhi,Statewide,0.0,0.0,0.0,0.0,0.0,0.0,0.0,0,2023,2,42,0,0.0,15.6,0.05875136047361082,0.0,0.8660254037844386,0.5000000000000001,0.0,0.0,0.0,15.6
2023-02-13,Arunachal Pradesh,Statewide,17.51,0.0,0.0,0.0,0.0,0.0,0.0,0,2023,2,44,0,40.93000000000001,49.39,6.967753566019631,0.0,0.8660254037844386,0.5000000000000001,17.51,0.0,0.0,49.39
2023-02-14,Haryana,Statewide,0.0,0.0,0.0,0.0,0.0,0.0,0.0,0,2023,2,45,0,0.0,13.16,0.012707060254537913,0.0,0.8660254037844386,0.5000000000000001,0.0,0.0,0.0,13.16
2023-02-16,Uttarakhand,Statewide,0.0,0.0,0.0,0.0,0.0,0.0,0.0,0,2023,2,47,0,4.1799999999999935,33.08000000000003,0.2709569781261786,0.0,0.8660254037844386,0.5000000000000001,0.0,0.0,0.0,33.08000000000003
2023-02-18,Jammu And Kashmir,Statewide,0.0,0.0,0.0,0.0,0.0,0.0,0.0,0,2023,2,49,0,0.7400000000000035,111.74,0.4861409794199176,0.0,0.8660254037844386,0.5000000000000001,0.0,0.0,0.0,111.74
2023-02-21,Kerala,Statewide,0.0,0.0,0.0,0.0,0.0,0.0,0.0,0,2023,2,52,0,0.0,16.759999999999998,0.002827560236949415,0.0,0.8660254037844386,0.5000000000000001,0.0,0.0,0.0,16.759999999999998
2023-02-22,Bihar,Statewide,0.0,0.0,0.0,0.0,0.0,0.0,0.0,0,2023,2,53,0,0.0,0.0,1.023407383036799e-06,0.0,0.8660254037844386,0.5000000000000001,0.0,0.0,0.0,0.0
2023-02-22,Puducherry,Statewide,0.0,0.0,0.0,0.0,0.0,0.0,0.0,0,2023,2,53,0,0.0,39.550000000000004,0.012458283191535047,0.0,0.8660254037844386,0.5000000000000001,0.0,0.0,0.0,39.550000000000004
2023-02-23,West Bengal,Statewide,1.29,0.0,0.0,0.0,0.0,0.0,0.0,0,2023,2,54,0,1.9000000000000141,2.5099999999999936,0.4769792337918867,0.0,0.8660254037844386,0.5000000000000001,1.29,0.0,0.0,2.5099999999999936
2023-02-24,Tripura,Statewide,1.15,0.0,0.0,0.0,0.0,0.0,0.0,0,2023,2,55,0,1.4999999999999147,2.1700000000000284,0.40813605948479775,0.0,0.8660254037844386,0.5000000000000001,1.15,0.0,0.0,2.1700000000000284
2023-02-28,Mizoram,Statewide,0.0,0.0,0.0,0.0,0.0,0.0,0.0,0,2023,2,59,0,0.08000000000001421,0.07999999999999956,0.005762409706990987,0.0,0.8660254037844386,0.5000000000000001,0.0,0.0,0.0,0.07999999999999956
2023-03-01,West Bengal,Statewide,0.01,0.0,0.0,0.0,0.0,0.0,0.0,0,2023,3,60,0,1.3400000000000143,2.559999999999994,0.06283963987638166,0.0,1.0,6.123233995736766e-17,0.01,0.0,0.0,2.559999999999994
2023-03-03,Meghalaya,Statewide,0.0,0.0,0.0,0.0,0.0,0.0,0.0,0,2023,3,62,0,2.4800000000001137,9.17,0.18974729914528532,0.0,1.0,6.123233995736766e-17,0.0,0.0,0.0,9.17
2023-03-04,Jharkhand,Statewide,0.0,0.0,0.0,0.0,0.0,0.0,0.0,0,2023,3,63,0,0.020000000000003553,0.02,0.0010084311465153374,0.0,1.0,6.123233995736766e-17,0.0,0.0,0.0,0.02
2023-03-04,Telangana,Statewide,0.0,0.0,0.0,0.0,0.0,0.0,0.0,0,2023,3,63,0,0.0,0.0,6.727102520320935e-08,0.0,1.0,6.123233995736766e-17,0.0,0.0,0.0,0.0
2023-03-07,Lakshadweep,Statewide,1642.9,0.0,0.0,0.0,0.0,0.0,0.0,0,2023,3,66,0,11500.300000000001,49287.0,1642.8999999999992,0.0,1.0,6.123233995736766e-17,1642.9,0.0,0.0,49287.0
2023-03-09,Chhattisgarh,Statewide,0.0,0.0,0.0,0.0,0.0,0.0,0.0,0,2023,3,68,0,0.06000000000001421,0.06,0.012600000422859954,0.0,1.0,6.123233995736766e-17,0.0,0.0,0.0,0.06
2023-03-10,Goa,Statewide,0.0,0.0,0.0,0.0,0.0,0.0,0.0,0,2023,3,69,0,0.0,0.0,5.613170591916432e-14,0.0,1.0,6.123233995736766e-17,0.0,0.0,0.0,0.0
2023-03-10,Uttarakhand,Statewide,0.0,0.0,0.0,0.0,0.0,0.0,0.0,0,2023,3,69,0,3.099999999999993,12.580000000000028,0.5767162559390782,0.0,1.0,6.123233995736766e-17,0.0,0.0,0.0,12.580000000000028
2023-03-11,Mizoram,Statewide,0.0,0.0,0.0,0.0,0.0,0.0,0.0,0,2023,3,70,0,0.0,0.07999999999999956,0.00011394166817756062,0.0,1.0,6.123233995736766e-17,0.0,0.0,0.0,0.07999999999999956
2023-03-13,Haryana,Statewide,0.0,0.0,0.0,0.0,0.0,0.0,0.0,0,2023,3,72,0,0.2099999999999929,0.42,0.016887131911563626,0.0,1.0,6.123233995736766e-17,0.0,0.0,0.0,0.42
2023-03-13,Uttar Pradesh,Statewide,0.0,0.0,0.0,0.0,0.0,0.0,0.0,0,2023,3,72,0,0.15000000000000022,0.19,0.01121973776254533,0.0,1.0,6.123233995736766e-17,0.0,0.0,0.0,0.19
2023-03-17,Uttar Pradesh,Statewide,0.42,0.0,0.0,0.0,0.0,0.0,0.0,0,2023,3,76,0,0.4400000000000002,0.63,0.13163385903678712,0.0,1.0,6.123233995736766e-17,0.42,0.0,0.0,0.63
2023-03-18,Telangana,Statewide,3.26,0.0,0.0,0.0,0.0,0.0,0.0,0,2023,3,77,0,15.450000000000006,15.449999999999985,3.5285130004562473,0.0,1.0,6.123233995736766e-17,3.26,0.0,0.0,15.449999999999985
2023-03-21,Uttarakhand,Statewide,13.06,0.0,0.0,0.0,0.0,0.0,0.0,0,2023,3,80,0,31.21999999999999,44.75000000000003,6.2461746168099115,0.0,1.0,6.123233995736766e-17,13.06,0.0,0.0,44.75000000000003
2023-03-22,Meghalaya,Statewide,19.3,0.0,0.0,0.0,0.0,0.0,0.0,0,2023,3,81,0,123.44000000000011,136.25,22.175946491315397,0.0,1.0,6.123233995736766e-17,19.3,0.0,0.0,136.25
2023-03-23,Jammu And Kashmir,Statewide,0.74,0.0,0.0,0.0,0.0,0.0,0.0,0,2023,3,82,0,14.010000000000002,27.759999999999998,1.3214978377314242,0.0,1.0,6.123233995736766e-17,0.74,0.0,0.0,27.759999999999998
2023-03-26,Puducherry,Statewide,0.54,0.0,0.0,0.0,0.0,0.0,0.0,0,2023,3,85,0,15.90000000000002,21.9,0.9347054968566705,0.0,1.0,6.123233995736766e-17,0.54,0.0,0.0,21.9
2023-03-26,Tamil Nadu,Statewide,0.46,0.0,0.0,0.0,0.0,0.0,0.0,0,2023,3,85,0,19.46999999999999,28.13,1.8028255851409751,0.0,1.0,6.123233995736766e-17,0.46,0.0,0.0,28.13
2023-03-26,West Bengal,Statewide,0.59,0.0,0.0,0.0,0.0,0.0,0.0,0,2023,3,85,0,27.480000000000015,50.17999999999999,1.9270966501933111,0.0,1.0,6.123233995736766e-17,0.59,0.0,0.0,50.17999999999999
2023-03-27,Himachal Pradesh,Statewide,0.55,0.0,0.0,0.0,0.0,0.0,0.0,0,2023,3,86,0,35.180000000000014,56.27999999999999,4.589627591424401,0.0,1.0,6.123233995736766e-17,0.55,0.0,0.0,56.27999999999999
2023-03-29,Chandigarh,Statewide,0.0,0.0,0.0,0.0,0.0,0.0,0.0,0,2023,3,88,0,15.400000000000036,65.1,1.876176000658595,0.0,1.0,6.123233995736766e-17,0.0,0.0,0.0,65.1
2023-03-31,Bihar,Statewide,0.07,0.0,0.0,0.0,0.0,0.0,0.0,0,2023,3,90,0,0.3700000000000782,20.95,0.17578133237532756,0.0,1.0,6.123233995736766e-17,0.07,0.0,0.0,20.95
2023-03-31,Goa,Statewide,0.0,0.0,0.0,0.0,0.0,0.0,0.0,0,2023,3,90,0,0.0,0.56,0.0008124143522627258,0.0,1.0,6.123233995736766e-17,0.0,0.0,0.0,0.56
2023-04-04,Telangana,Statewide,0.23,0.0,0.0,0.0,0.0,0.0,0.0,0,2023,4,94,0,2.9200000000000075,49.84999999999999,0.40009320802176623,0.0,0.8660254037844387,-0.4999999999999998,0.23,0.0,0.0,49.84999999999999
2023-04-06,Kerala,Statewide,1.36,0.0,0.0,0.0,0.0,0.0,0.0,0,2023,4,96,0,24.789999999999957,65.86,3.3100881853534356,0.0,0.8660254037844387,-0.4999999999999998,1.36,0.0,0.0,65.86
2023-04-07,Andhra Pradesh,Statewide,0.81,0.0,0.0,0.0,0.0,0.0,0.0,0,2023,4,97,0,7.689999999999972,61.029999999999994,0.8170166008724021,0.0,0.8660254037844387,-0.4999999999999998,0.81,0.0,0.0,61.029999999999994
2023-04-10,Chhattisgarh,Statewide,0.72,0.0,0.0,0.0,0.0,0.0,0.0,0,2023,4,100,0,4.330000000000014,51.599999999999994,0.7395446635705404,0.0,0.8660254037844387,-0.4999999999999998,0.72,0.0,0.0,51.599999999999994
2023-04-10,Telangana,Statewide,0.0,0.0,0.0,0.0,0.0,0.0,0.0,0,2023,4,100,0,2.380000000000007,51.999999999999986,0.24776315583055275,0.0,0.8660254037844387,-0.4999999999999998,0.0,0.0,0.0,51.999999999999986
2023-04-13,Maharashtra,Statewide,0.03,0.0,0.0,0.0,0.0,0.0,0.0,0,2023,4,103,0,6.759999999999997,15.73,0.4717432153119757,0.0,0.8660254037844387,-0.4999999999999998,0.03,0.0,0.0,15.73
2023-04-14,Telangana,Statewide,0.55,0.0,0.0,0.0,0.0,0.0,0.0,0,2023,4,104,0,1.170000000000007,52.639999999999986,0.2544969337149157,0.0,0.8660254037844387,-0.4999999999999998,0.55,0.0,0.0,52.639999999999986
2023-04-15,Bihar,Statewide,0.0,0.0,0.0,0.0,0.0,0.0,0.0,0,2023,4,105,0,0.0,26.79,0.013868042367701231,0.0,0.8660254037844387,-0.4999999999999998,0.0,0.0,0.0,26.79
2023-04-15,Nagaland,Statewide,0.0,0.0,0.0,0.0,0.0,0.0,0.0,0,2023,4,105,0,0.0,99.45,0.2391289844294943,0.0,0.8660254037844387,-0.4999999999999998,0.0,0.0,0.0,99.45
2023-04-16,Mizoram,Statewide,0.0,0.0,0.0,0.0,0.0,0.0,0.0,0,2023,4,106,0,0.0,116.14,0.29719182977430175,0.0,0.8660254037844387,-0.4999999999999998,0.0,0.0,0.0,116.14
2023-04-18,Ladakh,Statewide,3.12,0.0,0.0,0.0,0.0,0.0,0.0,0,2023,4,108,0,4.389999999999997,21.900000000000002,1.2241216354280944,0.0,0.8660254037844387,-0.4999999999999998,3.12,0.0,0.0,21.900000000000002
2023-04-18,Tripura,Statewide,0.08,0.0,0.0,0.0,0.0,0.0,0.0,0,2023,4,108,0,0.17999999999991473,128.46,0.1863084701096409,0.0,0.8660254037844387,-0.4999999999999998,0.08,0.0,0.0,128.46
2023-04-19,Karnataka,Statewide,0.0,0.0,0.0,0.0,0.0,0.0,0.0,0,2023,4,109,0,1.0300000000000071,9.520000000000014,0.1063006359888206,0.0,0.8660254037844387,-0.4999999999999998,0.0,0.0,0.0,9.520000000000014
2023-04-19,Ladakh,Statewide,9.15,0.0,0.0,0.0,0.0,0.0,0.0,0,2023,4,109,0,13.539999999999997,29.14,3.6018851447996663,0.0,0.8660254037844387,-0.4999999999999998,9.15,0.0,0.0,29.14
2023-04-19,Tripura,Statewide,0.14,0.0,0.0,0.0,0.0,0.0,0.0,0,2023,4,109,0,0.31999999999991474,123.42000000000002,0.17241592907674863,0.0,0.8660254037844387,-0.4999999999999998,0.14,0.0,0.0,123.42000000000002
2023-04-21,Himachal Pradesh,Statewide,18.55,0.0,0.0,0.0,0.0,0.0,0.0,0,2023,4,111,0,57.750000000000014,109.35999999999999,12.884451059223602,0.0,0.8660254037844387,-0.4999999999999998,18.55,0.0,0.0,109.35999999999999
2023-04-23,Andhra Pradesh,Statewide,2.27,0.0,0.0,0.0,0.0,0.0,0.0,0,2023,4,113,0,4.459999999999972,20.23,1.1287271800647918,0.0,0.8660254037844387,-0.4999999999999998,2.27,0.0,0.0,20.23
2023-04-27,Himachal Pradesh,Statewide,5.77,0.0,0.0,0.0,0.0,0.0,0.0,0,2023,4,117,0,27.010000000000012,96.94999999999999,3.5603721526665963,0.0,0.8660254037844387,-0.4999999999999998,5.77,0.0,0.0,96.94999999999999
2023-04-30,Assam,Statewide,3.23,0.0,0.0,0.0,0.0,0.0,0.0,0,2023,4,120,0,19.909999999999986,120.16000000000001,3.1448471509103655,0.0,0.8660254037844387,-0.4999999999999998,3.23,0.0,0.0,120.16000000000001
2023-04-30,Uttarakhand,Statewide,3.83,0.0,0.0,0.0,0.0,0.0,0.0,0,2023,4,120,0,9.929999999999993,66.08000000000003,2.2729635417127536,0.0,0.8660254037844387,-0.4999999999999998,3.83,0.0,0.0,66.08000000000003
2023-05-02,Bihar,Statewide,2.88,0.0,0.0,0.0,0.0,0.0,0.0,0,2023,5,122,0,6.550000000000078,13.43,1.5814780923464729,0.0,0.49999999999999994,-0.8660254037844387,2.88,0.0,0.0,13.43
2023-05-02,Maharashtra,Statewide,1.08,0.0,0.0,0.0,0.0,0.0,0.0,0,2023,5,122,0,26.959999999999997,40.2,3.659175630802498,0.0,0.49999999999999994,-0.8660254037844387,1.08,0.0,0.0,40.2
2023-05-06,Andhra Pradesh,Statewide,5.92,0.0,0.0,0.0,0.0,0.0,0.0,0,2023,5,126,0,57.20999999999997,73.62,6.291577311482909,0.0,0.49999999999999994,-0.8660254037844387,5.92,0.0,0.0,73.62
2023-05-06,Gujarat,Statewide,1.08,0.0,0.0,0.0,0.0,0.0,0.0,0,2023,5,126,0,14.050000000000008,15.68,1.815399893140292,0.0,0.49999999999999994,-0.8660254037844387,1.08,0.0,0.0,15.68
2023-05-09,Tripura,Statewide,0.0,0.0,0.0,0.0,0.0,0.0,0.0,0,2023,5,129,0,6.9799999999999125,44.21000000000003,0.6296898754469408,0.0,0.49999999999999994,-0.8660254037844387,0.0,0.0,0.0,44.21000000000003
2023-05-10,Mizoram,Statewide,0.0,0.0,0.0,0.0,0.0,0.0,0.0,0,2023,5,130,0,4.500000000000014,48.42999999999999,0.3483299579715083,0.0,0.49999999999999994,-0.8660254037844387,0.0,0.0,0.0,48.42999999999999
2023-05-10,Sikkim,Statewide,9.03,0.0,0.0,0.0,0.0,0.0,0.0,0,2023,5,130,0,106.57999999999998,274.73,16.060185087314178,0.0,0.49999999999999994,-0.8660254037844387,9.03,0.0,0.0,274.73
2023-05-11,Goa,Statewide,2.05,0.0,0.0,0.0,0.0,0.0,0.0,0,2023,5,131,0,8.889999999999871,10.059999999999999,1.6702815148428911,0.0,0.49999999999999994,-0.8660254037844387,2.05,0.0,0.0,10.059999999999999
2023-05-12,Manipur,Statewide,0.0,0.0,0.0,0.0,0.0,0.0,0.0,0,2023,5,132,0,3.9699999999999696,35.819999999999986,0.21644345344268665,0.0,0.49999999999999994,-0.8660254037844387,0.0,0.0,0.0,35.819999999999986
2023-05-13,Karnataka,Statewide,1.47,0.0,0.0,0.0,0.0,0.0,0.0,0,2023,5,133,0,32.39000000000001,82.23000000000002,3.7577902663565466,0.0,0.49999999999999994,-0.8660254037844387,1.47,0.0,0.0,82.23000000000002
2023-05-15,Assam,Statewide,3.99,0.0,0.0,0.0,0.0,0.0,0.0,0,2023,5,135,0,6.349999999999985,103.72,1.6783909802085533,0.0,0.49999999999999994,-0.8660254037844387,3.99,0.0,0.0,103.72
2023-05-18,Karnataka,Statewide,0.13,0.0,0.0,0.0,0.0,0.0,0.0,0,2023,5,138,0,7.7300000000000075,81.89000000000001,0.7136680100665446,0.0,0.49999999999999994,-0.8660254037844387,0.13,0.0,0.0,81.89000000000001
2023-05-19,Andhra Pradesh,Statewide,0.9,0.0,0.0,0.0,0.0,0.0,0.0,0,2023,5,139,0,1.6999999999999715,85.05000000000001,0.5635898348358781,0.0,0.49999999999999994,-0.8660254037844387,0.9,0.0,0.0,85.05000000000001
2023-05-20,Tripura,Statewide,18.32,0.0,0.0,0.0,0.0,0.0,0.0,0,2023,5,140,0,46.23999999999991,89.72000000000004,8.830516904557275,0.0,0.49999999999999994,-0.8660254037844387,18.32,0.0,0.0,89.72000000000004
2023-05-21,Haryana,Statewide,0.0,0.0,0.0,0.0,0.0,0.0,0.0,0,2023,5,141,0,5.149999999999994,23.66,0.5272055970944105,0.0,0.49999999999999994,-0.8660254037844387,0.0,0.0,0.0,23.66
2023-05-22,Manipur,Statewide,2.21,0.0,0.0,0.0,0.0,0.0,0.0,0,2023,5,142,0,23.22999999999997,78.24999999999999,2.6833275174515636,0.0,0.49999999999999994,-0.8660254037844387,2.21,0.0,0.0,78.24999999999999
2023-05-24,Goa,Statewide,0.89,0.0,0.0,0.0,0.0,0.0,0.0,0,2023,5,144,0,18.139999999999873,27.22,3.903114526369864,0.0,0.49999999999999994,-0.8660254037844387,0.89,0.0,0.0,27.22
2023-05-24,Tripura,Statewide,9.87,0.0,0.0,0.0,0.0,0.0,0.0,0,2023,5,144,0,51.639999999999915,72.76000000000003,5.735357108784201,0.0,0.49999999999999994,-0.8660254037844387,9.87,0.0,0.0,72.76000000000003
2023-05-25,Rajasthan,Statewide,8.72,0.0,0.0,0.0,0.0,0.0,0.0,0,2023,5,145,0,9.570000000000002,32.3,2.8311325918941277,0.0,0.49999999999999994,-0.8660254037844387,8.72,0.0,0.0,32.3
2023-05-26,Sikkim,Statewide,24.61,0.0,0.0,0.0,0.0,0.0,0.0,0,2023,5,146,0,85.89,318.56,14.223172955501864,0.0,0.49999999999999994,-0.8660254037844387,24.61,0.0,0.0,318.56
2023-06-01,Puducherry,Statewide,0.16,0.0,0.0,0.0,0.0,0.0,0.0,0,2023,6,152,1,2.0000000000000213,19.839999999999993,0.38341073539476644,0.0,1.2246467991473532e-16,-1.0,0.16,0.0,0.0,19.839999999999993
2023-06-02,Telangana,Statewide,0.14,0.0,0.0,0.0,0.0,0.0,0.0,0,2023,6,153,1,10.790000000000006,34.70999999999999,1.2923226350110752,0.0,1.2246467991473532e-16,-1.0,0.14,0.0,0.0,34.70999999999999
2023-06-04,Goa,Statewide,0.01,0.0,0.0,0.0,0.0,0.0,0.0,0,2023,6,155,1,20.35999999999987,48.01,2.177839322413929,0.0,1.2246467991473532e-16,-1.0,0.01,0.0,0.0,48.01
2023-06-06,Manipur,Statewide,0.62,0.0,0.0,0.0,0.0,0.0,0.0,0,2023,6,157,1,2.749999999999968,72.97999999999999,0.43155931294319405,0.0,1.2246467991473532e-16,-1.0,0.62,0.0,0.0,72.97999999999999
2023-06-07,Karnataka,Statewide,0.54,0.0,0.0,0.0,0.0,0.0,0.0,0,2023,6,158,1,10.200000000000006,67.99000000000001,1.0837313502496784,0.0,1.2246467991473532e-16,-1.0,0.54,0.0,0.0,67.99000000000001
2023-06-08,Haryana,Statewide,0.0,0.0,0.0,0.0,0.0,0.0,0.0,0,2023,6,159,1,2.0999999999999948,51.03,0.6797239145530531,0.0,1.2246467991473532e-16,-1.0,0.0,0.0,0.0,51.03
2023-06-08,Odisha,Statewide,1.11,0.0,0.0,0.0,0.0,0.0,0.0,0,2023,6,159,1,8.509999999999993,45.94,1.360219938693077,0.0,1.2246467991473532e-16,-1.0,1.11,0.0,0.0,45.94
2023-06-09,Manipur,Statewide,4.14,0.0,0.0,0.0,0.0,0.0,0.0,0,2023,6,160,1,16.529999999999966,88.75999999999999,3.612034844339515,0.0,1.2246467991473532e-16,-1.0,4.14,0.0,0.0,88.75999999999999
2023-06-09,Telangana,Statewide,0.7,0.0,0.0,0.0,0.0,0.0,0.0,0,2023,6,160,1,6.510000000000007,27.029999999999987,1.0072936129804924,0.0,1.2246467991473532e-16,-1.0,0.7,0.0,0.0,27.029999999999987
2023-06-10,Maharashtra,Statewide,0.67,0.0,0.0,0.0,0.0,0.0,0.0,0,2023,6,161,1,5.209999999999996,9.68,0.5628316183480568,0.0,1.2246467991473532e-16,-1.0,0.67,0.0,0.0,9.68
2023-06-14,Nagaland,Statewide,6.9,0.0,0.0,0.0,0.0,0.0,0.0,0,2023,6,165,1,86.57999999999997,200.2,11.882196405238297,0.0,1.2246467991473532e-16,-1.0,6.9,0.0,0.0,200.2
2023-06-15,Kerala,Statewide,4.49,0.0,0.0,0.0,0.0,0.0,0.0,0,2023,6,166,1,63.56999999999996,168.32,8.717013192639536,0.0,1.2246467991473532e-16,-1.0,4.49,0.0,0.0,168.32
2023-06-15,Tamil Nadu,Statewide,0.34,0.0,0.0,0.0,0.0,0.0,0.0,0,2023,6,166,1,8.869999999999994,44.45,1.4365742500286462,0.0,1.2246467991473532e-16,-1.0,0.34,0.0,0.0,44.45
2023-06-18,Jharkhand,Statewide,0.61,0.0,0.0,0.0,0.0,0.0,0.0,0,2023,6,169,1,10.430000000000003,44.07,0.8172057702868731,0.0,1.2246467991473532e-16,-1.0,0.61,0.0,0.0,44.07
2023-06-18,Madhya Pradesh,Statewide,0.17,0.0,0.0,0.0,0.0,0.0,0.0,0,2023,6,169,1,3.699999999999988,17.25,0.2842364970858531,0.0,1.2246467991473532e-16,-1.0,0.17,0.0,0.0,17.25
2023-06-19,Himachal Pradesh,Statewide,4.18,0.0,0.0,0.0,0.0,0.0,0.0,0,2023,6,170,1,13.000000000000018,102.50999999999999,1.8497398905317746,0.0,1.2246467991473532e-16,-1.0,4.18,0.0,0.0,102.50999999999999
2023-06-19,Tamil Nadu,Statewide,5.46,0.0,0.0,0.0,0.0,0.0,0.0,0,2023,6,170,1,11.599999999999994,48.519999999999996,2.1205344774318777,0.0,1.2246467991473532e-16,-1.0,5.46,0.0,0.0,48.519999999999996
2023-06-23,Uttarakhand,Statewide,7.26,0.0,0.0,0.0,0.0,0.0,0.0,0,2023,6,174,1,39.10999999999999,108.89000000000003,6.412887259947611,0.0,1.2246467991473532e-16,-1.0,7.26,0.0,0.0,108.89000000000003
2023-06-24,Tripura,Statewide,2.89,0.0,0.0,0.0,0.0,0.0,0.0,0,2023,6,175,1,105.36999999999993,329.05000000000007,11.443550913730231,0.0,1.2246467991473532e-16,-1.0,2.89,0.0,0.0,329.05000000000007
2023-06-25,Himachal Pradesh,Statewide,12.55,0.0,0.0,0.0,0.0,0.0,0.0,0,2023,6,176,1,38.80000000000002,105.77999999999997,7.709708658381173,0.0,1.2246467991473532e-16,-1.0,12.55,0.0,0.0,105.77999999999997
2023-06-27,Jammu And Kashmir,Statewide,6.58,0.0,0.0,0.0,0.0,0.0,0.0,0,2023,6,178,1,39.480000000000004,99.89,7.789970887904717,0.0,1.2246467991473532e-16,-1.0,6.58,0.0,0.0,99.89
2023-06-27,Jharkhand,Statewide,16.13,0.0,0.0,0.0,0.0,0.0,0.0,0,2023,6,178,1,51.45,77.32,9.408457825602287,0.0,1.2246467991473532e-16,-1.0,16.13,0.0,0.0,77.32
2023-06-27,Uttar Pradesh,Statewide,4.16,0.0,0.0,0.0,0.0,0.0,0.0,0,2023,6,178,1,47.14,55.36,5.930303786229542,0.0,1.2246467991473532e-16,-1.0,4.16,0.0,0.0,55.36
2023-06-28,Assam,Statewide,14.87,0.0,0.0,0.0,0.0,0.0,0.0,0,2023,6,179,1,97.90999999999998,473.89000000000004,14.269313283244482,0.0,1.2246467991473532e-16,-1.0,14.87,0.0,0.0,473.89000000000004
2023-06-28,Rajasthan,Statewide,7.47,0.0,0.0,0.0,0.0,0.0,0.0,0,2023,6,179,1,30.05,141.43,6.48029466691154,0.0,1.2246467991473532e-16,-1.0,7.47,0.0,0.0,141.43
2023-06-29,Arunachal Pradesh,Statewide,11.73,0.0,0.0,0.0,0.0,0.0,0.0,0,2023,6,180,1,54.03,385.34000000000003,11.820961789716309,0.0,1.2246467991473532e-16,-1.0,11.73,0.0,0.0,385.34000000000003
2023-06-30,Meghalaya,Statewide,45.81,0.0,0.0,0.0,0.0,0.0,0.0,0,2023,6,181,1,169.03000000000011,1001.1,38.339934369315614,0.0,1.2246467991473532e-16,-1.0,45.81,0.0,0.0,1001.1
2023-06-30,Telangana,Statewide,0.81,0.0,0.0,0.0,0.0,0.0,0.0,0,2023,6,181,1,42.72000000000001,74.24999999999999,4.1985867600122875,0.0,1.2246467991473532e-16,-1.0,0.81,0.0,0.0,74.24999999999999
2023-07-03,Arunachal Pradesh,Statewide,16.17,0.0,0.0,0.0,0.0,0.0,0.0,0,2023,7,184,1,83.0,413.55,12.124454925710886,0.0,-0.4999999999999997,-0.8660254037844388,16.17,0.0,0.0,413.55
2023-07-03,Kerala,Statewide,25.66,0.0,0.0,0.0,0.0,0.0,0.0,0,2023,7,184,1,86.22999999999996,248.39000000000001,13.045021931790828,0.0,-0.4999999999999997,-0.8660254037844388,25.66,0.0,0.0,248.39000000000001
2023-07-03,Puducherry,Statewide,2.83,0.0,0.0,0.0,0.0,0.0,0.0,0,2023,7,184,1,23.990000000000023,91.55,4.0011456855238094,0.0,-0.4999999999999997,-0.8660254037844388,2.83,0.0,0.0,91.55
2023-07-04,West Bengal,Statewide,11.2,0.0,0.0,0.0,0.0,0.0,0.0,0,2023,7,185,1,132.22000000000003,358.46000000000004,15.20730964121887,0.0,-0.4999999999999997,-0.8660254037844388,11.2,0.0,0.0,358.46000000000004
2023-07-05,Nagaland,Statewide,14.94,0.0,0.0,0.0,0.0,0.0,0.0,0,2023,7,186,1,85.88999999999996,378.81,11.531500662054972,0.0,-0.4999999999999997,-0.8660254037844388,14.94,0.0,0.0,378.81
2023-07-05,Telangana,Statewide,24.7,0.0,0.0,0.0,0.0,0.0,0.0,0,2023,7,186,1,36.580000000000005,101.57999999999998,9.113301376755263,0.0,-0.4999999999999997,-0.8660254037844388,24.7,0.0,0.0,101.57999999999998
2023-07-06,Delhi,Statewide,10.49,0.0,0.0,0.0,0.0,0.0,0.0,0,2023,7,187,1,37.230000000000004,131.1,5.601355024527791,0.0,-0.4999999999999997,-0.8660254037844388,10.49,0.0,0.0,131.1
2023-07-07,Manipur,Statewide,10.43,0.0,0.0,0.0,0.0,0.0,0.0,0,2023,7,188,1,54.39999999999998,233.07999999999998,8.737130908208556,0.0,-0.4999999999999997,-0.8660254037844388,10.43,0.0,0.0,233.07999999999998
2023-07-08,Telangana,Statewide,6.93,0.0,0.0,0.0,0.0,0.0,0.0,0,2023,7,189,1,53.15,121.39999999999999,8.019702372227053,0.0,-0.4999999999999997,-0.8660254037844388,6.93,0.0,0.0,121.39999999999999
2023-07-09,Bihar,Statewide,3.61,0.0,0.0,0.0,0.0,0.0,0.0,0,2023,7,190,1,61.470000000000084,204.77,6.890827589819168,0.0,-0.4999999999999997,-0.8660254037844388,3.61,0.0,0.0,204.77
2023-07-09,Kerala,Statewide,17.02,0.0,0.0,0.0,0.0,0.0,0.0,0,2023,7,190,1,299.46,480.53000000000003,33.77225225525325,0.0,-0.4999999999999997,-0.8660254037844388,17.02,0.0,0.0,480.53000000000003
2023-07-09,West Bengal,Statewide,9.59,0.0,0.0,0.0,0.0,0.0,0.0,0,2023,7,190,1,75.98,402.46,11.595630231399653,0.0,-0.4999999999999997,-0.8660254037844388,9.59,0.0,0.0,402.46
2023-07-12,Jammu And Kashmir,Statewide,0.29,0.0,0.0,0.0,0.0,0.0,0.0,0,2023,7,193,1,42.540000000000006,124.47,4.151862144340473,0.0,-0.4999999999999997,-0.8660254037844388,0.29,0.0,0.0,124.47
2023-07-23,Ladakh,Statewide,5.6,0.0,0.0,0.0,0.0,0.0,0.0,0,2023,7,204,1,24.679999999999996,67.06,4.637169907603049,0.0,-0.4999999999999997,-0.8660254037844388,5.6,0.0,0.0,67.06
2023-07-23,West Bengal,Statewide,6.75,0.0,0.0,0.0,0.0,0.0,0.0,0,2023,7,204,1,39.91000000000001,346.72999999999996,6.792977165963265,0.0,-0.4999999999999997,-0.8660254037844388,6.75,0.0,0.0,346.72999999999996
2023-07-24,Jammu And Kashmir,Statewide,2.68,0.0,0.0,0.0,0.0,0.0,0.0,0,2023,7,205,1,96.84,215.79,9.290416443096014,0.0,-0.4999999999999997,-0.8660254037844388,2.68,0.0,0.0,215.79
2023-07-26,West Bengal,Statewide,8.33,0.0,0.0,0.0,0.0,0.0,0.0,0,2023,7,207,1,39.500000000000014,339.5,6.003521167925399,0.0,-0.4999999999999997,-0.8660254037844388,8.33,0.0,0.0,339.5
2023-08-04,Andhra Pradesh,Statewide,0.39,0.0,0.0,0.0,0.0,0.0,0.0,0,2023,8,216,1,6.709999999999972,145.83,1.7483234613965628,0.0,-0.8660254037844385,-0.5000000000000004,0.39,0.0,0.0,145.83
2023-08-06,The Dadra And Nagar Haveli And Daman And Diu,Statewide,11.03,0.0,0.0,0.0,0.0,0.0,0.0,0,2023,8,218,1,55.54999999999983,1116.3400000000001,11.125493969454686,0.0,-0.8660254037844385,-0.5000000000000004,11.03,0.0,0.0,1116.3400000000001
2023-08-07,Chhattisgarh,Statewide,4.75,0.0,0.0,0.0,0.0,0.0,0.0,0,2023,8,219,1,128.81,382.4,11.581816388078044,0.0,-0.8660254037844385,-0.5000000000000004,4.75,0.0,0.0,382.4
2023-08-08,West Bengal,Statewide,25.71,0.0,0.0,0.0,0.0,0.0,0.0,0,2023,8,220,1,101.80000000000003,300.83000000000004,14.545314835966469,0.0,-0.8660254037844385,-0.5000000000000004,25.71,0.0,0.0,300.83000000000004
2023-08-10,Tamil Nadu,Statewide,10.86,0.0,0.0,0.0,0.0,0.0,0.0,0,2023,8,222,1,17.21999999999999,47.22,4.289793377953028,0.0,-0.8660254037844385,-0.5000000000000004,10.86,0.0,0.0,47.22
2023-08-11,Karnataka,Statewide,2.55,0.0,0.0,0.0,0.0,0.0,0.0,0,2023,8,223,1,15.730000000000008,263.58000000000004,2.258106819905505,0.0,-0.8660254037844385,-0.5000000000000004,2.55,0.0,0.0,263.58000000000004
2023-08-11,Tamil Nadu,Statewide,5.22,0.0,0.0,0.0,0.0,0.0,0.0,0,2023,8,223,1,22.40999999999999,49.589999999999996,4.56885536456712,0.0,-0.8660254037844385,-0.5000000000000004,5.22,0.0,0.0,49.589999999999996
2023-08-15,Sikkim,Statewide,3.65,0.0,0.0,0.0,0.0,0.0,0.0,0,2023,8,227,1,160.77999999999997,446.77,19.082759931970184,0.0,-0.8660254037844385,-0.5000000000000004,3.65,0.0,0.0,446.77
2023-08-19,Jammu And Kashmir,Statewide,0.13,0.0,0.0,0.0,0.0,0.0,0.0,0,2023,8,231,1,23.280000000000005,136.34,1.7398855054337703,0.0,-0.8660254037844385,-0.5000000000000004,0.13,0.0,0.0,136.34
2023-08-19,Madhya Pradesh,Statewide,18.94,0.0,0.0,0.0,0.0,0.0,0.0,0,2023,8,231,1,37.05,256.29,9.126753794167962,0.0,-0.8660254037844385,-0.5000000000000004,18.94,0.0,0.0,256.29
2023-08-23,Delhi,Statewide,6.27,0.0,0.0,0.0,0.0,0.0,0.0,0,2023,8,235,1,25.66,151.43,3.8332179408721725,0.0,-0.8660254037844385,-0.5000000000000004,6.27,0.0,0.0,151.43
2023-08-25,Arunachal Pradesh,Statewide,25.42,0.0,0.0,0.0,0.0,0.0,0.0,0,2023,8,237,1,116.58000000000001,367.72,17.397735990011636,0.0,-0.8660254037844385,-0.5000000000000004,25.42,0.0,0.0,367.72
2023-08-25,Chandigarh,Statewide,4.3,0.0,0.0,0.0,0.0,0.0,0.0,0,2023,8,237,1,112.8,275.3999999999999,16.950891442381337,0.0,-0.8660254037844385,-0.5000000000000004,4.3,0.0,0.0,275.3999999999999
2023-08-25,Goa,Statewide,23.39,0.0,0.0,0.0,0.0,0.0,0.0,0,2023,8,237,1,100.69999999999985,457.82,11.81040960108681,0.0,-0.8660254037844385,-0.5000000000000004,23.39,0.0,0.0,457.82
2023-08-25,Himachal Pradesh,Statewide,5.3,0.0,0.0,0.0,0.0,0.0,0.0,0,2023,8,237,1,55.29000000000001,255.09,10.16908016993934,0.0,-0.8660254037844385,-0.5000000000000004,5.3,0.0,0.0,255.09
2023-08-25,Tripura,Statewide,5.98,0.0,0.0,0.0,0.0,0.0,0.0,0,2023,8,237,1,44.46999999999992,370.97,6.440458097169712,0.0,-0.8660254037844385,-0.5000000000000004,5.98,0.0,0.0,370.97
2023-08-26,Mizoram,Statewide,27.6,0.0,0.0,0.0,0.0,0.0,0.0,0,2023,8,238,1,72.30000000000001,342.2,14.38245316287157,0.0,-0.8660254037844385,-0.5000000000000004,27.6,0.0,0.0,342.2
2023-08-28,Chandigarh,Statewide,0.0,0.0,0.0,0.0,0.0,0.0,0.0,0,2023,8,240,1,91.1,259.99999999999994,5.843555764736798,0.0,-0.8660254037844385,-0.5000000000000004,0.0,0.0,0.0,259.99999999999994
2023-08-29,Jharkhand,Statewide,0.47,0.0,0.0,0.0,0.0,0.0,0.0,0,2023,8,241,1,51.09000000000001,259.14,3.673116060319795,0.0,-0.8660254037844385,-0.5000000000000004,0.47,0.0,0.0,259.14
2023-08-30,Gujarat,Statewide,0.02,0.0,0.0,0.0,0.0,0.0,0.0,0,2023,8,242,1,2.440000000000007,23.599999999999998,0.24074898188561655,0.0,-0.8660254037844385,-0.5000000000000004,0.02,0.0,0.0,23.599999999999998
2023-08-30,Meghalaya,Statewide,0.11,0.0,0.0,0.0,0.0,0.0,0.0,0,2023,8,242,1,211.93000000000012,588.1899999999999,20.427482808706042,0.0,-0.8660254037844385,-0.5000000000000004,0.11,0.0,0.0,588.1899999999999
2023-08-31,The Dadra And Nagar Haveli And Daman And Diu,Statewide,0.07,0.0,0.0,0.0,0.0,0.0,0.0,0,2023,8,243,1,24.16999999999983,125.99,1.9953174604373396,0.0,-0.8660254037844385,-0.5000000000000004,0.07,0.0,0.0,125.99
2023-09-07,Chandigarh,Statewide,0.0,0.0,0.0,0.0,0.0,0.0,0.0,0,2023,9,250,1,0.1,190.89999999999995,0.2136899825289411,0.0,-1.0,-1.8369701987210297e-16,0.0,0.0,0.0,190.89999999999995
2023-09-08,Haryana,Statewide,0.84,0.0,0.0,0.0,0.0,0.0,0.0,0,2023,9,251,1,1.589999999999993,41.35,0.38740691122174786,0.0,-1.0,-1.8369701987210297e-16,0.84,0.0,0.0,41.35
2023-09-12,Chhattisgarh,Statewide,6.9,0.0,0.0,0.0,0.0,0.0,0.0,0,2023,9,255,1,68.96000000000001,219.58999999999997,7.544511426805288,0.0,-1.0,-1.8369701987210297e-16,6.9,0.0,0.0,219.58999999999997
2023-09-12,Punjab,Statewide,0.13,0.0,0.0,0.0,0.0,0.0,0.0,0,2023,9,255,1,2.229999999999984,46.84999999999998,0.44229150308378806,0.0,-1.0,-1.8369701987210297e-16,0.13,0.0,0.0,46.84999999999998
2023-09-13,Madhya Pradesh,Statewide,5.19,0.0,0.0,0.0,0.0,0.0,0.0,0,2023,9,256,1,94.19999999999999,190.35000000000002,8.959775878757208,0.0,-1.0,-1.8369701987210297e-16,5.19,0.0,0.0,190.35000000000002
2023-09-16,Chhattisgarh,Statewide,6.76,0.0,0.0,0.0,0.0,0.0,0.0,0,2023,9,259,1,107.56000000000002,300.37,18.207406193575945,0.0,-1.0,-1.8369701987210297e-16,6.76,0.0,0.0,300.37
2023-09-16,Tamil Nadu,Statewide,1.55,0.0,0.0,0.0,0.0,0.0,0.0,0,2023,9,259,1,13.529999999999994,96.57000000000001,1.9997788047925131,0.0,-1.0,-1.8369701987210297e-16,1.55,0.0,0.0,96.57000000000001
2023-09-18,Ladakh,Statewide,0.96,0.0,0.0,0.0,0.0,0.0,0.0,0,2023,9,261,1,1.4399999999999964,3.0300000000000002,0.36849029894756896,0.0,-1.0,-1.8369701987210297e-16,0.96,0.0,0.0,3.0300000000000002
2023-09-23,Goa,Statewide,17.76,0.0,0.0,0.0,0.0,0.0,0.0,0,2023,9,266,1,153.20999999999987,354.19,19.550090117719716,0.0,-1.0,-1.8369701987210297e-16,17.76,0.0,0.0,354.19
2023-09-26,Uttarakhand,Statewide,1.0,0.0,0.0,0.0,0.0,0.0,0.0,0,2023,9,269,1,40.61999999999998,186.99,3.8267856966552634,0.0,-1.0,-1.8369701987210297e-16,1.0,0.0,0.0,186.99
2023-09-30,Telangana,Statewide,8.1,0.0,0.0,0.0,0.0,0.0,0.0,0,2023,9,273,1,31.419999999999995,226.26999999999998,5.595930539206079,0.0,-1.0,-1.8369701987210297e-16,8.1,0.0,0.0,226.26999999999998
2023-09-30,Tripura,Statewide,2.96,0.0,0.0,0.0,0.0,0.0,0.0,0,2023,9,273,1,24.459999999999912,264.88000000000005,3.7973166520065376,0.0,-1.0,-1.8369701987210297e-16,2.96,0.0,0.0,264.88000000000005
2023-10-03,Uttarakhand,Statewide,2.79,0.0,0.0,0.0,0.0,0.0,0.0,0,2023,10,276,0,3.599999999999986,178.60000000000005,1.2558294672980566,0.0,-0.8660254037844386,0.5000000000000001,2.79,0.0,0.0,178.60000000000005
2023-10-04,Himachal Pradesh,Statewide,0.12,0.0,0.0,0.0,0.0,0.0,0.0,0,2023,10,277,0,4.18000000000001,66.00999999999998,0.7443062661525562,0.0,-0.8660254037844386,0.5000000000000001,0.12,0.0,0.0,66.00999999999998
2023-10-05,Andaman And Nicobar Islands,Statewide,13.87,0.0,0.0,0.0,0.0,0.0,0.0,0,2023,10,278,0,96.91999999999999,395.49,13.887817298826503,0.0,-0.8660254037844386,0.5000000000000001,13.87,0.0,0.0,395.49
2023-10-05,Uttarakhand,Statewide,0.0,0.0,0.0,0.0,0.0,0.0,0.0,0,2023,10,278,0,4.719999999999986,169.48000000000005,0.8526564389760476,0.0,-0.8660254037844386,0.5000000000000001,0.0,0.0,0.0,169.48000000000005
2023-10-08,Gujarat,Statewide,0.0,0.0,0.0,0.0,0.0,0.0,0.0,0,2023,10,281,0,0.1800000000000142,172.65,0.1643020189608876,0.0,-0.8660254037844386,0.5000000000000001,0.0,0.0,0.0,172.65
2023-10-09,The Dadra And Nagar Haveli And Daman And Diu,Statewide,0.0,0.0,0.0,0.0,0.0,0.0,0.0,0,2023,10,282,0,0.09999999999982948,145.71,0.2783637888965817,0.0,-0.8660254037844386,0.5000000000000001,0.0,0.0,0.0,145.71
2023-10-13,Andhra Pradesh,Statewide,0.01,0.0,0.0,0.0,0.0,0.0,0.0,0,2023,10,286,0,4.009999999999971,100.03,0.6595046114794406,0.0,-0.8660254037844386,0.5000000000000001,0.01,0.0,0.0,100.03
2023-10-14,Rajasthan,Statewide,0.0,0.0,0.0,0.0,0.0,0.0,0.0,0,2023,10,287,0,0.01,63.540000000000006,0.008137881468745976,0.0,-0.8660254037844386,0.5000000000000001,0.0,0.0,0.0,63.540000000000006
2023-10-19,Assam,Statewide,0.12,0.0,0.0,0.0,0.0,0.0,0.0,0,2023,10,292,0,6.61999999999998,215.39000000000001,0.7193451064192481,0.0,-0.8660254037844386,0.5000000000000001,0.12,0.0,0.0,215.39000000000001
2023-10-21,Rajasthan,Statewide,0.0,0.0,0.0,0.0,0.0,0.0,0.0,0,2023,10,294,0,7.74,19.85,0.5434573995318415,0.0,-0.8660254037844386,0.5000000000000001,0.0,0.0,0.0,19.85
2023-10-23,Kerala,Statewide,7.91,0.0,0.0,0.0,0.0,0.0,0.0,0,2023,10,296,0,50.729999999999954,343.54,6.910816644195018,0.0,-0.8660254037844386,0.5000000000000001,7.91,0.0,0.0,343.54
2023-10-25,Nagaland,Statewide,0.87,0.0,0.0,0.0,0.0,0.0,0.0,0,2023,10,298,0,1.0199999999999716,97.61999999999999,0.36121421672918036,0.0,-0.8660254037844386,0.5000000000000001,0.87,0.0,0.0,97.61999999999999
2023-10-30,Odisha,Statewide,0.0,0.0,0.0,0.0,0.0,0.0,0.0,0,2023,10,303,0,2.4499999999999997,82.22999999999999,0.12073782393662903,0.0,-0.8660254037844386,0.5000000000000001,0.0,0.0,0.0,82.22999999999999
2023-10-31,Chhattisgarh,Statewide,0.0,0.0,0.0,0.0,0.0,0.0,0.0,0,2023,10,304,0,0.0,34.650000000000006,0.004027950269073208,0.0,-0.8660254037844386,0.5000000000000001,0.0,0.0,0.0,34.650000000000006
2023-11-02,Assam,Statewide,0.0,0.0,0.0,0.0,0.0,0.0,0.0,0,2023,11,306,0,1.7499999999999787,90.30000000000001,0.13339375556095595,0.0,-0.5000000000000004,0.8660254037844384,0.0,0.0,0.0,90.30000000000001
2023-11-02,Uttarakhand,Statewide,0.0,0.0,0.0,0.0,0.0,0.0,0.0,0,2023,11,306,0,0.0,21.26000000000003,0.03684158789582689,0.0,-0.5000000000000004,0.8660254037844384,0.0,0.0,0.0,21.26000000000003
2023-11-04,Bihar,Statewide,0.0,0.0,0.0,0.0,0.0,0.0,0.0,0,2023,11,308,0,0.0,8.6,0.0013227482474375757,0.0,-0.5000000000000004,0.8660254037844384,0.0,0.0,0.0,8.6
2023-11-06,Jharkhand,Statewide,0.0,0.0,0.0,0.0,0.0,0.0,0.0,0,2023,11,310,0,3.2200000000000073,5.67,0.5058736691225504,0.0,-0.5000000000000004,0.8660254037844384,0.0,0.0,0.0,5.67
2023-11-06,Madhya Pradesh,Statewide,0.0,0.0,0.0,0.0,0.0,0.0,0.0,0,2023,11,310,0,0.0,2.0800000000000005,0.0006458514836940494,0.0,-0.5000000000000004,0.8660254037844384,0.0,0.0,0.0,2.0800000000000005
2023-11-07,Uttar Pradesh,Statewide,0.0,0.0,0.0,0.0,0.0,0.0,0.0,0,2023,11,311,0,0.0,6.31,0.0010932504976500991,0.0,-0.5000000000000004,0.8660254037844384,0.0,0.0,0.0,6.31
2023-11-10,Delhi,Statewide,4.23,0.0,0.0,0.0,0.0,0.0,0.0,0,2023,11,314,0,4.2300000000000075,10.36,1.269352663079993,0.0,-0.5000000000000004,0.8660254037844384,4.23,0.0,0.0,10.36
2023-11-11,Chandigarh,Statewide,3.4,0.0,0.0,0.0,0.0,0.0,0.0,0,2023,11,315,0,3.4,23.499999999999943,1.0206863820726153,0.0,-0.5000000000000004,0.8660254037844384,3.4,0.0,0.0,23.499999999999943
2023-11-11,Karnataka,Statewide,0.34,0.0,0.0,0.0,0.0,0.0,0.0,0,2023,11,315,0,48.51000000000001,65.45000000000002,5.049445642316251,0.0,-0.5000000000000004,0.8660254037844384,0.34,0.0,0.0,65.45000000000002
2023-11-13,Meghalaya,Statewide,0.0,0.0,0.0,0.0,0.0,0.0,0.0,0,2023,11,317,0,0.10000000000011369,17.7,0.018877046206775935,0.0,-0.5000000000000004,0.8660254037844384,0.0,0.0,0.0,17.7
2023-11-19,Chhattisgarh,Statewide,0.0,0.0,0.0,0.0,0.0,0.0,0.0,0,2023,11,323,0,0.0,3.09,0.006559822090469651,0.0,-0.5000000000000004,0.8660254037844384,0.0,0.0,0.0,3.09
2023-11-23,Jharkhand,Statewide,0.0,0.0,0.0,0.0,0.0,0.0,0.0,0,2023,11,327,0,0.010000000000007106,3.37,0.00152976351660573,0.0,-0.5000000000000004,0.8660254037844384,0.0,0.0,0.0,3.37
2023-11-23,West Bengal,Statewide,0.0,0.0,0.0,0.0,0.0,0.0,0.0,0,2023,11,327,0,0.4800000000000213,3.9699999999999998,0.02429283484183076,0.0,-0.5000000000000004,0.8660254037844384,0.0,0.0,0.0,3.9699999999999998
2023-11-24,Puducherry,Statewide,1.24,0.0,0.0,0.0,0.0,0.0,0.0,0,2023,11,328,0,85.34000000000002,436.2,13.401086880046936,0.0,-0.5000000000000004,0.8660254037844384,1.24,0.0,0.0,436.2
2023-11-26,Maharashtra,Statewide,0.36,0.0,0.0,0.0,0.0,0.0,0.0,0,2023,11,330,0,0.5099999999999998,3.81,0.13950036093787832,0.0,-0.5000000000000004,0.8660254037844384,0.36,0.0,0.0,3.81
2023-11-27,Chhattisgarh,Statewide,0.0,0.0,0.0,0.0,0.0,0.0,0.0,0,2023,11,331,0,0.9300000000000141,3.9899999999999998,0.13603858068946958,0.0,-0.5000000000000004,0.8660254037844384,0.0,0.0,0.0,3.9899999999999998
2023-11-29,Karnataka,Statewide,3.2,0.0,0.0,0.0,0.0,0.0,0.0,0,2023,11,333,0,6.630000000000008,61.54000000000001,1.2060316000772637,0.0,-0.5000000000000004,0.8660254037844384,3.2,0.0,0.0,61.54000000000001
2023-11-29,Uttar Pradesh,Statewide,0.03,0.0,0.0,0.0,0.0,0.0,0.0,0,2023,11,333,0,0.13,0.8600000000000001,0.030345325441418138,0.0,-0.5000000000000004,0.8660254037844384,0.03,0.0,0.0,0.8600000000000001
2023-12-06,Lakshadweep,Statewide,1642.9,0.0,0.0,0.0,0.0,0.0,0.0,0,2023,12,340,0,11500.300000000001,49287.0,1642.8999999999992,0.0,-2.4492935982947064e-16,1.0,1642.9,0.0,0.0,49287.0
2023-12-07,Maharashtra,Statewide,1.03,0.0,0.0,0.0,0.0,0.0,0.0,0,2023,12,341,0,6.399999999999996,39.989999999999995,0.9513121738076058,0.0,-2.4492935982947064e-16,1.0,1.03,0.0,0.0,39.989999999999995
2023-12-10,Manipur,Statewide,0.37,0.0,0.0,0.0,0.0,0.0,0.0,0,2023,12,344,0,32.50999999999998,77.27999999999999,4.8319310757075975,0.0,-2.4492935982947064e-16,1.0,0.37,0.0,0.0,77.27999999999999
2023-12-10,Punjab,Statewide,0.0,0.0,0.0,0.0,0.0,0.0,0.0,0,2023,12,344,0,0.17999999999998226,15.759999999999986,0.08561990285762747,0.0,-2.4492935982947064e-16,1.0,0.0,0.0,0.0,15.759999999999986
2023-12-13,Lakshadweep,Statewide,1642.9,0.0,0.0,0.0,0.0,0.0,0.0,0,2023,12,347,0,11500.300000000001,49287.0,1642.8999999999992,0.0,-2.4492935982947064e-16,1.0,1642.9,0.0,0.0,49287.0
2023-12-14,Arunachal Pradesh,Statewide,7.56,0.0,0.0,0.0,0.0,0.0,0.0,0,2023,12,348,0,18.889999999999993,27.67,2.9331527288626544,0.0,-2.4492935982947064e-16,1.0,7.56,0.0,0.0,27.67
2023-12-15,Puducherry,Statewide,0.68,0.0,0.0,0.0,0.0,0.0,0.0,0,2023,12,349,0,4.000000000000014,310.56,1.022523788650902,0.0,-2.4492935982947064e-16,1.0,0.68,0.0,0.0,310.56
2023-12-16,Ladakh,Statewide,0.0,0.0,0.0,0.0,0.0,0.0,0.0,0,2023,12,350,0,0.0,4.019999999999999,0.005326059353625347,0.0,-2.4492935982947064e-16,1.0,0.0,0.0,0.0,4.019999999999999
2023-12-16,Meghalaya,Statewide,0.0,0.0,0.0,0.0,0.0,0.0,0.0,0,2023,12,350,0,0.38000000000011724,52.11,0.5527891791683827,0.0,-2.4492935982947064e-16,1.0,0.0,0.0,0.0,52.11
2023-12-19,Ladakh,Statewide,0.0,0.0,0.0,0.0,0.0,0.0,0.0,0,2023,12,353,0,0.6299999999999965,4.649999999999999,0.09443683835829347,0.0,-2.4492935982947064e-16,1.0,0.0,0.0,0.0,4.649999999999999
2023-12-20,Punjab,Statewide,0.0,0.0,0.0,0.0,0.0,0.0,0.0,0,2023,12,354,0,0.0,7.589999999999986,0.0024185503379064114,0.0,-2.4492935982947064e-16,1.0,0.0,0.0,0.0,7.589999999999986
2023-12-21,Karnataka,Statewide,0.0,0.0,0.0,0.0,0.0,0.0,0.0,0,2023,12,355,0,0.03000000000000755,14.320000000000014,0.02708473522213674,0.0,-2.4492935982947064e-16,1.0,0.0,0.0,0.0,14.320000000000014
2023-12-21,Telangana,Statewide,0.0,0.0,0.0,0.0,0.0,0.0,0.0,0,2023,12,355,0,0.0,50.529999999999994,0.05645572092942197,0.0,-2.4492935982947064e-16,1.0,0.0,0.0,0.0,50.529999999999994
2023-12-22,Chhattisgarh,Statewide,0.0,0.0,0.0,0.0,0.0,0.0,0.0,0,2023,12,356,0,0.0,33.42,0.04021666354061634,0.0,-2.4492935982947064e-16,1.0,0.0,0.0,0.0,33.42
2023-12-27,Tripura,Statewide,0.0,0.0,0.0,0.0,0.0,0.0,0.0,0,2023,12,361,0,0.22999999999991474,41.33000000000003,0.044715841909818345,0.0,-2.4492935982947064e-16,1.0,0.0,0.0,0.0,41.33000000000003
2023-12-28,Goa,Statewide,0.0,0.0,0.0,0.0,0.0,0.0,0.0,0,2023,12,362,0,0.0,3.1500000000000004,4.9967041295975263e-05,0.0,-2.4492935982947064e-16,1.0,0.0,0.0,0.0,3.1500000000000004
2023-12-30,Telangana,Statewide,0.0,0.0,0.0,0.0,0.0,0.0,0.0,0,2023,12,364,0,0.0,39.94999999999999,0.002278191975287568,0.0,-2.4492935982947064e-16,1.0,0.0,0.0,0.0,39.94999999999999
2023-12-31,Bihar,Statewide,0.0,0.0,0.0,0.0,0.0,0.0,0.0,0,2023,12,365,0,0.0,7.29,0.0005838838733015707,0.0,-2.4492935982947064e-16,1.0,0.0,0.0,0.0,7.29
2023-12-31,Puducherry,Statewide,0.0,0.0,0.0,0.0,0.0,0.0,0.0,0,2023,12,365,0,14.190000000000014,126.33999999999997,1.262186043947445,0.0,-2.4492935982947064e-16,1.0,0.0,0.0,0.0,126.33999999999997
2024-01-01,Andaman And Nicobar Islands,Statewide,3.03,0.0,0.0,0.0,0.0,0.0,0.0,0,2024,1,1,0,33.27,211.34,4.813641018116113,0.0,0.49999999999999994,0.8660254037844387,3.03,0.0,0.0,211.34
2024-01-05,Maharashtra,Statewide,0.02,0.0,0.0,0.0,0.0,0.0,0.0,0,2024,1,5,0,0.019999999999996448,1.08,0.006031045343323073,0.0,0.49999999999999994,0.8660254037844387,0.02,0.0,0.0,1.08
2024-01-06,Goa,Statewide,0.0,0.0,0.0,0.0,0.0,0.0,0.0,0,2024,1,6,0,1.079999999999858,1.08,0.1644320163503474,0.0,0.49999999999999994,0.8660254037844387,0.0,0.0,0.0,1.08
2024-01-06,Manipur,Statewide,0.0,0.0,0.0,0.0,0.0,0.0,0.0,0,2024,1,6,0,0.0,32.789999999999985,0.013023819256280508,0.0,0.49999999999999994,0.8660254037844387,0.0,0.0,0.0,32.789999999999985
2024-01-07,Ladakh,Statewide,0.0,0.0,0.0,0.0,0.0,0.0,0.0,0,2024,1,7,0,0.0,0.6699999999999983,0.00018903433095030116,0.0,0.49999999999999994,0.8660254037844387,0.0,0.0,0.0,0.6699999999999983
2024-01-07,Mizoram,Statewide,0.0,0.0,0.0,0.0,0.0,0.0,0.0,0,2024,1,7,0,0.0,7.09,0.0017016132164846,0.0,0.49999999999999994,0.8660254037844387,0.0,0.0,0.0,7.09
2024-01-07,Uttarakhand,Statewide,0.0,0.0,0.0,0.0,0.0,0.0,0.0,0,2024,1,7,0,0.00999999999998579,1.5200000000000284,0.0021677493384162526,0.0,0.49999999999999994,0.8660254037844387,0.0,0.0,0.0,1.5200000000000284
2024-01-08,Lakshadweep,Statewide,1642.9,0.0,0.0,0.0,0.0,0.0,0.0,0,2024,1,8,0,11500.300000000001,49287.0,1642.8999999999992,0.0,0.49999999999999994,0.8660254037844387,1642.9,0.0,0.0,49287.0
2024-01-08,Tripura,Statewide,0.0,0.0,0.0,0.0,0.0,0.0,0.0,0,2024,1,8,0,0.0,0.4700000000000284,0.0006189248103083076,0.0,0.49999999999999994,0.8660254037844387,0.0,0.0,0.0,0.4700000000000284
2024-01-09,Jharkhand,Statewide,0.0,0.0,0.0,0.0,0.0,0.0,0.0,0,2024,1,9,0,1.3900000000000072,1.3900000000000001,0.14622060743664933,0.0,0.49999999999999994,0.8660254037844387,0.0,0.0,0.0,1.3900000000000001
2024-01-10,Manipur,Statewide,0.0,0.0,0.0,0.0,0.0,0.0,0.0,0,2024,1,10,0,0.0,3.059999999999986,0.0031270190034329488,0.0,0.49999999999999994,0.8660254037844387,0.0,0.0,0.0,3.059999999999986
2024-01-14,Rajasthan,Statewide,0.0,0.0,0.0,0.0,0.0,0.0,0.0,0,2024,1,14,0,0.35000000000000003,0.36000000000000004,0.018139594681407304,0.0,0.49999999999999994,0.8660254037844387,0.0,0.0,0.0,0.36000000000000004
2024-01-16,Ladakh,Statewide,0.0,0.0,0.0,0.0,0.0,0.0,0.0,0,2024,1,16,0,0.5499999999999965,0.5899999999999983,0.01941971321710067,0.0,0.49999999999999994,0.8660254037844387,0.0,0.0,0.0,0.5899999999999983
2024-01-17,Maharashtra,Statewide,0.0,0.0,0.0,0.0,0.0,0.0,0.0,0,2024,1,17,0,0.12999999999999645,1.5,0.024759484578119176,0.0,0.49999999999999994,0.8660254037844387,0.0,0.0,0.0,1.5
2024-01-17,Nagaland,Statewide,0.13,0.0,0.0,0.0,0.0,0.0,0.0,0,2024,1,17,0,0.12999999999997158,1.29,0.03910332970552024,0.0,0.49999999999999994,0.8660254037844387,0.13,0.0,0.0,1.29
2024-01-18,Madhya Pradesh,Statewide,0.05,0.0,0.0,0.0,0.0,0.0,0.0,0,2024,1,18,0,0.04999999999999334,7.48,0.05567428821070132,0.0,0.49999999999999994,0.8660254037844387,0.05,0.0,0.0,7.48
2024-01-20,Telangana,Statewide,0.0,0.0,0.0,0.0,0.0,0.0,0.0,0,2024,1,20,0,0.0,0.0,1.2724747053845967e-06,0.0,0.49999999999999994,0.8660254037844387,0.0,0.0,0.0,0.0
2024-01-25,Mizoram,Statewide,1.76,0.0,0.0,0.0,0.0,0.0,0.0,0,2024,1,25,0,1.7600000000000142,1.76,0.5280027709301002,0.0,0.49999999999999994,0.8660254037844387,1.76,0.0,0.0,1.76
2024-01-27,Chandigarh,Statewide,0.0,0.0,0.0,0.0,0.0,0.0,0.0,0,2024,1,27,0,0.0,0.0,1.6450450533547075e-08,0.0,0.49999999999999994,0.8660254037844387,0.0,0.0,0.0,0.0
2024-01-27,Uttarakhand,Statewide,0.0,0.0,0.0,0.0,0.0,0.0,0.0,0,2024,1,27,0,0.0,0.1700000000000284,0.0013682933044228541,0.0,0.49999999999999994,0.8660254037844387,0.0,0.0,0.0,0.1700000000000284
2024-01-29,Andhra Pradesh,Statewide,0.0,0.0,0.0,0.0,0.0,0.0,0.0,0,2024,1,29,0,0.2699999999999716,2.21,0.02031690308527968,0.0,0.49999999999999994,0.8660254037844387,0.0,0.0,0.0,2.21
2024-01-31,Karnataka,Statewide,0.0,0.0,0.0,0.0,0.0,0.0,0.0,0,2024,1,31,0,0.0,7.330000000000014,0.0005108572998033924,0.0,0.49999999999999994,0.8660254037844387,0.0,0.0,0.0,7.330000000000014
2024-02-01,Bihar,Statewide,0.0,0.0,0.0,0.0,0.0,0.0,0.0,0,2024,2,32,0,0.0,0.8600000000000001,8.449376887769685e-05,0.0,0.8660254037844386,0.5000000000000001,0.0,0.0,0.0,0.8600000000000001
2024-02-03,Tripura,Statewide,2.0,0.0,0.0,0.0,0.0,0.0,0.0,0,2024,2,34,0,7.119999999999915,7.550000000000028,1.6767516858784446,0.0,0.8660254037844386,0.5000000000000001,2.0,0.0,0.0,7.550000000000028
2024-02-04,Manipur,Statewide,0.0,0.0,0.0,0.0,0.0,0.0,0.0,0,2024,2,35,0,6.839999999999971,6.839999999999986,1.3790704193547056,0.0,0.8660254037844386,0.5000000000000001,0.0,0.0,0.0,6.839999999999986
2024-02-04,Sikkim,Statewide,1.98,0.0,0.0,0.0,0.0,0.0,0.0,0,2024,2,35,0,32.639999999999986,49.019999999999996,5.594666681165016,0.0,0.8660254037844386,0.5000000000000001,1.98,0.0,0.0,49.019999999999996
2024-02-10,Delhi,Statewide,0.0,0.0,0.0,0.0,0.0,0.0,0.0,0,2024,2,41,0,2.570000000000007,21.880000000000003,0.34820415188289594,0.0,0.8660254037844386,0.5000000000000001,0.0,0.0,0.0,21.880000000000003
2024-02-13,Ladakh,Statewide,0.0,0.0,0.0,0.0,0.0,0.0,0.0,0,2024,2,44,0,0.0,16.949999999999996,0.1282897519108095,0.0,0.8660254037844386,0.5000000000000001,0.0,0.0,0.0,16.949999999999996
2024-02-16,Punjab,Statewide,0.0,0.0,0.0,0.0,0.0,0.0,0.0,0,2024,2,47,0,0.0,20.319999999999986,0.05533087777939779,0.0,0.8660254037844386,0.5000000000000001,0.0,0.0,0.0,20.319999999999986
2024-02-18,Lakshadweep,Statewide,1642.9,0.0,0.0,0.0,0.0,0.0,0.0,0,2024,2,49,0,11500.300000000001,49287.0,1642.8999999999992,0.0,0.8660254037844386,0.5000000000000001,1642.9,0.0,0.0,49287.0
2024-02-18,Telangana,Statewide,0.0,0.0,0.0,0.0,0.0,0.0,0.0,0,2024,2,49,0,0.04,0.11999999999998578,0.0014153514518761643,0.0,0.8660254037844386,0.5000000000000001,0.0,0.0,0.0,0.11999999999998578
2024-02-22,Meghalaya,Statewide,8.52,0.0,0.0,0.0,0.0,0.0,0.0,0,2024,2,53,0,14.090000000000117,16.270000000000003,3.5731776081421938,0.0,0.8660254037844386,0.5000000000000001,8.52,0.0,0.0,16.270000000000003
2024-02-25,Arunachal Pradesh,Statewide,1.16,0.0,0.0,0.0,0.0,0.0,0.0,0,2024,2,56,0,56.24999999999999,105.92999999999999,7.5296593488613865,0.0,0.8660254037844386,0.5000000000000001,1.16,0.0,0.0,105.92999999999999
2024-02-27,Meghalaya,Statewide,0.0,0.0,0.0,0.0,0.0,0.0,0.0,0,2024,2,58,0,31.050000000000118,33.67,2.2796367606004577,0.0,0.8660254037844386,0.5000000000000001,0.0,0.0,0.0,33.67
2024-03-02,Tripura,Statewide,0.0,0.0,0.0,0.0,0.0,0.0,0.0,0,2024,3,62,0,0.07999999999991474,62.82000000000002,0.8781239830402269,0.0,1.0,6.123233995736766e-17,0.0,0.0,0.0,62.82000000000002
2024-03-05,Jammu And Kashmir,Statewide,0.01,0.0,0.0,0.0,0.0,0.0,0.0,0,2024,3,65,0,70.42999999999999,143.37,9.425546298763132,0.0,1.0,6.123233995736766e-17,0.01,0.0,0.0,143.37
2024-03-05,West Bengal,Statewide,2.16,0.0,0.0,0.0,0.0,0.0,0.0,0,2024,3,65,0,5.310000000000022,13.28,1.217799460969189,0.0,1.0,6.123233995736766e-17,2.16,0.0,0.0,13.28
2024-03-07,Mizoram,Statewide,0.0,0.0,0.0,0.0,0.0,0.0,0.0,0,2024,3,67,0,0.0,18.620000000000005,0.057636038112722984,0.0,1.0,6.123233995736766e-17,0.0,0.0,0.0,18.620000000000005
2024-03-09,Kerala,Statewide,0.05,0.0,0.0,0.0,0.0,0.0,0.0,0,2024,3,69,0,0.049999999999964476,0.49,0.015595015662860399,0.0,1.0,6.123233995736766e-17,0.05,0.0,0.0,0.49
2024-03-10,Chhattisgarh,Statewide,0.0,0.0,0.0,0.0,0.0,0.0,0.0,0,2024,3,70,0,1.7800000000000145,9.970000000000004,0.13969592292921149,0.0,1.0,6.123233995736766e-17,0.0,0.0,0.0,9.970000000000004
2024-03-10,Uttar Pradesh,Statewide,0.0,0.0,0.0,0.0,0.0,0.0,0.0,0,2024,3,70,0,6.3599999999999985,21.87,0.42438994752565284,0.0,1.0,6.123233995736766e-17,0.0,0.0,0.0,21.87
2024-03-12,Telangana,Statewide,0.0,0.0,0.0,0.0,0.0,0.0,0.0,0,2024,3,72,0,0.02,0.7699999999999858,0.00604312823378904,0.0,1.0,6.123233995736766e-17,0.0,0.0,0.0,0.7699999999999858
2024-03-14,Chhattisgarh,Statewide,0.01,0.0,0.0,0.0,0.0,0.0,0.0,0,2024,3,74,0,0.04000000000001421,7.090000000000004,0.036540991095303677,0.0,1.0,6.123233995736766e-17,0.01,0.0,0.0,7.090000000000004
2024-03-15,Assam,Statewide,2.23,0.0,0.0,0.0,0.0,0.0,0.0,0,2024,3,75,0,3.4199999999999786,27.549999999999997,0.9050740686462858,0.0,1.0,6.123233995736766e-17,2.23,0.0,0.0,27.549999999999997
2024-03-15,Himachal Pradesh,Statewide,0.0,0.0,0.0,0.0,0.0,0.0,0.0,0,2024,3,75,0,10.010000000000016,152.90999999999997,2.2605554852159693,0.0,1.0,6.123233995736766e-17,0.0,0.0,0.0,152.90999999999997
2024-03-15,Uttar Pradesh,Statewide,0.0,0.0,0.0,0.0,0.0,0.0,0.0,0,2024,3,75,0,0.009999999999998224,18.64,0.07342721848063645,0.0,1.0,6.123233995736766e-17,0.0,0.0,0.0,18.64
2024-03-18,Rajasthan,Statewide,0.0,0.0,0.0,0.0,0.0,0.0,0.0,0,2024,3,78,0,0.04,4.2,0.005936785336658403,0.0,1.0,6.123233995736766e-17,0.0,0.0,0.0,4.2
2024-03-25,Himachal Pradesh,Statewide,4.21,0.0,0.0,0.0,0.0,0.0,0.0,0,2024,3,85,0,21.740000000000016,140.33999999999997,3.6375208603564695,0.0,1.0,6.123233995736766e-17,4.21,0.0,0.0,140.33999999999997
2024-03-25,Tamil Nadu,Statewide,0.43,0.0,0.0,0.0,0.0,0.0,0.0,0,2024,3,85,0,2.6899999999999933,2.79,0.4282548363469642,0.0,1.0,6.123233995736766e-17,0.43,0.0,0.0,2.79
2024-03-26,Assam,Statewide,2.89,0.0,0.0,0.0,0.0,0.0,0.0,0,2024,3,86,0,21.02999999999998,26.84,2.8885923439043006,0.0,1.0,6.123233995736766e-17,2.89,0.0,0.0,26.84
2024-03-26,Jammu And Kashmir,Statewide,5.73,0.0,0.0,0.0,0.0,0.0,0.0,0,2024,3,86,0,37.620000000000005,121.56,5.072702831143656,0.0,1.0,6.123233995736766e-17,5.73,0.0,0.0,121.56
2024-03-28,Bihar,Statewide,0.16,0.0,0.0,0.0,0.0,0.0,0.0,0,2024,3,88,0,2.810000000000078,10.18,0.36518633014907115,0.0,1.0,6.123233995736766e-17,0.16,0.0,0.0,10.18
2024-03-28,Tamil Nadu,Statewide,0.83,0.0,0.0,0.0,0.0,0.0,0.0,0,2024,3,88,0,4.769999999999993,5.36,0.7323114088670086,0.0,1.0,6.123233995736766e-17,0.83,0.0,0.0,5.36
2024-03-31,Tamil Nadu,Statewide,0.86,0.0,0.0,0.0,0.0,0.0,0.0,0,2024,3,91,0,5.239999999999993,7.51,0.7334628132413838,0.0,1.0,6.123233995736766e-17,0.86,0.0,0.0,7.51
2024-04-03,Puducherry,Statewide,0.0,0.0,0.0,0.0,0.0,0.0,0.0,0,2024,4,94,0,4.100000000000015,4.199999999999986,0.18866752823461344,0.0,0.8660254037844387,-0.4999999999999998,0.0,0.0,0.0,4.199999999999986
2024-04-05,Jharkhand,Statewide,0.55,0.0,0.0,0.0,0.0,0.0,0.0,0,2024,4,96,0,4.390000000000009,25.880000000000003,0.5766901521229505,0.0,0.8660254037844387,-0.4999999999999998,0.55,0.0,0.0,25.880000000000003
2024-04-06,West Bengal,Statewide,1.02,0.0,0.0,0.0,0.0,0.0,0.0,0,2024,4,97,0,7.760000000000021,40.949999999999996,1.0352124099961226,0.0,0.8660254037844387,-0.4999999999999998,1.02,0.0,0.0,40.949999999999996
2024-04-07,Ladakh,Statewide,0.0,0.0,0.0,0.0,0.0,0.0,0.0,0,2024,4,98,0,0.0,3.8200000000000003,0.00024353854306108263,0.0,0.8660254037844387,-0.4999999999999998,0.0,0.0,0.0,3.8200000000000003
2024-04-07,Rajasthan,Statewide,0.04,0.0,0.0,0.0,0.0,0.0,0.0,0,2024,4,98,0,0.5800000000000001,2.86,0.05953226930121813,0.0,0.8660254037844387,-0.4999999999999998,0.04,0.0,0.0,2.86
2024-04-08,Bihar,Statewide,0.16,0.0,0.0,0.0,0.0,0.0,0.0,0,2024,4,99,0,1.0500000000000782,10.49,0.16380705663521783,0.0,0.8660254037844387,-0.4999999999999998,0.16,0.0,0.0,10.49
2024-04-08,Jammu And Kashmir,Statewide,3.18,0.0,0.0,0.0,0.0,0.0,0.0,0,2024,4,99,0,24.689999999999998,91.64,3.5175383987480293,0.0,0.8660254037844387,-0.4999999999999998,3.18,0.0,0.0,91.64
2024-04-13,Jammu And Kashmir,Statewide,3.81,0.0,0.0,0.0,0.0,0.0,0.0,0,2024,4,104,0,22.02,93.06,3.0328977786775813,0.0,0.8660254037844387,-0.4999999999999998,3.81,0.0,0.0,93.06
2024-04-14,Assam,Statewide,6.28,0.0,0.0,0.0,0.0,0.0,0.0,0,2024,4,105,0,41.04999999999998,111.58999999999999,5.928033000476104,0.0,0.8660254037844387,-0.4999999999999998,6.28,0.0,0.0,111.58999999999999
2024-04-15,Andaman And Nicobar Islands,Statewide,1.08,0.0,0.0,0.0,0.0,0.0,0.0,0,2024,4,106,0,13.07,41.589999999999996,1.570066302785492,0.0,0.8660254037844387,-0.4999999999999998,1.08,0.0,0.0,41.589999999999996
2024-04-16,Tripura,Statewide,9.34,0.0,0.0,0.0,0.0,0.0,0.0,0,2024,4,107,0,50.22999999999992,123.56000000000003,7.60304471490204,0.0,0.8660254037844387,-0.4999999999999998,9.34,0.0,0.0,123.56000000000003
2024-04-24,West Bengal,Statewide,2.13,0.0,0.0,0.0,0.0,0.0,0.0,0,2024,4,115,0,18.41000000000002,45.85,2.5032303911267326,0.0,0.8660254037844387,-0.4999999999999998,2.13,0.0,0.0,45.85
2024-05-03,Meghalaya,Statewide,21.77,0.0,0.0,0.0,0.0,0.0,0.0,0,2024,5,124,0,175.65000000000012,401.26000000000005,23.935856042211924,0.0,0.49999999999999994,-0.8660254037844387,21.77,0.0,0.0,401.26000000000005
2024-05-04,Chhattisgarh,Statewide,0.58,0.0,0.0,0.0,0.0,0.0,0.0,0,2024,5,125,0,3.520000000000014,15.000000000000005,0.5503383268616119,0.0,0.49999999999999994,-0.8660254037844387,0.58,0.0,0.0,15.000000000000005
2024-05-06,Andaman And Nicobar Islands,Statewide,9.48,0.0,0.0,0.0,0.0,0.0,0.0,0,2024,5,127,0,61.93000000000001,137.97,9.109278560803372,0.0,0.49999999999999994,-0.8660254037844387,9.48,0.0,0.0,137.97
2024-05-10,Maharashtra,Statewide,0.26,0.0,0.0,0.0,0.0,0.0,0.0,0,2024,5,131,0,2.1799999999999966,9.190000000000001,0.28715477538463474,0.0,0.49999999999999994,-0.8660254037844387,0.26,0.0,0.0,9.190000000000001
2024-05-11,Puducherry,Statewide,1.6,0.0,0.0,0.0,0.0,0.0,0.0,0,2024,5,132,0,11.100000000000014,25.999999999999986,1.4543047543224172,0.0,0.49999999999999994,-0.8660254037844387,1.6,0.0,0.0,25.999999999999986
2024-05-12,Tripura,Statewide,9.85,0.0,0.0,0.0,0.0,0.0,0.0,0,2024,5,133,0,81.04999999999991,286.63,11.019317484530374,0.0,0.49999999999999994,-0.8660254037844387,9.85,0.0,0.0,286.63
2024-05-13,Tamil Nadu,Statewide,3.32,0.0,0.0,0.0,0.0,0.0,0.0,0,2024,5,134,0,13.609999999999992,49.71,2.2996241719881834,0.0,0.49999999999999994,-0.8660254037844387,3.32,0.0,0.0,49.71
2024-05-14,Mizoram,Statewide,5.9,0.0,0.0,0.0,0.0,0.0,0.0,0,2024,5,135,0,43.80000000000002,247.70000000000002,6.2508956356714656,0.0,0.49999999999999994,-0.8660254037844387,5.9,0.0,0.0,247.70000000000002
2024-05-15,Puducherry,Statewide,0.2,0.0,0.0,0.0,0.0,0.0,0.0,0,2024,5,136,0,6.600000000000015,25.299999999999986,0.8138485715128123,0.0,0.49999999999999994,-0.8660254037844387,0.2,0.0,0.0,25.299999999999986
2024-05-17,Mizoram,Statewide,6.0,0.0,0.0,0.0,0.0,0.0,0.0,0,2024,5,138,0,42.100000000000016,249.0,6.285557203035312,0.0,0.49999999999999994,-0.8660254037844387,6.0,0.0,0.0,249.0
2024-05-19,West Bengal,Statewide,3.15,0.0,0.0,0.0,0.0,0.0,0.0,0,2024,5,140,0,25.81000000000002,103.32,3.514217166328019,0.0,0.49999999999999994,-0.8660254037844387,3.15,0.0,0.0,103.32
2024-05-20,Gujarat,Statewide,0.02,0.0,0.0,0.0,0.0,0.0,0.0,0,2024,5,141,0,0.4500000000000142,1.58,0.05337693971794208,0.0,0.49999999999999994,-0.8660254037844387,0.02,0.0,0.0,1.58
2024-05-20,Rajasthan,Statewide,0.26,0.0,0.0,0.0,0.0,0.0,0.0,0,2024,5,141,0,1.9100000000000001,5.87,0.28609927802047436,0.0,0.49999999999999994,-0.8660254037844387,0.26,0.0,0.0,5.87
2024-05-21,West Bengal,Statewide,4.25,0.0,0.0,0.0,0.0,0.0,0.0,0,2024,5,142,0,25.850000000000023,107.39,3.923066411500729,0.0,0.49999999999999994,-0.8660254037844387,4.25,0.0,0.0,107.39
2024-05-22,Himachal Pradesh,Statewide,2.25,0.0,0.0,0.0,0.0,0.0,0.0,0,2024,5,143,0,14.680000000000016,65.47999999999999,2.1592701715682447,0.0,0.49999999999999994,-0.8660254037844387,2.25,0.0,0.0,65.47999999999999
2024-05-23,Tamil Nadu,Statewide,1.59,0.0,0.0,0.0,0.0,0.0,0.0,0,2024,5,144,0,18.529999999999994,60.76,2.2157374338348776,0.0,0.49999999999999994,-0.8660254037844387,1.59,0.0,0.0,60.76
2024-05-24,Madhya Pradesh,Statewide,0.19,0.0,0.0,0.0,0.0,0.0,0.0,0,2024,5,145,0,1.4399999999999928,4.27,0.1936389878710604,0.0,0.49999999999999994,-0.8660254037844387,0.19,0.0,0.0,4.27
2024-05-24,Uttar Pradesh,Statewide,0.27,0.0,0.0,0.0,0.0,0.0,0.0,0,2024,5,145,0,3.1899999999999986,12.590000000000002,0.40868788426327224,0.0,0.49999999999999994,-0.8660254037844387,0.27,0.0,0.0,12.590000000000002
2024-05-25,Himachal Pradesh,Statewide,1.3,0.0,0.0,0.0,0.0,0.0,0.0,0,2024,5,146,0,13.600000000000016,66.51999999999998,1.893769668847908,0.0,0.49999999999999994,-0.8660254037844387,1.3,0.0,0.0,66.51999999999998
2024-05-27,Telangana,Statewide,0.77,0.0,0.0,0.0,0.0,0.0,0.0,0,2024,5,148,0,7.319999999999999,26.419999999999987,0.9892296291571837,0.0,0.49999999999999994,-0.8660254037844387,0.77,0.0,0.0,26.419999999999987
2024-05-28,Maharashtra,Statewide,1.09,0.0,0.0,0.0,0.0,0.0,0.0,0,2024,5,149,0,7.719999999999997,17.78,1.0924509294591527,0.0,0.49999999999999994,-0.8660254037844387,1.09,0.0,0.0,17.78
2024-05-28,Telangana,Statewide,0.73,0.0,0.0,0.0,0.0,0.0,0.0,0,2024,5,149,0,6.98,26.589999999999986,0.9114607404100286,0.0,0.49999999999999994,-0.8660254037844387,0.73,0.0,0.0,26.589999999999986
2024-05-29,Tripura,Statewide,14.11,0.0,0.0,0.0,0.0,0.0,0.0,0,2024,5,150,0,83.79999999999991,330.34000000000003,12.810535754126771,0.0,0.49999999999999994,-0.8660254037844387,14.11,0.0,0.0,330.34000000000003
2024-05-30,Telangana,Statewide,1.01,0.0,0.0,0.0,0.0,0.0,0.0,0,2024,5,151,0,7.34,28.019999999999985,1.031015762800914,0.0,0.49999999999999994,-0.8660254037844387,1.01,0.0,0.0,28.019999999999985
2024-05-31,Tamil Nadu,Statewide,1.99,0.0,0.0,0.0,0.0,0.0,0.0,0,2024,5,152,0,12.599999999999993,62.39,1.8507773964430871,0.0,0.49999999999999994,-0.8660254037844387,1.99,0.0,0.0,62.39
2024-05-31,Uttar Pradesh,Statewide,0.46,0.0,0.0,0.0,0.0,0.0,0.0,0,2024,5,152,0,4.199999999999998,15.36,0.6191936226269827,0.0,0.49999999999999994,-0.8660254037844387,0.46,0.0,0.0,15.36
2024-06-03,Sikkim,Statewide,11.0,0.0,0.0,0.0,0.0,0.0,0.0,0,2024,6,155,1,90.69999999999999,342.5,12.847617931625162,0.0,1.2246467991473532e-16,-1.0,11.0,0.0,0.0,342.5
2024-06-06,Gujarat,Statewide,2.25,0.0,0.0,0.0,0.0,0.0,0.0,0,2024,6,158,1,8.610000000000014,11.49,1.5222401208429224,0.0,1.2246467991473532e-16,-1.0,2.25,0.0,0.0,11.49
2024-06-06,Karnataka,Statewide,6.48,0.0,0.0,0.0,0.0,0.0,0.0,0,2024,6,158,1,33.80000000000001,104.71000000000001,5.318771668393282,0.0,1.2246467991473532e-16,-1.0,6.48,0.0,0.0,104.71000000000001
2024-06-09,Haryana,Statewide,0.6,0.0,0.0,0.0,0.0,0.0,0.0,0,2024,6,161,1,7.039999999999993,18.91,0.8565528570675613,0.0,1.2246467991473532e-16,-1.0,0.6,0.0,0.0,18.91
2024-06-13,Sikkim,Statewide,22.9,0.0,0.0,0.0,0.0,0.0,0.0,0,2024,6,165,1,119.49999999999999,415.29999999999995,19.014411817229266,0.0,1.2246467991473532e-16,-1.0,22.9,0.0,0.0,415.29999999999995
2024-06-15,Karnataka,Statewide,7.43,0.0,0.0,0.0,0.0,0.0,0.0,0,2024,6,167,1,43.19000000000001,139.76000000000002,6.668396598649075,0.0,1.2246467991473532e-16,-1.0,7.43,0.0,0.0,139.76000000000002
2024-06-15,Tripura,Statewide,19.09,0.0,0.0,0.0,0.0,0.0,0.0,0,2024,6,167,1,131.8199999999999,422.05,18.416792982676476,0.0,1.2246467991473532e-16,-1.0,19.09,0.0,0.0,422.05
2024-06-18,Andaman And Nicobar Islands,Statewide,9.47,0.0,0.0,0.0,0.0,0.0,0.0,0,2024,6,170,1,80.11,412.55,10.753431488585921,0.0,1.2246467991473532e-16,-1.0,9.47,0.0,0.0,412.55
2024-06-18,Jharkhand,Statewide,6.45,0.0,0.0,0.0,0.0,0.0,0.0,0,2024,6,170,1,45.160000000000004,110.27000000000001,6.386497451101256,0.0,1.2246467991473532e-16,-1.0,6.45,0.0,0.0,110.27000000000001
2024-06-18,Mizoram,Statewide,16.4,0.0,0.0,0.0,0.0,0.0,0.0,0,2024,6,170,1,119.50000000000001,397.40000000000003,17.481799877647823,0.0,1.2246467991473532e-16,-1.0,16.4,0.0,0.0,397.40000000000003
2024-06-19,Goa,Statewide,32.5,0.0,0.0,0.0,0.0,0.0,0.0,0,2024,6,171,1,227.39999999999986,545.4,31.83690174135733,0.0,1.2246467991473532e-16,-1.0,32.5,0.0,0.0,545.4
2024-06-19,Nagaland,Statewide,14.45,0.0,0.0,0.0,0.0,0.0,0.0,0,2024,6,171,1,90.65999999999997,282.22,13.02753287562955,0.0,1.2246467991473532e-16,-1.0,14.45,0.0,0.0,282.22
2024-06-22,Bihar,Statewide,6.73,0.0,0.0,0.0,0.0,0.0,0.0,0,2024,6,174,1,43.65000000000008,122.85000000000001,6.278933479508097,0.0,1.2246467991473532e-16,-1.0,6.73,0.0,0.0,122.85000000000001
2024-06-22,Punjab,Statewide,1.15,0.0,0.0,0.0,0.0,0.0,0.0,0,2024,6,174,1,7.709999999999982,24.369999999999987,1.208394187187974,0.0,1.2246467991473532e-16,-1.0,1.15,0.0,0.0,24.369999999999987
2024-06-22,Tripura,Statewide,10.67,0.0,0.0,0.0,0.0,0.0,0.0,0,2024,6,174,1,106.39999999999992,454.28000000000003,13.55844780533323,0.0,1.2246467991473532e-16,-1.0,10.67,0.0,0.0,454.28000000000003
2024-06-23,Chhattisgarh,Statewide,8.33,0.0,0.0,0.0,0.0,0.0,0.0,0,2024,6,175,1,48.58000000000002,109.79,7.355263492885822,0.0,1.2246467991473532e-16,-1.0,8.33,0.0,0.0,109.79
2024-06-23,Jharkhand,Statewide,8.13,0.0,0.0,0.0,0.0,0.0,0.0,0,2024,6,175,1,49.17000000000001,139.22,7.300558126606587,0.0,1.2246467991473532e-16,-1.0,8.13,0.0,0.0,139.22
2024-06-24,Arunachal Pradesh,Statewide,20.0,0.0,0.0,0.0,0.0,0.0,0.0,0,2024,6,176,1,137.37,479.04999999999995,19.55815186487063,0.0,1.2246467991473532e-16,-1.0,20.0,0.0,0.0,479.04999999999995
2024-06-24,Karnataka,Statewide,8.89,0.0,0.0,0.0,0.0,0.0,0.0,0,2024,6,176,1,53.67,176.88000000000002,8.10537890918202,0.0,1.2246467991473532e-16,-1.0,8.89,0.0,0.0,176.88000000000002
2024-06-25,Jammu And Kashmir,Statewide,2.7,0.0,0.0,0.0,0.0,0.0,0.0,0,2024,6,177,1,12.280000000000001,53.38,2.122677901025587,0.0,1.2246467991473532e-16,-1.0,2.7,0.0,0.0,53.38
2024-06-25,Maharashtra,Statewide,9.65,0.0,0.0,0.0,0.0,0.0,0.0,0,2024,6,177,1,59.56999999999999,150.51,8.725703788820441,0.0,1.2246467991473532e-16,-1.0,9.65,0.0,0.0,150.51
2024-06-27,Arunachal Pradesh,Statewide,23.59,0.0,0.0,0.0,0.0,0.0,0.0,0,2024,6,179,1,142.26999999999998,509.81,21.015326089650625,0.0,1.2246467991473532e-16,-1.0,23.59,0.0,0.0,509.81
2024-06-27,Chandigarh,Statewide,4.2,0.0,0.0,0.0,0.0,0.0,0.0,0,2024,6,179,1,29.900000000000002,94.19999999999995,4.035598325071045,0.0,1.2246467991473532e-16,-1.0,4.2,0.0,0.0,94.19999999999995
2024-06-27,Ladakh,Statewide,0.0,0.0,0.0,0.0,0.0,0.0,0.0,0,2024,6,179,1,0.0,0.0,6.910491621416902e-17,0.0,1.2246467991473532e-16,-1.0,0.0,0.0,0.0,0.0
2024-07-07,Gujarat,Statewide,9.95,0.0,0.0,0.0,0.0,0.0,0.0,0,2024,7,189,1,63.04000000000002,150.76999999999998,8.941585303206724,0.0,-0.4999999999999997,-0.8660254037844388,9.95,0.0,0.0,150.76999999999998
2024-07-08,Gujarat,Statewide,8.83,0.0,0.0,0.0,0.0,0.0,0.0,0,2024,7,190,1,63.48000000000002,158.48,8.908109712244705,0.0,-0.4999999999999997,-0.8660254037844388,8.83,0.0,0.0,158.48
2024-07-09,The Dadra And Nagar Haveli And Daman And Diu,Statewide,8.6,0.0,0.0,0.0,0.0,0.0,0.0,0,2024,7,191,1,73.39999999999984,220.1,9.668265777403732,0.0,-0.4999999999999997,-0.8660254037844388,8.6,0.0,0.0,220.1
2024-07-10,Delhi,Statewide,7.2,0.0,0.0,0.0,0.0,0.0,0.0,0,2024,7,192,1,45.300000000000004,109.1,7.149393803122355,0.0,-0.4999999999999997,-0.8660254037844388,7.2,0.0,0.0,109.1
2024-07-20,Sikkim,Statewide,19.0,0.0,0.0,0.0,0.0,0.0,0.0,0,2024,7,202,1,125.6,560.0,18.236531722081324,0.0,-0.4999999999999997,-0.8660254037844388,19.0,0.0,0.0,560.0
2024-07-21,Bihar,Statewide,9.83,0.0,0.0,0.0,0.0,0.0,0.0,0,2024,7,203,1,79.72000000000008,305.94000000000005,10.900743178012881,0.0,-0.4999999999999997,-0.8660254037844388,9.83,0.0,0.0,305.94000000000005
2024-07-21,Ladakh,Statewide,0.0,0.0,0.0,0.0,0.0,0.0,0.0,0,2024,7,203,1,0.0,0.0,1.323920494276135e-20,0.0,-0.4999999999999997,-0.8660254037844388,0.0,0.0,0.0,0.0
2024-07-22,Madhya Pradesh,Statewide,11.18,0.0,0.0,0.0,0.0,0.0,0.0,0,2024,7,204,1,75.93999999999998,299.85,11.060305229440031,0.0,-0.4999999999999997,-0.8660254037844388,11.18,0.0,0.0,299.85
2024-07-22,Odisha,Statewide,12.49,0.0,0.0,0.0,0.0,0.0,0.0,0,2024,7,204,1,78.95,324.02000000000004,11.605925261045181,0.0,-0.4999999999999997,-0.8660254037844388,12.49,0.0,0.0,324.02000000000004
2024-07-23,The Dadra And Nagar Haveli And Daman And Diu,Statewide,3.5,0.0,0.0,0.0,0.0,0.0,0.0,0,2024,7,205,1,48.69999999999983,273.4,6.009743973010259,0.0,-0.4999999999999997,-0.8660254037844388,3.5,0.0,0.0,273.4
2024-07-24,Goa,Statewide,41.4,0.0,0.0,0.0,0.0,0.0,0.0,0,2024,7,206,1,249.49999999999983,1026.1,37.042241535298665,0.0,-0.4999999999999997,-0.8660254037844388,41.4,0.0,0.0,1026.1
2024-07-29,Chandigarh,Statewide,10.0,0.0,0.0,0.0,0.0,0.0,0.0,0,2024,7,211,1,65.6,273.19999999999993,9.371825221381252,0.0,-0.4999999999999997,-0.8660254037844388,10.0,0.0,0.0,273.19999999999993
2024-07-29,Tamil Nadu,Statewide,2.05,0.0,0.0,0.0,0.0,0.0,0.0,0,2024,7,211,1,19.30999999999999,68.84,2.4267984960681837,0.0,-0.4999999999999997,-0.8660254037844388,2.05,0.0,0.0,68.84
