district,state,year,flood_events,area_affected_ha,people_affected,damage_cr
Nicobars,Andaman And Nicobar Islands,2015,2,2682,4544,17
Nicobars,Andaman And Nicobar Islands,2016,1,4036,1821,78
Nicobars,Andaman And Nicobar Islands,2017,2,4192,3129,35
Nicobars,Andaman And Nicobar Islands,2018,2,722,3265,31
Nicobars,Andaman And Nicobar Islands,2019,0,4331,8677,33
Nicobars,Andaman And Nicobar Islands,2020,0,3606,9725,16
Nicobars,Andaman And Nicobar Islands,2021,1,3480,2799,80
Nicobars,Andaman And Nicobar Islands,2022,0,3035,3294,18
Nicobars,Andaman And Nicobar Islands,2023,1,569,7246,12
Nicobars,Andaman And Nicobar Islands,2024,1,4752,13587,29
North And Middle Andaman,Andaman And Nicobar Islands,2015,1,4734,7407,33
North And Middle Andaman,Andaman And Nicobar Islands,2016,0,2167,9008,96
North And Middle Andaman,Andaman And Nicobar Islands,2017,0,4109,2221,96
North And Middle Andaman,Andaman And Nicobar Islands,2018,1,4330,1587,10
North And Middle Andaman,Andaman And Nicobar Islands,2019,1,1224,12981,22
North And Middle Andaman,Andaman And Nicobar Islands,2020,2,4467,1822,76
North And Middle Andaman,Andaman And Nicobar Islands,2021,2,2849,1493,68
North And Middle Andaman,Andaman And Nicobar Islands,2022,1,2423,12296,77
North And Middle Andaman,Andaman And Nicobar Islands,2023,0,2593,2188,31
North And Middle Andaman,Andaman And Nicobar Islands,2024,0,1357,1926,84
South Andamans,Andaman And Nicobar Islands,2015,1,2391,11573,100
South Andamans,Andaman And Nicobar Islands,2016,1,4098,12660,38
South Andamans,Andaman And Nicobar Islands,2017,1,1913,5180,56
South Andamans,Andaman And Nicobar Islands,2018,0,3249,5492,100
South Andamans,Andaman And Nicobar Islands,2019,1,1213,9308,55
South Andamans,Andaman And Nicobar Islands,2020,2,3373,9350,35
South Andamans,Andaman And Nicobar Islands,2021,2,1315,5591,34
South Andamans,Andaman And Nicobar Islands,2022,1,1684,13002,80
South Andamans,Andaman And Nicobar Islands,2023,0,2357,13929,97
South Andamans,Andaman And Nicobar Islands,2024,1,4365,3650,80
Alluri Sitharama Raju,Andhra Pradesh,2015,5,6260,68329,135
Alluri Sitharama Raju,Andhra Pradesh,2016,5,9759,13739,211
Alluri Sitharama Raju,Andhra Pradesh,2017,4,6449,22350,286
Alluri Sitharama Raju,Andhra Pradesh,2018,5,10302,67088,174
Alluri Sitharama Raju,Andhra Pradesh,2019,2,7423,67290,344
Alluri Sitharama Raju,Andhra Pradesh,2020,3,11026,73370,309
Alluri Sitharama Raju,Andhra Pradesh,2021,1,14374,56336,398
Alluri Sitharama Raju,Andhra Pradesh,2022,4,14870,51244,242
Alluri Sitharama Raju,Andhra Pradesh,2023,2,8882,52981,380
Alluri Sitharama Raju,Andhra Pradesh,2024,3,8633,30741,148
Anakapalli,Andhra Pradesh,2015,5,10496,60967,378
Anakapalli,Andhra Pradesh,2016,1,19247,70541,366
Anakapalli,Andhra Pradesh,2017,4,17624,22453,62
Anakapalli,Andhra Pradesh,2018,2,16509,71517,166
Anakapalli,Andhra Pradesh,2019,1,10681,79194,244
Anakapalli,Andhra Pradesh,2020,4,11044,78619,74
Anakapalli,Andhra Pradesh,2021,2,10505,69826,274
Anakapalli,Andhra Pradesh,2022,2,5923,63327,94
Anakapalli,Andhra Pradesh,2023,1,6704,59918,79
Anakapalli,Andhra Pradesh,2024,4,9170,13395,346
Ananthapuramu,Andhra Pradesh,2015,1,16569,77563,387
Ananthapuramu,Andhra Pradesh,2016,5,13686,17270,93
Ananthapuramu,Andhra Pradesh,2017,3,14611,56559,356
Ananthapuramu,Andhra Pradesh,2018,3,9408,77587,306
Ananthapuramu,Andhra Pradesh,2019,4,13316,23485,291
Ananthapuramu,Andhra Pradesh,2020,3,12990,35503,76
Ananthapuramu,Andhra Pradesh,2021,2,18970,64951,122
Ananthapuramu,Andhra Pradesh,2022,4,3983,35465,205
Ananthapuramu,Andhra Pradesh,2023,3,10107,37351,396
Ananthapuramu,Andhra Pradesh,2024,3,19898,69359,68
Annamayya,Andhra Pradesh,2015,1,8369,66542,110
Annamayya,Andhra Pradesh,2016,2,16257,22903,253
Annamayya,Andhra Pradesh,2017,1,17278,29127,263
Annamayya,Andhra Pradesh,2018,5,6226,70120,64
Annamayya,Andhra Pradesh,2019,2,11282,20413,220
Annamayya,Andhra Pradesh,2020,3,12655,61540,167
Annamayya,Andhra Pradesh,2021,4,19642,26369,54
Annamayya,Andhra Pradesh,2022,5,5872,71087,336
Annamayya,Andhra Pradesh,2023,1,10276,37470,130
Annamayya,Andhra Pradesh,2024,5,6396,60075,274
Bapatla,Andhra Pradesh,2015,3,17616,65452,192
Bapatla,Andhra Pradesh,2016,1,12625,37014,345
Bapatla,Andhra Pradesh,2017,5,18037,32561,64
Bapatla,Andhra Pradesh,2018,2,17712,36172,310
Bapatla,Andhra Pradesh,2019,3,4158,14986,214
Bapatla,Andhra Pradesh,2020,2,6583,15727,281
Bapatla,Andhra Pradesh,2021,1,15840,63519,52
Bapatla,Andhra Pradesh,2022,5,18573,60717,100
Bapatla,Andhra Pradesh,2023,5,11951,12272,180
Bapatla,Andhra Pradesh,2024,2,15314,39571,161
Chittoor,Andhra Pradesh,2015,2,5664,57708,163
Chittoor,Andhra Pradesh,2016,3,19175,67956,337
Chittoor,Andhra Pradesh,2017,1,18519,45737,76
Chittoor,Andhra Pradesh,2018,3,8917,23284,158
Chittoor,Andhra Pradesh,2019,2,8202,11164,117
Chittoor,Andhra Pradesh,2020,5,3706,52916,259
Chittoor,Andhra Pradesh,2021,1,16061,56830,344
Chittoor,Andhra Pradesh,2022,5,10948,20378,79
Chittoor,Andhra Pradesh,2023,3,11582,64493,385
Chittoor,Andhra Pradesh,2024,2,16129,25950,261
Dr. B.R. Ambedkar Konaseema,Andhra Pradesh,2015,2,6787,32106,214
Dr. B.R. Ambedkar Konaseema,Andhra Pradesh,2016,4,6273,46527,195
Dr. B.R. Ambedkar Konaseema,Andhra Pradesh,2017,1,14707,32639,225
Dr. B.R. Ambedkar Konaseema,Andhra Pradesh,2018,4,3179,36569,375
Dr. B.R. Ambedkar Konaseema,Andhra Pradesh,2019,2,7041,74857,76
Dr. B.R. Ambedkar Konaseema,Andhra Pradesh,2020,3,9003,49679,95
Dr. B.R. Ambedkar Konaseema,Andhra Pradesh,2021,5,18341,37861,255
Dr. B.R. Ambedkar Konaseema,Andhra Pradesh,2022,2,8792,19149,58
Dr. B.R. Ambedkar Konaseema,Andhra Pradesh,2023,1,11213,50017,275
Dr. B.R. Ambedkar Konaseema,Andhra Pradesh,2024,4,4462,23066,135
East Godavari,Andhra Pradesh,2015,3,6069,24576,208
East Godavari,Andhra Pradesh,2016,5,19025,64666,370
East Godavari,Andhra Pradesh,2017,3,8186,72042,348
East Godavari,Andhra Pradesh,2018,1,3404,34217,253
East Godavari,Andhra Pradesh,2019,1,15548,31819,189
East Godavari,Andhra Pradesh,2020,2,18810,24982,307
East Godavari,Andhra Pradesh,2021,5,7652,40606,71
East Godavari,Andhra Pradesh,2022,1,14544,49351,254
East Godavari,Andhra Pradesh,2023,3,10462,43729,232
East Godavari,Andhra Pradesh,2024,2,18419,55346,334
Eluru,Andhra Pradesh,2015,2,17242,74875,101
Eluru,Andhra Pradesh,2016,1,14857,41472,290
Eluru,Andhra Pradesh,2017,5,7979,67209,88
Eluru,Andhra Pradesh,2018,1,18651,19029,77
Eluru,Andhra Pradesh,2019,5,17540,72314,142
Eluru,Andhra Pradesh,2020,3,16531,73842,206
Eluru,Andhra Pradesh,2021,5,9662,29204,116
Eluru,Andhra Pradesh,2022,1,11746,63333,163
Eluru,Andhra Pradesh,2023,2,4023,35390,297
Eluru,Andhra Pradesh,2024,2,8187,76794,382
Guntur,Andhra Pradesh,2015,1,11782,15799,125
Guntur,Andhra Pradesh,2016,5,14480,56655,300
Guntur,Andhra Pradesh,2017,5,15002,40886,131
Guntur,Andhra Pradesh,2018,3,12665,77267,223
Guntur,Andhra Pradesh,2019,2,7522,66926,363
Guntur,Andhra Pradesh,2020,4,8309,73898,187
Guntur,Andhra Pradesh,2021,4,5182,64544,139
Guntur,Andhra Pradesh,2022,1,15968,26069,147
Guntur,Andhra Pradesh,2023,4,6252,78987,372
Guntur,Andhra Pradesh,2024,5,3129,63271,118
Kakinada,Andhra Pradesh,2015,1,12392,63137,237
Kakinada,Andhra Pradesh,2016,5,18019,79628,308
Kakinada,Andhra Pradesh,2017,4,5309,60313,345
Kakinada,Andhra Pradesh,2018,4,4337,76875,112
Kakinada,Andhra Pradesh,2019,4,10064,75515,160
Kakinada,Andhra Pradesh,2020,4,4979,37177,147
Kakinada,Andhra Pradesh,2021,3,10391,44455,123
Kakinada,Andhra Pradesh,2022,3,19458,23672,350
Kakinada,Andhra Pradesh,2023,5,18208,34343,298
Kakinada,Andhra Pradesh,2024,3,17432,20173,131
Krishna,Andhra Pradesh,2015,3,19429,72224,334
Krishna,Andhra Pradesh,2016,2,16539,57600,156
Krishna,Andhra Pradesh,2017,2,17757,52258,121
Krishna,Andhra Pradesh,2018,4,15135,76768,153
Krishna,Andhra Pradesh,2019,5,11870,32828,260
Krishna,Andhra Pradesh,2020,5,18061,77629,238
Krishna,Andhra Pradesh,2021,1,3962,64727,228
Krishna,Andhra Pradesh,2022,4,11228,28912,278
Krishna,Andhra Pradesh,2023,2,18079,59639,366
Krishna,Andhra Pradesh,2024,3,4797,56335,97
Kurnool,Andhra Pradesh,2015,2,5293,35767,322
Kurnool,Andhra Pradesh,2016,4,5914,38575,74
Kurnool,Andhra Pradesh,2017,3,15724,68166,329
Kurnool,Andhra Pradesh,2018,5,19865,18984,238
Kurnool,Andhra Pradesh,2019,4,19031,48616,373
Kurnool,Andhra Pradesh,2020,4,5763,65391,150
Kurnool,Andhra Pradesh,2021,3,5741,51922,336
Kurnool,Andhra Pradesh,2022,3,11165,10368,277
Kurnool,Andhra Pradesh,2023,4,6201,66100,170
Kurnool,Andhra Pradesh,2024,1,9939,20456,125
Nandyal,Andhra Pradesh,2015,1,16340,15173,109
Nandyal,Andhra Pradesh,2016,4,6133,61284,378
Nandyal,Andhra Pradesh,2017,3,15610,20272,386
Nandyal,Andhra Pradesh,2018,4,9096,14536,341
Nandyal,Andhra Pradesh,2019,4,16328,59706,272
Nandyal,Andhra Pradesh,2020,1,6315,52304,327
Nandyal,Andhra Pradesh,2021,5,18974,29113,302
Nandyal,Andhra Pradesh,2022,1,8257,30630,395
Nandyal,Andhra Pradesh,2023,1,18635,34510,113
Nandyal,Andhra Pradesh,2024,2,13042,42106,130
Ntr,Andhra Pradesh,2015,1,16378,33054,366
Ntr,Andhra Pradesh,2016,3,13993,18101,65
Ntr,Andhra Pradesh,2017,3,11400,66004,216
Ntr,Andhra Pradesh,2018,2,8421,55450,115
Ntr,Andhra Pradesh,2019,3,3475,28322,78
Ntr,Andhra Pradesh,2020,1,6232,54568,179
Ntr,Andhra Pradesh,2021,5,15589,11729,136
Ntr,Andhra Pradesh,2022,1,9622,26019,399
Ntr,Andhra Pradesh,2023,5,16056,49317,205
Ntr,Andhra Pradesh,2024,4,19283,18147,102
Palnadu,Andhra Pradesh,2015,1,5875,38983,300
Palnadu,Andhra Pradesh,2016,1,5175,34648,87
Palnadu,Andhra Pradesh,2017,2,12760,19330,311
Palnadu,Andhra Pradesh,2018,3,16118,31155,347
Palnadu,Andhra Pradesh,2019,4,7259,72117,262
Palnadu,Andhra Pradesh,2020,2,17983,19113,307
Palnadu,Andhra Pradesh,2021,4,19228,46337,234
Palnadu,Andhra Pradesh,2022,4,16068,67261,54
Palnadu,Andhra Pradesh,2023,1,9712,24676,183
Palnadu,Andhra Pradesh,2024,2,19885,53154,270
Parvathipuram Manyam,Andhra Pradesh,2015,3,6891,36399,137
Parvathipuram Manyam,Andhra Pradesh,2016,1,11300,25954,152
Parvathipuram Manyam,Andhra Pradesh,2017,2,8929,21113,125
Parvathipuram Manyam,Andhra Pradesh,2018,5,10958,61720,200
Parvathipuram Manyam,Andhra Pradesh,2019,1,15789,23164,141
Parvathipuram Manyam,Andhra Pradesh,2020,4,18159,71547,394
Parvathipuram Manyam,Andhra Pradesh,2021,1,19625,65059,67
Parvathipuram Manyam,Andhra Pradesh,2022,3,3835,77654,319
Parvathipuram Manyam,Andhra Pradesh,2023,1,4333,37719,380
Parvathipuram Manyam,Andhra Pradesh,2024,2,12955,55668,60
Prakasam,Andhra Pradesh,2015,4,16250,18775,132
Prakasam,Andhra Pradesh,2016,5,5694,11595,138
Prakasam,Andhra Pradesh,2017,4,14870,74178,383
Prakasam,Andhra Pradesh,2018,5,8038,36970,58
Prakasam,Andhra Pradesh,2019,5,5570,47122,119
Prakasam,Andhra Pradesh,2020,3,10764,72951,281
Prakasam,Andhra Pradesh,2021,4,16993,24668,68
Prakasam,Andhra Pradesh,2022,2,5199,50322,118
Prakasam,Andhra Pradesh,2023,1,4816,67254,147
Prakasam,Andhra Pradesh,2024,5,17363,60880,163
Sri Potti Sriramulu Nellore,Andhra Pradesh,2015,5,10992,57966,54
Sri Potti Sriramulu Nellore,Andhra Pradesh,2016,5,14264,25125,291
Sri Potti Sriramulu Nellore,Andhra Pradesh,2017,1,9537,54866,169
Sri Potti Sriramulu Nellore,Andhra Pradesh,2018,2,13657,48301,70
Sri Potti Sriramulu Nellore,Andhra Pradesh,2019,2,6689,50196,366
Sri Potti Sriramulu Nellore,Andhra Pradesh,2020,4,11365,74487,331
Sri Potti Sriramulu Nellore,Andhra Pradesh,2021,1,3657,60911,360
Sri Potti Sriramulu Nellore,Andhra Pradesh,2022,2,10384,12034,158
Sri Potti Sriramulu Nellore,Andhra Pradesh,2023,5,18051,23009,149
Sri Potti Sriramulu Nellore,Andhra Pradesh,2024,3,3750,62815,341
Sri Sathya Sai,Andhra Pradesh,2015,4,11650,64018,345
Sri Sathya Sai,Andhra Pradesh,2016,1,14737,59571,141
Sri Sathya Sai,Andhra Pradesh,2017,4,10237,19668,303
Sri Sathya Sai,Andhra Pradesh,2018,1,16503,79603,62
Sri Sathya Sai,Andhra Pradesh,2019,2,15493,78390,207
Sri Sathya Sai,Andhra Pradesh,2020,4,14689,33364,354
Sri Sathya Sai,Andhra Pradesh,2021,2,13866,60845,211
Sri Sathya Sai,Andhra Pradesh,2022,3,19767,40745,225
Sri Sathya Sai,Andhra Pradesh,2023,4,12690,40745,364
Sri Sathya Sai,Andhra Pradesh,2024,5,4116,64457,204
Srikakulam,Andhra Pradesh,2015,4,17993,45493,297
Srikakulam,Andhra Pradesh,2016,3,13642,74909,151
Srikakulam,Andhra Pradesh,2017,1,3774,43699,197
Srikakulam,Andhra Pradesh,2018,5,19192,78518,100
Srikakulam,Andhra Pradesh,2019,1,19966,44884,120
Srikakulam,Andhra Pradesh,2020,4,4369,39738,215
Srikakulam,Andhra Pradesh,2021,2,19742,24123,231
Srikakulam,Andhra Pradesh,2022,4,6877,23050,362
Srikakulam,Andhra Pradesh,2023,4,5933,50893,190
Srikakulam,Andhra Pradesh,2024,4,7609,63595,146
Tirupati,Andhra Pradesh,2015,1,9058,60121,57
Tirupati,Andhra Pradesh,2016,4,18145,55795,108
Tirupati,Andhra Pradesh,2017,3,18264,30421,392
Tirupati,Andhra Pradesh,2018,1,12507,71411,169
Tirupati,Andhra Pradesh,2019,4,17291,39600,391
Tirupati,Andhra Pradesh,2020,1,9499,48634,238
Tirupati,Andhra Pradesh,2021,2,4294,58535,314
Tirupati,Andhra Pradesh,2022,5,18930,56059,249
Tirupati,Andhra Pradesh,2023,5,12612,10274,195
Tirupati,Andhra Pradesh,2024,2,14807,35333,62
Visakhapatnam,Andhra Pradesh,2015,1,8082,67426,156
Visakhapatnam,Andhra Pradesh,2016,3,16197,25179,299
Visakhapatnam,Andhra Pradesh,2017,2,6356,37790,236
Visakhapatnam,Andhra Pradesh,2018,3,18640,55159,365
Visakhapatnam,Andhra Pradesh,2019,5,6323,24845,167
Visakhapatnam,Andhra Pradesh,2020,2,9828,76465,272
Visakhapatnam,Andhra Pradesh,2021,4,12002,75781,316
Visakhapatnam,Andhra Pradesh,2022,4,18073,26527,152
Visakhapatnam,Andhra Pradesh,2023,2,15782,12312,138
Visakhapatnam,Andhra Pradesh,2024,4,8245,42187,243
Vizianagaram,Andhra Pradesh,2015,5,15296,58768,55
Vizianagaram,Andhra Pradesh,2016,5,4875,30180,191
Vizianagaram,Andhra Pradesh,2017,1,6779,69193,253
Vizianagaram,Andhra Pradesh,2018,4,14768,43629,351
Vizianagaram,Andhra Pradesh,2019,1,18465,19279,162
Vizianagaram,Andhra Pradesh,2020,1,14670,42730,187
Vizianagaram,Andhra Pradesh,2021,2,8538,70950,399
Vizianagaram,Andhra Pradesh,2022,3,9518,34021,69
Vizianagaram,Andhra Pradesh,2023,3,10324,61041,314
Vizianagaram,Andhra Pradesh,2024,3,17570,36097,145
Anjaw,Arunachal Pradesh,2015,0,2575,13256,62
Anjaw,Arunachal Pradesh,2016,0,4411,10934,57
Anjaw,Arunachal Pradesh,2017,0,3612,1480,31
Anjaw,Arunachal Pradesh,2018,0,3519,4057,28
Anjaw,Arunachal Pradesh,2019,1,4165,5036,40
Anjaw,Arunachal Pradesh,2020,0,4439,11115,98
Anjaw,Arunachal Pradesh,2021,2,1504,10750,16
Anjaw,Arunachal Pradesh,2022,1,3332,5215,73
Anjaw,Arunachal Pradesh,2023,1,4677,8805,37
Anjaw,Arunachal Pradesh,2024,2,3417,12607,33
Bichom,Arunachal Pradesh,2015,0,2022,5444,69
Bichom,Arunachal Pradesh,2016,1,3945,2384,35
Bichom,Arunachal Pradesh,2017,2,4247,11233,96
Bichom,Arunachal Pradesh,2018,2,2897,3127,70
Bichom,Arunachal Pradesh,2019,0,3629,7870,45
Bichom,Arunachal Pradesh,2020,1,525,10036,28
Bichom,Arunachal Pradesh,2021,2,4086,5588,100
Bichom,Arunachal Pradesh,2022,1,3915,4328,12
Bichom,Arunachal Pradesh,2023,0,1786,6650,58
Bichom,Arunachal Pradesh,2024,2,2297,7216,13
Changlang,Arunachal Pradesh,2015,0,4241,9789,81
Changlang,Arunachal Pradesh,2016,2,2907,4056,16
Changlang,Arunachal Pradesh,2017,2,3017,13843,58
Changlang,Arunachal Pradesh,2018,1,4394,9542,94
Changlang,Arunachal Pradesh,2019,1,2625,13784,87
Changlang,Arunachal Pradesh,2020,1,701,6729,31
Changlang,Arunachal Pradesh,2021,2,2383,12285,69
Changlang,Arunachal Pradesh,2022,1,3184,3825,85
Changlang,Arunachal Pradesh,2023,2,1971,13075,85
Changlang,Arunachal Pradesh,2024,1,4121,13799,76
Dibang Valley,Arunachal Pradesh,2015,1,1320,5584,13
Dibang Valley,Arunachal Pradesh,2016,2,4257,9880,61
Dibang Valley,Arunachal Pradesh,2017,2,1863,2077,92
Dibang Valley,Arunachal Pradesh,2018,1,1732,12426,33
Dibang Valley,Arunachal Pradesh,2019,1,1901,7888,85
Dibang Valley,Arunachal Pradesh,2020,0,4383,8290,65
Dibang Valley,Arunachal Pradesh,2021,0,2655,8047,43
Dibang Valley,Arunachal Pradesh,2022,1,3119,5368,13
Dibang Valley,Arunachal Pradesh,2023,0,1133,9113,83
Dibang Valley,Arunachal Pradesh,2024,2,3862,6382,23
East Kameng,Arunachal Pradesh,2015,1,883,11636,82
East Kameng,Arunachal Pradesh,2016,2,987,6741,27
East Kameng,Arunachal Pradesh,2017,2,4105,14244,23
East Kameng,Arunachal Pradesh,2018,2,1253,3840,32
East Kameng,Arunachal Pradesh,2019,2,3635,3558,28
East Kameng,Arunachal Pradesh,2020,2,4711,12407,92
East Kameng,Arunachal Pradesh,2021,0,3944,1957,86
East Kameng,Arunachal Pradesh,2022,2,3142,3329,39
East Kameng,Arunachal Pradesh,2023,2,4970,9395,23
East Kameng,Arunachal Pradesh,2024,0,4135,12690,97
East Siang,Arunachal Pradesh,2015,0,2122,1302,28
East Siang,Arunachal Pradesh,2016,1,612,14484,58
East Siang,Arunachal Pradesh,2017,0,3404,4692,18
East Siang,Arunachal Pradesh,2018,2,2067,12279,98
East Siang,Arunachal Pradesh,2019,1,3410,11929,68
East Siang,Arunachal Pradesh,2020,2,2687,6442,90
East Siang,Arunachal Pradesh,2021,0,2906,5452,38
East Siang,Arunachal Pradesh,2022,2,3012,11453,17
East Siang,Arunachal Pradesh,2023,1,1298,7899,16
East Siang,Arunachal Pradesh,2024,0,4801,2993,33
Kamle,Arunachal Pradesh,2015,2,1398,6185,40
Kamle,Arunachal Pradesh,2016,0,819,3083,10
Kamle,Arunachal Pradesh,2017,0,3520,8331,62
Kamle,Arunachal Pradesh,2018,2,3371,4209,51
Kamle,Arunachal Pradesh,2019,0,4573,2463,38
Kamle,Arunachal Pradesh,2020,0,1091,5848,49
Kamle,Arunachal Pradesh,2021,0,833,13835,25
Kamle,Arunachal Pradesh,2022,2,1993,3955,73
Kamle,Arunachal Pradesh,2023,0,3776,8437,51
Kamle,Arunachal Pradesh,2024,1,4314,4569,84
Keyi Panyor,Arunachal Pradesh,2015,0,2544,11145,25
Keyi Panyor,Arunachal Pradesh,2016,1,1129,9204,57
Keyi Panyor,Arunachal Pradesh,2017,2,3972,3997,29
Keyi Panyor,Arunachal Pradesh,2018,2,2901,14586,81
Keyi Panyor,Arunachal Pradesh,2019,0,1520,7833,56
Keyi Panyor,Arunachal Pradesh,2020,2,2241,12669,62
Keyi Panyor,Arunachal Pradesh,2021,1,4167,11739,94
Keyi Panyor,Arunachal Pradesh,2022,1,4905,1392,99
Keyi Panyor,Arunachal Pradesh,2023,1,1817,9166,71
Keyi Panyor,Arunachal Pradesh,2024,0,3227,3093,24
Kra Daadi,Arunachal Pradesh,2015,0,3929,8773,58
Kra Daadi,Arunachal Pradesh,2016,1,861,13219,22
Kra Daadi,Arunachal Pradesh,2017,1,1505,2968,39
Kra Daadi,Arunachal Pradesh,2018,2,2341,9435,13
Kra Daadi,Arunachal Pradesh,2019,0,4318,14644,66
Kra Daadi,Arunachal Pradesh,2020,0,1904,8974,13
Kra Daadi,Arunachal Pradesh,2021,2,3122,13450,62
Kra Daadi,Arunachal Pradesh,2022,1,3868,9154,16
Kra Daadi,Arunachal Pradesh,2023,2,2801,14574,24
Kra Daadi,Arunachal Pradesh,2024,2,3962,5720,79
Kurung Kumey,Arunachal Pradesh,2015,0,3979,14585,29
Kurung Kumey,Arunachal Pradesh,2016,1,4458,10450,86
Kurung Kumey,Arunachal Pradesh,2017,0,3967,14452,21
Kurung Kumey,Arunachal Pradesh,2018,2,2840,12057,42
Kurung Kumey,Arunachal Pradesh,2019,0,4763,5813,96
Kurung Kumey,Arunachal Pradesh,2020,0,1704,13094,72
Kurung Kumey,Arunachal Pradesh,2021,0,3063,3078,39
Kurung Kumey,Arunachal Pradesh,2022,1,4462,6852,15
Kurung Kumey,Arunachal Pradesh,2023,1,1760,8119,47
Kurung Kumey,Arunachal Pradesh,2024,1,2566,11786,89
Leparada,Arunachal Pradesh,2015,2,1184,9749,40
Leparada,Arunachal Pradesh,2016,2,3847,13491,84
Leparada,Arunachal Pradesh,2017,1,3932,2277,32
Leparada,Arunachal Pradesh,2018,0,1390,3358,62
Leparada,Arunachal Pradesh,2019,2,4708,7459,56
Leparada,Arunachal Pradesh,2020,1,1564,9827,24
Leparada,Arunachal Pradesh,2021,1,3093,6714,60
Leparada,Arunachal Pradesh,2022,0,1863,2481,100
Leparada,Arunachal Pradesh,2023,1,4642,14876,28
Leparada,Arunachal Pradesh,2024,0,2866,11639,76
Lohit,Arunachal Pradesh,2015,0,4487,3958,48
Lohit,Arunachal Pradesh,2016,2,662,1092,82
Lohit,Arunachal Pradesh,2017,0,3117,1556,33
Lohit,Arunachal Pradesh,2018,1,1204,5256,12
Lohit,Arunachal Pradesh,2019,1,2917,5391,18
Lohit,Arunachal Pradesh,2020,2,3007,8980,79
Lohit,Arunachal Pradesh,2021,2,3696,14920,70
Lohit,Arunachal Pradesh,2022,2,3535,3305,43
Lohit,Arunachal Pradesh,2023,1,2726,3392,53
Lohit,Arunachal Pradesh,2024,2,4291,8060,98
Longding,Arunachal Pradesh,2015,2,3506,6908,25
Longding,Arunachal Pradesh,2016,2,3996,12589,16
Longding,Arunachal Pradesh,2017,2,1279,8322,49
Longding,Arunachal Pradesh,2018,0,4083,13448,83
Longding,Arunachal Pradesh,2019,0,1170,4682,97
Longding,Arunachal Pradesh,2020,0,609,14245,54
Longding,Arunachal Pradesh,2021,1,1631,12711,100
Longding,Arunachal Pradesh,2022,2,3925,4780,26
Longding,Arunachal Pradesh,2023,2,572,1201,56
Longding,Arunachal Pradesh,2024,1,3308,14232,74
Lower Dibang Valley,Arunachal Pradesh,2015,1,1021,12799,97
Lower Dibang Valley,Arunachal Pradesh,2016,2,3093,14714,89
Lower Dibang Valley,Arunachal Pradesh,2017,1,2077,8539,12
Lower Dibang Valley,Arunachal Pradesh,2018,1,1779,5219,10
Lower Dibang Valley,Arunachal Pradesh,2019,1,2390,10202,24
Lower Dibang Valley,Arunachal Pradesh,2020,1,3987,2141,29
Lower Dibang Valley,Arunachal Pradesh,2021,0,2646,5977,19
Lower Dibang Valley,Arunachal Pradesh,2022,2,1620,14045,48
Lower Dibang Valley,Arunachal Pradesh,2023,0,4567,11042,89
Lower Dibang Valley,Arunachal Pradesh,2024,1,2792,12551,24
Lower Siang,Arunachal Pradesh,2015,2,1609,8506,78
Lower Siang,Arunachal Pradesh,2016,0,4611,5184,54
Lower Siang,Arunachal Pradesh,2017,2,2757,8897,80
Lower Siang,Arunachal Pradesh,2018,2,2422,1140,89
Lower Siang,Arunachal Pradesh,2019,1,4780,1603,12
Lower Siang,Arunachal Pradesh,2020,1,2048,13572,58
Lower Siang,Arunachal Pradesh,2021,2,3545,11409,30
Lower Siang,Arunachal Pradesh,2022,2,2935,3040,16
Lower Siang,Arunachal Pradesh,2023,0,4381,10823,34
Lower Siang,Arunachal Pradesh,2024,0,3643,6541,67
Lower Subansiri,Arunachal Pradesh,2015,0,4616,9765,76
Lower Subansiri,Arunachal Pradesh,2016,0,2592,7365,30
Lower Subansiri,Arunachal Pradesh,2017,2,2204,1663,46
Lower Subansiri,Arunachal Pradesh,2018,1,2687,2621,35
Lower Subansiri,Arunachal Pradesh,2019,0,4770,10671,76
Lower Subansiri,Arunachal Pradesh,2020,0,4295,4320,94
Lower Subansiri,Arunachal Pradesh,2021,2,846,4648,32
Lower Subansiri,Arunachal Pradesh,2022,2,2151,13505,38
Lower Subansiri,Arunachal Pradesh,2023,1,4751,6899,19
Lower Subansiri,Arunachal Pradesh,2024,2,4178,8607,96
Namsai,Arunachal Pradesh,2015,2,3261,4190,71
Namsai,Arunachal Pradesh,2016,0,1323,14075,13
Namsai,Arunachal Pradesh,2017,1,3148,13600,41
Namsai,Arunachal Pradesh,2018,2,1647,3365,58
Namsai,Arunachal Pradesh,2019,2,4419,11183,44
Namsai,Arunachal Pradesh,2020,1,3732,13152,82
Namsai,Arunachal Pradesh,2021,2,4776,14552,64
Namsai,Arunachal Pradesh,2022,2,4092,2202,20
Namsai,Arunachal Pradesh,2023,0,4686,3460,78
Namsai,Arunachal Pradesh,2024,1,2189,9471,98
Pakke Kessang,Arunachal Pradesh,2015,0,2120,2419,95
Pakke Kessang,Arunachal Pradesh,2016,0,1736,1030,23
Pakke Kessang,Arunachal Pradesh,2017,1,2384,11241,94
Pakke Kessang,Arunachal Pradesh,2018,2,3990,9935,31
Pakke Kessang,Arunachal Pradesh,2019,1,2840,7902,71
Pakke Kessang,Arunachal Pradesh,2020,0,2828,10529,38
Pakke Kessang,Arunachal Pradesh,2021,2,3459,11101,73
Pakke Kessang,Arunachal Pradesh,2022,2,3947,4949,86
Pakke Kessang,Arunachal Pradesh,2023,1,2798,12647,78
Pakke Kessang,Arunachal Pradesh,2024,2,1880,14562,85
Papum Pare,Arunachal Pradesh,2015,0,633,4823,92
Papum Pare,Arunachal Pradesh,2016,0,3184,11282,16
Papum Pare,Arunachal Pradesh,2017,2,4391,6035,23
Papum Pare,Arunachal Pradesh,2018,0,3184,9991,85
Papum Pare,Arunachal Pradesh,2019,1,3577,10489,44
Papum Pare,Arunachal Pradesh,2020,1,2484,2689,22
Papum Pare,Arunachal Pradesh,2021,1,3183,14382,79
Papum Pare,Arunachal Pradesh,2022,0,4159,6457,58
Papum Pare,Arunachal Pradesh,2023,0,4777,13409,86
Papum Pare,Arunachal Pradesh,2024,2,1369,8056,44
Shi Yomi,Arunachal Pradesh,2015,2,4313,11940,47
Shi Yomi,Arunachal Pradesh,2016,2,600,12846,34
Shi Yomi,Arunachal Pradesh,2017,2,3552,14256,10
Shi Yomi,Arunachal Pradesh,2018,0,4476,10947,10
Shi Yomi,Arunachal Pradesh,2019,1,1938,14430,72
Shi Yomi,Arunachal Pradesh,2020,0,1885,5698,67
Shi Yomi,Arunachal Pradesh,2021,2,1118,13740,16
Shi Yomi,Arunachal Pradesh,2022,0,2181,9338,46
Shi Yomi,Arunachal Pradesh,2023,0,2133,7730,29
Shi Yomi,Arunachal Pradesh,2024,1,3697,14907,74
Siang,Arunachal Pradesh,2015,1,538,9062,51
Siang,Arunachal Pradesh,2016,1,1681,14643,83
Siang,Arunachal Pradesh,2017,1,3056,8438,32
Siang,Arunachal Pradesh,2018,2,2075,2728,50
Siang,Arunachal Pradesh,2019,2,1743,12262,92
Siang,Arunachal Pradesh,2020,2,3718,13453,28
Siang,Arunachal Pradesh,2021,1,4042,5344,97
Siang,Arunachal Pradesh,2022,1,4755,9679,78
Siang,Arunachal Pradesh,2023,0,2389,3993,71
Siang,Arunachal Pradesh,2024,1,553,6344,21
Tawang,Arunachal Pradesh,2015,0,507,8512,45
Tawang,Arunachal Pradesh,2016,0,3769,14215,74
Tawang,Arunachal Pradesh,2017,2,533,8896,62
Tawang,Arunachal Pradesh,2018,2,4654,6689,34
Tawang,Arunachal Pradesh,2019,0,3456,5456,22
Tawang,Arunachal Pradesh,2020,0,2349,7441,15
Tawang,Arunachal Pradesh,2021,0,2415,5991,35
Tawang,Arunachal Pradesh,2022,2,3950,10419,33
Tawang,Arunachal Pradesh,2023,2,4826,1364,60
Tawang,Arunachal Pradesh,2024,1,892,1791,69
Tirap,Arunachal Pradesh,2015,1,4018,4606,13
Tirap,Arunachal Pradesh,2016,0,4697,5768,20
Tirap,Arunachal Pradesh,2017,1,747,3760,16
Tirap,Arunachal Pradesh,2018,1,4156,3206,12
Tirap,Arunachal Pradesh,2019,0,2465,6435,56
Tirap,Arunachal Pradesh,2020,0,1058,8086,91
Tirap,Arunachal Pradesh,2021,2,3614,3789,68
Tirap,Arunachal Pradesh,2022,1,605,4688,10
Tirap,Arunachal Pradesh,2023,1,4357,1331,48
Tirap,Arunachal Pradesh,2024,0,1180,7826,71
Upper Siang,Arunachal Pradesh,2015,0,897,2085,16
Upper Siang,Arunachal Pradesh,2016,0,548,9747,59
Upper Siang,Arunachal Pradesh,2017,1,1238,8430,80
Upper Siang,Arunachal Pradesh,2018,2,3491,13740,11
Upper Siang,Arunachal Pradesh,2019,0,2104,13089,88
Upper Siang,Arunachal Pradesh,2020,0,1633,13090,65
Upper Siang,Arunachal Pradesh,2021,2,1556,11880,67
Upper Siang,Arunachal Pradesh,2022,2,512,2325,17
Upper Siang,Arunachal Pradesh,2023,2,2257,5550,98
Upper Siang,Arunachal Pradesh,2024,2,2856,7182,75
Upper Subansiri,Arunachal Pradesh,2015,2,4765,3025,82
Upper Subansiri,Arunachal Pradesh,2016,0,3837,7630,68
Upper Subansiri,Arunachal Pradesh,2017,0,3458,10791,98
Upper Subansiri,Arunachal Pradesh,2018,1,4435,3661,64
Upper Subansiri,Arunachal Pradesh,2019,1,4747,3533,33
Upper Subansiri,Arunachal Pradesh,2020,2,4771,14074,25
Upper Subansiri,Arunachal Pradesh,2021,0,2109,4813,29
Upper Subansiri,Arunachal Pradesh,2022,2,2747,1789,72
Upper Subansiri,Arunachal Pradesh,2023,1,1770,6004,50
Upper Subansiri,Arunachal Pradesh,2024,1,3726,5211,34
Bajali,Assam,2015,5,36462,83372,489
Bajali,Assam,2016,7,13649,170325,169
Bajali,Assam,2017,4,30796,198372,430
Bajali,Assam,2018,6,29238,127621,638
Bajali,Assam,2019,4,13862,147018,854
Bajali,Assam,2020,6,28603,120523,559
Bajali,Assam,2021,9,13783,78664,605
Bajali,Assam,2022,10,67965,233520,1339
Bajali,Assam,2023,9,23998,79163,315
Bajali,Assam,2024,6,37438,84796,430
Baksa,Assam,2015,5,47965,179304,843
Baksa,Assam,2016,3,38972,187406,578
Baksa,Assam,2017,4,31896,56307,227
Baksa,Assam,2018,8,45550,76207,914
Baksa,Assam,2019,3,41142,64777,787
Baksa,Assam,2020,4,18000,73078,602
Baksa,Assam,2021,8,35029,192401,707
Baksa,Assam,2022,6,55030,229840,1155
Baksa,Assam,2023,8,13372,132735,234
Baksa,Assam,2024,8,16367,57647,915
Barpeta,Assam,2015,7,24459,92736,853
Barpeta,Assam,2016,9,43812,52325,929
Barpeta,Assam,2017,3,34641,143177,281
Barpeta,Assam,2018,3,12956,181876,666
Barpeta,Assam,2019,7,19859,110973,880
Barpeta,Assam,2020,3,19021,59733,934
Barpeta,Assam,2021,9,30790,140252,569
Barpeta,Assam,2022,9,53857,103897,1105
Barpeta,Assam,2023,3,44264,183535,810
Barpeta,Assam,2024,4,33257,175782,485
Biswanath,Assam,2015,6,28587,58296,945
Biswanath,Assam,2016,5,10044,111111,634
Biswanath,Assam,2017,9,35918,160130,928
Biswanath,Assam,2018,4,30992,112903,540
Biswanath,Assam,2019,6,28200,75019,846
Biswanath,Assam,2020,8,16204,166014,777
Biswanath,Assam,2021,8,38878,133860,857
Biswanath,Assam,2022,7,73126,170661,1489
Biswanath,Assam,2023,6,33287,157556,751
Biswanath,Assam,2024,5,33436,178478,974
Bongaigaon,Assam,2015,9,41822,195970,963
Bongaigaon,Assam,2016,5,18341,163374,228
Bongaigaon,Assam,2017,6,13852,184143,930
Bongaigaon,Assam,2018,5,32291,69646,250
Bongaigaon,Assam,2019,5,23004,78965,450
Bongaigaon,Assam,2020,8,39952,96269,303
Bongaigaon,Assam,2021,4,23471,149417,548
Bongaigaon,Assam,2022,12,46411,257794,1233
Bongaigaon,Assam,2023,8,44525,61657,346
Bongaigaon,Assam,2024,7,45305,126039,238
Cachar,Assam,2015,6,11116,192652,625
Cachar,Assam,2016,8,47722,160159,688
Cachar,Assam,2017,7,23148,66848,556
Cachar,Assam,2018,7,19344,63048,195
Cachar,Assam,2019,3,34984,61243,396
Cachar,Assam,2020,4,15842,54475,974
Cachar,Assam,2021,5,28809,170897,495
Cachar,Assam,2022,12,57378,237339,855
Cachar,Assam,2023,3,36403,164871,317
Cachar,Assam,2024,9,12960,67129,385
Charaideo,Assam,2015,7,27791,137465,460
Charaideo,Assam,2016,7,32283,170286,559
Charaideo,Assam,2017,6,28074,85901,943
Charaideo,Assam,2018,6,34584,78735,170
Charaideo,Assam,2019,8,15972,78363,311
Charaideo,Assam,2020,8,16487,149366,581
Charaideo,Assam,2021,4,29949,87038,757
Charaideo,Assam,2022,12,31132,227223,534
Charaideo,Assam,2023,5,42792,137517,574
Charaideo,Assam,2024,4,34189,180298,370
Chirang,Assam,2015,9,29644,88615,607
Chirang,Assam,2016,9,14842,154861,635
Chirang,Assam,2017,6,35479,65171,333
Chirang,Assam,2018,6,18619,118811,380
Chirang,Assam,2019,3,15373,188343,366
Chirang,Assam,2020,9,26998,128923,205
Chirang,Assam,2021,7,33476,197845,622
Chirang,Assam,2022,4,18567,148714,1450
Chirang,Assam,2023,7,30481,123161,449
Chirang,Assam,2024,3,48295,119958,424
Darrang,Assam,2015,3,16964,155982,643
Darrang,Assam,2016,9,16367,168169,363
Darrang,Assam,2017,9,20368,142456,329
Darrang,Assam,2018,8,39471,57559,696
Darrang,Assam,2019,6,12083,89583,625
Darrang,Assam,2020,3,12750,81991,986
Darrang,Assam,2021,7,23103,134591,879
Darrang,Assam,2022,9,64501,249891,1050
Darrang,Assam,2023,8,20770,175127,808
Darrang,Assam,2024,8,40491,107622,832
Dhemaji,Assam,2015,3,43657,87232,899
Dhemaji,Assam,2016,5,48571,73799,865
Dhemaji,Assam,2017,3,29105,164049,307
Dhemaji,Assam,2018,3,34750,102148,794
Dhemaji,Assam,2019,3,40872,69345,670
Dhemaji,Assam,2020,4,44440,144031,900
Dhemaji,Assam,2021,3,26240,105217,505
Dhemaji,Assam,2022,12,27706,219507,265
Dhemaji,Assam,2023,3,28050,70175,374
Dhemaji,Assam,2024,7,32252,136157,908
Dhubri,Assam,2015,3,40335,60567,266
Dhubri,Assam,2016,3,27323,87794,902
Dhubri,Assam,2017,5,14565,184513,899
Dhubri,Assam,2018,5,34916,63632,721
Dhubri,Assam,2019,9,16433,164969,606
Dhubri,Assam,2020,6,14925,71952,152
Dhubri,Assam,2021,6,28562,50547,295
Dhubri,Assam,2022,9,43921,151608,630
Dhubri,Assam,2023,9,11632,119577,154
Dhubri,Assam,2024,9,46279,94413,362
Dibrugarh,Assam,2015,9,28179,95060,877
Dibrugarh,Assam,2016,7,30923,135624,707
Dibrugarh,Assam,2017,4,27415,151874,870
Dibrugarh,Assam,2018,9,27226,173654,565
Dibrugarh,Assam,2019,9,34637,169513,578
Dibrugarh,Assam,2020,5,16697,155300,274
Dibrugarh,Assam,2021,7,34256,172134,522
Dibrugarh,Assam,2022,9,56368,277687,702
Dibrugarh,Assam,2023,7,13965,74006,850
Dibrugarh,Assam,2024,7,14545,175028,705
Dima Hasao,Assam,2015,8,14010,63837,709
Dima Hasao,Assam,2016,6,43283,181771,346
Dima Hasao,Assam,2017,5,25470,83436,840
Dima Hasao,Assam,2018,7,21844,54969,307
Dima Hasao,Assam,2019,9,41158,117190,412
Dima Hasao,Assam,2020,5,35302,91143,524
Dima Hasao,Assam,2021,9,24506,140828,986
Dima Hasao,Assam,2022,6,15562,254784,1452
Dima Hasao,Assam,2023,7,14962,197751,924
Dima Hasao,Assam,2024,3,33245,169555,771
Goalpara,Assam,2015,3,23999,87917,460
Goalpara,Assam,2016,8,25584,180089,174
Goalpara,Assam,2017,8,12526,76276,482
Goalpara,Assam,2018,7,31649,64958,685
Goalpara,Assam,2019,8,40721,147245,765
Goalpara,Assam,2020,3,45547,83137,687
Goalpara,Assam,2021,3,41815,103206,444
Goalpara,Assam,2022,6,58867,107046,738
Goalpara,Assam,2023,3,12304,187747,264
Goalpara,Assam,2024,8,20455,165043,170
Golaghat,Assam,2015,7,46957,190585,481
Golaghat,Assam,2016,7,33503,152648,624
Golaghat,Assam,2017,9,48393,119248,362
Golaghat,Assam,2018,6,21650,142173,981
Golaghat,Assam,2019,4,39043,75211,848
Golaghat,Assam,2020,7,43511,171776,356
Golaghat,Assam,2021,4,48161,112132,217
Golaghat,Assam,2022,10,68997,181527,1249
Golaghat,Assam,2023,9,31250,80073,834
Golaghat,Assam,2024,7,12844,133776,921
Hailakandi,Assam,2015,9,47922,161101,464
Hailakandi,Assam,2016,9,26686,156390,579
Hailakandi,Assam,2017,4,36091,54846,636
Hailakandi,Assam,2018,9,14340,106425,160
Hailakandi,Assam,2019,3,49021,101365,946
Hailakandi,Assam,2020,8,43722,54871,903
Hailakandi,Assam,2021,6,32616,120790,586
Hailakandi,Assam,2022,4,48313,248112,1342
Hailakandi,Assam,2023,7,17574,162186,867
Hailakandi,Assam,2024,3,23953,168380,829
Hojai,Assam,2015,8,45319,96317,366
Hojai,Assam,2016,4,37839,146930,495
Hojai,Assam,2017,9,19459,76678,531
Hojai,Assam,2018,4,10285,133976,854
Hojai,Assam,2019,5,40711,124849,262
Hojai,Assam,2020,9,11162,57651,407
Hojai,Assam,2021,8,38344,159583,207
Hojai,Assam,2022,12,35587,200365,1402
Hojai,Assam,2023,7,14279,148845,402
Hojai,Assam,2024,5,20823,192281,920
Jorhat,Assam,2015,6,39016,121059,816
Jorhat,Assam,2016,4,31475,136020,649
Jorhat,Assam,2017,6,31625,122410,919
Jorhat,Assam,2018,8,26859,100104,975
Jorhat,Assam,2019,6,20471,126673,364
Jorhat,Assam,2020,8,30752,195488,823
Jorhat,Assam,2021,9,20750,148843,385
Jorhat,Assam,2022,7,53826,239416,706
Jorhat,Assam,2023,6,17194,95055,970
Jorhat,Assam,2024,9,39068,112032,462
Kamrup,Assam,2015,5,18015,125732,746
Kamrup,Assam,2016,7,41888,91640,314
Kamrup,Assam,2017,5,28843,114137,876
Kamrup,Assam,2018,6,49987,53046,237
Kamrup,Assam,2019,8,34231,79291,977
Kamrup,Assam,2020,5,42671,104451,576
Kamrup,Assam,2021,6,46650,120852,390
Kamrup,Assam,2022,12,22587,261255,1273
Kamrup,Assam,2023,3,35939,98367,711
Kamrup,Assam,2024,8,27316,177398,343
Kamrup Metropolitan,Assam,2015,5,46454,152349,729
Kamrup Metropolitan,Assam,2016,3,47815,88280,274
Kamrup Metropolitan,Assam,2017,8,18699,80718,368
Kamrup Metropolitan,Assam,2018,7,39017,152627,748
Kamrup Metropolitan,Assam,2019,6,39045,188172,519
Kamrup Metropolitan,Assam,2020,4,18056,82360,861
Kamrup Metropolitan,Assam,2021,9,32260,134654,238
Kamrup Metropolitan,Assam,2022,12,29862,197958,922
Kamrup Metropolitan,Assam,2023,7,22387,83465,864
Kamrup Metropolitan,Assam,2024,3,23014,50361,648
Karbi Anglong,Assam,2015,9,49882,167957,717
Karbi Anglong,Assam,2016,3,44691,73193,351
Karbi Anglong,Assam,2017,4,45663,188816,796
Karbi Anglong,Assam,2018,6,26875,63581,693
Karbi Anglong,Assam,2019,5,25086,179202,681
Karbi Anglong,Assam,2020,7,48581,77372,338
Karbi Anglong,Assam,2021,9,26943,134586,841
Karbi Anglong,Assam,2022,6,68689,142060,754
Karbi Anglong,Assam,2023,4,25924,122739,791
Karbi Anglong,Assam,2024,3,34387,184272,735
Kokrajhar,Assam,2015,5,20006,95872,976
Kokrajhar,Assam,2016,7,36111,64546,566
Kokrajhar,Assam,2017,9,47109,125045,934
Kokrajhar,Assam,2018,5,43451,96339,527
Kokrajhar,Assam,2019,8,24760,131661,758
Kokrajhar,Assam,2020,7,23701,177704,193
Kokrajhar,Assam,2021,5,48367,50882,815
Kokrajhar,Assam,2022,12,64678,276618,588
Kokrajhar,Assam,2023,4,30628,117494,321
Kokrajhar,Assam,2024,3,11985,128661,640
Lakhimpur,Assam,2015,6,15073,122669,368
Lakhimpur,Assam,2016,9,11067,173398,246
Lakhimpur,Assam,2017,3,41463,171147,829
Lakhimpur,Assam,2018,3,37130,113602,274
Lakhimpur,Assam,2019,3,19910,144495,318
Lakhimpur,Assam,2020,3,44839,179945,257
Lakhimpur,Assam,2021,5,10922,149203,687
Lakhimpur,Assam,2022,12,35718,126513,1080
Lakhimpur,Assam,2023,6,38559,163238,918
Lakhimpur,Assam,2024,3,31702,91478,831
Majuli,Assam,2015,4,14773,153193,968
Majuli,Assam,2016,6,19931,56635,777
Majuli,Assam,2017,7,19247,80322,722
Majuli,Assam,2018,5,31079,163243,804
Majuli,Assam,2019,4,25482,105393,882
Majuli,Assam,2020,3,41169,135640,331
Majuli,Assam,2021,4,34196,54408,605
Majuli,Assam,2022,10,18930,174429,559
Majuli,Assam,2023,3,47287,51655,787
Majuli,Assam,2024,9,49253,107380,754
Morigaon,Assam,2015,6,49323,164381,777
Morigaon,Assam,2016,6,17369,73126,731
Morigaon,Assam,2017,5,19631,162885,376
Morigaon,Assam,2018,3,33535,155592,402
Morigaon,Assam,2019,6,10642,183579,561
Morigaon,Assam,2020,9,11334,168992,686
Morigaon,Assam,2021,5,40313,140550,659
Morigaon,Assam,2022,12,28894,133909,474
Morigaon,Assam,2023,6,14787,102810,970
Morigaon,Assam,2024,3,16063,61162,219
Nagaon,Assam,2015,7,46848,97926,675
Nagaon,Assam,2016,3,48568,60116,783
Nagaon,Assam,2017,3,34575,67485,632
Nagaon,Assam,2018,7,38511,51768,632
Nagaon,Assam,2019,9,20534,191651,405
Nagaon,Assam,2020,3,18122,101873,363
Nagaon,Assam,2021,6,10508,168372,778
Nagaon,Assam,2022,9,31324,276249,612
Nagaon,Assam,2023,3,11279,85535,357
Nagaon,Assam,2024,3,24941,166269,928
Nalbari,Assam,2015,5,10203,148950,340
Nalbari,Assam,2016,5,10581,153366,332
Nalbari,Assam,2017,3,40021,82772,473
Nalbari,Assam,2018,6,32008,57903,851
Nalbari,Assam,2019,4,21820,181462,805
Nalbari,Assam,2020,3,33463,104927,837
Nalbari,Assam,2021,6,32169,79493,942
Nalbari,Assam,2022,10,15120,214683,1162
Nalbari,Assam,2023,9,22305,91353,739
Nalbari,Assam,2024,8,37213,113980,971
Sibsagar,Assam,2015,9,17368,116001,487
Sibsagar,Assam,2016,6,14589,183846,979
Sibsagar,Assam,2017,9,32898,199040,853
Sibsagar,Assam,2018,4,35466,93136,414
Sibsagar,Assam,2019,5,48893,127502,349
Sibsagar,Assam,2020,9,12694,179607,878
Sibsagar,Assam,2021,3,31809,55525,275
Sibsagar,Assam,2022,12,32062,83698,1275
Sibsagar,Assam,2023,9,22514,160632,887
Sibsagar,Assam,2024,5,14745,107828,525
Sonitpur,Assam,2015,3,21660,164012,806
Sonitpur,Assam,2016,8,49110,149122,363
Sonitpur,Assam,2017,4,36247,150638,613
Sonitpur,Assam,2018,9,40309,186380,379
Sonitpur,Assam,2019,7,43052,110161,668
Sonitpur,Assam,2020,7,17080,91940,726
Sonitpur,Assam,2021,6,16999,86564,164
Sonitpur,Assam,2022,7,34377,188367,840
Sonitpur,Assam,2023,8,18601,139963,442
Sonitpur,Assam,2024,3,35957,160114,201
South Salmara Mancachar,Assam,2015,6,49075,61785,599
South Salmara Mancachar,Assam,2016,9,11290,165797,504
South Salmara Mancachar,Assam,2017,6,48315,143901,381
South Salmara Mancachar,Assam,2018,7,26113,109586,668
South Salmara Mancachar,Assam,2019,5,37876,166905,919
South Salmara Mancachar,Assam,2020,8,21738,172040,440
South Salmara Mancachar,Assam,2021,3,11712,113251,523
South Salmara Mancachar,Assam,2022,9,37764,80400,1056
South Salmara Mancachar,Assam,2023,9,40597,128580,153
South Salmara Mancachar,Assam,2024,7,11806,54429,307
Sribhumi,Assam,2015,4,36148,123757,915
Sribhumi,Assam,2016,7,35140,194015,432
Sribhumi,Assam,2017,5,49805,194657,651
Sribhumi,Assam,2018,6,28015,52035,731
Sribhumi,Assam,2019,6,10133,123459,326
Sribhumi,Assam,2020,5,33775,75128,990
Sribhumi,Assam,2021,3,43011,53795,985
Sribhumi,Assam,2022,9,50449,299601,1017
Sribhumi,Assam,2023,9,33571,113839,645
Sribhumi,Assam,2024,3,44340,102904,874
Tamulpur,Assam,2015,4,10939,106783,344
Tamulpur,Assam,2016,9,39591,103119,274
Tamulpur,Assam,2017,9,14230,112867,493
Tamulpur,Assam,2018,4,43929,82279,226
Tamulpur,Assam,2019,9,23813,113260,171
Tamulpur,Assam,2020,8,25376,139327,651
Tamulpur,Assam,2021,4,48560,58145,514
Tamulpur,Assam,2022,10,18957,93033,1416
Tamulpur,Assam,2023,8,31316,65603,409
Tamulpur,Assam,2024,9,14562,115815,877
Tinsukia,Assam,2015,5,35280,85904,791
Tinsukia,Assam,2016,9,43807,69549,609
Tinsukia,Assam,2017,3,32446,60235,767
Tinsukia,Assam,2018,8,17073,178652,423
Tinsukia,Assam,2019,7,10002,113695,941
Tinsukia,Assam,2020,9,44617,109462,704
Tinsukia,Assam,2021,6,28103,77574,415
Tinsukia,Assam,2022,12,70083,223053,790
Tinsukia,Assam,2023,3,13843,198810,230
Tinsukia,Assam,2024,3,44605,74324,382
Araria,Bihar,2015,8,10861,51245,528
Araria,Bihar,2016,3,15453,131035,748
Araria,Bihar,2017,8,28218,130530,911
Araria,Bihar,2018,3,23845,155559,571
Araria,Bihar,2019,8,48739,182050,313
Araria,Bihar,2020,8,12955,81036,297
Araria,Bihar,2021,5,11074,176527,190
Araria,Bihar,2022,12,35971,251467,954
Araria,Bihar,2023,7,19319,112032,364
Araria,Bihar,2024,3,18603,54223,951
Arwal,Bihar,2015,8,46090,139638,311
Arwal,Bihar,2016,8,10962,148986,602
Arwal,Bihar,2017,5,37296,185693,539
Arwal,Bihar,2018,5,47806,110329,258
Arwal,Bihar,2019,6,28851,64148,904
Arwal,Bihar,2020,7,22419,81931,766
Arwal,Bihar,2021,8,43515,168983,209
Arwal,Bihar,2022,4,18256,273988,1045
Arwal,Bihar,2023,9,36151,83136,607
Arwal,Bihar,2024,6,23074,187176,997
Aurangabad,Bihar,2015,6,48500,85088,529
Aurangabad,Bihar,2016,9,45484,197220,550
Aurangabad,Bihar,2017,3,49323,95860,293
Aurangabad,Bihar,2018,7,48420,78598,944
Aurangabad,Bihar,2019,4,33567,192130,689
Aurangabad,Bihar,2020,9,16444,127684,367
Aurangabad,Bihar,2021,9,48610,129165,828
Aurangabad,Bihar,2022,9,27138,137509,928
Aurangabad,Bihar,2023,4,48903,190318,384
Aurangabad,Bihar,2024,9,37511,87416,351
Banka,Bihar,2015,5,16691,133193,200
Banka,Bihar,2016,9,15821,198213,387
Banka,Bihar,2017,9,17434,122412,315
Banka,Bihar,2018,3,28246,149863,617
Banka,Bihar,2019,3,21318,76238,504
Banka,Bihar,2020,3,16258,178126,173
Banka,Bihar,2021,8,13959,89866,207
Banka,Bihar,2022,9,63445,233050,1269
Banka,Bihar,2023,6,21024,158564,725
Banka,Bihar,2024,7,27986,143057,378
Begusarai,Bihar,2015,6,22673,163257,587
Begusarai,Bihar,2016,3,12795,150307,234
Begusarai,Bihar,2017,9,37132,180860,819
Begusarai,Bihar,2018,3,35723,84180,536
Begusarai,Bihar,2019,6,15358,147582,817
Begusarai,Bihar,2020,9,17361,108011,159
Begusarai,Bihar,2021,8,27030,126587,776
Begusarai,Bihar,2022,4,30109,271485,766
Begusarai,Bihar,2023,5,42236,103748,716
Begusarai,Bihar,2024,7,43806,104782,729
Bhagalpur,Bihar,2015,3,44586,167810,836
Bhagalpur,Bihar,2016,7,14152,125913,515
Bhagalpur,Bihar,2017,4,28917,113357,963
Bhagalpur,Bihar,2018,7,12250,115381,270
Bhagalpur,Bihar,2019,9,22643,146866,947
Bhagalpur,Bihar,2020,9,30242,101430,810
Bhagalpur,Bihar,2021,4,15151,106809,976
Bhagalpur,Bihar,2022,6,56178,169707,952
Bhagalpur,Bihar,2023,5,30815,57689,939
Bhagalpur,Bihar,2024,5,25801,150039,153
Bhojpur,Bihar,2015,5,14975,129785,307
Bhojpur,Bihar,2016,8,49348,60037,733
Bhojpur,Bihar,2017,7,47280,150726,877
Bhojpur,Bihar,2018,8,48921,187006,420
Bhojpur,Bihar,2019,3,48343,105949,934
Bhojpur,Bihar,2020,5,16191,147999,702
Bhojpur,Bihar,2021,5,39904,82465,955
Bhojpur,Bihar,2022,12,35674,174498,1125
Bhojpur,Bihar,2023,5,25163,71097,251
Bhojpur,Bihar,2024,5,21636,170650,510
Buxar,Bihar,2015,5,14299,58449,756
Buxar,Bihar,2016,7,31301,83038,577
Buxar,Bihar,2017,5,37474,67258,990
Buxar,Bihar,2018,6,43511,186169,986
Buxar,Bihar,2019,9,16170,148595,239
Buxar,Bihar,2020,8,37720,152043,992
Buxar,Bihar,2021,6,11563,58502,198
Buxar,Bihar,2022,10,70665,142732,1243
Buxar,Bihar,2023,8,17182,105710,969
Buxar,Bihar,2024,4,30435,121484,937
Darbhanga,Bihar,2015,3,33601,120106,205
Darbhanga,Bihar,2016,4,41412,135207,529
Darbhanga,Bihar,2017,9,25048,103583,845
Darbhanga,Bihar,2018,3,24048,139950,613
Darbhanga,Bihar,2019,9,15683,101579,229
Darbhanga,Bihar,2020,4,48431,169846,860
Darbhanga,Bihar,2021,8,26161,60356,415
Darbhanga,Bihar,2022,7,48096,240973,705
Darbhanga,Bihar,2023,9,37520,114514,465
Darbhanga,Bihar,2024,5,30040,164778,343
Gaya,Bihar,2015,8,36090,61628,370
Gaya,Bihar,2016,4,19079,155647,843
Gaya,Bihar,2017,6,25073,82326,433
Gaya,Bihar,2018,5,10776,97531,640
Gaya,Bihar,2019,9,20144,144781,569
Gaya,Bihar,2020,9,42372,50644,506
Gaya,Bihar,2021,4,42127,103611,176
Gaya,Bihar,2022,10,37930,255168,850
Gaya,Bihar,2023,5,43615,118712,919
Gaya,Bihar,2024,5,46231,146241,644
Gopalganj,Bihar,2015,3,21589,113057,232
Gopalganj,Bihar,2016,5,10462,75710,322
Gopalganj,Bihar,2017,3,33199,76546,872
Gopalganj,Bihar,2018,7,48346,90046,909
Gopalganj,Bihar,2019,6,21818,77358,331
Gopalganj,Bihar,2020,4,15979,139045,155
Gopalganj,Bihar,2021,7,45289,86187,199
Gopalganj,Bihar,2022,10,41077,143443,952
Gopalganj,Bihar,2023,8,46509,196678,591
Gopalganj,Bihar,2024,6,46225,51320,998
Jamui,Bihar,2015,5,26528,66312,152
Jamui,Bihar,2016,7,46919,163591,643
Jamui,Bihar,2017,5,49130,190272,270
Jamui,Bihar,2018,5,41825,101931,616
Jamui,Bihar,2019,7,18690,189101,568
Jamui,Bihar,2020,3,40620,172033,327
Jamui,Bihar,2021,7,31844,106502,824
Jamui,Bihar,2022,10,65656,267166,990
Jamui,Bihar,2023,7,15792,117741,422
Jamui,Bihar,2024,9,42703,113495,877
Jehanabad,Bihar,2015,4,27452,197325,970
Jehanabad,Bihar,2016,9,44461,197799,304
Jehanabad,Bihar,2017,7,21318,107934,610
Jehanabad,Bihar,2018,7,49785,165869,316
Jehanabad,Bihar,2019,6,15383,85765,600
Jehanabad,Bihar,2020,3,11454,167435,984
Jehanabad,Bihar,2021,5,27240,198047,512
Jehanabad,Bihar,2022,12,46177,232639,1374
Jehanabad,Bihar,2023,7,42417,193537,549
Jehanabad,Bihar,2024,6,17870,159711,314
Kaimur (Bhabua),Bihar,2015,9,48501,85701,541
Kaimur (Bhabua),Bihar,2016,8,39776,148638,491
Kaimur (Bhabua),Bihar,2017,3,40160,55613,267
Kaimur (Bhabua),Bihar,2018,3,26650,189740,556
Kaimur (Bhabua),Bihar,2019,6,39256,118487,337
Kaimur (Bhabua),Bihar,2020,9,24584,174843,731
Kaimur (Bhabua),Bihar,2021,6,16728,137715,177
Kaimur (Bhabua),Bihar,2022,7,67245,255969,697
Kaimur (Bhabua),Bihar,2023,9,44332,172551,988
Kaimur (Bhabua),Bihar,2024,5,20419,61637,698
Katihar,Bihar,2015,7,12853,95380,620
Katihar,Bihar,2016,4,37805,183194,911
Katihar,Bihar,2017,5,25366,153654,585
Katihar,Bihar,2018,7,40584,166601,445
Katihar,Bihar,2019,7,15565,195785,390
Katihar,Bihar,2020,8,31371,168869,471
Katihar,Bihar,2021,3,40076,199771,231
Katihar,Bihar,2022,6,52923,124680,984
Katihar,Bihar,2023,7,13583,157377,283
Katihar,Bihar,2024,6,30874,61649,865
Khagaria,Bihar,2015,6,42814,98088,347
Khagaria,Bihar,2016,8,48660,181123,218
Khagaria,Bihar,2017,5,25029,126677,764
Khagaria,Bihar,2018,9,25217,186725,339
Khagaria,Bihar,2019,8,13448,176264,897
Khagaria,Bihar,2020,6,21580,140006,977
Khagaria,Bihar,2021,3,43093,65795,494
Khagaria,Bihar,2022,12,31140,104139,1057
Khagaria,Bihar,2023,5,30433,180700,316
Khagaria,Bihar,2024,9,18300,164549,499
Kishanganj,Bihar,2015,5,12125,191552,194
Kishanganj,Bihar,2016,6,15302,54334,705
Kishanganj,Bihar,2017,3,14655,134992,367
Kishanganj,Bihar,2018,9,17168,158423,559
Kishanganj,Bihar,2019,7,23230,156435,444
Kishanganj,Bihar,2020,7,43609,184922,717
Kishanganj,Bihar,2021,5,23315,50037,940
Kishanganj,Bihar,2022,4,31246,299163,1122
Kishanganj,Bihar,2023,8,18227,118882,239
Kishanganj,Bihar,2024,4,22830,167236,316
Lakhisarai,Bihar,2015,3,47394,124632,807
Lakhisarai,Bihar,2016,7,14093,106344,847
Lakhisarai,Bihar,2017,8,19981,145765,655
Lakhisarai,Bihar,2018,9,16011,195908,443
Lakhisarai,Bihar,2019,9,15437,128878,590
Lakhisarai,Bihar,2020,9,49393,66329,398
Lakhisarai,Bihar,2021,4,29256,140196,362
Lakhisarai,Bihar,2022,10,73393,87477,1249
Lakhisarai,Bihar,2023,5,47551,123734,568
Lakhisarai,Bihar,2024,3,26803,134588,577
Madhepura,Bihar,2015,7,37315,75179,906
Madhepura,Bihar,2016,7,31544,122651,857
Madhepura,Bihar,2017,5,48957,125259,661
Madhepura,Bihar,2018,7,10819,185804,952
Madhepura,Bihar,2019,4,43627,86513,982
Madhepura,Bihar,2020,6,14557,169447,464
Madhepura,Bihar,2021,8,34029,146083,523
Madhepura,Bihar,2022,7,58105,259567,1435
Madhepura,Bihar,2023,5,24927,188223,563
Madhepura,Bihar,2024,3,22795,97716,248
Madhubani,Bihar,2015,7,42412,117180,239
Madhubani,Bihar,2016,8,18860,80780,827
Madhubani,Bihar,2017,4,19119,102603,249
Madhubani,Bihar,2018,8,40801,114596,870
Madhubani,Bihar,2019,4,19586,121651,837
Madhubani,Bihar,2020,5,14765,157948,294
Madhubani,Bihar,2021,9,46238,165490,239
Madhubani,Bihar,2022,4,58225,156210,1165
Madhubani,Bihar,2023,4,33660,80564,254
Madhubani,Bihar,2024,6,46185,131006,282
Munger,Bihar,2015,4,36046,105823,392
Munger,Bihar,2016,3,28953,148342,839
Munger,Bihar,2017,6,43695,177914,392
Munger,Bihar,2018,6,37803,195819,215
Munger,Bihar,2019,8,50000,152056,389
Munger,Bihar,2020,4,19639,188257,819
Munger,Bihar,2021,3,14395,50946,742
Munger,Bihar,2022,10,51016,126757,301
Munger,Bihar,2023,8,27498,100248,265
Munger,Bihar,2024,8,24304,85802,194
Muzaffarpur,Bihar,2015,9,13073,66161,671
Muzaffarpur,Bihar,2016,3,21810,116404,849
Muzaffarpur,Bihar,2017,6,23442,154716,375
Muzaffarpur,Bihar,2018,6,32906,55216,528
Muzaffarpur,Bihar,2019,3,42374,106963,315
Muzaffarpur,Bihar,2020,7,15166,168113,994
Muzaffarpur,Bihar,2021,7,24233,164779,950
Muzaffarpur,Bihar,2022,4,25521,262498,336
Muzaffarpur,Bihar,2023,7,21361,181716,361
Muzaffarpur,Bihar,2024,5,23980,120448,313
Nalanda,Bihar,2015,7,48017,145201,931
Nalanda,Bihar,2016,5,31144,169061,361
Nalanda,Bihar,2017,3,49898,188315,916
Nalanda,Bihar,2018,8,48530,167725,377
Nalanda,Bihar,2019,6,20519,76442,163
Nalanda,Bihar,2020,8,17154,152531,725
Nalanda,Bihar,2021,5,49473,186724,713
Nalanda,Bihar,2022,6,50032,103813,996
Nalanda,Bihar,2023,8,27877,199122,727
Nalanda,Bihar,2024,5,24110,87325,964
Nawada,Bihar,2015,4,45004,180045,222
Nawada,Bihar,2016,8,20108,125135,181
Nawada,Bihar,2017,9,34961,78368,672
Nawada,Bihar,2018,8,14783,96118,515
Nawada,Bihar,2019,8,10106,167040,204
Nawada,Bihar,2020,6,45458,182529,554
Nawada,Bihar,2021,5,11714,53530,425
Nawada,Bihar,2022,10,71476,115639,862
Nawada,Bihar,2023,6,16621,103393,901
Nawada,Bihar,2024,8,29526,136759,241
Champaran,Bihar,2015,8,17628,70168,574
Champaran,Bihar,2016,3,20562,139442,432
Champaran,Bihar,2017,4,21466,185900,896
Champaran,Bihar,2018,5,17139,74017,890
Champaran,Bihar,2019,4,32090,83948,711
Champaran,Bihar,2020,3,34783,177409,268
Champaran,Bihar,2021,8,18534,93506,353
Champaran,Bihar,2022,7,59740,286938,439
Champaran,Bihar,2023,8,45965,111307,175
Champaran,Bihar,2024,8,39429,129764,810
Patna,Bihar,2015,9,34154,149568,192
Patna,Bihar,2016,4,36683,175656,969
Patna,Bihar,2017,7,24122,114056,224
Patna,Bihar,2018,9,35308,172377,440
Patna,Bihar,2019,5,28770,55280,654
Patna,Bihar,2020,7,24434,93323,473
Patna,Bihar,2021,9,19347,75665,176
Patna,Bihar,2022,9,39399,78181,594
Patna,Bihar,2023,9,32028,145490,916
Patna,Bihar,2024,3,42679,68905,865
Purbi Champaran,Bihar,2015,5,48468,185143,293
Purbi Champaran,Bihar,2016,9,33476,93203,754
Purbi Champaran,Bihar,2017,3,26659,98251,427
Purbi Champaran,Bihar,2018,5,22023,104327,429
Purbi Champaran,Bihar,2019,7,36625,127840,568
Purbi Champaran,Bihar,2020,3,14956,149339,787
Purbi Champaran,Bihar,2021,5,17816,63057,377
Purbi Champaran,Bihar,2022,4,57612,212959,558
Purbi Champaran,Bihar,2023,3,16447,145896,183
Purbi Champaran,Bihar,2024,5,16828,117780,908
Purnea,Bihar,2015,6,13753,89603,789
Purnea,Bihar,2016,6,25846,194053,331
Purnea,Bihar,2017,9,10669,68566,593
Purnea,Bihar,2018,9,42796,136537,647
Purnea,Bihar,2019,5,47143,98896,868
Purnea,Bihar,2020,6,36770,174330,196
Purnea,Bihar,2021,3,43415,159798,177
Purnea,Bihar,2022,12,43356,95964,850
Purnea,Bihar,2023,3,23931,65278,789
Purnea,Bihar,2024,6,33452,80726,315
Rohtas,Bihar,2015,6,27837,162155,488
Rohtas,Bihar,2016,3,30234,107327,336
Rohtas,Bihar,2017,8,41932,185990,456
Rohtas,Bihar,2018,4,13538,60723,877
Rohtas,Bihar,2019,7,17927,88683,223
Rohtas,Bihar,2020,9,13362,169158,916
Rohtas,Bihar,2021,6,27286,168303,583
Rohtas,Bihar,2022,7,44016,86530,1371
Rohtas,Bihar,2023,7,37737,195288,686
Rohtas,Bihar,2024,9,24958,61017,780
Saharsa,Bihar,2015,3,37269,157118,760
Saharsa,Bihar,2016,3,23576,139868,447
Saharsa,Bihar,2017,3,13402,182755,284
Saharsa,Bihar,2018,8,39767,107620,518
Saharsa,Bihar,2019,6,11338,57955,785
Saharsa,Bihar,2020,9,19780,136772,613
Saharsa,Bihar,2021,3,47111,51221,349
Saharsa,Bihar,2022,7,71355,203187,532
Saharsa,Bihar,2023,8,26400,188253,466
Saharsa,Bihar,2024,3,43080,104214,832
Samastipur,Bihar,2015,4,42092,168995,313
Samastipur,Bihar,2016,6,32935,100374,783
Samastipur,Bihar,2017,3,39013,157233,348
Samastipur,Bihar,2018,3,44928,115196,643
Samastipur,Bihar,2019,3,17060,69034,301
Samastipur,Bihar,2020,6,49756,83849,723
Samastipur,Bihar,2021,8,47362,168087,542
Samastipur,Bihar,2022,7,34000,151497,922
Samastipur,Bihar,2023,5,30135,94380,327
Samastipur,Bihar,2024,6,44103,178560,196
Saran,Bihar,2015,8,26857,54690,918
Saran,Bihar,2016,7,21834,82319,242
Saran,Bihar,2017,9,34626,84005,560
Saran,Bihar,2018,7,13247,57595,380
Saran,Bihar,2019,9,26811,173526,294
Saran,Bihar,2020,7,17588,158106,451
Saran,Bihar,2021,8,27677,184454,600
Saran,Bihar,2022,10,21193,81934,922
Saran,Bihar,2023,4,40487,97515,782
Saran,Bihar,2024,4,23782,127965,881
Sheikhpura,Bihar,2015,8,42625,187165,348
Sheikhpura,Bihar,2016,5,41314,154391,532
Sheikhpura,Bihar,2017,3,47352,189710,617
Sheikhpura,Bihar,2018,6,40567,171336,185
Sheikhpura,Bihar,2019,5,18811,134679,916
Sheikhpura,Bihar,2020,9,34167,156102,657
Sheikhpura,Bihar,2021,7,15958,166871,975
Sheikhpura,Bihar,2022,10,51763,222165,321
Sheikhpura,Bihar,2023,7,26169,168797,875
Sheikhpura,Bihar,2024,3,23901,115287,610
Sheohar,Bihar,2015,7,21310,91323,843
Sheohar,Bihar,2016,8,12109,100433,636
Sheohar,Bihar,2017,8,46783,154882,717
Sheohar,Bihar,2018,5,11758,145720,801
Sheohar,Bihar,2019,7,39890,117627,893
Sheohar,Bihar,2020,4,47861,71245,831
Sheohar,Bihar,2021,4,16652,52007,982
Sheohar,Bihar,2022,9,43404,78174,1389
Sheohar,Bihar,2023,8,26319,100463,480
Sheohar,Bihar,2024,4,48170,123063,983
Sitamarhi,Bihar,2015,9,45799,173975,719
Sitamarhi,Bihar,2016,8,39240,51564,341
Sitamarhi,Bihar,2017,6,39126,152884,794
Sitamarhi,Bihar,2018,6,35749,70432,728
Sitamarhi,Bihar,2019,6,24651,123650,244
Sitamarhi,Bihar,2020,4,11176,113992,633
Sitamarhi,Bihar,2021,4,30392,64752,606
Sitamarhi,Bihar,2022,6,22846,110208,708
Sitamarhi,Bihar,2023,7,19574,107441,358
Sitamarhi,Bihar,2024,5,36735,191404,607
Chandigarh,Chandigarh,2015,2,2612,13618,28
Chandigarh,Chandigarh,2016,0,2453,14132,72
Chandigarh,Chandigarh,2017,0,1384,6965,29
Chandigarh,Chandigarh,2018,1,3087,1485,59
Chandigarh,Chandigarh,2019,2,1013,7259,14
Chandigarh,Chandigarh,2020,0,2921,11632,76
Chandigarh,Chandigarh,2021,1,2238,7917,16
Chandigarh,Chandigarh,2022,1,1686,10516,27
Chandigarh,Chandigarh,2023,0,2170,7595,15
Chandigarh,Chandigarh,2024,2,4546,12915,32
Balod,Chhattisgarh,2015,2,7235,47442,227
Balod,Chhattisgarh,2016,2,8092,58308,188
Balod,Chhattisgarh,2017,3,4084,34148,341
Balod,Chhattisgarh,2018,1,17193,44501,262
Balod,Chhattisgarh,2019,2,6984,12995,302
Balod,Chhattisgarh,2020,4,13424,75867,204
Balod,Chhattisgarh,2021,4,15305,29839,60
Balod,Chhattisgarh,2022,4,11370,75306,87
Balod,Chhattisgarh,2023,5,10314,50296,93
Balod,Chhattisgarh,2024,2,5833,70571,389
Balodabazar-Bhatapara,Chhattisgarh,2015,1,5954,21015,98
Balodabazar-Bhatapara,Chhattisgarh,2016,4,5473,40571,244
Balodabazar-Bhatapara,Chhattisgarh,2017,2,9077,57508,216
Balodabazar-Bhatapara,Chhattisgarh,2018,1,8175,17758,195
Balodabazar-Bhatapara,Chhattisgarh,2019,5,17996,40357,296
Balodabazar-Bhatapara,Chhattisgarh,2020,4,7176,25276,162
Balodabazar-Bhatapara,Chhattisgarh,2021,2,6282,59964,285
Balodabazar-Bhatapara,Chhattisgarh,2022,3,4173,10948,382
Balodabazar-Bhatapara,Chhattisgarh,2023,3,10789,53236,54
Balodabazar-Bhatapara,Chhattisgarh,2024,4,9486,33720,361
Balrampur-Ramanujganj,Chhattisgarh,2015,4,4076,43435,362
Balrampur-Ramanujganj,Chhattisgarh,2016,2,12511,77466,98
Balrampur-Ramanujganj,Chhattisgarh,2017,4,13902,68246,112
Balrampur-Ramanujganj,Chhattisgarh,2018,2,19510,19127,84
Balrampur-Ramanujganj,Chhattisgarh,2019,2,16227,28714,152
Balrampur-Ramanujganj,Chhattisgarh,2020,3,11925,60390,57
Balrampur-Ramanujganj,Chhattisgarh,2021,2,15888,32849,197
Balrampur-Ramanujganj,Chhattisgarh,2022,1,19336,68102,170
Balrampur-Ramanujganj,Chhattisgarh,2023,3,11851,59358,364
Balrampur-Ramanujganj,Chhattisgarh,2024,5,5492,35061,131
Bastar,Chhattisgarh,2015,3,17011,31425,321
Bastar,Chhattisgarh,2016,1,10713,56918,400
Bastar,Chhattisgarh,2017,5,18706,46288,377
Bastar,Chhattisgarh,2018,4,12370,33908,120
Bastar,Chhattisgarh,2019,4,16127,64376,172
Bastar,Chhattisgarh,2020,3,14946,32383,285
Bastar,Chhattisgarh,2021,3,3678,53794,338
Bastar,Chhattisgarh,2022,1,13780,78061,382
Bastar,Chhattisgarh,2023,2,4858,75333,279
Bastar,Chhattisgarh,2024,3,6098,40221,351
Bemetara,Chhattisgarh,2015,4,13659,48701,323
Bemetara,Chhattisgarh,2016,5,17023,19911,295
Bemetara,Chhattisgarh,2017,4,18917,36736,333
Bemetara,Chhattisgarh,2018,4,18274,11769,258
Bemetara,Chhattisgarh,2019,2,8912,74598,132
Bemetara,Chhattisgarh,2020,1,19714,49554,89
Bemetara,Chhattisgarh,2021,3,14097,37021,87
Bemetara,Chhattisgarh,2022,5,16031,17442,296
Bemetara,Chhattisgarh,2023,1,8117,69455,304
Bemetara,Chhattisgarh,2024,3,13001,14744,216
Bijapur,Chhattisgarh,2015,1,14820,12100,349
Bijapur,Chhattisgarh,2016,5,7665,66549,155
Bijapur,Chhattisgarh,2017,5,12782,27057,220
Bijapur,Chhattisgarh,2018,2,5894,69706,210
Bijapur,Chhattisgarh,2019,3,13691,56332,282
Bijapur,Chhattisgarh,2020,4,5755,60312,320
Bijapur,Chhattisgarh,2021,1,9771,17476,166
Bijapur,Chhattisgarh,2022,1,12803,73949,205
Bijapur,Chhattisgarh,2023,3,6898,25390,359
Bijapur,Chhattisgarh,2024,3,17714,28329,185
Bilaspur,Chhattisgarh,2015,5,19040,30596,317
Bilaspur,Chhattisgarh,2016,5,6622,55650,128
Bilaspur,Chhattisgarh,2017,4,9760,16301,70
Bilaspur,Chhattisgarh,2018,4,11041,55442,80
Bilaspur,Chhattisgarh,2019,5,6914,19790,202
Bilaspur,Chhattisgarh,2020,2,12442,29624,252
Bilaspur,Chhattisgarh,2021,5,9349,70605,349
Bilaspur,Chhattisgarh,2022,2,4149,55736,329
Bilaspur,Chhattisgarh,2023,2,8958,47193,78
Bilaspur,Chhattisgarh,2024,2,15464,61023,309
Dakshin Bastar Dantewada,Chhattisgarh,2015,5,19632,72147,384
Dakshin Bastar Dantewada,Chhattisgarh,2016,2,14570,71649,393
Dakshin Bastar Dantewada,Chhattisgarh,2017,1,5941,64642,141
Dakshin Bastar Dantewada,Chhattisgarh,2018,2,11668,18997,155
Dakshin Bastar Dantewada,Chhattisgarh,2019,4,17167,29715,230
Dakshin Bastar Dantewada,Chhattisgarh,2020,4,10258,52174,371
Dakshin Bastar Dantewada,Chhattisgarh,2021,1,9460,15779,301
Dakshin Bastar Dantewada,Chhattisgarh,2022,1,8276,57700,365
Dakshin Bastar Dantewada,Chhattisgarh,2023,3,15605,33470,133
Dakshin Bastar Dantewada,Chhattisgarh,2024,1,18638,52026,236
Dhamtari,Chhattisgarh,2015,4,11685,39359,250
Dhamtari,Chhattisgarh,2016,4,12667,25291,320
Dhamtari,Chhattisgarh,2017,3,11643,47565,325
Dhamtari,Chhattisgarh,2018,1,4755,26996,148
Dhamtari,Chhattisgarh,2019,2,16767,49740,327
Dhamtari,Chhattisgarh,2020,2,7951,72349,107
Dhamtari,Chhattisgarh,2021,5,5174,11115,392
Dhamtari,Chhattisgarh,2022,5,11106,53449,346
Dhamtari,Chhattisgarh,2023,2,4019,30243,357
Dhamtari,Chhattisgarh,2024,1,8869,73646,256
Durg,Chhattisgarh,2015,1,18983,25837,124
Durg,Chhattisgarh,2016,5,15573,59367,224
Durg,Chhattisgarh,2017,2,6192,30039,254
Durg,Chhattisgarh,2018,4,5331,20225,131
Durg,Chhattisgarh,2019,3,10615,28452,94
Durg,Chhattisgarh,2020,5,9600,20907,89
Durg,Chhattisgarh,2021,2,15853,74422,53
Durg,Chhattisgarh,2022,2,15265,66058,241
Durg,Chhattisgarh,2023,3,6589,21324,282
Durg,Chhattisgarh,2024,1,14520,52155,348
Gariyaband,Chhattisgarh,2015,4,14056,14073,396
Gariyaband,Chhattisgarh,2016,2,10390,53183,181
Gariyaband,Chhattisgarh,2017,4,13788,74946,380
Gariyaband,Chhattisgarh,2018,1,8323,46587,315
Gariyaband,Chhattisgarh,2019,2,7145,45826,362
Gariyaband,Chhattisgarh,2020,2,10409,34865,58
Gariyaband,Chhattisgarh,2021,4,11590,52058,233
Gariyaband,Chhattisgarh,2022,3,8587,78150,313
Gariyaband,Chhattisgarh,2023,5,18213,62009,395
Gariyaband,Chhattisgarh,2024,5,18253,61692,329
Gaurela-Pendra-Marwahi,Chhattisgarh,2015,3,3061,49632,97
Gaurela-Pendra-Marwahi,Chhattisgarh,2016,1,18025,45058,258
Gaurela-Pendra-Marwahi,Chhattisgarh,2017,1,10573,75128,135
Gaurela-Pendra-Marwahi,Chhattisgarh,2018,2,6499,26611,260
Gaurela-Pendra-Marwahi,Chhattisgarh,2019,5,8742,16267,286
Gaurela-Pendra-Marwahi,Chhattisgarh,2020,4,8985,72638,216
Gaurela-Pendra-Marwahi,Chhattisgarh,2021,4,7830,55302,253
Gaurela-Pendra-Marwahi,Chhattisgarh,2022,1,11605,13845,237
Gaurela-Pendra-Marwahi,Chhattisgarh,2023,5,11540,18874,216
Gaurela-Pendra-Marwahi,Chhattisgarh,2024,2,16235,45175,176
Janjgir-Champa,Chhattisgarh,2015,1,6689,24044,96
Janjgir-Champa,Chhattisgarh,2016,1,15214,32978,168
Janjgir-Champa,Chhattisgarh,2017,1,18142,25212,397
Janjgir-Champa,Chhattisgarh,2018,4,19238,56563,102
Janjgir-Champa,Chhattisgarh,2019,4,12011,37724,51
Janjgir-Champa,Chhattisgarh,2020,4,12525,56019,191
Janjgir-Champa,Chhattisgarh,2021,4,9726,71057,310
Janjgir-Champa,Chhattisgarh,2022,5,3552,12826,202
Janjgir-Champa,Chhattisgarh,2023,2,3224,72322,343
Janjgir-Champa,Chhattisgarh,2024,4,13846,21390,289
Jashpur,Chhattisgarh,2015,3,3054,50593,286
Jashpur,Chhattisgarh,2016,1,8566,42796,103
Jashpur,Chhattisgarh,2017,5,17896,35045,336
Jashpur,Chhattisgarh,2018,5,11669,28804,329
Jashpur,Chhattisgarh,2019,4,14202,43960,325
Jashpur,Chhattisgarh,2020,2,4141,76024,55
Jashpur,Chhattisgarh,2021,3,19532,35523,147
Jashpur,Chhattisgarh,2022,1,9675,50762,192
Jashpur,Chhattisgarh,2023,3,8422,79370,165
Jashpur,Chhattisgarh,2024,5,7214,31914,327
Kabeerdham,Chhattisgarh,2015,4,7746,49837,115
Kabeerdham,Chhattisgarh,2016,3,3784,44496,79
Kabeerdham,Chhattisgarh,2017,5,7300,43286,92
Kabeerdham,Chhattisgarh,2018,4,10728,33909,113
Kabeerdham,Chhattisgarh,2019,5,10478,41605,243
Kabeerdham,Chhattisgarh,2020,3,6661,51905,305
Kabeerdham,Chhattisgarh,2021,4,6037,48499,64
Kabeerdham,Chhattisgarh,2022,5,15769,42672,219
Kabeerdham,Chhattisgarh,2023,4,4268,48948,138
Kabeerdham,Chhattisgarh,2024,3,7273,67096,71
Khairagarh-Chhuikhadan-Gandai,Chhattisgarh,2015,3,6101,63587,143
Khairagarh-Chhuikhadan-Gandai,Chhattisgarh,2016,2,19355,33344,198
Khairagarh-Chhuikhadan-Gandai,Chhattisgarh,2017,3,3047,70536,187
Khairagarh-Chhuikhadan-Gandai,Chhattisgarh,2018,5,13458,76042,166
Khairagarh-Chhuikhadan-Gandai,Chhattisgarh,2019,5,8833,35112,184
Khairagarh-Chhuikhadan-Gandai,Chhattisgarh,2020,4,17651,67464,351
Khairagarh-Chhuikhadan-Gandai,Chhattisgarh,2021,2,15106,64754,288
Khairagarh-Chhuikhadan-Gandai,Chhattisgarh,2022,1,10243,60533,160
Khairagarh-Chhuikhadan-Gandai,Chhattisgarh,2023,3,8770,67420,289
Khairagarh-Chhuikhadan-Gandai,Chhattisgarh,2024,2,19846,70976,169
Kondagaon,Chhattisgarh,2015,5,3337,70824,134
Kondagaon,Chhattisgarh,2016,4,3106,33272,288
Kondagaon,Chhattisgarh,2017,1,9852,17336,274
Kondagaon,Chhattisgarh,2018,2,6635,17179,194
Kondagaon,Chhattisgarh,2019,5,3789,69126,336
Kondagaon,Chhattisgarh,2020,5,9297,30893,216
Kondagaon,Chhattisgarh,2021,2,15084,49849,278
Kondagaon,Chhattisgarh,2022,4,4786,18477,310
Kondagaon,Chhattisgarh,2023,1,3431,14127,295
Kondagaon,Chhattisgarh,2024,4,14146,64023,364
Korba,Chhattisgarh,2015,4,7053,76188,137
Korba,Chhattisgarh,2016,3,6656,55008,243
Korba,Chhattisgarh,2017,4,15460,20259,193
Korba,Chhattisgarh,2018,1,3701,74395,276
Korba,Chhattisgarh,2019,5,8072,58731,234
Korba,Chhattisgarh,2020,4,4270,43630,300
Korba,Chhattisgarh,2021,5,7882,52930,95
Korba,Chhattisgarh,2022,4,10250,12169,126
Korba,Chhattisgarh,2023,1,7188,22141,274
Korba,Chhattisgarh,2024,4,12838,64996,87
Korea,Chhattisgarh,2015,3,18942,71254,319
Korea,Chhattisgarh,2016,2,17523,53522,157
Korea,Chhattisgarh,2017,3,11132,65971,225
Korea,Chhattisgarh,2018,3,11192,36139,351
Korea,Chhattisgarh,2019,5,16331,48605,197
Korea,Chhattisgarh,2020,4,4560,39151,373
Korea,Chhattisgarh,2021,4,18071,74458,109
Korea,Chhattisgarh,2022,3,12362,26586,392
Korea,Chhattisgarh,2023,2,6243,42426,371
Korea,Chhattisgarh,2024,5,19256,50472,336
Mahasamund,Chhattisgarh,2015,4,13286,55792,301
Mahasamund,Chhattisgarh,2016,3,10584,12389,217
Mahasamund,Chhattisgarh,2017,2,19764,63744,235
Mahasamund,Chhattisgarh,2018,5,15702,74240,337
Mahasamund,Chhattisgarh,2019,5,8296,28119,394
Mahasamund,Chhattisgarh,2020,2,6249,40956,193
Mahasamund,Chhattisgarh,2021,2,5166,11179,184
Mahasamund,Chhattisgarh,2022,3,17017,22071,264
Mahasamund,Chhattisgarh,2023,1,15951,63076,287
Mahasamund,Chhattisgarh,2024,1,7018,67947,217
Manendragarh-Chirmiri-Bharatpur(M C B),Chhattisgarh,2015,1,17726,18304,198
Manendragarh-Chirmiri-Bharatpur(M C B),Chhattisgarh,2016,3,10082,47835,173
Manendragarh-Chirmiri-Bharatpur(M C B),Chhattisgarh,2017,5,4125,42690,110
Manendragarh-Chirmiri-Bharatpur(M C B),Chhattisgarh,2018,2,15108,50485,150
Manendragarh-Chirmiri-Bharatpur(M C B),Chhattisgarh,2019,2,5575,38404,135
Manendragarh-Chirmiri-Bharatpur(M C B),Chhattisgarh,2020,4,10892,72192,184
Manendragarh-Chirmiri-Bharatpur(M C B),Chhattisgarh,2021,3,3961,57670,377
Manendragarh-Chirmiri-Bharatpur(M C B),Chhattisgarh,2022,2,15504,10458,305
Manendragarh-Chirmiri-Bharatpur(M C B),Chhattisgarh,2023,1,15134,24974,376
Manendragarh-Chirmiri-Bharatpur(M C B),Chhattisgarh,2024,1,3514,12093,92
Mohla-Manpur-Ambagarh Chouki,Chhattisgarh,2015,5,9318,71779,122
Mohla-Manpur-Ambagarh Chouki,Chhattisgarh,2016,3,16894,10740,350
Mohla-Manpur-Ambagarh Chouki,Chhattisgarh,2017,3,13158,49448,362
Mohla-Manpur-Ambagarh Chouki,Chhattisgarh,2018,1,4810,38246,374
Mohla-Manpur-Ambagarh Chouki,Chhattisgarh,2019,1,10608,18903,341
Mohla-Manpur-Ambagarh Chouki,Chhattisgarh,2020,2,16953,28452,338
Mohla-Manpur-Ambagarh Chouki,Chhattisgarh,2021,3,19004,72564,227
Mohla-Manpur-Ambagarh Chouki,Chhattisgarh,2022,5,7811,27650,368
Mohla-Manpur-Ambagarh Chouki,Chhattisgarh,2023,2,12911,27301,262
Mohla-Manpur-Ambagarh Chouki,Chhattisgarh,2024,4,4720,65637,209
Mungeli,Chhattisgarh,2015,2,12486,37076,91
Mungeli,Chhattisgarh,2016,2,18907,76938,396
Mungeli,Chhattisgarh,2017,3,11803,25049,54
Mungeli,Chhattisgarh,2018,2,14573,20142,235
Mungeli,Chhattisgarh,2019,3,18727,78675,394
Mungeli,Chhattisgarh,2020,4,9535,68933,326
Mungeli,Chhattisgarh,2021,2,16801,61109,122
Mungeli,Chhattisgarh,2022,5,16743,10028,378
Mungeli,Chhattisgarh,2023,3,10470,69444,394
Mungeli,Chhattisgarh,2024,1,16543,29079,295
Narayanpur,Chhattisgarh,2015,3,8058,37531,315
Narayanpur,Chhattisgarh,2016,1,8089,10408,262
Narayanpur,Chhattisgarh,2017,1,5729,38918,85
Narayanpur,Chhattisgarh,2018,1,16985,39997,84
Narayanpur,Chhattisgarh,2019,3,9863,21214,396
Narayanpur,Chhattisgarh,2020,4,16490,45441,343
Narayanpur,Chhattisgarh,2021,2,11079,43352,226
Narayanpur,Chhattisgarh,2022,4,6165,66111,115
Narayanpur,Chhattisgarh,2023,2,5182,38030,50
Narayanpur,Chhattisgarh,2024,5,4944,61588,60
Raigarh,Chhattisgarh,2015,2,3625,61401,192
Raigarh,Chhattisgarh,2016,3,10329,71812,77
Raigarh,Chhattisgarh,2017,5,17805,15193,252
Raigarh,Chhattisgarh,2018,4,15186,42763,293
Raigarh,Chhattisgarh,2019,2,15701,65979,326
Raigarh,Chhattisgarh,2020,3,13329,54631,394
Raigarh,Chhattisgarh,2021,2,17070,28610,295
Raigarh,Chhattisgarh,2022,1,11383,42935,121
Raigarh,Chhattisgarh,2023,2,19184,38976,171
Raigarh,Chhattisgarh,2024,3,3822,20272,320
Raipur,Chhattisgarh,2015,2,16541,37924,338
Raipur,Chhattisgarh,2016,4,17072,75373,303
Raipur,Chhattisgarh,2017,1,9376,20783,321
Raipur,Chhattisgarh,2018,3,14866,17721,168
Raipur,Chhattisgarh,2019,2,11175,34312,126
Raipur,Chhattisgarh,2020,5,16497,73547,155
Raipur,Chhattisgarh,2021,4,14340,77054,175
Raipur,Chhattisgarh,2022,2,5525,46300,202
Raipur,Chhattisgarh,2023,1,15254,51714,272
Raipur,Chhattisgarh,2024,3,11736,65222,238
Rajnandgaon,Chhattisgarh,2015,4,12905,65259,128
Rajnandgaon,Chhattisgarh,2016,4,7634,25816,274
Rajnandgaon,Chhattisgarh,2017,4,18281,26550,267
Rajnandgaon,Chhattisgarh,2018,1,16084,52472,358
Rajnandgaon,Chhattisgarh,2019,5,15645,65420,289
Rajnandgaon,Chhattisgarh,2020,1,9616,10157,293
Rajnandgaon,Chhattisgarh,2021,5,5368,33877,97
Rajnandgaon,Chhattisgarh,2022,4,15536,50018,237
Rajnandgaon,Chhattisgarh,2023,1,11134,22491,250
Rajnandgaon,Chhattisgarh,2024,4,16247,38470,363
Sakti,Chhattisgarh,2015,3,15851,59045,130
Sakti,Chhattisgarh,2016,4,3081,73956,351
Sakti,Chhattisgarh,2017,5,8758,21409,336
Sakti,Chhattisgarh,2018,2,19179,55533,129
Sakti,Chhattisgarh,2019,5,7163,43296,155
Sakti,Chhattisgarh,2020,3,10760,53110,326
Sakti,Chhattisgarh,2021,3,11845,15251,269
Sakti,Chhattisgarh,2022,1,8242,53342,396
Sakti,Chhattisgarh,2023,2,14225,52695,227
Sakti,Chhattisgarh,2024,5,13210,13851,231
Sarangarh-Bilaigarh,Chhattisgarh,2015,3,16843,46328,80
Sarangarh-Bilaigarh,Chhattisgarh,2016,2,17030,18139,138
Sarangarh-Bilaigarh,Chhattisgarh,2017,1,16199,70222,50
Sarangarh-Bilaigarh,Chhattisgarh,2018,4,19346,46625,388
Sarangarh-Bilaigarh,Chhattisgarh,2019,4,16857,24352,91
Sarangarh-Bilaigarh,Chhattisgarh,2020,2,19127,73806,288
Sarangarh-Bilaigarh,Chhattisgarh,2021,4,12527,43469,108
Sarangarh-Bilaigarh,Chhattisgarh,2022,3,8588,22887,221
Sarangarh-Bilaigarh,Chhattisgarh,2023,2,18077,61515,140
Sarangarh-Bilaigarh,Chhattisgarh,2024,2,9552,38053,319
Sukma,Chhattisgarh,2015,3,12690,21650,206
Sukma,Chhattisgarh,2016,5,13493,74701,349
Sukma,Chhattisgarh,2017,3,18286,62933,379
Sukma,Chhattisgarh,2018,4,3243,72850,270
Sukma,Chhattisgarh,2019,3,16785,13927,234
Sukma,Chhattisgarh,2020,3,12283,13923,81
Sukma,Chhattisgarh,2021,5,19216,73598,255
Sukma,Chhattisgarh,2022,2,14263,69187,237
Sukma,Chhattisgarh,2023,1,7746,46684,277
Sukma,Chhattisgarh,2024,4,19165,29649,378
Surajpur,Chhattisgarh,2015,4,15589,35098,171
Surajpur,Chhattisgarh,2016,5,9946,21764,289
Surajpur,Chhattisgarh,2017,3,7997,53717,278
Surajpur,Chhattisgarh,2018,3,7853,46203,247
Surajpur,Chhattisgarh,2019,5,12560,69121,75
Surajpur,Chhattisgarh,2020,5,10703,56881,339
Surajpur,Chhattisgarh,2021,4,10207,69760,360
Surajpur,Chhattisgarh,2022,4,3854,25428,349
Surajpur,Chhattisgarh,2023,2,7142,74127,294
Surajpur,Chhattisgarh,2024,4,14478,63153,358
Central,Delhi,2015,0,3450,5381,16
Central,Delhi,2016,0,4426,6325,57
Central,Delhi,2017,0,2174,12124,16
Central,Delhi,2018,0,3310,8411,96
Central,Delhi,2019,0,2111,2269,36
Central,Delhi,2020,2,4245,12368,41
Central,Delhi,2021,0,2625,6437,53
Central,Delhi,2022,1,3065,14507,63
Central,Delhi,2023,0,3025,6084,100
Central,Delhi,2024,1,4086,4098,26
East,Delhi,2015,1,2487,12343,11
East,Delhi,2016,1,1102,2968,73
East,Delhi,2017,0,4948,10016,53
East,Delhi,2018,2,4028,1110,73
East,Delhi,2019,1,4639,10545,25
East,Delhi,2020,0,4105,2664,65
East,Delhi,2021,2,2344,9227,14
East,Delhi,2022,2,1627,9044,53
East,Delhi,2023,1,3228,12156,55
East,Delhi,2024,2,4707,7974,88
New Delhi,Delhi,2015,0,792,9786,30
New Delhi,Delhi,2016,1,1058,2360,77
New Delhi,Delhi,2017,2,3875,2163,63
New Delhi,Delhi,2018,0,2537,6956,36
New Delhi,Delhi,2019,0,1522,4555,75
New Delhi,Delhi,2020,1,1714,11912,95
New Delhi,Delhi,2021,0,4660,14628,78
New Delhi,Delhi,2022,1,4025,13925,29
New Delhi,Delhi,2023,2,3354,14789,86
New Delhi,Delhi,2024,0,3260,10537,34
North,Delhi,2015,0,1073,12235,35
North,Delhi,2016,2,3592,2457,37
North,Delhi,2017,0,2856,7362,66
North,Delhi,2018,2,4716,2123,100
North,Delhi,2019,1,3589,9015,83
North,Delhi,2020,1,3576,2381,64
North,Delhi,2021,2,2107,6405,82
North,Delhi,2022,0,3120,10153,95
North,Delhi,2023,1,2541,1046,66
North,Delhi,2024,2,4408,12778,96
North East,Delhi,2015,0,1378,4039,90
North East,Delhi,2016,1,1336,7687,69
North East,Delhi,2017,0,4264,8059,95
North East,Delhi,2018,1,684,11105,38
North East,Delhi,2019,1,4922,12052,44
North East,Delhi,2020,1,2175,14358,67
North East,Delhi,2021,1,1735,10040,87
North East,Delhi,2022,1,4289,12410,71
North East,Delhi,2023,2,2320,13676,98
North East,Delhi,2024,1,2006,7880,15
North West,Delhi,2015,0,1384,8501,72
North West,Delhi,2016,0,2318,10474,84
North West,Delhi,2017,0,2989,3910,21
North West,Delhi,2018,0,3164,9182,12
North West,Delhi,2019,0,4183,5269,79
North West,Delhi,2020,2,2086,14427,99
North West,Delhi,2021,0,4964,14405,75
North West,Delhi,2022,2,3258,7875,65
North West,Delhi,2023,0,4748,14882,69
North West,Delhi,2024,2,4597,1334,15
Shahdara,Delhi,2015,1,1119,1612,43
Shahdara,Delhi,2016,2,3892,10547,82
Shahdara,Delhi,2017,2,3097,7950,41
Shahdara,Delhi,2018,2,4707,6177,94
Shahdara,Delhi,2019,2,2190,13635,41
Shahdara,Delhi,2020,0,3950,14984,94
Shahdara,Delhi,2021,2,1105,11738,42
Shahdara,Delhi,2022,0,3345,12657,47
Shahdara,Delhi,2023,0,3439,12266,62
Shahdara,Delhi,2024,2,4582,11263,31
South,Delhi,2015,0,3829,2187,41
South,Delhi,2016,1,2797,11145,35
South,Delhi,2017,2,2246,9270,67
South,Delhi,2018,2,992,12830,33
South,Delhi,2019,1,3567,10460,88
South,Delhi,2020,0,4583,6165,13
South,Delhi,2021,1,4104,8539,42
South,Delhi,2022,0,1168,11814,16
South,Delhi,2023,1,4208,9636,16
South,Delhi,2024,1,1205,1768,36
South East,Delhi,2015,1,2637,10955,69
South East,Delhi,2016,1,4413,9389,17
South East,Delhi,2017,1,4951,2588,72
South East,Delhi,2018,1,642,14956,46
South East,Delhi,2019,2,4834,14671,29
South East,Delhi,2020,0,3479,2976,74
South East,Delhi,2021,1,2473,7338,18
South East,Delhi,2022,2,1487,11750,88
South East,Delhi,2023,2,2429,9580,89
South East,Delhi,2024,2,3028,8229,74
South West,Delhi,2015,1,3719,8392,38
South West,Delhi,2016,2,3158,8774,14
South West,Delhi,2017,2,3408,4865,69
South West,Delhi,2018,2,2658,10275,85
South West,Delhi,2019,1,2948,12806,37
South West,Delhi,2020,1,4194,9077,31
South West,Delhi,2021,2,1661,10443,89
South West,Delhi,2022,0,2878,3332,77
South West,Delhi,2023,2,3514,14750,33
South West,Delhi,2024,0,3045,2074,62
West,Delhi,2015,2,2862,4999,83
West,Delhi,2016,0,4350,8036,35
West,Delhi,2017,0,4863,12910,43
West,Delhi,2018,1,2323,12814,76
West,Delhi,2019,0,1351,7689,65
West,Delhi,2020,1,2421,11388,17
West,Delhi,2021,2,816,10711,88
West,Delhi,2022,1,1898,14531,68
West,Delhi,2023,1,2618,13337,45
West,Delhi,2024,0,4653,12607,58
North Goa,Goa,2015,2,2338,2836,23
North Goa,Goa,2016,0,810,13050,90
North Goa,Goa,2017,2,4104,14953,93
North Goa,Goa,2018,2,561,1909,32
North Goa,Goa,2019,0,1122,3359,44
North Goa,Goa,2020,1,3629,2945,11
North Goa,Goa,2021,1,1961,9534,68
North Goa,Goa,2022,0,3060,10670,21
North Goa,Goa,2023,0,1602,14750,20
North Goa,Goa,2024,2,2986,1402,50
South Goa,Goa,2015,0,2899,3080,15
South Goa,Goa,2016,2,3074,12764,68
South Goa,Goa,2017,0,2600,9162,39
South Goa,Goa,2018,0,2013,6470,68
South Goa,Goa,2019,2,697,13495,54
South Goa,Goa,2020,2,4415,2209,62
South Goa,Goa,2021,2,4678,12154,26
South Goa,Goa,2022,2,4156,6338,44
South Goa,Goa,2023,0,3784,9098,71
South Goa,Goa,2024,1,2625,6611,24
Ahmedabad,Gujarat,2015,4,14877,32700,244
Ahmedabad,Gujarat,2016,1,6208,32299,172
Ahmedabad,Gujarat,2017,2,5212,48222,138
Ahmedabad,Gujarat,2018,1,7292,67843,100
Ahmedabad,Gujarat,2019,2,16931,58150,172
Ahmedabad,Gujarat,2020,1,6899,65816,240
Ahmedabad,Gujarat,2021,1,9984,12622,339
Ahmedabad,Gujarat,2022,1,18214,19084,288
Ahmedabad,Gujarat,2023,4,10186,25456,152
Ahmedabad,Gujarat,2024,1,10648,73449,344
Amreli,Gujarat,2015,3,6345,51596,75
Amreli,Gujarat,2016,5,5910,40341,108
Amreli,Gujarat,2017,3,8309,19628,192
Amreli,Gujarat,2018,4,17971,11806,138
Amreli,Gujarat,2019,1,14348,18239,98
Amreli,Gujarat,2020,4,3737,17918,127
Amreli,Gujarat,2021,1,17875,74594,372
Amreli,Gujarat,2022,4,17191,32048,262
Amreli,Gujarat,2023,5,11993,56528,164
Amreli,Gujarat,2024,4,13158,48256,76
Anand,Gujarat,2015,5,4412,25353,343
Anand,Gujarat,2016,2,18853,28067,276
Anand,Gujarat,2017,5,11144,44661,384
Anand,Gujarat,2018,3,6011,71244,96
Anand,Gujarat,2019,2,17495,66310,179
Anand,Gujarat,2020,1,13943,26377,126
Anand,Gujarat,2021,3,19170,57824,251
Anand,Gujarat,2022,2,15774,72023,352
Anand,Gujarat,2023,1,15688,25867,378
Anand,Gujarat,2024,2,17354,19958,87
Arvalli,Gujarat,2015,3,9102,72286,324
Arvalli,Gujarat,2016,1,3020,17819,398
Arvalli,Gujarat,2017,2,15940,12426,134
Arvalli,Gujarat,2018,1,12055,16157,133
Arvalli,Gujarat,2019,5,7851,79495,92
Arvalli,Gujarat,2020,4,6475,31508,80
Arvalli,Gujarat,2021,4,13747,64862,184
Arvalli,Gujarat,2022,4,9069,14692,141
Arvalli,Gujarat,2023,3,19481,42155,216
Arvalli,Gujarat,2024,1,11179,58580,366
Banas Kantha,Gujarat,2015,2,7321,35241,283
Banas Kantha,Gujarat,2016,3,15339,55974,214
Banas Kantha,Gujarat,2017,2,11928,41055,274
Banas Kantha,Gujarat,2018,1,15084,75001,362
Banas Kantha,Gujarat,2019,3,11333,16788,383
Banas Kantha,Gujarat,2020,4,10229,18190,191
Banas Kantha,Gujarat,2021,3,12099,22744,119
Banas Kantha,Gujarat,2022,4,19727,17167,85
Banas Kantha,Gujarat,2023,4,16095,42362,243
Banas Kantha,Gujarat,2024,5,17992,17247,244
Bharuch,Gujarat,2015,1,9677,51459,184
Bharuch,Gujarat,2016,1,3573,44684,400
Bharuch,Gujarat,2017,2,16150,10034,283
Bharuch,Gujarat,2018,4,14309,75810,238
Bharuch,Gujarat,2019,3,18546,16581,121
Bharuch,Gujarat,2020,1,4482,31192,300
Bharuch,Gujarat,2021,1,18520,74025,289
Bharuch,Gujarat,2022,2,13105,47871,61
Bharuch,Gujarat,2023,5,18973,68046,53
Bharuch,Gujarat,2024,4,13200,63639,105
Bhavnagar,Gujarat,2015,4,10698,36513,314
Bhavnagar,Gujarat,2016,5,8816,11989,149
Bhavnagar,Gujarat,2017,3,3505,40132,274
Bhavnagar,Gujarat,2018,5,8271,11392,247
Bhavnagar,Gujarat,2019,1,17674,52025,296
Bhavnagar,Gujarat,2020,4,10154,41954,278
Bhavnagar,Gujarat,2021,4,4074,62153,313
Bhavnagar,Gujarat,2022,5,12795,41351,151
Bhavnagar,Gujarat,2023,5,18966,25566,199
Bhavnagar,Gujarat,2024,3,18453,38289,222
Botad,Gujarat,2015,3,16090,51501,186
Botad,Gujarat,2016,5,13042,48009,385
Botad,Gujarat,2017,5,5391,52021,76
Botad,Gujarat,2018,3,12293,24849,277
Botad,Gujarat,2019,3,18743,73878,271
Botad,Gujarat,2020,4,19055,51835,112
Botad,Gujarat,2021,4,10940,37688,210
Botad,Gujarat,2022,1,10674,22900,366
Botad,Gujarat,2023,5,13693,31620,357
Botad,Gujarat,2024,5,10750,14111,53
Chhotaudepur,Gujarat,2015,2,10817,49843,117
Chhotaudepur,Gujarat,2016,3,3021,15163,376
Chhotaudepur,Gujarat,2017,5,15429,22776,94
Chhotaudepur,Gujarat,2018,2,11275,21814,192
Chhotaudepur,Gujarat,2019,2,19497,48124,240
Chhotaudepur,Gujarat,2020,1,19270,42079,348
Chhotaudepur,Gujarat,2021,3,3576,45167,95
Chhotaudepur,Gujarat,2022,2,13359,41117,214
Chhotaudepur,Gujarat,2023,5,3605,12724,115
Chhotaudepur,Gujarat,2024,3,14704,46561,235
Dahod,Gujarat,2015,1,15090,41760,96
Dahod,Gujarat,2016,5,9838,70789,271
Dahod,Gujarat,2017,5,19467,38361,271
Dahod,Gujarat,2018,2,12765,41850,239
Dahod,Gujarat,2019,1,7475,49705,205
Dahod,Gujarat,2020,2,16840,29944,241
Dahod,Gujarat,2021,3,10038,15925,189
Dahod,Gujarat,2022,3,7635,42810,185
Dahod,Gujarat,2023,2,17986,35599,67
Dahod,Gujarat,2024,5,13742,25994,298
Dangs,Gujarat,2015,4,19386,30643,253
Dangs,Gujarat,2016,4,19466,35678,164
Dangs,Gujarat,2017,2,14106,56944,122
Dangs,Gujarat,2018,4,18027,73456,357
Dangs,Gujarat,2019,5,4772,27576,313
Dangs,Gujarat,2020,5,13966,41680,387
Dangs,Gujarat,2021,5,15794,49846,190
Dangs,Gujarat,2022,2,18017,43653,245
Dangs,Gujarat,2023,2,15366,63606,176
Dangs,Gujarat,2024,4,10574,28924,296
Devbhumi Dwarka,Gujarat,2015,5,12849,64750,379
Devbhumi Dwarka,Gujarat,2016,5,6980,42839,138
Devbhumi Dwarka,Gujarat,2017,5,10429,66978,153
Devbhumi Dwarka,Gujarat,2018,1,14782,73362,54
Devbhumi Dwarka,Gujarat,2019,5,19999,51006,247
Devbhumi Dwarka,Gujarat,2020,5,16875,67059,344
Devbhumi Dwarka,Gujarat,2021,1,17007,27832,399
Devbhumi Dwarka,Gujarat,2022,3,5766,76026,367
Devbhumi Dwarka,Gujarat,2023,2,14833,19435,58
Devbhumi Dwarka,Gujarat,2024,3,5884,76318,63
Gandhinagar,Gujarat,2015,4,12739,37575,67
Gandhinagar,Gujarat,2016,4,16205,29796,344
Gandhinagar,Gujarat,2017,5,6412,45494,292
Gandhinagar,Gujarat,2018,2,18903,27519,339
Gandhinagar,Gujarat,2019,2,10236,70315,188
Gandhinagar,Gujarat,2020,5,17789,55500,342
Gandhinagar,Gujarat,2021,4,16694,36109,315
Gandhinagar,Gujarat,2022,5,16310,40957,86
Gandhinagar,Gujarat,2023,1,11343,45079,119
Gandhinagar,Gujarat,2024,2,10616,32573,170
Gir Somnath,Gujarat,2015,3,13432,75059,311
Gir Somnath,Gujarat,2016,1,3173,47398,75
Gir Somnath,Gujarat,2017,1,14261,67127,397
Gir Somnath,Gujarat,2018,1,12804,65688,368
Gir Somnath,Gujarat,2019,1,5213,17207,255
Gir Somnath,Gujarat,2020,5,9474,61879,82
Gir Somnath,Gujarat,2021,5,19146,54883,341
Gir Somnath,Gujarat,2022,3,11293,73138,111
Gir Somnath,Gujarat,2023,1,8851,39370,213
Gir Somnath,Gujarat,2024,3,13705,60994,163
Jamnagar,Gujarat,2015,3,9187,30540,302
Jamnagar,Gujarat,2016,1,19078,42066,199
Jamnagar,Gujarat,2017,1,8517,46772,249
Jamnagar,Gujarat,2018,5,13583,32610,151
Jamnagar,Gujarat,2019,4,6285,29578,400
Jamnagar,Gujarat,2020,5,9438,50681,160
Jamnagar,Gujarat,2021,4,7346,78745,162
Jamnagar,Gujarat,2022,4,17911,12906,356
Jamnagar,Gujarat,2023,1,4664,54212,292
Jamnagar,Gujarat,2024,4,11836,18342,281
Junagadh,Gujarat,2015,3,14853,35602,283
Junagadh,Gujarat,2016,2,3249,37270,393
Junagadh,Gujarat,2017,3,19227,73573,86
Junagadh,Gujarat,2018,4,12609,40104,72
Junagadh,Gujarat,2019,5,16533,14842,328
Junagadh,Gujarat,2020,2,16255,61675,80
Junagadh,Gujarat,2021,1,18520,57171,79
Junagadh,Gujarat,2022,4,9746,46115,135
Junagadh,Gujarat,2023,2,11935,66788,398
Junagadh,Gujarat,2024,1,3249,58052,207
Kachchh,Gujarat,2015,2,4414,51551,220
Kachchh,Gujarat,2016,5,17964,60635,273
Kachchh,Gujarat,2017,1,5414,67120,330
Kachchh,Gujarat,2018,3,5537,22702,158
Kachchh,Gujarat,2019,2,12482,50184,274
Kachchh,Gujarat,2020,1,13451,19535,207
Kachchh,Gujarat,2021,4,15280,37916,229
Kachchh,Gujarat,2022,3,16867,67974,399
Kachchh,Gujarat,2023,4,5978,43350,178
Kachchh,Gujarat,2024,3,7050,39335,269
Kheda,Gujarat,2015,5,6703,52251,270
Kheda,Gujarat,2016,5,14152,36507,62
Kheda,Gujarat,2017,1,10446,28333,329
Kheda,Gujarat,2018,5,13693,50761,60
Kheda,Gujarat,2019,4,19267,46115,117
Kheda,Gujarat,2020,5,13426,15710,92
Kheda,Gujarat,2021,2,5348,72141,135
Kheda,Gujarat,2022,3,4950,27776,122
Kheda,Gujarat,2023,4,17356,42394,195
Kheda,Gujarat,2024,3,11929,46974,116
Mahesana,Gujarat,2015,3,4901,23963,151
Mahesana,Gujarat,2016,1,12760,35136,339
Mahesana,Gujarat,2017,2,18359,72538,50
Mahesana,Gujarat,2018,1,8787,56167,311
Mahesana,Gujarat,2019,3,11238,48154,194
Mahesana,Gujarat,2020,5,16096,67390,221
Mahesana,Gujarat,2021,4,10224,71059,112
Mahesana,Gujarat,2022,4,15894,15600,351
Mahesana,Gujarat,2023,3,7949,35134,244
Mahesana,Gujarat,2024,1,16397,15912,384
Mahisagar,Gujarat,2015,2,11518,59529,369
Mahisagar,Gujarat,2016,4,3952,63644,186
Mahisagar,Gujarat,2017,3,17813,32275,293
Mahisagar,Gujarat,2018,4,10492,39818,388
Mahisagar,Gujarat,2019,3,15145,70992,338
Mahisagar,Gujarat,2020,5,13000,12302,189
Mahisagar,Gujarat,2021,2,16951,59992,57
Mahisagar,Gujarat,2022,5,16398,58907,169
Mahisagar,Gujarat,2023,3,16900,70455,152
Mahisagar,Gujarat,2024,1,7655,45162,58
Morbi,Gujarat,2015,2,16738,36129,285
Morbi,Gujarat,2016,5,10155,74105,170
Morbi,Gujarat,2017,4,9263,64788,117
Morbi,Gujarat,2018,2,12726,48165,61
Morbi,Gujarat,2019,3,6316,63163,327
Morbi,Gujarat,2020,2,10142,67325,167
Morbi,Gujarat,2021,3,4121,51526,78
Morbi,Gujarat,2022,1,16828,45485,234
Morbi,Gujarat,2023,4,9379,55830,399
Morbi,Gujarat,2024,5,6715,41644,187
Narmada,Gujarat,2015,1,7996,67807,99
Narmada,Gujarat,2016,5,3902,44544,282
Narmada,Gujarat,2017,2,5860,26730,167
Narmada,Gujarat,2018,3,15134,67998,400
Narmada,Gujarat,2019,4,16518,22258,199
Narmada,Gujarat,2020,2,12470,48167,243
Narmada,Gujarat,2021,3,18878,54269,128
Narmada,Gujarat,2022,5,14393,22890,375
Narmada,Gujarat,2023,2,10679,19487,148
Narmada,Gujarat,2024,1,15999,34469,133
Navsari,Gujarat,2015,3,4241,63266,322
Navsari,Gujarat,2016,2,12904,45207,196
Navsari,Gujarat,2017,3,15831,67501,192
Navsari,Gujarat,2018,4,5373,18104,75
Navsari,Gujarat,2019,4,14870,62465,210
Navsari,Gujarat,2020,4,9786,16717,350
Navsari,Gujarat,2021,4,4492,54331,344
Navsari,Gujarat,2022,1,18330,15494,97
Navsari,Gujarat,2023,5,4183,57723,283
Navsari,Gujarat,2024,4,8534,21248,111
Panch Mahals,Gujarat,2015,5,3483,68122,386
Panch Mahals,Gujarat,2016,5,5744,30668,168
Panch Mahals,Gujarat,2017,2,13557,64959,281
Panch Mahals,Gujarat,2018,1,5398,46614,76
Panch Mahals,Gujarat,2019,4,14127,68187,113
Panch Mahals,Gujarat,2020,5,9328,71195,245
Panch Mahals,Gujarat,2021,4,8183,23791,335
Panch Mahals,Gujarat,2022,5,4060,39056,77
Panch Mahals,Gujarat,2023,3,10547,36827,67
Panch Mahals,Gujarat,2024,4,12886,19625,244
Patan,Gujarat,2015,3,17602,13054,61
Patan,Gujarat,2016,1,16235,44974,330
Patan,Gujarat,2017,2,14607,54552,111
Patan,Gujarat,2018,3,10959,44535,357
Patan,Gujarat,2019,5,11719,26918,182
Patan,Gujarat,2020,5,3674,44082,372
Patan,Gujarat,2021,2,19680,30481,65
Patan,Gujarat,2022,1,19590,42578,395
Patan,Gujarat,2023,5,9783,40693,278
Patan,Gujarat,2024,5,12522,34727,58
Porbandar,Gujarat,2015,2,19937,21145,368
Porbandar,Gujarat,2016,3,13653,76335,329
Porbandar,Gujarat,2017,5,8445,71844,396
Porbandar,Gujarat,2018,1,4854,18883,373
Porbandar,Gujarat,2019,4,8474,45045,316
Porbandar,Gujarat,2020,1,14758,54421,315
Porbandar,Gujarat,2021,2,18043,37520,274
Porbandar,Gujarat,2022,3,10858,20310,122
Porbandar,Gujarat,2023,3,15288,76204,228
Porbandar,Gujarat,2024,2,8684,28483,282
Rajkot,Gujarat,2015,2,10219,17578,213
Rajkot,Gujarat,2016,1,10678,54607,148
Rajkot,Gujarat,2017,4,12896,48718,307
Rajkot,Gujarat,2018,3,5813,39700,391
Rajkot,Gujarat,2019,1,6024,36684,397
Rajkot,Gujarat,2020,5,19017,71667,183
Rajkot,Gujarat,2021,3,3848,75611,174
Rajkot,Gujarat,2022,1,12969,27227,81
Rajkot,Gujarat,2023,2,8468,41373,98
Rajkot,Gujarat,2024,4,19406,77352,118
Sabar Kantha,Gujarat,2015,2,9959,64824,395
Sabar Kantha,Gujarat,2016,2,14019,55553,153
Sabar Kantha,Gujarat,2017,1,3811,35051,369
Sabar Kantha,Gujarat,2018,1,13036,67717,355
Sabar Kantha,Gujarat,2019,5,4633,55666,346
Sabar Kantha,Gujarat,2020,2,8758,66112,325
Sabar Kantha,Gujarat,2021,5,7949,79555,340
Sabar Kantha,Gujarat,2022,4,9441,37651,75
Sabar Kantha,Gujarat,2023,2,10070,28135,167
Sabar Kantha,Gujarat,2024,1,17324,27073,311
Surat,Gujarat,2015,5,19086,63737,385
Surat,Gujarat,2016,5,3389,51266,345
Surat,Gujarat,2017,4,12324,79937,171
Surat,Gujarat,2018,4,15696,41323,148
Surat,Gujarat,2019,1,4185,43798,210
Surat,Gujarat,2020,1,5218,45550,283
Surat,Gujarat,2021,3,9150,50427,311
Surat,Gujarat,2022,5,3762,18974,97
Surat,Gujarat,2023,1,12402,42527,158
Surat,Gujarat,2024,2,6275,69444,185
Surendranagar,Gujarat,2015,1,3621,22849,116
Surendranagar,Gujarat,2016,3,5030,62853,186
Surendranagar,Gujarat,2017,3,18714,21410,180
Surendranagar,Gujarat,2018,5,7374,33746,386
Surendranagar,Gujarat,2019,3,11383,41313,176
Surendranagar,Gujarat,2020,3,13147,44667,205
Surendranagar,Gujarat,2021,5,10775,18687,374
Surendranagar,Gujarat,2022,3,14429,28788,285
Surendranagar,Gujarat,2023,3,6108,50301,378
Surendranagar,Gujarat,2024,3,14356,73981,332
Tapi,Gujarat,2015,3,14786,10016,59
Tapi,Gujarat,2016,1,14249,51287,216
Tapi,Gujarat,2017,1,14867,18392,400
Tapi,Gujarat,2018,2,6040,28608,385
Tapi,Gujarat,2019,2,4363,68334,226
Tapi,Gujarat,2020,1,18604,35366,102
Tapi,Gujarat,2021,2,17582,33715,118
Tapi,Gujarat,2022,1,4422,16604,226
Tapi,Gujarat,2023,2,19030,71881,381
Tapi,Gujarat,2024,5,13132,62106,291
Ambala,Haryana,2015,0,4330,6280,12
Ambala,Haryana,2016,0,3834,8882,31
Ambala,Haryana,2017,2,2859,6733,79
Ambala,Haryana,2018,1,3547,8970,11
Ambala,Haryana,2019,0,1577,5259,25
Ambala,Haryana,2020,0,4920,9581,52
Ambala,Haryana,2021,2,3466,4917,91
Ambala,Haryana,2022,0,4229,3698,100
Ambala,Haryana,2023,0,3724,4156,12
Ambala,Haryana,2024,2,3126,2246,44
Bhiwani,Haryana,2015,2,3002,12307,77
Bhiwani,Haryana,2016,0,4207,3297,99
Bhiwani,Haryana,2017,2,1457,4514,75
Bhiwani,Haryana,2018,0,2115,10667,44
Bhiwani,Haryana,2019,0,3530,14217,27
Bhiwani,Haryana,2020,2,1041,11386,59
Bhiwani,Haryana,2021,1,4006,1974,51
Bhiwani,Haryana,2022,2,718,1418,63
Bhiwani,Haryana,2023,1,4095,12065,79
Bhiwani,Haryana,2024,0,2174,11331,77
Charkhi Dadri,Haryana,2015,0,3595,11409,27
Charkhi Dadri,Haryana,2016,1,3044,13000,40
Charkhi Dadri,Haryana,2017,0,3528,4894,59
Charkhi Dadri,Haryana,2018,2,1861,14746,70
Charkhi Dadri,Haryana,2019,1,1736,7846,77
Charkhi Dadri,Haryana,2020,0,611,3759,48
Charkhi Dadri,Haryana,2021,0,1235,12177,41
Charkhi Dadri,Haryana,2022,1,1594,4897,62
Charkhi Dadri,Haryana,2023,0,3670,1472,10
Charkhi Dadri,Haryana,2024,1,2316,11888,67
Faridabad,Haryana,2015,2,1392,4231,63
Faridabad,Haryana,2016,0,2851,11829,31
Faridabad,Haryana,2017,0,1301,8353,40
Faridabad,Haryana,2018,0,3643,3582,76
Faridabad,Haryana,2019,2,4190,5900,36
Faridabad,Haryana,2020,1,1062,10559,56
Faridabad,Haryana,2021,0,2942,11956,26
Faridabad,Haryana,2022,0,1335,7967,92
Faridabad,Haryana,2023,0,1198,7014,64
Faridabad,Haryana,2024,2,1988,11400,52
Fatehabad,Haryana,2015,1,3980,10678,88
Fatehabad,Haryana,2016,0,4064,9977,31
Fatehabad,Haryana,2017,0,3216,13144,11
Fatehabad,Haryana,2018,1,3353,8474,34
Fatehabad,Haryana,2019,2,4368,3099,75
Fatehabad,Haryana,2020,0,4619,5317,91
Fatehabad,Haryana,2021,0,3393,7348,82
Fatehabad,Haryana,2022,2,1931,13511,95
Fatehabad,Haryana,2023,1,2263,7006,57
Fatehabad,Haryana,2024,1,894,7747,19
Gurugram,Haryana,2015,1,3863,8383,94
Gurugram,Haryana,2016,2,4528,8751,86
Gurugram,Haryana,2017,0,793,12113,13
Gurugram,Haryana,2018,2,4472,14353,80
Gurugram,Haryana,2019,0,4231,6435,28
Gurugram,Haryana,2020,0,3745,10870,24
Gurugram,Haryana,2021,2,1690,2515,38
Gurugram,Haryana,2022,2,2792,11906,62
Gurugram,Haryana,2023,1,4708,5414,87
Gurugram,Haryana,2024,2,2513,4478,88
Hisar,Haryana,2015,1,606,3847,22
Hisar,Haryana,2016,0,1059,6308,79
Hisar,Haryana,2017,0,3873,1228,34
Hisar,Haryana,2018,2,3005,9235,78
Hisar,Haryana,2019,2,4682,5345,64
Hisar,Haryana,2020,2,4583,8061,80
Hisar,Haryana,2021,2,3600,3097,59
Hisar,Haryana,2022,0,1589,10767,98
Hisar,Haryana,2023,2,3299,7149,82
Hisar,Haryana,2024,1,3681,5406,11
Jhajjar,Haryana,2015,2,2146,9312,18
Jhajjar,Haryana,2016,0,3776,9049,89
Jhajjar,Haryana,2017,2,3381,3899,94
Jhajjar,Haryana,2018,2,3449,9124,27
Jhajjar,Haryana,2019,2,4290,7069,15
Jhajjar,Haryana,2020,2,2616,7085,21
Jhajjar,Haryana,2021,1,1393,9787,18
Jhajjar,Haryana,2022,0,1088,2377,63
Jhajjar,Haryana,2023,1,4390,10029,51
Jhajjar,Haryana,2024,0,3340,1041,35
Jind,Haryana,2015,2,4483,2210,20
Jind,Haryana,2016,1,562,11716,17
Jind,Haryana,2017,2,3971,8668,22
Jind,Haryana,2018,1,2287,13677,86
Jind,Haryana,2019,2,4931,3363,19
Jind,Haryana,2020,1,3881,12659,89
Jind,Haryana,2021,0,4132,4150,15
Jind,Haryana,2022,2,2564,5547,25
Jind,Haryana,2023,1,3956,3620,27
Jind,Haryana,2024,1,2646,12240,41
Kaithal,Haryana,2015,2,1529,5422,36
Kaithal,Haryana,2016,0,4334,1325,38
Kaithal,Haryana,2017,2,2587,6435,42
Kaithal,Haryana,2018,0,2044,9841,29
Kaithal,Haryana,2019,0,2455,14495,69
Kaithal,Haryana,2020,1,3110,8704,91
Kaithal,Haryana,2021,2,2338,2476,27
Kaithal,Haryana,2022,0,4568,4209,35
Kaithal,Haryana,2023,0,3117,11602,14
Kaithal,Haryana,2024,1,1671,5638,87
Karnal,Haryana,2015,0,2863,5019,28
Karnal,Haryana,2016,0,4111,9238,94
Karnal,Haryana,2017,1,3245,4882,68
Karnal,Haryana,2018,0,547,13349,99
Karnal,Haryana,2019,2,2250,13014,46
Karnal,Haryana,2020,0,2789,9945,80
Karnal,Haryana,2021,1,4634,13053,88
Karnal,Haryana,2022,1,1096,7621,48
Karnal,Haryana,2023,2,1288,2378,51
Karnal,Haryana,2024,2,1834,5414,90
Kurukshetra,Haryana,2015,2,4275,4837,91
Kurukshetra,Haryana,2016,1,1473,7102,60
Kurukshetra,Haryana,2017,2,3464,8329,56
Kurukshetra,Haryana,2018,2,3841,7657,78
Kurukshetra,Haryana,2019,2,1203,11930,67
Kurukshetra,Haryana,2020,0,3341,9285,52
Kurukshetra,Haryana,2021,0,1039,12458,20
Kurukshetra,Haryana,2022,2,772,14825,32
Kurukshetra,Haryana,2023,1,850,6397,10
Kurukshetra,Haryana,2024,2,955,2774,42
Mahendragarh,Haryana,2015,0,4346,2841,60
Mahendragarh,Haryana,2016,0,854,3272,24
Mahendragarh,Haryana,2017,2,2398,12657,27
Mahendragarh,Haryana,2018,0,771,11848,17
Mahendragarh,Haryana,2019,0,2393,9776,67
Mahendragarh,Haryana,2020,2,3879,4357,85
Mahendragarh,Haryana,2021,0,1467,1333,61
Mahendragarh,Haryana,2022,1,2126,4373,52
Mahendragarh,Haryana,2023,1,3489,10778,41
Mahendragarh,Haryana,2024,0,2277,7821,84
Nuh,Haryana,2015,0,2895,11763,36
Nuh,Haryana,2016,2,1196,4256,12
Nuh,Haryana,2017,2,1539,2116,99
Nuh,Haryana,2018,0,1261,14066,95
Nuh,Haryana,2019,2,2591,5739,37
Nuh,Haryana,2020,1,3977,8243,53
Nuh,Haryana,2021,2,4760,6512,36
Nuh,Haryana,2022,1,4383,6726,21
Nuh,Haryana,2023,0,3735,9801,50
Nuh,Haryana,2024,1,1989,9883,46
Palwal,Haryana,2015,2,2784,2029,67
Palwal,Haryana,2016,1,1456,10323,90
Palwal,Haryana,2017,2,1923,1183,73
Palwal,Haryana,2018,2,3634,12570,49
Palwal,Haryana,2019,2,2309,5950,21
Palwal,Haryana,2020,0,803,5945,83
Palwal,Haryana,2021,0,2150,4350,93
Palwal,Haryana,2022,1,3842,1694,100
Palwal,Haryana,2023,2,969,7636,65
Palwal,Haryana,2024,1,2960,3376,54
Panchkula,Haryana,2015,2,3985,13381,100
Panchkula,Haryana,2016,1,4700,1326,90
Panchkula,Haryana,2017,0,1298,1042,50
Panchkula,Haryana,2018,1,3487,8458,18
Panchkula,Haryana,2019,1,3522,2067,91
Panchkula,Haryana,2020,0,1333,9481,25
Panchkula,Haryana,2021,0,4942,3310,80
Panchkula,Haryana,2022,0,580,10795,74
Panchkula,Haryana,2023,1,3774,8488,54
Panchkula,Haryana,2024,1,4268,11981,28
Panipat,Haryana,2015,0,1395,11247,64
Panipat,Haryana,2016,2,1220,14624,53
Panipat,Haryana,2017,0,3767,8531,51
Panipat,Haryana,2018,1,3145,11837,37
Panipat,Haryana,2019,2,1624,12084,68
Panipat,Haryana,2020,2,2161,6543,59
Panipat,Haryana,2021,2,2155,3916,90
Panipat,Haryana,2022,1,3044,7973,51
Panipat,Haryana,2023,1,2506,1758,63
Panipat,Haryana,2024,2,1413,10579,51
Rewari,Haryana,2015,0,1786,10456,65
Rewari,Haryana,2016,1,3463,4113,66
Rewari,Haryana,2017,2,1367,2530,93
Rewari,Haryana,2018,0,1722,4308,23
Rewari,Haryana,2019,0,4859,1352,84
Rewari,Haryana,2020,2,2341,8748,22
Rewari,Haryana,2021,1,1104,7359,44
Rewari,Haryana,2022,0,1736,7811,66
Rewari,Haryana,2023,2,4792,7069,65
Rewari,Haryana,2024,1,1409,7978,84
Rohtak,Haryana,2015,1,4403,3893,57
Rohtak,Haryana,2016,2,3437,9253,98
Rohtak,Haryana,2017,0,1436,14928,60
Rohtak,Haryana,2018,2,3728,7091,73
Rohtak,Haryana,2019,1,4366,6895,84
Rohtak,Haryana,2020,1,1880,12092,86
Rohtak,Haryana,2021,0,1903,2341,70
Rohtak,Haryana,2022,2,1852,11972,33
Rohtak,Haryana,2023,0,3325,10087,99
Rohtak,Haryana,2024,0,1747,2922,43
Sirsa,Haryana,2015,2,3297,10359,81
Sirsa,Haryana,2016,2,2858,1884,38
Sirsa,Haryana,2017,1,3125,2003,17
Sirsa,Haryana,2018,2,4166,13176,83
Sirsa,Haryana,2019,2,1131,10796,24
Sirsa,Haryana,2020,2,4264,10545,28
Sirsa,Haryana,2021,1,1539,12722,51
Sirsa,Haryana,2022,0,2076,14924,66
Sirsa,Haryana,2023,0,3407,10935,33
Sirsa,Haryana,2024,2,3612,13356,56
Bilaspur,Himachal Pradesh,2015,2,4510,13051,30
Bilaspur,Himachal Pradesh,2016,2,1405,13227,54
Bilaspur,Himachal Pradesh,2017,0,3760,12535,36
Bilaspur,Himachal Pradesh,2018,2,893,1659,59
Bilaspur,Himachal Pradesh,2019,0,3340,1987,80
Bilaspur,Himachal Pradesh,2020,2,1478,11141,19
Bilaspur,Himachal Pradesh,2021,2,2946,13305,99
Bilaspur,Himachal Pradesh,2022,0,2860,3453,60
Bilaspur,Himachal Pradesh,2023,2,2087,11606,80
Bilaspur,Himachal Pradesh,2024,1,2537,1574,54
Chamba,Himachal Pradesh,2015,1,3037,12288,94
Chamba,Himachal Pradesh,2016,0,1986,8619,89
Chamba,Himachal Pradesh,2017,1,1377,4892,94
Chamba,Himachal Pradesh,2018,1,4093,5178,19
Chamba,Himachal Pradesh,2019,2,1085,5338,17
Chamba,Himachal Pradesh,2020,2,904,10610,19
Chamba,Himachal Pradesh,2021,1,1455,1011,10
Chamba,Himachal Pradesh,2022,1,971,8064,23
Chamba,Himachal Pradesh,2023,0,1339,7385,23
Chamba,Himachal Pradesh,2024,1,2195,1840,88
Hamirpur,Himachal Pradesh,2015,2,4922,6312,65
Hamirpur,Himachal Pradesh,2016,2,2233,11033,63
Hamirpur,Himachal Pradesh,2017,1,2439,11158,79
Hamirpur,Himachal Pradesh,2018,1,3878,2760,46
Hamirpur,Himachal Pradesh,2019,0,1033,9949,20
Hamirpur,Himachal Pradesh,2020,1,4743,12178,46
Hamirpur,Himachal Pradesh,2021,0,4819,11060,38
Hamirpur,Himachal Pradesh,2022,2,1458,3045,67
Hamirpur,Himachal Pradesh,2023,1,3784,13671,50
Hamirpur,Himachal Pradesh,2024,2,2248,11343,20
Kangra,Himachal Pradesh,2015,1,2293,14920,19
Kangra,Himachal Pradesh,2016,2,2802,1907,69
Kangra,Himachal Pradesh,2017,1,3260,13277,99
Kangra,Himachal Pradesh,2018,1,4500,5490,21
Kangra,Himachal Pradesh,2019,1,4570,8223,96
Kangra,Himachal Pradesh,2020,1,4416,7813,96
Kangra,Himachal Pradesh,2021,0,2083,4135,52
Kangra,Himachal Pradesh,2022,0,2350,1018,41
Kangra,Himachal Pradesh,2023,1,2052,7309,55
Kangra,Himachal Pradesh,2024,0,2889,6900,97
Kinnaur,Himachal Pradesh,2015,2,2131,7652,39
Kinnaur,Himachal Pradesh,2016,2,2046,11475,33
Kinnaur,Himachal Pradesh,2017,1,1661,13497,26
Kinnaur,Himachal Pradesh,2018,1,1508,12686,29
Kinnaur,Himachal Pradesh,2019,0,1002,14581,17
Kinnaur,Himachal Pradesh,2020,1,2620,10432,48
Kinnaur,Himachal Pradesh,2021,0,826,14087,49
Kinnaur,Himachal Pradesh,2022,1,2412,8691,88
Kinnaur,Himachal Pradesh,2023,1,4672,11415,16
Kinnaur,Himachal Pradesh,2024,1,3573,8120,36
Kullu,Himachal Pradesh,2015,2,4659,10588,67
Kullu,Himachal Pradesh,2016,0,2103,3278,90
Kullu,Himachal Pradesh,2017,1,3176,3163,36
Kullu,Himachal Pradesh,2018,2,1229,3504,13
Kullu,Himachal Pradesh,2019,0,3918,11956,59
Kullu,Himachal Pradesh,2020,1,3535,11382,36
Kullu,Himachal Pradesh,2021,1,3998,3118,59
Kullu,Himachal Pradesh,2022,1,759,6043,72
Kullu,Himachal Pradesh,2023,2,3423,1671,93
Kullu,Himachal Pradesh,2024,1,601,2013,72
Lahaul And Spiti,Himachal Pradesh,2015,2,1507,13325,98
Lahaul And Spiti,Himachal Pradesh,2016,2,2908,11710,29
Lahaul And Spiti,Himachal Pradesh,2017,0,1798,13242,97
Lahaul And Spiti,Himachal Pradesh,2018,1,3431,13181,99
Lahaul And Spiti,Himachal Pradesh,2019,1,3938,14603,36
Lahaul And Spiti,Himachal Pradesh,2020,2,3583,2758,26
Lahaul And Spiti,Himachal Pradesh,2021,1,4238,13792,72
Lahaul And Spiti,Himachal Pradesh,2022,0,657,12341,40
Lahaul And Spiti,Himachal Pradesh,2023,2,1468,7469,16
Lahaul And Spiti,Himachal Pradesh,2024,0,4669,11028,94
Mandi,Himachal Pradesh,2015,0,3020,8939,93
Mandi,Himachal Pradesh,2016,2,4450,2788,64
Mandi,Himachal Pradesh,2017,1,3273,7141,93
Mandi,Himachal Pradesh,2018,1,4482,4950,71
Mandi,Himachal Pradesh,2019,0,2841,3587,66
Mandi,Himachal Pradesh,2020,1,923,4213,84
Mandi,Himachal Pradesh,2021,1,2933,6305,51
Mandi,Himachal Pradesh,2022,2,2254,14374,58
Mandi,Himachal Pradesh,2023,2,2430,7474,71
Mandi,Himachal Pradesh,2024,0,851,9375,34
Shimla,Himachal Pradesh,2015,2,2879,13363,15
Shimla,Himachal Pradesh,2016,2,1412,12021,46
Shimla,Himachal Pradesh,2017,0,3976,14195,52
Shimla,Himachal Pradesh,2018,0,2115,11987,85
Shimla,Himachal Pradesh,2019,1,2674,14769,56
Shimla,Himachal Pradesh,2020,1,2829,10671,80
Shimla,Himachal Pradesh,2021,1,4198,6632,70
Shimla,Himachal Pradesh,2022,0,3953,4604,18
Shimla,Himachal Pradesh,2023,2,2213,14875,84
Shimla,Himachal Pradesh,2024,1,1556,8286,98
Sirmaur,Himachal Pradesh,2015,0,4204,8704,23
Sirmaur,Himachal Pradesh,2016,0,3002,9891,83
Sirmaur,Himachal Pradesh,2017,0,550,9080,22
Sirmaur,Himachal Pradesh,2018,1,3618,10960,67
Sirmaur,Himachal Pradesh,2019,2,3686,4568,54
Sirmaur,Himachal Pradesh,2020,0,1686,6951,86
Sirmaur,Himachal Pradesh,2021,2,3608,1511,35
Sirmaur,Himachal Pradesh,2022,0,4146,4061,53
Sirmaur,Himachal Pradesh,2023,0,969,2404,50
Sirmaur,Himachal Pradesh,2024,2,2151,2267,47
Solan,Himachal Pradesh,2015,2,3978,13226,88
Solan,Himachal Pradesh,2016,2,2859,8292,28
Solan,Himachal Pradesh,2017,0,901,8966,55
Solan,Himachal Pradesh,2018,1,1301,10051,17
Solan,Himachal Pradesh,2019,0,1653,10921,42
Solan,Himachal Pradesh,2020,2,2332,8040,38
Solan,Himachal Pradesh,2021,2,4392,13850,85
Solan,Himachal Pradesh,2022,0,3413,1794,95
Solan,Himachal Pradesh,2023,1,1048,13479,76
Solan,Himachal Pradesh,2024,1,4429,14562,93
Una,Himachal Pradesh,2015,0,2237,6135,55
Una,Himachal Pradesh,2016,1,2280,13663,66
Una,Himachal Pradesh,2017,2,2944,14989,80
Una,Himachal Pradesh,2018,1,3015,2618,89
Una,Himachal Pradesh,2019,0,2896,9370,93
Una,Himachal Pradesh,2020,0,3040,12037,100
Una,Himachal Pradesh,2021,2,1377,9393,41
Una,Himachal Pradesh,2022,1,4354,14224,10
Una,Himachal Pradesh,2023,2,4839,5637,33
Una,Himachal Pradesh,2024,2,1084,10379,65
Anantnag,Jammu And Kashmir,2015,1,1637,14452,47
Anantnag,Jammu And Kashmir,2016,2,1744,11714,95
Anantnag,Jammu And Kashmir,2017,1,1010,13916,99
Anantnag,Jammu And Kashmir,2018,2,866,12513,90
Anantnag,Jammu And Kashmir,2019,2,4348,6395,13
Anantnag,Jammu And Kashmir,2020,0,2226,3396,49
Anantnag,Jammu And Kashmir,2021,0,2780,5451,57
Anantnag,Jammu And Kashmir,2022,0,2952,6095,60
Anantnag,Jammu And Kashmir,2023,0,4337,14920,94
Anantnag,Jammu And Kashmir,2024,0,2567,3976,36
Bandipora,Jammu And Kashmir,2015,0,4430,10363,36
Bandipora,Jammu And Kashmir,2016,2,2665,3633,69
Bandipora,Jammu And Kashmir,2017,0,3359,7650,25
Bandipora,Jammu And Kashmir,2018,0,2167,8032,15
Bandipora,Jammu And Kashmir,2019,0,2086,6514,51
Bandipora,Jammu And Kashmir,2020,1,1934,10080,93
Bandipora,Jammu And Kashmir,2021,1,1095,8120,33
Bandipora,Jammu And Kashmir,2022,1,934,9900,69
Bandipora,Jammu And Kashmir,2023,1,3284,9496,32
Bandipora,Jammu And Kashmir,2024,1,515,8810,36
Baramulla,Jammu And Kashmir,2015,2,3247,13296,26
Baramulla,Jammu And Kashmir,2016,2,3289,3523,46
Baramulla,Jammu And Kashmir,2017,1,2565,10285,17
Baramulla,Jammu And Kashmir,2018,2,4806,13368,45
Baramulla,Jammu And Kashmir,2019,2,3503,14195,84
Baramulla,Jammu And Kashmir,2020,0,3484,1141,75
Baramulla,Jammu And Kashmir,2021,0,1291,12824,73
Baramulla,Jammu And Kashmir,2022,1,706,6585,96
Baramulla,Jammu And Kashmir,2023,1,922,1382,40
Baramulla,Jammu And Kashmir,2024,1,1144,3573,53
Budgam,Jammu And Kashmir,2015,1,1367,1599,85
Budgam,Jammu And Kashmir,2016,1,3887,11239,47
Budgam,Jammu And Kashmir,2017,0,2853,9701,68
Budgam,Jammu And Kashmir,2018,0,748,7937,51
Budgam,Jammu And Kashmir,2019,2,4192,9564,58
Budgam,Jammu And Kashmir,2020,2,3224,13870,61
Budgam,Jammu And Kashmir,2021,0,2902,2644,22
Budgam,Jammu And Kashmir,2022,0,2326,5699,61
Budgam,Jammu And Kashmir,2023,1,4791,12801,61
Budgam,Jammu And Kashmir,2024,1,3179,12178,81
Doda,Jammu And Kashmir,2015,0,3513,14307,84
Doda,Jammu And Kashmir,2016,2,2464,12747,52
Doda,Jammu And Kashmir,2017,2,3122,11031,69
Doda,Jammu And Kashmir,2018,1,2927,1797,81
Doda,Jammu And Kashmir,2019,0,2926,12482,50
Doda,Jammu And Kashmir,2020,1,1489,3272,25
Doda,Jammu And Kashmir,2021,1,3961,1001,20
Doda,Jammu And Kashmir,2022,2,3449,9546,10
Doda,Jammu And Kashmir,2023,2,622,9708,57
Doda,Jammu And Kashmir,2024,2,2454,13325,76
Ganderbal,Jammu And Kashmir,2015,1,4284,5822,57
Ganderbal,Jammu And Kashmir,2016,2,1172,2961,65
Ganderbal,Jammu And Kashmir,2017,2,3568,6264,12
Ganderbal,Jammu And Kashmir,2018,1,1254,4941,44
Ganderbal,Jammu And Kashmir,2019,1,570,7838,49
Ganderbal,Jammu And Kashmir,2020,2,2791,3777,17
Ganderbal,Jammu And Kashmir,2021,0,2839,14552,52
Ganderbal,Jammu And Kashmir,2022,1,4527,12442,91
Ganderbal,Jammu And Kashmir,2023,2,1276,10202,79
Ganderbal,Jammu And Kashmir,2024,1,4934,2497,17
Jammu,Jammu And Kashmir,2015,2,1825,5946,96
Jammu,Jammu And Kashmir,2016,2,637,11804,65
Jammu,Jammu And Kashmir,2017,0,4490,11362,71
Jammu,Jammu And Kashmir,2018,1,4615,13493,42
Jammu,Jammu And Kashmir,2019,2,508,6740,97
Jammu,Jammu And Kashmir,2020,2,2039,1388,50
Jammu,Jammu And Kashmir,2021,2,3049,14329,32
Jammu,Jammu And Kashmir,2022,0,4404,10243,59
Jammu,Jammu And Kashmir,2023,2,4211,5693,52
Jammu,Jammu And Kashmir,2024,0,645,2064,50
Kathua,Jammu And Kashmir,2015,2,4563,1282,12
Kathua,Jammu And Kashmir,2016,1,4054,12998,12
Kathua,Jammu And Kashmir,2017,0,1126,6048,58
Kathua,Jammu And Kashmir,2018,2,1633,7880,65
Kathua,Jammu And Kashmir,2019,2,3437,14093,10
Kathua,Jammu And Kashmir,2020,0,4537,10328,81
Kathua,Jammu And Kashmir,2021,0,2218,2143,41
Kathua,Jammu And Kashmir,2022,1,2139,9868,33
Kathua,Jammu And Kashmir,2023,2,1130,11129,37
Kathua,Jammu And Kashmir,2024,0,4503,8772,10
Kishtwar,Jammu And Kashmir,2015,0,1158,9124,12
Kishtwar,Jammu And Kashmir,2016,0,2676,14755,78
Kishtwar,Jammu And Kashmir,2017,0,1425,11281,90
Kishtwar,Jammu And Kashmir,2018,1,4348,2348,28
Kishtwar,Jammu And Kashmir,2019,2,1741,2047,33
Kishtwar,Jammu And Kashmir,2020,1,2388,11582,78
Kishtwar,Jammu And Kashmir,2021,0,4344,11428,84
Kishtwar,Jammu And Kashmir,2022,0,1155,3923,40
Kishtwar,Jammu And Kashmir,2023,2,2265,12707,70
Kishtwar,Jammu And Kashmir,2024,1,3330,13413,31
Kulgam,Jammu And Kashmir,2015,2,658,1370,76
Kulgam,Jammu And Kashmir,2016,0,818,13560,81
Kulgam,Jammu And Kashmir,2017,0,1546,12393,77
Kulgam,Jammu And Kashmir,2018,2,3068,4793,72
Kulgam,Jammu And Kashmir,2019,1,1527,13802,62
Kulgam,Jammu And Kashmir,2020,1,1200,1402,96
Kulgam,Jammu And Kashmir,2021,1,4886,2115,33
Kulgam,Jammu And Kashmir,2022,2,2211,6153,23
Kulgam,Jammu And Kashmir,2023,2,2323,12625,79
Kulgam,Jammu And Kashmir,2024,1,3392,2945,40
Kupwara,Jammu And Kashmir,2015,2,2041,4405,53
Kupwara,Jammu And Kashmir,2016,2,4551,14039,23
Kupwara,Jammu And Kashmir,2017,1,4022,9957,86
Kupwara,Jammu And Kashmir,2018,1,725,12835,62
Kupwara,Jammu And Kashmir,2019,0,2381,1458,48
Kupwara,Jammu And Kashmir,2020,0,3490,14318,34
Kupwara,Jammu And Kashmir,2021,2,774,14647,71
Kupwara,Jammu And Kashmir,2022,2,1269,8024,60
Kupwara,Jammu And Kashmir,2023,1,3094,1812,25
Kupwara,Jammu And Kashmir,2024,0,1295,2838,31
Poonch,Jammu And Kashmir,2015,0,4026,6193,77
Poonch,Jammu And Kashmir,2016,1,2860,7370,34
Poonch,Jammu And Kashmir,2017,2,2672,11431,59
Poonch,Jammu And Kashmir,2018,0,1504,11730,10
Poonch,Jammu And Kashmir,2019,2,4324,5635,73
Poonch,Jammu And Kashmir,2020,0,3944,5634,73
Poonch,Jammu And Kashmir,2021,1,4318,5145,37
Poonch,Jammu And Kashmir,2022,0,2837,6163,72
Poonch,Jammu And Kashmir,2023,2,2907,7416,39
Poonch,Jammu And Kashmir,2024,1,3483,14197,88
Pulwama,Jammu And Kashmir,2015,1,2743,7366,64
Pulwama,Jammu And Kashmir,2016,1,821,3637,91
Pulwama,Jammu And Kashmir,2017,2,1398,13866,59
Pulwama,Jammu And Kashmir,2018,0,1104,14761,21
Pulwama,Jammu And Kashmir,2019,0,4991,6543,60
Pulwama,Jammu And Kashmir,2020,1,925,3139,58
Pulwama,Jammu And Kashmir,2021,2,3271,14086,49
Pulwama,Jammu And Kashmir,2022,2,1581,2008,20
Pulwama,Jammu And Kashmir,2023,0,1057,4597,33
Pulwama,Jammu And Kashmir,2024,0,2822,6372,49
Rajouri,Jammu And Kashmir,2015,2,4344,10534,16
Rajouri,Jammu And Kashmir,2016,1,4675,9358,15
Rajouri,Jammu And Kashmir,2017,0,1778,2349,61
Rajouri,Jammu And Kashmir,2018,0,4947,11504,44
Rajouri,Jammu And Kashmir,2019,0,2844,1406,45
Rajouri,Jammu And Kashmir,2020,1,1895,8157,40
Rajouri,Jammu And Kashmir,2021,0,4822,11204,76
Rajouri,Jammu And Kashmir,2022,0,1154,7451,97
Rajouri,Jammu And Kashmir,2023,0,4447,6077,59
Rajouri,Jammu And Kashmir,2024,1,2125,5399,32
Ramban,Jammu And Kashmir,2015,0,4920,15000,34
Ramban,Jammu And Kashmir,2016,1,2919,13585,75
Ramban,Jammu And Kashmir,2017,1,999,12688,63
Ramban,Jammu And Kashmir,2018,2,4515,12371,20
Ramban,Jammu And Kashmir,2019,0,2562,5771,28
Ramban,Jammu And Kashmir,2020,2,3471,3025,50
Ramban,Jammu And Kashmir,2021,1,879,10245,90
Ramban,Jammu And Kashmir,2022,0,4203,14294,44
Ramban,Jammu And Kashmir,2023,0,1325,4633,63
Ramban,Jammu And Kashmir,2024,2,2543,9266,22
Reasi,Jammu And Kashmir,2015,0,4375,12750,99
Reasi,Jammu And Kashmir,2016,0,2650,9311,60
Reasi,Jammu And Kashmir,2017,2,1826,7521,73
Reasi,Jammu And Kashmir,2018,0,1603,5112,60
Reasi,Jammu And Kashmir,2019,2,2818,4734,98
Reasi,Jammu And Kashmir,2020,1,4590,11439,86
Reasi,Jammu And Kashmir,2021,0,3364,6018,67
Reasi,Jammu And Kashmir,2022,2,1335,14560,87
Reasi,Jammu And Kashmir,2023,2,3353,13216,23
Reasi,Jammu And Kashmir,2024,0,3370,4793,25
Samba,Jammu And Kashmir,2015,0,2106,12360,62
Samba,Jammu And Kashmir,2016,0,4153,1788,54
Samba,Jammu And Kashmir,2017,0,1993,7975,46
Samba,Jammu And Kashmir,2018,0,2925,8668,73
Samba,Jammu And Kashmir,2019,0,839,1410,92
Samba,Jammu And Kashmir,2020,0,3237,7232,15
Samba,Jammu And Kashmir,2021,2,2663,6615,18
Samba,Jammu And Kashmir,2022,2,2709,4906,32
Samba,Jammu And Kashmir,2023,1,1262,3585,64
Samba,Jammu And Kashmir,2024,1,4407,2115,40
Shopian,Jammu And Kashmir,2015,2,2518,4924,72
Shopian,Jammu And Kashmir,2016,2,4051,14164,51
Shopian,Jammu And Kashmir,2017,2,2899,12651,89
Shopian,Jammu And Kashmir,2018,2,2228,11752,95
Shopian,Jammu And Kashmir,2019,0,2728,7798,88
Shopian,Jammu And Kashmir,2020,2,1869,9832,31
Shopian,Jammu And Kashmir,2021,0,4555,12887,28
Shopian,Jammu And Kashmir,2022,0,3205,11409,38
Shopian,Jammu And Kashmir,2023,0,2683,4266,97
Shopian,Jammu And Kashmir,2024,1,3030,7054,15
Srinagar,Jammu And Kashmir,2015,2,1064,2660,59
Srinagar,Jammu And Kashmir,2016,2,4288,4316,76
Srinagar,Jammu And Kashmir,2017,2,3444,6899,94
Srinagar,Jammu And Kashmir,2018,2,2831,13019,19
Srinagar,Jammu And Kashmir,2019,1,3195,14918,99
Srinagar,Jammu And Kashmir,2020,1,3530,7935,97
Srinagar,Jammu And Kashmir,2021,1,4784,14357,31
Srinagar,Jammu And Kashmir,2022,1,2092,5497,76
Srinagar,Jammu And Kashmir,2023,0,3056,6860,47
Srinagar,Jammu And Kashmir,2024,0,1194,4101,52
Udhampur,Jammu And Kashmir,2015,1,2065,7267,80
Udhampur,Jammu And Kashmir,2016,2,3386,11567,53
Udhampur,Jammu And Kashmir,2017,1,2005,2172,81
Udhampur,Jammu And Kashmir,2018,1,1452,3361,87
Udhampur,Jammu And Kashmir,2019,2,1697,1868,67
Udhampur,Jammu And Kashmir,2020,2,3850,12587,46
Udhampur,Jammu And Kashmir,2021,0,1784,8019,57
Udhampur,Jammu And Kashmir,2022,0,2591,5721,29
Udhampur,Jammu And Kashmir,2023,2,4455,3682,100
Udhampur,Jammu And Kashmir,2024,1,957,13856,48
Bokaro,Jharkhand,2015,2,7001,32328,91
Bokaro,Jharkhand,2016,3,16536,59025,384
Bokaro,Jharkhand,2017,2,17102,14276,341
Bokaro,Jharkhand,2018,4,6536,56945,167
Bokaro,Jharkhand,2019,3,18490,40861,385
Bokaro,Jharkhand,2020,1,11488,69978,237
Bokaro,Jharkhand,2021,2,3785,30521,232
Bokaro,Jharkhand,2022,3,8970,31573,105
Bokaro,Jharkhand,2023,2,12435,59888,207
Bokaro,Jharkhand,2024,1,16498,60519,303
Chatra,Jharkhand,2015,3,9963,35552,53
Chatra,Jharkhand,2016,4,13752,24357,243
Chatra,Jharkhand,2017,2,15870,12380,355
Chatra,Jharkhand,2018,5,14092,31748,143
Chatra,Jharkhand,2019,2,13722,35340,362
Chatra,Jharkhand,2020,5,13295,73445,224
Chatra,Jharkhand,2021,3,15404,77128,263
Chatra,Jharkhand,2022,2,5759,23243,399
Chatra,Jharkhand,2023,3,11647,53842,276
Chatra,Jharkhand,2024,3,15241,78456,304
Deoghar,Jharkhand,2015,3,18562,27466,356
Deoghar,Jharkhand,2016,1,10531,20543,256
Deoghar,Jharkhand,2017,4,16533,27111,112
Deoghar,Jharkhand,2018,5,4484,17933,200
Deoghar,Jharkhand,2019,5,9325,10040,79
Deoghar,Jharkhand,2020,2,9152,66871,381
Deoghar,Jharkhand,2021,3,4958,40748,272
Deoghar,Jharkhand,2022,4,9483,55167,353
Deoghar,Jharkhand,2023,3,19576,74548,194
Deoghar,Jharkhand,2024,3,19739,24800,138
Dhanbad,Jharkhand,2015,5,9035,34825,73
Dhanbad,Jharkhand,2016,1,16404,37063,180
Dhanbad,Jharkhand,2017,2,14346,10393,169
Dhanbad,Jharkhand,2018,2,9934,16080,59
Dhanbad,Jharkhand,2019,1,18226,32273,310
Dhanbad,Jharkhand,2020,5,8138,67752,241
Dhanbad,Jharkhand,2021,2,4518,18829,253
Dhanbad,Jharkhand,2022,2,4157,74072,78
Dhanbad,Jharkhand,2023,3,17501,18843,376
Dhanbad,Jharkhand,2024,5,13060,52455,353
Dumka,Jharkhand,2015,2,7421,17011,189
Dumka,Jharkhand,2016,4,14377,78821,378
Dumka,Jharkhand,2017,5,3080,21071,145
Dumka,Jharkhand,2018,4,5854,13510,59
Dumka,Jharkhand,2019,5,13321,33914,381
Dumka,Jharkhand,2020,3,17996,38026,400
Dumka,Jharkhand,2021,3,10348,45870,171
Dumka,Jharkhand,2022,2,7173,61959,81
Dumka,Jharkhand,2023,4,10005,72794,92
Dumka,Jharkhand,2024,3,18100,55646,392
East Singhbum,Jharkhand,2015,5,14500,15483,127
East Singhbum,Jharkhand,2016,4,7946,49269,244
East Singhbum,Jharkhand,2017,1,10091,70581,354
East Singhbum,Jharkhand,2018,3,6542,19300,186
East Singhbum,Jharkhand,2019,5,10928,31638,288
East Singhbum,Jharkhand,2020,1,7683,59908,81
East Singhbum,Jharkhand,2021,4,8800,56617,58
East Singhbum,Jharkhand,2022,5,15440,30624,388
East Singhbum,Jharkhand,2023,3,5885,22105,173
East Singhbum,Jharkhand,2024,5,11537,22755,110
Garhwa,Jharkhand,2015,3,10515,19794,379
Garhwa,Jharkhand,2016,4,15187,12711,378
Garhwa,Jharkhand,2017,4,4794,30727,242
Garhwa,Jharkhand,2018,2,3632,76251,100
Garhwa,Jharkhand,2019,2,6875,59840,250
Garhwa,Jharkhand,2020,5,13303,57027,86
Garhwa,Jharkhand,2021,4,8319,59697,332
Garhwa,Jharkhand,2022,2,15318,76343,167
Garhwa,Jharkhand,2023,4,9281,33268,350
Garhwa,Jharkhand,2024,3,11346,27626,245
Giridih,Jharkhand,2015,1,10352,67074,113
Giridih,Jharkhand,2016,5,13134,32117,280
Giridih,Jharkhand,2017,3,13972,18240,69
Giridih,Jharkhand,2018,2,6149,48498,372
Giridih,Jharkhand,2019,5,14427,33525,143
Giridih,Jharkhand,2020,2,17071,22023,57
Giridih,Jharkhand,2021,4,18914,27026,273
Giridih,Jharkhand,2022,5,8168,58130,92
Giridih,Jharkhand,2023,4,12007,43757,82
Giridih,Jharkhand,2024,4,17168,38141,384
Godda,Jharkhand,2015,5,14505,63124,218
Godda,Jharkhand,2016,4,11859,77482,126
Godda,Jharkhand,2017,3,15144,31566,122
Godda,Jharkhand,2018,2,19435,51114,369
Godda,Jharkhand,2019,4,5761,15710,132
Godda,Jharkhand,2020,3,8763,57167,222
Godda,Jharkhand,2021,5,12677,70449,80
Godda,Jharkhand,2022,4,15853,42282,152
Godda,Jharkhand,2023,5,19983,28550,358
Godda,Jharkhand,2024,1,15513,19882,88
Gumla,Jharkhand,2015,2,12968,53657,285
Gumla,Jharkhand,2016,3,7771,77116,344
Gumla,Jharkhand,2017,5,4327,77832,97
Gumla,Jharkhand,2018,3,7292,45824,160
Gumla,Jharkhand,2019,2,7539,60084,284
Gumla,Jharkhand,2020,5,4550,74400,86
Gumla,Jharkhand,2021,1,4907,25887,147
Gumla,Jharkhand,2022,4,18729,60934,293
Gumla,Jharkhand,2023,4,16710,29525,293
Gumla,Jharkhand,2024,1,12582,12934,320
Hazaribagh,Jharkhand,2015,1,12309,31530,82
Hazaribagh,Jharkhand,2016,1,16667,43475,55
Hazaribagh,Jharkhand,2017,1,8128,30965,70
Hazaribagh,Jharkhand,2018,5,10330,57405,75
Hazaribagh,Jharkhand,2019,2,19335,23685,117
Hazaribagh,Jharkhand,2020,4,12676,55762,166
Hazaribagh,Jharkhand,2021,1,7048,47763,163
Hazaribagh,Jharkhand,2022,3,6592,49939,121
Hazaribagh,Jharkhand,2023,2,5697,67641,351
Hazaribagh,Jharkhand,2024,2,10709,74968,279
Jamtara,Jharkhand,2015,5,14059,77277,378
Jamtara,Jharkhand,2016,4,15517,45522,224
Jamtara,Jharkhand,2017,5,8236,23352,353
Jamtara,Jharkhand,2018,1,11516,13079,385
Jamtara,Jharkhand,2019,2,8389,45959,305
Jamtara,Jharkhand,2020,1,16742,67551,382
Jamtara,Jharkhand,2021,5,7775,42655,77
Jamtara,Jharkhand,2022,4,8869,61834,327
Jamtara,Jharkhand,2023,2,9487,39589,176
Jamtara,Jharkhand,2024,2,15586,47795,259
Khunti,Jharkhand,2015,5,19555,18086,362
Khunti,Jharkhand,2016,5,10641,28882,212
Khunti,Jharkhand,2017,1,13533,69222,74
Khunti,Jharkhand,2018,3,12919,36382,349
Khunti,Jharkhand,2019,3,18475,46683,351
Khunti,Jharkhand,2020,1,15838,21483,331
Khunti,Jharkhand,2021,5,18379,46871,277
Khunti,Jharkhand,2022,3,4343,29661,300
Khunti,Jharkhand,2023,4,12543,21154,273
Khunti,Jharkhand,2024,2,5343,22652,187
Koderma,Jharkhand,2015,3,3636,40569,96
Koderma,Jharkhand,2016,1,19034,54466,73
Koderma,Jharkhand,2017,2,4937,62192,185
Koderma,Jharkhand,2018,2,11671,62116,237
Koderma,Jharkhand,2019,3,19285,43177,345
Koderma,Jharkhand,2020,4,4137,37538,353
Koderma,Jharkhand,2021,4,15531,79788,266
Koderma,Jharkhand,2022,4,15004,11898,186
Koderma,Jharkhand,2023,2,3572,57300,200
Koderma,Jharkhand,2024,1,6056,13481,91
Latehar,Jharkhand,2015,3,8965,21170,388
Latehar,Jharkhand,2016,5,14435,79676,298
Latehar,Jharkhand,2017,3,9149,57767,358
Latehar,Jharkhand,2018,3,4248,39681,315
Latehar,Jharkhand,2019,4,16111,33834,379
Latehar,Jharkhand,2020,5,15157,74467,333
Latehar,Jharkhand,2021,1,6580,34413,73
Latehar,Jharkhand,2022,3,9311,71450,131
Latehar,Jharkhand,2023,1,18384,36340,266
Latehar,Jharkhand,2024,5,9088,17084,54
Lohardaga,Jharkhand,2015,5,13111,51384,68
Lohardaga,Jharkhand,2016,4,16686,55024,385
Lohardaga,Jharkhand,2017,1,17454,77266,334
Lohardaga,Jharkhand,2018,5,8398,52863,197
Lohardaga,Jharkhand,2019,2,11466,41098,185
Lohardaga,Jharkhand,2020,1,13156,55890,251
Lohardaga,Jharkhand,2021,4,12119,43632,346
Lohardaga,Jharkhand,2022,2,12119,65277,317
Lohardaga,Jharkhand,2023,2,15336,72907,277
Lohardaga,Jharkhand,2024,4,16641,75437,260
Pakur,Jharkhand,2015,1,15280,47326,112
Pakur,Jharkhand,2016,2,6224,72610,330
Pakur,Jharkhand,2017,5,9257,22360,77
Pakur,Jharkhand,2018,1,6819,23672,160
Pakur,Jharkhand,2019,2,15036,21681,93
Pakur,Jharkhand,2020,1,19047,35985,81
Pakur,Jharkhand,2021,1,7309,56482,53
Pakur,Jharkhand,2022,2,10204,17864,99
Pakur,Jharkhand,2023,1,10601,58670,214
Pakur,Jharkhand,2024,2,11727,31913,99
Palamu,Jharkhand,2015,3,10564,48303,274
Palamu,Jharkhand,2016,2,16718,32619,180
Palamu,Jharkhand,2017,3,7116,53997,190
Palamu,Jharkhand,2018,3,5852,76464,231
Palamu,Jharkhand,2019,5,14495,76802,152
Palamu,Jharkhand,2020,5,6260,46735,149
Palamu,Jharkhand,2021,4,7737,15072,166
Palamu,Jharkhand,2022,3,18463,31203,330
Palamu,Jharkhand,2023,3,18921,36738,309
Palamu,Jharkhand,2024,2,10164,50686,183
Ramgarh,Jharkhand,2015,4,12552,53600,226
Ramgarh,Jharkhand,2016,4,10394,33584,244
Ramgarh,Jharkhand,2017,3,15160,58298,375
Ramgarh,Jharkhand,2018,5,11748,54670,131
Ramgarh,Jharkhand,2019,4,14106,53975,351
Ramgarh,Jharkhand,2020,3,3848,35981,254
Ramgarh,Jharkhand,2021,5,11988,13603,184
Ramgarh,Jharkhand,2022,5,8462,17223,117
Ramgarh,Jharkhand,2023,5,9538,48298,232
Ramgarh,Jharkhand,2024,5,13992,19692,182
Ranchi,Jharkhand,2015,2,4633,71527,213
Ranchi,Jharkhand,2016,2,14928,24145,374
Ranchi,Jharkhand,2017,4,15566,14735,258
Ranchi,Jharkhand,2018,2,7732,67918,64
Ranchi,Jharkhand,2019,4,8572,54649,190
Ranchi,Jharkhand,2020,4,3195,18137,319
Ranchi,Jharkhand,2021,1,11593,19306,255
Ranchi,Jharkhand,2022,5,3511,33956,313
Ranchi,Jharkhand,2023,5,9918,11164,262
Ranchi,Jharkhand,2024,4,19539,51989,291
Sahebganj,Jharkhand,2015,1,18085,50394,122
Sahebganj,Jharkhand,2016,4,3959,35867,303
Sahebganj,Jharkhand,2017,4,6969,30589,296
Sahebganj,Jharkhand,2018,4,6534,23129,340
Sahebganj,Jharkhand,2019,3,7460,58015,108
Sahebganj,Jharkhand,2020,1,11895,73055,86
Sahebganj,Jharkhand,2021,2,6386,23729,202
Sahebganj,Jharkhand,2022,2,5696,71752,336
Sahebganj,Jharkhand,2023,2,9181,58782,394
Sahebganj,Jharkhand,2024,1,18595,48501,372
Saraikela Kharsawan,Jharkhand,2015,3,13745,45569,56
Saraikela Kharsawan,Jharkhand,2016,3,3828,79497,336
Saraikela Kharsawan,Jharkhand,2017,2,19173,79202,344
Saraikela Kharsawan,Jharkhand,2018,2,9117,45276,79
Saraikela Kharsawan,Jharkhand,2019,4,13211,30620,290
Saraikela Kharsawan,Jharkhand,2020,4,15310,16860,271
Saraikela Kharsawan,Jharkhand,2021,1,17567,36369,141
Saraikela Kharsawan,Jharkhand,2022,4,4290,63232,391
Saraikela Kharsawan,Jharkhand,2023,1,7241,73025,195
Saraikela Kharsawan,Jharkhand,2024,2,10700,23158,341
Bagalkote,Karnataka,2015,1,4036,2960,82
Bagalkote,Karnataka,2016,0,3610,9180,51
Bagalkote,Karnataka,2017,2,4035,5854,24
Bagalkote,Karnataka,2018,0,3205,7756,32
Bagalkote,Karnataka,2019,2,2506,9340,44
Bagalkote,Karnataka,2020,2,4443,12248,81
Bagalkote,Karnataka,2021,1,1807,14873,23
Bagalkote,Karnataka,2022,1,2057,3768,79
Bagalkote,Karnataka,2023,2,2997,10453,98
Bagalkote,Karnataka,2024,1,1625,5265,15
Ballari,Karnataka,2015,1,2945,9213,87
Ballari,Karnataka,2016,0,2132,8992,52
Ballari,Karnataka,2017,1,2428,3786,53
Ballari,Karnataka,2018,0,4009,13715,86
Ballari,Karnataka,2019,0,2929,6000,27
Ballari,Karnataka,2020,1,4863,12033,40
Ballari,Karnataka,2021,1,3046,14052,43
Ballari,Karnataka,2022,0,3140,14760,23
Ballari,Karnataka,2023,0,1088,5525,42
Ballari,Karnataka,2024,2,3501,5784,48
Belagavi,Karnataka,2015,1,3818,3171,80
Belagavi,Karnataka,2016,0,3379,13861,67
Belagavi,Karnataka,2017,0,743,6489,29
Belagavi,Karnataka,2018,0,2152,14244,95
Belagavi,Karnataka,2019,1,1571,6445,83
Belagavi,Karnataka,2020,1,3362,12704,26
Belagavi,Karnataka,2021,2,657,6065,11
Belagavi,Karnataka,2022,0,3659,3621,18
Belagavi,Karnataka,2023,2,3519,4146,50
Belagavi,Karnataka,2024,1,3053,11174,16
Bengaluru Rural,Karnataka,2015,1,4810,1311,78
Bengaluru Rural,Karnataka,2016,0,3464,9177,28
Bengaluru Rural,Karnataka,2017,0,2767,1359,92
Bengaluru Rural,Karnataka,2018,0,1286,6735,92
Bengaluru Rural,Karnataka,2019,1,3259,1998,72
Bengaluru Rural,Karnataka,2020,2,2522,6226,15
Bengaluru Rural,Karnataka,2021,2,2205,8838,22
Bengaluru Rural,Karnataka,2022,0,4792,9098,16
Bengaluru Rural,Karnataka,2023,0,3950,5215,18
Bengaluru Rural,Karnataka,2024,1,631,5248,92
Bengaluru South,Karnataka,2015,2,4745,2937,82
Bengaluru South,Karnataka,2016,1,4711,6331,38
Bengaluru South,Karnataka,2017,2,4610,6646,70
Bengaluru South,Karnataka,2018,0,3166,5974,88
Bengaluru South,Karnataka,2019,2,3503,2002,69
Bengaluru South,Karnataka,2020,1,2789,11440,88
Bengaluru South,Karnataka,2021,1,1560,14076,57
Bengaluru South,Karnataka,2022,0,886,1316,67
Bengaluru South,Karnataka,2023,2,3361,9497,66
Bengaluru South,Karnataka,2024,0,2482,12316,10
Bengaluru Urban,Karnataka,2015,2,1270,12999,98
Bengaluru Urban,Karnataka,2016,2,1184,7413,66
Bengaluru Urban,Karnataka,2017,2,581,1179,81
Bengaluru Urban,Karnataka,2018,1,2182,13477,37
Bengaluru Urban,Karnataka,2019,1,2612,3554,25
Bengaluru Urban,Karnataka,2020,2,2838,3121,14
Bengaluru Urban,Karnataka,2021,1,1631,14891,85
Bengaluru Urban,Karnataka,2022,2,697,8402,55
Bengaluru Urban,Karnataka,2023,0,3055,3180,73
Bengaluru Urban,Karnataka,2024,0,1941,3901,50
Bidar,Karnataka,2015,2,802,10804,38
Bidar,Karnataka,2016,0,1283,10156,71
Bidar,Karnataka,2017,1,1676,3175,42
Bidar,Karnataka,2018,0,2359,8398,89
Bidar,Karnataka,2019,0,4884,4950,30
Bidar,Karnataka,2020,1,788,11667,38
Bidar,Karnataka,2021,2,768,14893,71
Bidar,Karnataka,2022,1,1391,6018,26
Bidar,Karnataka,2023,2,4367,12844,45
Bidar,Karnataka,2024,1,1102,2727,34
Chamarajanagar,Karnataka,2015,2,2330,8131,11
Chamarajanagar,Karnataka,2016,2,2674,6673,89
Chamarajanagar,Karnataka,2017,2,3622,6221,56
Chamarajanagar,Karnataka,2018,2,4031,1499,20
Chamarajanagar,Karnataka,2019,2,3859,14776,30
Chamarajanagar,Karnataka,2020,0,2426,8382,53
Chamarajanagar,Karnataka,2021,1,2375,3965,17
Chamarajanagar,Karnataka,2022,0,2517,6970,47
Chamarajanagar,Karnataka,2023,0,1891,7338,48
Chamarajanagar,Karnataka,2024,0,1010,8486,36
Chikkaballapura,Karnataka,2015,0,4982,13741,21
Chikkaballapura,Karnataka,2016,0,3195,12377,75
Chikkaballapura,Karnataka,2017,1,3409,7023,42
Chikkaballapura,Karnataka,2018,0,1937,14714,44
Chikkaballapura,Karnataka,2019,0,527,14959,79
Chikkaballapura,Karnataka,2020,2,1737,3146,88
Chikkaballapura,Karnataka,2021,0,1443,10800,71
Chikkaballapura,Karnataka,2022,0,4370,5145,32
Chikkaballapura,Karnataka,2023,2,2402,8148,20
Chikkaballapura,Karnataka,2024,2,4004,1239,87
Chikkamagaluru,Karnataka,2015,1,2222,11764,99
Chikkamagaluru,Karnataka,2016,1,3293,6718,63
Chikkamagaluru,Karnataka,2017,0,2457,13965,96
Chikkamagaluru,Karnataka,2018,1,4590,2856,97
Chikkamagaluru,Karnataka,2019,2,2405,14940,53
Chikkamagaluru,Karnataka,2020,0,4436,7383,80
Chikkamagaluru,Karnataka,2021,1,4221,1557,17
Chikkamagaluru,Karnataka,2022,2,565,13251,88
Chikkamagaluru,Karnataka,2023,2,3923,10248,83
Chikkamagaluru,Karnataka,2024,1,725,11782,34
Chitradurga,Karnataka,2015,2,2772,6065,32
Chitradurga,Karnataka,2016,2,2118,10203,82
Chitradurga,Karnataka,2017,0,3546,14955,75
Chitradurga,Karnataka,2018,2,2375,5642,10
Chitradurga,Karnataka,2019,0,3170,2727,64
Chitradurga,Karnataka,2020,0,4417,11613,99
Chitradurga,Karnataka,2021,1,2960,6828,90
Chitradurga,Karnataka,2022,0,2669,1525,27
Chitradurga,Karnataka,2023,2,2001,8346,61
Chitradurga,Karnataka,2024,2,3123,12806,88
Dakshina Kannada,Karnataka,2015,1,4611,4834,60
Dakshina Kannada,Karnataka,2016,0,3712,12004,18
Dakshina Kannada,Karnataka,2017,1,656,11059,29
Dakshina Kannada,Karnataka,2018,2,3239,10952,32
Dakshina Kannada,Karnataka,2019,1,4916,13488,66
Dakshina Kannada,Karnataka,2020,0,1643,10403,64
Dakshina Kannada,Karnataka,2021,2,981,8687,98
Dakshina Kannada,Karnataka,2022,0,4201,14694,78
Dakshina Kannada,Karnataka,2023,1,3517,10403,71
Dakshina Kannada,Karnataka,2024,1,4894,12354,29
Davanagere,Karnataka,2015,1,4927,1895,44
Davanagere,Karnataka,2016,0,986,7952,84
Davanagere,Karnataka,2017,0,3266,4098,63
Davanagere,Karnataka,2018,1,1623,8371,87
Davanagere,Karnataka,2019,0,1641,1908,17
Davanagere,Karnataka,2020,2,1731,4626,55
Davanagere,Karnataka,2021,1,1151,1115,45
Davanagere,Karnataka,2022,0,3500,1583,16
Davanagere,Karnataka,2023,1,2769,8235,83
Davanagere,Karnataka,2024,2,2804,10745,48
Dharwad,Karnataka,2015,2,4400,11182,75
Dharwad,Karnataka,2016,2,1754,12026,59
Dharwad,Karnataka,2017,2,4586,4810,72
Dharwad,Karnataka,2018,2,2820,11263,29
Dharwad,Karnataka,2019,1,2436,2968,98
Dharwad,Karnataka,2020,0,3263,13314,29
Dharwad,Karnataka,2021,2,2462,13394,69
Dharwad,Karnataka,2022,1,2775,10101,74
Dharwad,Karnataka,2023,0,4167,2596,21
Dharwad,Karnataka,2024,0,1758,1907,59
Gadag,Karnataka,2015,1,2634,14299,55
Gadag,Karnataka,2016,2,2404,3153,41
Gadag,Karnataka,2017,0,2034,12053,93
Gadag,Karnataka,2018,2,3574,1324,55
Gadag,Karnataka,2019,1,3850,3172,89
Gadag,Karnataka,2020,2,4832,9739,60
Gadag,Karnataka,2021,2,1109,12962,65
Gadag,Karnataka,2022,0,4936,8162,58
Gadag,Karnataka,2023,2,887,6973,88
Gadag,Karnataka,2024,0,651,11758,86
Hassan,Karnataka,2015,1,1529,1219,39
Hassan,Karnataka,2016,2,572,4505,66
Hassan,Karnataka,2017,0,635,5641,19
Hassan,Karnataka,2018,1,722,9210,92
Hassan,Karnataka,2019,1,1640,7042,11
Hassan,Karnataka,2020,0,1570,2848,17
Hassan,Karnataka,2021,1,3367,8311,62
Hassan,Karnataka,2022,2,1282,4586,41
Hassan,Karnataka,2023,0,4999,9698,57
Hassan,Karnataka,2024,1,1095,10818,55
Haveri,Karnataka,2015,2,4861,10182,30
Haveri,Karnataka,2016,1,671,7384,28
Haveri,Karnataka,2017,2,2975,1153,20
Haveri,Karnataka,2018,2,4095,7247,63
Haveri,Karnataka,2019,0,3042,8967,97
Haveri,Karnataka,2020,2,1254,7590,83
Haveri,Karnataka,2021,1,4596,11120,100
Haveri,Karnataka,2022,2,4799,1191,79
Haveri,Karnataka,2023,1,4089,14801,53
Haveri,Karnataka,2024,2,4261,5617,20
Kalaburagi,Karnataka,2015,2,3471,14749,99
Kalaburagi,Karnataka,2016,0,4876,6600,19
Kalaburagi,Karnataka,2017,0,1818,6216,74
Kalaburagi,Karnataka,2018,2,4038,11269,26
Kalaburagi,Karnataka,2019,2,895,10611,17
Kalaburagi,Karnataka,2020,0,2427,8908,12
Kalaburagi,Karnataka,2021,2,3110,5197,80
Kalaburagi,Karnataka,2022,2,3707,5403,42
Kalaburagi,Karnataka,2023,2,4020,2102,60
Kalaburagi,Karnataka,2024,1,2605,2432,100
Kodagu,Karnataka,2015,0,4427,10855,78
Kodagu,Karnataka,2016,1,2002,4144,81
Kodagu,Karnataka,2017,2,4332,13762,32
Kodagu,Karnataka,2018,2,697,10912,55
Kodagu,Karnataka,2019,1,2594,11369,31
Kodagu,Karnataka,2020,2,4160,13298,47
Kodagu,Karnataka,2021,0,1300,1432,51
Kodagu,Karnataka,2022,2,3920,11785,36
Kodagu,Karnataka,2023,2,875,1266,46
Kodagu,Karnataka,2024,2,3720,9847,13
Kolar,Karnataka,2015,1,3745,10197,17
Kolar,Karnataka,2016,1,2968,14269,28
Kolar,Karnataka,2017,0,959,4320,98
Kolar,Karnataka,2018,0,4297,14671,55
Kolar,Karnataka,2019,1,2399,5819,77
Kolar,Karnataka,2020,1,2136,8184,22
Kolar,Karnataka,2021,2,3485,1489,67
Kolar,Karnataka,2022,1,670,2437,55
Kolar,Karnataka,2023,2,2968,1072,24
Kolar,Karnataka,2024,2,1332,12908,66
Koppal,Karnataka,2015,1,2487,12343,11
Koppal,Karnataka,2016,1,1102,2968,73
Koppal,Karnataka,2017,0,4948,10016,53
Koppal,Karnataka,2018,2,4028,1110,73
Koppal,Karnataka,2019,1,4639,10545,25
Koppal,Karnataka,2020,0,4105,2664,65
Koppal,Karnataka,2021,2,2344,9227,14
Koppal,Karnataka,2022,2,1627,9044,53
Koppal,Karnataka,2023,1,3228,12156,55
Koppal,Karnataka,2024,2,4707,7974,88
Mandya,Karnataka,2015,1,4505,6709,53
Mandya,Karnataka,2016,0,1538,1207,34
Mandya,Karnataka,2017,2,4112,1488,34
Mandya,Karnataka,2018,2,3943,9809,83
Mandya,Karnataka,2019,1,3072,3385,24
Mandya,Karnataka,2020,1,927,14133,25
Mandya,Karnataka,2021,0,4235,11627,89
Mandya,Karnataka,2022,2,3629,5413,34
Mandya,Karnataka,2023,1,4619,13184,86
Mandya,Karnataka,2024,1,3615,4599,99
Mysuru,Karnataka,2015,1,1025,2489,70
Mysuru,Karnataka,2016,0,1490,9074,56
Mysuru,Karnataka,2017,1,3089,4717,94
Mysuru,Karnataka,2018,1,1692,5675,47
Mysuru,Karnataka,2019,2,1588,7371,48
Mysuru,Karnataka,2020,1,2231,1474,36
Mysuru,Karnataka,2021,0,840,10005,90
Mysuru,Karnataka,2022,0,3617,9361,75
Mysuru,Karnataka,2023,1,3507,6639,58
Mysuru,Karnataka,2024,1,2215,9352,25
Raichur,Karnataka,2015,1,3520,6587,15
Raichur,Karnataka,2016,0,2644,2303,31
Raichur,Karnataka,2017,1,2642,9201,19
Raichur,Karnataka,2018,0,4252,2307,25
Raichur,Karnataka,2019,0,3617,11955,32
Raichur,Karnataka,2020,1,3935,8524,87
Raichur,Karnataka,2021,1,2985,2200,73
Raichur,Karnataka,2022,2,1843,6935,10
Raichur,Karnataka,2023,1,1086,14467,32
Raichur,Karnataka,2024,1,3472,1165,65
Shivamogga,Karnataka,2015,2,1253,1738,20
Shivamogga,Karnataka,2016,2,4555,7217,62
Shivamogga,Karnataka,2017,1,3790,8238,76
Shivamogga,Karnataka,2018,2,4919,9117,68
Shivamogga,Karnataka,2019,1,1601,1134,67
Shivamogga,Karnataka,2020,2,4139,10949,27
Shivamogga,Karnataka,2021,1,3081,12850,21
Shivamogga,Karnataka,2022,2,1499,4547,23
Shivamogga,Karnataka,2023,1,1891,1238,90
Shivamogga,Karnataka,2024,1,2691,7773,33
Tumakuru,Karnataka,2015,0,3339,14597,37
Tumakuru,Karnataka,2016,0,3754,3685,48
Tumakuru,Karnataka,2017,1,1902,5124,88
Tumakuru,Karnataka,2018,0,4206,12944,53
Tumakuru,Karnataka,2019,2,3448,2377,30
Tumakuru,Karnataka,2020,1,850,12891,45
Tumakuru,Karnataka,2021,1,4595,11336,59
Tumakuru,Karnataka,2022,2,2324,5967,32
Tumakuru,Karnataka,2023,1,4376,6061,41
Tumakuru,Karnataka,2024,2,1972,5100,74
Udupi,Karnataka,2015,2,3051,1781,14
Udupi,Karnataka,2016,0,4571,6723,49
Udupi,Karnataka,2017,1,3133,3193,89
Udupi,Karnataka,2018,1,3577,8590,53
Udupi,Karnataka,2019,0,828,7160,69
Udupi,Karnataka,2020,2,3721,7906,20
Udupi,Karnataka,2021,0,602,3212,66
Udupi,Karnataka,2022,0,4111,7585,54
Udupi,Karnataka,2023,0,2434,1983,98
Udupi,Karnataka,2024,0,3778,2496,93
Uttara Kannada,Karnataka,2015,0,2798,10817,90
Uttara Kannada,Karnataka,2016,0,1136,8674,13
Uttara Kannada,Karnataka,2017,2,1768,1082,56
Uttara Kannada,Karnataka,2018,2,1754,13779,89
Uttara Kannada,Karnataka,2019,2,3124,5858,73
Uttara Kannada,Karnataka,2020,2,1185,12777,15
Uttara Kannada,Karnataka,2021,2,2201,10537,57
Uttara Kannada,Karnataka,2022,0,840,9590,63
Uttara Kannada,Karnataka,2023,0,4000,6337,23
Uttara Kannada,Karnataka,2024,1,1612,13697,84
Vijayanagara,Karnataka,2015,1,639,9915,69
Vijayanagara,Karnataka,2016,2,3942,9612,83
Vijayanagara,Karnataka,2017,0,1026,7499,80
Vijayanagara,Karnataka,2018,0,907,1730,18
Vijayanagara,Karnataka,2019,2,3623,1702,40
Vijayanagara,Karnataka,2020,0,1230,1279,48
Vijayanagara,Karnataka,2021,1,4278,6526,65
Vijayanagara,Karnataka,2022,1,3867,2715,61
Vijayanagara,Karnataka,2023,1,1839,13424,15
Vijayanagara,Karnataka,2024,2,1035,4774,94
Alappuzha,Kerala,2015,3,20329,63054,858
Alappuzha,Kerala,2016,9,41850,188153,629
Alappuzha,Kerala,2017,7,18103,196666,932
Alappuzha,Kerala,2018,15,132552,204411,2184
Alappuzha,Kerala,2019,6,46273,130477,794
Alappuzha,Kerala,2020,4,17255,188914,324
Alappuzha,Kerala,2021,7,26459,193379,173
Alappuzha,Kerala,2022,5,47371,160677,237
Alappuzha,Kerala,2023,5,39379,114334,502
Alappuzha,Kerala,2024,5,48664,156081,367
Ernakulam,Kerala,2015,7,42080,91192,685
Ernakulam,Kerala,2016,7,17244,141301,307
Ernakulam,Kerala,2017,6,23520,62603,191
Ernakulam,Kerala,2018,15,78249,422655,633
Ernakulam,Kerala,2019,7,17829,69580,931
Ernakulam,Kerala,2020,8,29569,90589,445
Ernakulam,Kerala,2021,4,35884,190068,348
Ernakulam,Kerala,2022,8,46183,171211,748
Ernakulam,Kerala,2023,8,26298,59192,880
Ernakulam,Kerala,2024,5,45778,105492,336
Idukki,Kerala,2015,9,42278,195716,428
Idukki,Kerala,2016,3,19129,149736,350
Idukki,Kerala,2017,6,30655,146777,470
Idukki,Kerala,2018,9,56502,343314,1413
Idukki,Kerala,2019,5,44992,190853,524
Idukki,Kerala,2020,5,37840,195661,822
Idukki,Kerala,2021,3,12873,123731,741
Idukki,Kerala,2022,7,24669,196534,706
Idukki,Kerala,2023,7,15081,100153,676
Idukki,Kerala,2024,3,43311,136177,307
Kannur,Kerala,2015,4,32406,93733,845
Kannur,Kerala,2016,8,33485,140464,575
Kannur,Kerala,2017,5,29484,99128,853
Kannur,Kerala,2018,15,72852,265779,2088
Kannur,Kerala,2019,4,34911,150714,482
Kannur,Kerala,2020,6,40200,182419,397
Kannur,Kerala,2021,9,26807,178301,981
Kannur,Kerala,2022,3,43030,56602,182
Kannur,Kerala,2023,8,21560,115238,877
Kannur,Kerala,2024,7,48457,62701,468
Kasaragod,Kerala,2015,9,16776,70045,794
Kasaragod,Kerala,2016,5,41421,133474,630
Kasaragod,Kerala,2017,3,10461,73946,869
Kasaragod,Kerala,2018,15,72141,408993,2091
Kasaragod,Kerala,2019,8,22020,196162,932
Kasaragod,Kerala,2020,5,49333,142010,365
Kasaragod,Kerala,2021,6,14428,85265,843
Kasaragod,Kerala,2022,7,16291,90963,711
Kasaragod,Kerala,2023,8,20491,71150,675
Kasaragod,Kerala,2024,6,35228,194658,637
Kollam,Kerala,2015,7,45351,130930,993
Kollam,Kerala,2016,6,29644,116485,265
Kollam,Kerala,2017,4,43421,184551,484
Kollam,Kerala,2018,15,142218,439926,498
Kollam,Kerala,2019,9,22010,158927,557
Kollam,Kerala,2020,8,31427,75946,438
Kollam,Kerala,2021,5,35627,106052,800
Kollam,Kerala,2022,7,36818,142861,637
Kollam,Kerala,2023,4,36143,96296,792
Kollam,Kerala,2024,4,22581,142447,382
Kottayam,Kerala,2015,6,36076,112159,780
Kottayam,Kerala,2016,4,39943,190534,164
Kottayam,Kerala,2017,4,16964,50794,638
Kottayam,Kerala,2018,12,54552,448656,1713
Kottayam,Kerala,2019,8,33389,196040,962
Kottayam,Kerala,2020,3,26263,59220,947
Kottayam,Kerala,2021,5,30790,129170,732
Kottayam,Kerala,2022,6,29310,54951,931
Kottayam,Kerala,2023,5,27735,105227,327
Kottayam,Kerala,2024,6,16146,135595,198
Kozhikode,Kerala,2015,5,46325,167276,588
Kozhikode,Kerala,2016,9,27655,169925,757
Kozhikode,Kerala,2017,4,13816,151114,572
Kozhikode,Kerala,2018,12,48882,261117,930
Kozhikode,Kerala,2019,8,48522,67824,382
Kozhikode,Kerala,2020,3,44638,157021,248
Kozhikode,Kerala,2021,6,28923,138747,722
Kozhikode,Kerala,2022,7,16867,161093,726
Kozhikode,Kerala,2023,4,11983,56226,640
Kozhikode,Kerala,2024,4,30824,148606,210
Malappuram,Kerala,2015,4,47644,163939,709
Malappuram,Kerala,2016,6,16547,65683,520
Malappuram,Kerala,2017,4,40822,89837,767
Malappuram,Kerala,2018,15,44955,194619,1917
Malappuram,Kerala,2019,3,13497,166321,636
Malappuram,Kerala,2020,4,30610,195454,572
Malappuram,Kerala,2021,6,30039,197593,358
Malappuram,Kerala,2022,8,45973,88408,283
Malappuram,Kerala,2023,8,13465,119969,566
Malappuram,Kerala,2024,4,22407,58184,348
Palakkad,Kerala,2015,4,46211,188796,720
Palakkad,Kerala,2016,6,17875,91989,253
Palakkad,Kerala,2017,3,18355,170443,523
Palakkad,Kerala,2018,15,69123,254733,2520
Palakkad,Kerala,2019,5,20567,92056,886
Palakkad,Kerala,2020,6,19572,172764,487
Palakkad,Kerala,2021,4,24740,87104,313
Palakkad,Kerala,2022,8,20232,145722,759
Palakkad,Kerala,2023,6,27981,130789,182
Palakkad,Kerala,2024,9,12904,66890,157
Pathanamthitta,Kerala,2015,8,25061,150274,963
Pathanamthitta,Kerala,2016,7,18160,51706,635
Pathanamthitta,Kerala,2017,9,18318,76978,620
Pathanamthitta,Kerala,2018,9,43323,250413,1992
Pathanamthitta,Kerala,2019,3,10312,106263,772
Pathanamthitta,Kerala,2020,6,47877,125057,533
Pathanamthitta,Kerala,2021,9,10513,151968,460
Pathanamthitta,Kerala,2022,4,14109,82488,863
Pathanamthitta,Kerala,2023,8,48014,149781,579
Pathanamthitta,Kerala,2024,6,17821,86643,678
Thiruvananthapuram,Kerala,2015,6,20743,87733,910
Thiruvananthapuram,Kerala,2016,3,34545,115035,230
Thiruvananthapuram,Kerala,2017,8,15436,79673,528
Thiruvananthapuram,Kerala,2018,15,124092,526932,870
Thiruvananthapuram,Kerala,2019,7,21449,115967,847
Thiruvananthapuram,Kerala,2020,7,24756,65400,923
Thiruvananthapuram,Kerala,2021,4,46800,74953,690
Thiruvananthapuram,Kerala,2022,4,13739,106091,349
Thiruvananthapuram,Kerala,2023,9,45617,153284,452
Thiruvananthapuram,Kerala,2024,9,15374,79130,665
Thrissur,Kerala,2015,5,16163,111085,189
Thrissur,Kerala,2016,5,46896,159414,567
Thrissur,Kerala,2017,8,41079,195579,515
Thrissur,Kerala,2018,15,126105,288111,1536
Thrissur,Kerala,2019,3,23783,189217,271
Thrissur,Kerala,2020,6,23874,93843,258
Thrissur,Kerala,2021,9,40184,182127,712
Thrissur,Kerala,2022,3,26238,173187,846
Thrissur,Kerala,2023,8,44567,135308,741
Thrissur,Kerala,2024,6,28095,95092,450
Wayanad,Kerala,2015,6,34459,68326,741
Wayanad,Kerala,2016,7,24965,66903,470
Wayanad,Kerala,2017,3,19776,102032,236
Wayanad,Kerala,2018,15,106446,190830,2409
Wayanad,Kerala,2019,7,17497,84162,653
Wayanad,Kerala,2020,9,38571,108297,701
Wayanad,Kerala,2021,4,36955,52245,329
Wayanad,Kerala,2022,6,18578,123669,418
Wayanad,Kerala,2023,6,35801,179125,359
Wayanad,Kerala,2024,5,39654,108755,174
Kargil,Ladakh,2015,0,2530,13048,65
Kargil,Ladakh,2016,1,1290,2789,65
Kargil,Ladakh,2017,0,3028,7267,90
Kargil,Ladakh,2018,0,2716,6753,33
Kargil,Ladakh,2019,2,1400,10788,29
Kargil,Ladakh,2020,1,4406,5407,65
Kargil,Ladakh,2021,0,2920,6472,43
Kargil,Ladakh,2022,1,3207,11582,16
Kargil,Ladakh,2023,0,3840,3477,16
Kargil,Ladakh,2024,1,1946,1348,26
Leh Ladakh,Ladakh,2015,1,2021,8327,18
Leh Ladakh,Ladakh,2016,1,680,2041,90
Leh Ladakh,Ladakh,2017,0,4866,1946,28
Leh Ladakh,Ladakh,2018,0,1780,12623,67
Leh Ladakh,Ladakh,2019,1,3294,13092,72
Leh Ladakh,Ladakh,2020,1,4571,12330,72
Leh Ladakh,Ladakh,2021,1,1818,3820,88
Leh Ladakh,Ladakh,2022,1,3261,8327,27
Leh Ladakh,Ladakh,2023,2,3415,3224,62
Leh Ladakh,Ladakh,2024,1,2155,12752,10
Lakshadweep District,Lakshadweep,2015,0,1866,4864,23
Lakshadweep District,Lakshadweep,2016,1,1417,1647,55
Lakshadweep District,Lakshadweep,2017,1,3456,1765,41
Lakshadweep District,Lakshadweep,2018,1,1850,3613,20
Lakshadweep District,Lakshadweep,2019,1,4034,10293,57
Lakshadweep District,Lakshadweep,2020,1,889,8415,34
Lakshadweep District,Lakshadweep,2021,2,2451,1023,98
Lakshadweep District,Lakshadweep,2022,0,4959,3836,18
Lakshadweep District,Lakshadweep,2023,2,978,2649,17
Lakshadweep District,Lakshadweep,2024,0,2641,6246,77
Agar-Malwa,Madhya Pradesh,2015,5,5941,25937,288
Agar-Malwa,Madhya Pradesh,2016,3,11616,65632,330
Agar-Malwa,Madhya Pradesh,2017,5,15296,79700,306
Agar-Malwa,Madhya Pradesh,2018,1,9906,49858,147
Agar-Malwa,Madhya Pradesh,2019,3,16356,58939,259
Agar-Malwa,Madhya Pradesh,2020,5,16538,16611,147
Agar-Malwa,Madhya Pradesh,2021,4,12294,23754,383
Agar-Malwa,Madhya Pradesh,2022,3,15182,25289,83
Agar-Malwa,Madhya Pradesh,2023,3,10758,34490,373
Agar-Malwa,Madhya Pradesh,2024,5,14585,61849,337
Alirajpur,Madhya Pradesh,2015,1,4713,27487,224
Alirajpur,Madhya Pradesh,2016,2,15603,21179,264
Alirajpur,Madhya Pradesh,2017,5,13836,28484,111
Alirajpur,Madhya Pradesh,2018,1,12661,60017,62
Alirajpur,Madhya Pradesh,2019,3,5495,60676,314
Alirajpur,Madhya Pradesh,2020,5,3327,74869,158
Alirajpur,Madhya Pradesh,2021,1,4807,26853,71
Alirajpur,Madhya Pradesh,2022,4,11059,75191,322
Alirajpur,Madhya Pradesh,2023,4,8474,65072,293
Alirajpur,Madhya Pradesh,2024,1,11194,23272,86
Anuppur,Madhya Pradesh,2015,5,4256,54281,251
Anuppur,Madhya Pradesh,2016,1,11595,29612,207
Anuppur,Madhya Pradesh,2017,4,5676,53810,282
Anuppur,Madhya Pradesh,2018,4,8690,12244,262
Anuppur,Madhya Pradesh,2019,2,13111,52656,64
Anuppur,Madhya Pradesh,2020,2,16493,72490,252
Anuppur,Madhya Pradesh,2021,5,9834,69035,371
Anuppur,Madhya Pradesh,2022,2,6616,64507,208
Anuppur,Madhya Pradesh,2023,3,10003,18336,98
Anuppur,Madhya Pradesh,2024,3,11494,44755,282
Ashoknagar,Madhya Pradesh,2015,2,17176,76355,82
Ashoknagar,Madhya Pradesh,2016,5,16938,11938,76
Ashoknagar,Madhya Pradesh,2017,5,14817,10517,313
Ashoknagar,Madhya Pradesh,2018,4,11496,37731,163
Ashoknagar,Madhya Pradesh,2019,2,4207,20241,56
Ashoknagar,Madhya Pradesh,2020,4,12027,24790,151
Ashoknagar,Madhya Pradesh,2021,2,7255,25249,51
Ashoknagar,Madhya Pradesh,2022,4,11540,76469,315
Ashoknagar,Madhya Pradesh,2023,1,3651,35727,204
Ashoknagar,Madhya Pradesh,2024,1,19562,12825,199
Balaghat,Madhya Pradesh,2015,4,19660,79234,380
Balaghat,Madhya Pradesh,2016,5,7817,79475,130
Balaghat,Madhya Pradesh,2017,2,5667,29814,139
Balaghat,Madhya Pradesh,2018,1,6224,31131,372
Balaghat,Madhya Pradesh,2019,2,13109,10802,131
Balaghat,Madhya Pradesh,2020,3,18572,53748,357
Balaghat,Madhya Pradesh,2021,5,12612,62858,362
Balaghat,Madhya Pradesh,2022,5,5076,43990,72
Balaghat,Madhya Pradesh,2023,3,3438,21095,258
Balaghat,Madhya Pradesh,2024,1,6832,30467,151
Barwani,Madhya Pradesh,2015,4,9471,78686,183
Barwani,Madhya Pradesh,2016,1,12929,34622,394
Barwani,Madhya Pradesh,2017,1,5287,74984,291
Barwani,Madhya Pradesh,2018,3,14437,18823,204
Barwani,Madhya Pradesh,2019,5,15436,38942,193
Barwani,Madhya Pradesh,2020,1,5801,33781,102
Barwani,Madhya Pradesh,2021,4,4114,69837,399
Barwani,Madhya Pradesh,2022,4,12711,35106,356
Barwani,Madhya Pradesh,2023,2,19179,35826,239
Barwani,Madhya Pradesh,2024,4,19983,78680,362
Betul,Madhya Pradesh,2015,2,6663,30140,52
Betul,Madhya Pradesh,2016,5,14652,17152,93
Betul,Madhya Pradesh,2017,3,15891,64626,255
Betul,Madhya Pradesh,2018,1,15607,15224,147
Betul,Madhya Pradesh,2019,4,18655,57176,330
Betul,Madhya Pradesh,2020,1,16199,35096,270
Betul,Madhya Pradesh,2021,1,14163,59963,314
Betul,Madhya Pradesh,2022,3,10751,29853,325
Betul,Madhya Pradesh,2023,4,16791,57345,62
Betul,Madhya Pradesh,2024,1,3474,74213,205
Bhind,Madhya Pradesh,2015,5,7532,71117,69
Bhind,Madhya Pradesh,2016,3,3003,53449,261
Bhind,Madhya Pradesh,2017,4,13886,39540,393
Bhind,Madhya Pradesh,2018,4,19263,18110,255
Bhind,Madhya Pradesh,2019,2,7577,67181,278
Bhind,Madhya Pradesh,2020,2,12639,13789,358
Bhind,Madhya Pradesh,2021,1,11727,67581,311
Bhind,Madhya Pradesh,2022,3,13959,57404,328
Bhind,Madhya Pradesh,2023,3,13510,63294,216
Bhind,Madhya Pradesh,2024,3,9459,65534,236
Bhopal,Madhya Pradesh,2015,2,6246,52881,382
Bhopal,Madhya Pradesh,2016,1,9576,58542,192
Bhopal,Madhya Pradesh,2017,1,10106,20399,101
Bhopal,Madhya Pradesh,2018,4,16862,16561,82
Bhopal,Madhya Pradesh,2019,4,15463,16716,77
Bhopal,Madhya Pradesh,2020,5,19210,55714,176
Bhopal,Madhya Pradesh,2021,2,15681,61742,51
Bhopal,Madhya Pradesh,2022,1,9166,72502,239
Bhopal,Madhya Pradesh,2023,5,16133,20507,184
Bhopal,Madhya Pradesh,2024,3,3380,42022,224
Burhanpur,Madhya Pradesh,2015,5,16611,22412,365
Burhanpur,Madhya Pradesh,2016,4,11115,56689,319
Burhanpur,Madhya Pradesh,2017,4,18974,29436,102
Burhanpur,Madhya Pradesh,2018,1,13596,27429,193
Burhanpur,Madhya Pradesh,2019,3,8542,43775,158
Burhanpur,Madhya Pradesh,2020,1,12083,77471,197
Burhanpur,Madhya Pradesh,2021,1,8648,58481,84
Burhanpur,Madhya Pradesh,2022,4,12540,29124,225
Burhanpur,Madhya Pradesh,2023,5,3790,26688,289
Burhanpur,Madhya Pradesh,2024,3,8096,40685,309
Chhatarpur,Madhya Pradesh,2015,2,10003,38730,100
Chhatarpur,Madhya Pradesh,2016,3,13184,32437,61
Chhatarpur,Madhya Pradesh,2017,1,16875,74301,88
Chhatarpur,Madhya Pradesh,2018,4,18599,20316,86
Chhatarpur,Madhya Pradesh,2019,2,9302,67394,311
Chhatarpur,Madhya Pradesh,2020,5,11518,74977,371
Chhatarpur,Madhya Pradesh,2021,5,6568,56511,93
Chhatarpur,Madhya Pradesh,2022,2,14772,41227,55
Chhatarpur,Madhya Pradesh,2023,3,12331,51995,220
Chhatarpur,Madhya Pradesh,2024,3,15508,66849,258
Chhindwara,Madhya Pradesh,2015,5,19157,50393,252
Chhindwara,Madhya Pradesh,2016,2,14494,53841,181
Chhindwara,Madhya Pradesh,2017,2,17667,35296,171
Chhindwara,Madhya Pradesh,2018,4,18017,55944,86
Chhindwara,Madhya Pradesh,2019,3,16071,17436,131
Chhindwara,Madhya Pradesh,2020,5,11228,38065,219
Chhindwara,Madhya Pradesh,2021,1,17803,40717,397
Chhindwara,Madhya Pradesh,2022,2,12520,63724,316
Chhindwara,Madhya Pradesh,2023,3,5170,47470,393
Chhindwara,Madhya Pradesh,2024,3,12652,58052,327
Damoh,Madhya Pradesh,2015,3,17125,15112,365
Damoh,Madhya Pradesh,2016,1,7537,74673,161
Damoh,Madhya Pradesh,2017,5,16732,24691,115
Damoh,Madhya Pradesh,2018,3,16958,44801,80
Damoh,Madhya Pradesh,2019,3,12809,51010,384
Damoh,Madhya Pradesh,2020,2,14405,39771,209
Damoh,Madhya Pradesh,2021,3,4388,47313,278
Damoh,Madhya Pradesh,2022,4,4482,26242,54
Damoh,Madhya Pradesh,2023,1,8519,23597,243
Damoh,Madhya Pradesh,2024,4,8642,39126,380
Datia,Madhya Pradesh,2015,4,15714,16718,218
Datia,Madhya Pradesh,2016,2,19457,47279,293
Datia,Madhya Pradesh,2017,4,17926,62831,341
Datia,Madhya Pradesh,2018,4,19191,26698,369
Datia,Madhya Pradesh,2019,2,11119,14589,127
Datia,Madhya Pradesh,2020,3,6197,66712,296
Datia,Madhya Pradesh,2021,4,5901,63637,307
Datia,Madhya Pradesh,2022,3,6645,64694,190
Datia,Madhya Pradesh,2023,5,6438,17285,324
Datia,Madhya Pradesh,2024,2,13836,69265,220
Dewas,Madhya Pradesh,2015,4,5455,62551,100
Dewas,Madhya Pradesh,2016,5,11337,49828,185
Dewas,Madhya Pradesh,2017,5,19724,55483,250
Dewas,Madhya Pradesh,2018,2,6212,25967,300
Dewas,Madhya Pradesh,2019,2,13167,58482,91
Dewas,Madhya Pradesh,2020,2,10528,57677,112
Dewas,Madhya Pradesh,2021,3,5598,23598,176
Dewas,Madhya Pradesh,2022,1,7887,48406,158
Dewas,Madhya Pradesh,2023,1,11635,19372,209
Dewas,Madhya Pradesh,2024,3,19388,35848,250
Dhar,Madhya Pradesh,2015,4,12154,39063,128
Dhar,Madhya Pradesh,2016,4,16908,30550,196
Dhar,Madhya Pradesh,2017,3,10784,26837,327
Dhar,Madhya Pradesh,2018,3,16064,31925,179
Dhar,Madhya Pradesh,2019,2,15375,28867,379
Dhar,Madhya Pradesh,2020,5,17543,17696,362
Dhar,Madhya Pradesh,2021,2,10329,16772,182
Dhar,Madhya Pradesh,2022,5,11233,79064,178
Dhar,Madhya Pradesh,2023,5,4352,13733,270
Dhar,Madhya Pradesh,2024,4,19204,39222,330
Dindori,Madhya Pradesh,2015,2,11268,62765,257
Dindori,Madhya Pradesh,2016,5,11815,23653,339
Dindori,Madhya Pradesh,2017,3,8632,39649,292
Dindori,Madhya Pradesh,2018,3,11703,43283,180
Dindori,Madhya Pradesh,2019,3,16120,42472,288
Dindori,Madhya Pradesh,2020,5,9252,46325,392
Dindori,Madhya Pradesh,2021,1,15428,78909,286
Dindori,Madhya Pradesh,2022,2,11936,16728,274
Dindori,Madhya Pradesh,2023,5,5386,17695,181
Dindori,Madhya Pradesh,2024,1,8504,33470,280
Guna,Madhya Pradesh,2015,4,9568,64567,107
Guna,Madhya Pradesh,2016,3,7730,17525,272
Guna,Madhya Pradesh,2017,3,4926,41289,109
Guna,Madhya Pradesh,2018,5,6009,44771,50
Guna,Madhya Pradesh,2019,4,9840,54502,240
Guna,Madhya Pradesh,2020,3,11331,42141,57
Guna,Madhya Pradesh,2021,1,11365,26824,144
Guna,Madhya Pradesh,2022,3,12867,39984,121
Guna,Madhya Pradesh,2023,3,19051,76528,150
Guna,Madhya Pradesh,2024,3,9171,38355,168
Gwalior,Madhya Pradesh,2015,2,4755,30528,327
Gwalior,Madhya Pradesh,2016,3,12464,12344,233
Gwalior,Madhya Pradesh,2017,5,7970,18267,113
Gwalior,Madhya Pradesh,2018,2,14498,46727,163
Gwalior,Madhya Pradesh,2019,5,4082,56701,92
Gwalior,Madhya Pradesh,2020,1,14369,51692,352
Gwalior,Madhya Pradesh,2021,4,3114,50175,220
Gwalior,Madhya Pradesh,2022,5,17859,74914,261
Gwalior,Madhya Pradesh,2023,2,6730,23858,362
Gwalior,Madhya Pradesh,2024,4,11336,35247,335
Harda,Madhya Pradesh,2015,5,7622,22537,217
Harda,Madhya Pradesh,2016,4,9217,23454,330
Harda,Madhya Pradesh,2017,4,14863,25617,61
Harda,Madhya Pradesh,2018,2,8874,58646,152
Harda,Madhya Pradesh,2019,1,9559,21837,392
Harda,Madhya Pradesh,2020,4,17118,64676,278
Harda,Madhya Pradesh,2021,2,8720,41802,147
Harda,Madhya Pradesh,2022,1,16052,66038,301
Harda,Madhya Pradesh,2023,1,4155,22545,391
Harda,Madhya Pradesh,2024,2,6057,30154,77
Indore,Madhya Pradesh,2015,1,4609,63441,121
Indore,Madhya Pradesh,2016,3,14869,58481,156
Indore,Madhya Pradesh,2017,2,5494,58171,146
Indore,Madhya Pradesh,2018,2,4182,33851,312
Indore,Madhya Pradesh,2019,2,3995,64209,272
Indore,Madhya Pradesh,2020,4,13883,29127,391
Indore,Madhya Pradesh,2021,4,5742,43095,376
Indore,Madhya Pradesh,2022,5,16441,77174,158
Indore,Madhya Pradesh,2023,1,10954,14300,72
Indore,Madhya Pradesh,2024,2,18002,62787,50
Jabalpur,Madhya Pradesh,2015,4,10962,45505,319
Jabalpur,Madhya Pradesh,2016,4,4707,52714,101
Jabalpur,Madhya Pradesh,2017,1,13713,76718,347
Jabalpur,Madhya Pradesh,2018,2,5778,59562,270
Jabalpur,Madhya Pradesh,2019,1,18933,59135,247
Jabalpur,Madhya Pradesh,2020,3,4054,25558,368
Jabalpur,Madhya Pradesh,2021,5,3621,47652,155
Jabalpur,Madhya Pradesh,2022,4,6520,50587,199
Jabalpur,Madhya Pradesh,2023,3,18181,56915,266
Jabalpur,Madhya Pradesh,2024,5,11978,26707,145
Jhabua,Madhya Pradesh,2015,3,7480,71507,50
Jhabua,Madhya Pradesh,2016,2,4205,19394,172
Jhabua,Madhya Pradesh,2017,2,15344,78372,383
Jhabua,Madhya Pradesh,2018,4,3267,11239,331
Jhabua,Madhya Pradesh,2019,2,4580,67181,259
Jhabua,Madhya Pradesh,2020,1,9254,34021,211
Jhabua,Madhya Pradesh,2021,1,6722,75562,171
Jhabua,Madhya Pradesh,2022,1,3284,79096,160
Jhabua,Madhya Pradesh,2023,4,16241,48033,310
Jhabua,Madhya Pradesh,2024,1,11693,50105,274
Katni,Madhya Pradesh,2015,1,14330,51231,283
Katni,Madhya Pradesh,2016,1,12915,31182,381
Katni,Madhya Pradesh,2017,5,12170,78417,366
Katni,Madhya Pradesh,2018,1,10378,76900,338
Katni,Madhya Pradesh,2019,2,17399,32528,313
Katni,Madhya Pradesh,2020,3,7973,41240,292
Katni,Madhya Pradesh,2021,3,13803,11449,129
Katni,Madhya Pradesh,2022,2,10087,64230,135
Katni,Madhya Pradesh,2023,2,4315,23242,231
Katni,Madhya Pradesh,2024,5,10515,60078,326
Khandwa (East Nimar),Madhya Pradesh,2015,5,14095,16546,132
Khandwa (East Nimar),Madhya Pradesh,2016,4,18216,20369,123
Khandwa (East Nimar),Madhya Pradesh,2017,4,8290,78727,393
Khandwa (East Nimar),Madhya Pradesh,2018,2,9982,23332,279
Khandwa (East Nimar),Madhya Pradesh,2019,3,6753,20090,315
Khandwa (East Nimar),Madhya Pradesh,2020,4,10380,74161,379
Khandwa (East Nimar),Madhya Pradesh,2021,5,13585,29848,84
Khandwa (East Nimar),Madhya Pradesh,2022,5,19941,63069,273
Khandwa (East Nimar),Madhya Pradesh,2023,3,5426,61218,357
Khandwa (East Nimar),Madhya Pradesh,2024,4,13102,23643,366
Khargone (West Nimar),Madhya Pradesh,2015,2,17132,47200,157
Khargone (West Nimar),Madhya Pradesh,2016,5,14570,21061,183
Khargone (West Nimar),Madhya Pradesh,2017,2,6633,29991,341
Khargone (West Nimar),Madhya Pradesh,2018,2,3580,28216,258
Khargone (West Nimar),Madhya Pradesh,2019,1,9837,51513,249
Khargone (West Nimar),Madhya Pradesh,2020,2,14430,20908,60
Khargone (West Nimar),Madhya Pradesh,2021,1,5527,42591,210
Khargone (West Nimar),Madhya Pradesh,2022,2,4465,45471,264
Khargone (West Nimar),Madhya Pradesh,2023,5,19790,64965,340
Khargone (West Nimar),Madhya Pradesh,2024,2,8454,69162,256
MAUGANJ,Madhya Pradesh,2015,4,15160,56451,221
MAUGANJ,Madhya Pradesh,2016,4,14832,18360,380
MAUGANJ,Madhya Pradesh,2017,5,5607,63796,297
MAUGANJ,Madhya Pradesh,2018,1,19342,24143,287
MAUGANJ,Madhya Pradesh,2019,2,10959,64185,193
MAUGANJ,Madhya Pradesh,2020,5,11813,23008,110
MAUGANJ,Madhya Pradesh,2021,1,19219,79148,372
MAUGANJ,Madhya Pradesh,2022,4,7374,67586,75
MAUGANJ,Madhya Pradesh,2023,4,18384,43471,240
MAUGANJ,Madhya Pradesh,2024,3,4033,65908,218
Maihar,Madhya Pradesh,2015,4,19654,63639,274
Maihar,Madhya Pradesh,2016,5,19675,47730,86
Maihar,Madhya Pradesh,2017,4,13526,15265,127
Maihar,Madhya Pradesh,2018,5,12145,42265,297
Maihar,Madhya Pradesh,2019,1,15439,62403,135
Maihar,Madhya Pradesh,2020,4,10372,79289,251
Maihar,Madhya Pradesh,2021,2,14994,48029,352
Maihar,Madhya Pradesh,2022,1,10124,49149,50
Maihar,Madhya Pradesh,2023,2,6337,21058,84
Maihar,Madhya Pradesh,2024,5,8668,68234,148
Mandla,Madhya Pradesh,2015,3,19280,19601,301
Mandla,Madhya Pradesh,2016,2,14218,19128,231
Mandla,Madhya Pradesh,2017,1,17300,12576,297
Mandla,Madhya Pradesh,2018,5,19417,51597,392
Mandla,Madhya Pradesh,2019,5,18540,56292,165
Mandla,Madhya Pradesh,2020,3,15673,36673,238
Mandla,Madhya Pradesh,2021,5,9638,20835,95
Mandla,Madhya Pradesh,2022,4,9682,11075,386
Mandla,Madhya Pradesh,2023,2,4238,30024,148
Mandla,Madhya Pradesh,2024,1,5873,26666,393
Mandsaur,Madhya Pradesh,2015,3,12738,13175,196
Mandsaur,Madhya Pradesh,2016,2,15637,50467,136
Mandsaur,Madhya Pradesh,2017,2,16589,22179,238
Mandsaur,Madhya Pradesh,2018,3,9833,40550,88
Mandsaur,Madhya Pradesh,2019,2,6220,49875,230
Mandsaur,Madhya Pradesh,2020,2,14453,35004,398
Mandsaur,Madhya Pradesh,2021,1,15723,17563,229
Mandsaur,Madhya Pradesh,2022,4,9041,16363,57
Mandsaur,Madhya Pradesh,2023,2,10634,53800,332
Mandsaur,Madhya Pradesh,2024,5,11387,29567,137
Morena,Madhya Pradesh,2015,3,8835,30594,161
Morena,Madhya Pradesh,2016,4,19201,61727,342
Morena,Madhya Pradesh,2017,5,8489,12605,82
Morena,Madhya Pradesh,2018,3,9021,15402,275
Morena,Madhya Pradesh,2019,2,3958,62916,196
Morena,Madhya Pradesh,2020,4,18341,65333,338
Morena,Madhya Pradesh,2021,5,7160,15931,179
Morena,Madhya Pradesh,2022,3,3519,25025,155
Morena,Madhya Pradesh,2023,2,14611,62156,209
Morena,Madhya Pradesh,2024,4,10149,78285,393
Narmadapuram,Madhya Pradesh,2015,3,5037,14856,79
Narmadapuram,Madhya Pradesh,2016,5,18428,39691,269
Narmadapuram,Madhya Pradesh,2017,3,11583,30213,150
Narmadapuram,Madhya Pradesh,2018,4,13353,22583,335
Narmadapuram,Madhya Pradesh,2019,3,5526,49955,61
Narmadapuram,Madhya Pradesh,2020,1,10813,30614,218
Narmadapuram,Madhya Pradesh,2021,2,10014,74160,171
Narmadapuram,Madhya Pradesh,2022,3,5080,63385,134
Narmadapuram,Madhya Pradesh,2023,1,8784,45395,120
Narmadapuram,Madhya Pradesh,2024,2,5602,62754,308
Narsimhapur,Madhya Pradesh,2015,4,6014,48874,94
Narsimhapur,Madhya Pradesh,2016,4,4383,41641,331
Narsimhapur,Madhya Pradesh,2017,4,15320,77530,360
Narsimhapur,Madhya Pradesh,2018,2,16030,43043,91
Narsimhapur,Madhya Pradesh,2019,3,17536,68174,324
Narsimhapur,Madhya Pradesh,2020,4,9221,59222,167
Narsimhapur,Madhya Pradesh,2021,1,11328,75181,342
Narsimhapur,Madhya Pradesh,2022,1,11150,26553,204
Narsimhapur,Madhya Pradesh,2023,2,14702,35861,55
Narsimhapur,Madhya Pradesh,2024,1,19272,47262,287
Neemuch,Madhya Pradesh,2015,5,16077,23317,295
Neemuch,Madhya Pradesh,2016,5,3883,16338,339
Neemuch,Madhya Pradesh,2017,2,19355,74962,228
Neemuch,Madhya Pradesh,2018,1,15572,73988,73
Neemuch,Madhya Pradesh,2019,1,4185,73657,369
Neemuch,Madhya Pradesh,2020,2,11677,55145,153
Neemuch,Madhya Pradesh,2021,4,13192,76779,197
Neemuch,Madhya Pradesh,2022,3,7619,59204,246
Neemuch,Madhya Pradesh,2023,3,11245,20765,296
Neemuch,Madhya Pradesh,2024,1,18949,66307,373
Niwari,Madhya Pradesh,2015,5,13513,64550,232
Niwari,Madhya Pradesh,2016,5,5383,29503,124
Niwari,Madhya Pradesh,2017,3,14488,53790,325
Niwari,Madhya Pradesh,2018,3,14918,41345,305
Niwari,Madhya Pradesh,2019,5,18447,73165,257
Niwari,Madhya Pradesh,2020,4,14914,58798,366
Niwari,Madhya Pradesh,2021,5,11695,36395,197
Niwari,Madhya Pradesh,2022,3,12312,32665,186
Niwari,Madhya Pradesh,2023,4,12460,72939,99
Niwari,Madhya Pradesh,2024,4,8071,26209,275
Pandhurna,Madhya Pradesh,2015,2,12338,25911,169
Pandhurna,Madhya Pradesh,2016,3,12416,54457,191
Pandhurna,Madhya Pradesh,2017,1,17316,44318,398
Pandhurna,Madhya Pradesh,2018,3,19330,27058,59
Pandhurna,Madhya Pradesh,2019,4,13849,50122,146
Pandhurna,Madhya Pradesh,2020,2,4243,23034,130
Pandhurna,Madhya Pradesh,2021,5,10407,70101,91
Pandhurna,Madhya Pradesh,2022,2,8518,45159,172
Pandhurna,Madhya Pradesh,2023,2,4892,23732,206
Pandhurna,Madhya Pradesh,2024,5,14326,20892,174
Panna,Madhya Pradesh,2015,4,7783,32816,93
Panna,Madhya Pradesh,2016,5,12318,59113,294
Panna,Madhya Pradesh,2017,3,4096,43083,214
Panna,Madhya Pradesh,2018,3,4224,29454,292
Panna,Madhya Pradesh,2019,2,14489,53443,276
Panna,Madhya Pradesh,2020,2,19831,71782,109
Panna,Madhya Pradesh,2021,4,7793,24267,294
Panna,Madhya Pradesh,2022,2,12691,78525,348
Panna,Madhya Pradesh,2023,2,17903,32454,292
Panna,Madhya Pradesh,2024,3,11421,38037,144
Raisen,Madhya Pradesh,2015,2,15391,44727,156
Raisen,Madhya Pradesh,2016,4,18997,51818,394
Raisen,Madhya Pradesh,2017,5,5264,73793,94
Raisen,Madhya Pradesh,2018,3,18044,63921,280
Raisen,Madhya Pradesh,2019,2,7196,53575,98
Raisen,Madhya Pradesh,2020,2,18567,57533,156
Raisen,Madhya Pradesh,2021,3,5029,10394,185
Raisen,Madhya Pradesh,2022,2,8445,28671,140
Raisen,Madhya Pradesh,2023,2,8446,67390,365
Raisen,Madhya Pradesh,2024,5,6356,39994,221
Rajgarh,Madhya Pradesh,2015,4,17611,44666,187
Rajgarh,Madhya Pradesh,2016,2,15175,36902,314
Rajgarh,Madhya Pradesh,2017,4,15185,64336,363
Rajgarh,Madhya Pradesh,2018,1,8487,54990,157
Rajgarh,Madhya Pradesh,2019,3,10484,41370,277
Rajgarh,Madhya Pradesh,2020,2,14803,24452,307
Rajgarh,Madhya Pradesh,2021,3,15594,35304,169
Rajgarh,Madhya Pradesh,2022,5,13481,35131,166
Rajgarh,Madhya Pradesh,2023,1,13304,77915,251
Rajgarh,Madhya Pradesh,2024,4,19433,12672,83
Ratlam,Madhya Pradesh,2015,4,19266,68156,265
Ratlam,Madhya Pradesh,2016,5,5193,77070,72
Ratlam,Madhya Pradesh,2017,5,8345,64641,368
Ratlam,Madhya Pradesh,2018,2,7807,14821,254
Ratlam,Madhya Pradesh,2019,1,3081,37399,180
Ratlam,Madhya Pradesh,2020,1,3130,58067,311
Ratlam,Madhya Pradesh,2021,1,15080,76987,202
Ratlam,Madhya Pradesh,2022,5,17930,37442,229
Ratlam,Madhya Pradesh,2023,4,13787,47601,312
Ratlam,Madhya Pradesh,2024,2,16789,37162,107
Rewa,Madhya Pradesh,2015,3,7121,56838,386
Rewa,Madhya Pradesh,2016,5,10202,74590,284
Rewa,Madhya Pradesh,2017,4,7579,44077,190
Rewa,Madhya Pradesh,2018,5,7593,64369,70
Rewa,Madhya Pradesh,2019,2,17932,70857,329
Rewa,Madhya Pradesh,2020,3,19917,77698,141
Rewa,Madhya Pradesh,2021,1,13690,58266,253
Rewa,Madhya Pradesh,2022,5,6962,14712,150
Rewa,Madhya Pradesh,2023,1,14511,20289,228
Rewa,Madhya Pradesh,2024,2,3141,47477,233
Sagar,Madhya Pradesh,2015,4,17135,10159,332
Sagar,Madhya Pradesh,2016,1,14930,21032,114
Sagar,Madhya Pradesh,2017,3,19830,68263,354
Sagar,Madhya Pradesh,2018,1,7582,79895,122
Sagar,Madhya Pradesh,2019,5,7828,60914,249
Sagar,Madhya Pradesh,2020,3,4684,41716,109
Sagar,Madhya Pradesh,2021,3,15666,31951,152
Sagar,Madhya Pradesh,2022,5,19615,34275,145
Sagar,Madhya Pradesh,2023,5,17027,49903,346
Sagar,Madhya Pradesh,2024,5,13661,22899,132
Satna,Madhya Pradesh,2015,3,10614,74263,255
Satna,Madhya Pradesh,2016,5,16018,68089,102
Satna,Madhya Pradesh,2017,3,8793,32142,174
Satna,Madhya Pradesh,2018,3,10292,10800,333
Satna,Madhya Pradesh,2019,4,14202,33841,355
Satna,Madhya Pradesh,2020,5,12814,76908,95
Satna,Madhya Pradesh,2021,1,19438,75378,85
Satna,Madhya Pradesh,2022,2,9811,66841,241
Satna,Madhya Pradesh,2023,2,13816,11292,77
Satna,Madhya Pradesh,2024,5,16092,54453,279
Sehore,Madhya Pradesh,2015,3,8263,32710,180
Sehore,Madhya Pradesh,2016,3,8230,52370,108
Sehore,Madhya Pradesh,2017,4,18763,65336,286
Sehore,Madhya Pradesh,2018,2,18948,77674,111
Sehore,Madhya Pradesh,2019,4,19932,76331,253
Sehore,Madhya Pradesh,2020,3,12941,31168,89
Sehore,Madhya Pradesh,2021,3,7140,79481,270
Sehore,Madhya Pradesh,2022,1,14721,10315,270
Sehore,Madhya Pradesh,2023,3,18494,65762,56
Sehore,Madhya Pradesh,2024,3,9991,21080,374
Seoni,Madhya Pradesh,2015,5,14201,14340,250
Seoni,Madhya Pradesh,2016,2,15291,63936,229
Seoni,Madhya Pradesh,2017,4,11425,31034,138
Seoni,Madhya Pradesh,2018,2,8539,69242,226
Seoni,Madhya Pradesh,2019,5,14806,17842,322
Seoni,Madhya Pradesh,2020,1,9155,18117,339
Seoni,Madhya Pradesh,2021,1,17900,55058,392
Seoni,Madhya Pradesh,2022,2,11133,30930,271
Seoni,Madhya Pradesh,2023,2,13354,49406,311
Seoni,Madhya Pradesh,2024,4,3538,72976,177
Shahdol,Madhya Pradesh,2015,1,12915,18247,322
Shahdol,Madhya Pradesh,2016,2,10599,16740,144
Shahdol,Madhya Pradesh,2017,4,17416,32566,237
Shahdol,Madhya Pradesh,2018,3,18284,10287,254
Shahdol,Madhya Pradesh,2019,3,15777,70408,85
Shahdol,Madhya Pradesh,2020,5,16734,70379,295
Shahdol,Madhya Pradesh,2021,2,10220,73205,58
Shahdol,Madhya Pradesh,2022,2,9307,32664,299
Shahdol,Madhya Pradesh,2023,5,10566,27797,153
Shahdol,Madhya Pradesh,2024,2,17938,27232,273
Shajapur,Madhya Pradesh,2015,2,18143,10034,132
Shajapur,Madhya Pradesh,2016,4,16357,22344,164
Shajapur,Madhya Pradesh,2017,2,4350,42787,351
Shajapur,Madhya Pradesh,2018,1,10977,14814,195
Shajapur,Madhya Pradesh,2019,1,19449,49559,229
Shajapur,Madhya Pradesh,2020,4,9517,51676,378
Shajapur,Madhya Pradesh,2021,5,8746,72288,54
Shajapur,Madhya Pradesh,2022,4,3475,50460,379
Shajapur,Madhya Pradesh,2023,1,5492,26120,71
Shajapur,Madhya Pradesh,2024,2,7266,17472,364
Sheopur,Madhya Pradesh,2015,1,10918,65758,151
Sheopur,Madhya Pradesh,2016,2,6473,39577,170
Sheopur,Madhya Pradesh,2017,2,15135,24896,319
Sheopur,Madhya Pradesh,2018,4,9253,44540,350
Sheopur,Madhya Pradesh,2019,2,14643,66731,182
Sheopur,Madhya Pradesh,2020,4,8058,15270,85
Sheopur,Madhya Pradesh,2021,1,16919,28375,266
Sheopur,Madhya Pradesh,2022,1,4420,14461,380
Sheopur,Madhya Pradesh,2023,3,16173,56020,106
Sheopur,Madhya Pradesh,2024,1,8875,51535,291
Shivpuri,Madhya Pradesh,2015,1,11449,58019,61
Shivpuri,Madhya Pradesh,2016,5,12820,35972,168
Shivpuri,Madhya Pradesh,2017,3,15124,69639,255
Shivpuri,Madhya Pradesh,2018,5,8553,14724,239
Shivpuri,Madhya Pradesh,2019,2,15427,56993,53
Shivpuri,Madhya Pradesh,2020,1,18576,27069,350
Shivpuri,Madhya Pradesh,2021,5,17923,47787,64
Shivpuri,Madhya Pradesh,2022,4,10711,27786,355
Shivpuri,Madhya Pradesh,2023,2,10187,16708,93
Shivpuri,Madhya Pradesh,2024,5,7577,71014,380
Sidhi,Madhya Pradesh,2015,2,11322,79536,205
Sidhi,Madhya Pradesh,2016,5,19916,66082,166
Sidhi,Madhya Pradesh,2017,1,15621,23885,197
Sidhi,Madhya Pradesh,2018,5,10527,51777,91
Sidhi,Madhya Pradesh,2019,3,8879,72624,125
Sidhi,Madhya Pradesh,2020,4,12393,61655,351
Sidhi,Madhya Pradesh,2021,2,13626,13735,345
Sidhi,Madhya Pradesh,2022,5,9491,20402,259
Sidhi,Madhya Pradesh,2023,1,4181,39276,156
Sidhi,Madhya Pradesh,2024,5,12534,21655,296
Singrauli,Madhya Pradesh,2015,1,12928,34913,316
Singrauli,Madhya Pradesh,2016,3,3791,79068,79
Singrauli,Madhya Pradesh,2017,2,9700,33593,226
Singrauli,Madhya Pradesh,2018,4,3589,70453,269
Singrauli,Madhya Pradesh,2019,5,16416,25029,146
Singrauli,Madhya Pradesh,2020,4,8038,66268,273
Singrauli,Madhya Pradesh,2021,1,17237,57793,249
Singrauli,Madhya Pradesh,2022,3,6596,24382,228
Singrauli,Madhya Pradesh,2023,2,8632,25306,268
Singrauli,Madhya Pradesh,2024,3,3159,47738,272
Tikamgarh,Madhya Pradesh,2015,4,7677,54908,141
Tikamgarh,Madhya Pradesh,2016,4,16199,39637,244
Tikamgarh,Madhya Pradesh,2017,1,14259,74228,318
Tikamgarh,Madhya Pradesh,2018,5,14734,74838,101
Tikamgarh,Madhya Pradesh,2019,4,18393,32480,122
Tikamgarh,Madhya Pradesh,2020,1,17467,23676,300
Tikamgarh,Madhya Pradesh,2021,5,14519,78885,273
Tikamgarh,Madhya Pradesh,2022,5,14605,53754,107
Tikamgarh,Madhya Pradesh,2023,3,6507,21882,291
Tikamgarh,Madhya Pradesh,2024,2,19829,31398,87
Ahilyanagar,Maharashtra,2015,2,5370,64573,376
Ahilyanagar,Maharashtra,2016,5,16015,75853,176
Ahilyanagar,Maharashtra,2017,2,11715,14348,121
Ahilyanagar,Maharashtra,2018,4,14582,65055,110
Ahilyanagar,Maharashtra,2019,3,7811,50956,369
Ahilyanagar,Maharashtra,2020,2,6200,23020,104
Ahilyanagar,Maharashtra,2021,4,6466,79528,228
Ahilyanagar,Maharashtra,2022,2,12716,34045,254
Ahilyanagar,Maharashtra,2023,4,7556,19573,164
Ahilyanagar,Maharashtra,2024,1,16433,52554,253
Akola,Maharashtra,2015,1,12667,16112,204
Akola,Maharashtra,2016,5,19474,25830,195
Akola,Maharashtra,2017,3,7181,43121,399
Akola,Maharashtra,2018,3,6664,27666,139
Akola,Maharashtra,2019,5,8433,62090,72
Akola,Maharashtra,2020,4,6375,50200,238
Akola,Maharashtra,2021,2,3247,55255,128
Akola,Maharashtra,2022,1,5208,27421,62
Akola,Maharashtra,2023,1,15486,43040,382
Akola,Maharashtra,2024,3,9948,63903,279
Amravati,Maharashtra,2015,3,4416,36731,254
Amravati,Maharashtra,2016,5,15143,33008,191
Amravati,Maharashtra,2017,4,10258,49382,260
Amravati,Maharashtra,2018,1,11073,28938,123
Amravati,Maharashtra,2019,3,9243,39084,152
Amravati,Maharashtra,2020,2,15692,41362,169
Amravati,Maharashtra,2021,1,5757,50188,300
Amravati,Maharashtra,2022,1,12197,60755,229
Amravati,Maharashtra,2023,4,15322,53495,349
Amravati,Maharashtra,2024,2,17087,22442,311
Beed,Maharashtra,2015,5,10284,43476,135
Beed,Maharashtra,2016,2,16178,70810,278
Beed,Maharashtra,2017,1,16245,65758,99
Beed,Maharashtra,2018,4,19407,28201,263
Beed,Maharashtra,2019,4,12342,19286,51
Beed,Maharashtra,2020,5,18544,11529,121
Beed,Maharashtra,2021,3,15690,22193,65
Beed,Maharashtra,2022,4,18499,32717,151
Beed,Maharashtra,2023,2,3158,24185,362
Beed,Maharashtra,2024,3,6725,33442,287
Bhandara,Maharashtra,2015,5,10969,14761,193
Bhandara,Maharashtra,2016,5,5802,55357,172
Bhandara,Maharashtra,2017,1,15690,19082,81
Bhandara,Maharashtra,2018,1,4725,15502,241
Bhandara,Maharashtra,2019,3,16860,15744,123
Bhandara,Maharashtra,2020,3,19272,60561,51
Bhandara,Maharashtra,2021,3,19979,46830,133
Bhandara,Maharashtra,2022,2,15132,46505,211
Bhandara,Maharashtra,2023,2,11341,17895,212
Bhandara,Maharashtra,2024,5,7674,43085,345
Buldhana,Maharashtra,2015,2,7273,58490,359
Buldhana,Maharashtra,2016,4,5147,11725,290
Buldhana,Maharashtra,2017,3,10678,35132,290
Buldhana,Maharashtra,2018,5,18609,62053,377
Buldhana,Maharashtra,2019,2,10599,29873,317
Buldhana,Maharashtra,2020,4,3496,18392,131
Buldhana,Maharashtra,2021,5,4402,49487,65
Buldhana,Maharashtra,2022,3,18491,60804,268
Buldhana,Maharashtra,2023,4,17569,27583,237
Buldhana,Maharashtra,2024,1,4175,27821,303
Chandrapur,Maharashtra,2015,5,7240,59801,245
Chandrapur,Maharashtra,2016,4,5788,35670,177
Chandrapur,Maharashtra,2017,2,12562,11181,335
Chandrapur,Maharashtra,2018,4,7244,10102,154
Chandrapur,Maharashtra,2019,2,13213,34649,305
Chandrapur,Maharashtra,2020,4,17194,48871,213
Chandrapur,Maharashtra,2021,2,5535,55094,363
Chandrapur,Maharashtra,2022,4,13662,24073,228
Chandrapur,Maharashtra,2023,2,12409,11468,289
Chandrapur,Maharashtra,2024,1,16146,61217,58
Chhatrapati Sambhajinagar,Maharashtra,2015,2,4280,42925,60
Chhatrapati Sambhajinagar,Maharashtra,2016,4,8803,76643,293
Chhatrapati Sambhajinagar,Maharashtra,2017,4,17774,39969,146
Chhatrapati Sambhajinagar,Maharashtra,2018,3,4398,20716,190
Chhatrapati Sambhajinagar,Maharashtra,2019,4,12190,17126,349
Chhatrapati Sambhajinagar,Maharashtra,2020,2,8408,72209,223
Chhatrapati Sambhajinagar,Maharashtra,2021,4,16641,19641,61
Chhatrapati Sambhajinagar,Maharashtra,2022,4,11017,70317,63
Chhatrapati Sambhajinagar,Maharashtra,2023,2,16227,60154,366
Chhatrapati Sambhajinagar,Maharashtra,2024,4,17857,19361,58
Dharashiv,Maharashtra,2015,1,3003,64658,203
Dharashiv,Maharashtra,2016,3,8777,36417,250
Dharashiv,Maharashtra,2017,4,4884,55261,172
Dharashiv,Maharashtra,2018,4,10497,52989,283
Dharashiv,Maharashtra,2019,5,7979,24715,285
Dharashiv,Maharashtra,2020,5,19904,73634,381
Dharashiv,Maharashtra,2021,2,7350,19522,202
Dharashiv,Maharashtra,2022,2,12582,48337,282
Dharashiv,Maharashtra,2023,5,9868,22887,183
Dharashiv,Maharashtra,2024,2,14273,53571,391
Dhule,Maharashtra,2015,4,11814,79354,391
Dhule,Maharashtra,2016,3,7672,60022,55
Dhule,Maharashtra,2017,3,18811,45920,379
Dhule,Maharashtra,2018,4,10459,10218,388
Dhule,Maharashtra,2019,5,7761,67678,238
Dhule,Maharashtra,2020,2,14130,37558,80
Dhule,Maharashtra,2021,5,9541,19779,312
Dhule,Maharashtra,2022,3,16258,21449,59
Dhule,Maharashtra,2023,1,19676,39261,96
Dhule,Maharashtra,2024,4,17540,24749,388
Gadchiroli,Maharashtra,2015,1,19980,43340,102
Gadchiroli,Maharashtra,2016,4,17073,42288,388
Gadchiroli,Maharashtra,2017,2,11777,33394,121
Gadchiroli,Maharashtra,2018,2,11737,10048,139
Gadchiroli,Maharashtra,2019,5,18769,66717,224
Gadchiroli,Maharashtra,2020,1,18851,36354,184
Gadchiroli,Maharashtra,2021,4,8332,49257,199
Gadchiroli,Maharashtra,2022,2,7607,79905,381
Gadchiroli,Maharashtra,2023,1,11962,42357,377
Gadchiroli,Maharashtra,2024,1,18706,52819,226
Gondia,Maharashtra,2015,5,10324,66385,109
Gondia,Maharashtra,2016,1,7513,23320,355
Gondia,Maharashtra,2017,1,12296,58979,380
Gondia,Maharashtra,2018,5,7783,36763,350
Gondia,Maharashtra,2019,2,11073,28539,78
Gondia,Maharashtra,2020,2,19130,20581,395
Gondia,Maharashtra,2021,1,13699,68994,89
Gondia,Maharashtra,2022,4,10036,62795,152
Gondia,Maharashtra,2023,5,4060,47129,150
Gondia,Maharashtra,2024,4,12739,38910,386
Hingoli,Maharashtra,2015,2,14681,25987,127
Hingoli,Maharashtra,2016,3,3046,73652,111
Hingoli,Maharashtra,2017,3,18092,43350,207
Hingoli,Maharashtra,2018,2,16792,11003,207
Hingoli,Maharashtra,2019,2,8499,37183,209
Hingoli,Maharashtra,2020,1,17481,69409,397
Hingoli,Maharashtra,2021,1,15732,47050,361
Hingoli,Maharashtra,2022,3,18015,23946,138
Hingoli,Maharashtra,2023,2,12836,71440,112
Hingoli,Maharashtra,2024,3,16895,30481,137
Jalgaon,Maharashtra,2015,2,8019,62689,328
Jalgaon,Maharashtra,2016,5,10743,58231,250
Jalgaon,Maharashtra,2017,3,16297,55062,109
Jalgaon,Maharashtra,2018,5,4326,16218,153
Jalgaon,Maharashtra,2019,4,19286,49887,229
Jalgaon,Maharashtra,2020,5,17121,36066,398
Jalgaon,Maharashtra,2021,1,7740,45210,156
Jalgaon,Maharashtra,2022,1,17286,42652,223
Jalgaon,Maharashtra,2023,4,17261,25681,388
Jalgaon,Maharashtra,2024,1,5003,18895,336
Jalna,Maharashtra,2015,2,10889,43901,170
Jalna,Maharashtra,2016,5,13682,31398,265
Jalna,Maharashtra,2017,4,10614,71675,72
Jalna,Maharashtra,2018,4,18412,11747,296
Jalna,Maharashtra,2019,3,8507,24644,227
Jalna,Maharashtra,2020,4,4444,54821,213
Jalna,Maharashtra,2021,5,9483,36794,158
Jalna,Maharashtra,2022,4,3978,23695,167
Jalna,Maharashtra,2023,5,16049,64958,339
Jalna,Maharashtra,2024,2,15247,34688,121
Kolhapur,Maharashtra,2015,5,14477,36771,265
Kolhapur,Maharashtra,2016,3,11832,71522,289
Kolhapur,Maharashtra,2017,4,10739,65207,221
Kolhapur,Maharashtra,2018,5,17084,16183,383
Kolhapur,Maharashtra,2019,2,13913,38958,82
Kolhapur,Maharashtra,2020,5,6441,40770,262
Kolhapur,Maharashtra,2021,5,5166,14255,272
Kolhapur,Maharashtra,2022,1,12583,34811,84
Kolhapur,Maharashtra,2023,1,3746,37200,174
Kolhapur,Maharashtra,2024,5,4525,31494,316
Latur,Maharashtra,2015,1,4964,36462,102
Latur,Maharashtra,2016,5,18372,71207,187
Latur,Maharashtra,2017,1,11184,50749,283
Latur,Maharashtra,2018,1,15967,18400,84
Latur,Maharashtra,2019,4,8988,32365,262
Latur,Maharashtra,2020,5,7676,37999,367
Latur,Maharashtra,2021,1,7931,49136,277
Latur,Maharashtra,2022,2,18567,23366,191
Latur,Maharashtra,2023,2,10711,21867,145
Latur,Maharashtra,2024,1,17454,76924,232
Mumbai,Maharashtra,2015,4,3989,18476,178
Mumbai,Maharashtra,2016,5,15067,48232,356
Mumbai,Maharashtra,2017,3,17803,66113,334
Mumbai,Maharashtra,2018,4,16591,76626,167
Mumbai,Maharashtra,2019,1,11585,22490,385
Mumbai,Maharashtra,2020,5,7654,64120,278
Mumbai,Maharashtra,2021,2,10101,69821,329
Mumbai,Maharashtra,2022,3,9456,69731,343
Mumbai,Maharashtra,2023,4,3619,39133,269
Mumbai,Maharashtra,2024,1,3375,18916,342
Mumbai Suburban,Maharashtra,2015,1,15619,10002,384
Mumbai Suburban,Maharashtra,2016,2,9104,10882,239
Mumbai Suburban,Maharashtra,2017,4,19459,51894,227
Mumbai Suburban,Maharashtra,2018,1,17139,40849,139
Mumbai Suburban,Maharashtra,2019,2,16399,77086,291
Mumbai Suburban,Maharashtra,2020,1,11590,10735,262
Mumbai Suburban,Maharashtra,2021,2,10630,22596,342
Mumbai Suburban,Maharashtra,2022,2,9249,79991,249
Mumbai Suburban,Maharashtra,2023,3,3993,53259,287
Mumbai Suburban,Maharashtra,2024,4,13004,59731,318
Nagpur,Maharashtra,2015,1,5181,15651,283
Nagpur,Maharashtra,2016,3,9765,57658,195
Nagpur,Maharashtra,2017,4,5212,32008,325
Nagpur,Maharashtra,2018,3,13068,52358,220
Nagpur,Maharashtra,2019,4,18798,31759,131
Nagpur,Maharashtra,2020,4,18154,60765,368
Nagpur,Maharashtra,2021,5,10327,22022,106
Nagpur,Maharashtra,2022,4,7663,30509,293
Nagpur,Maharashtra,2023,5,11872,57999,165
Nagpur,Maharashtra,2024,4,17405,57818,394
Nanded,Maharashtra,2015,3,19163,17029,276
Nanded,Maharashtra,2016,5,16719,37781,221
Nanded,Maharashtra,2017,1,5465,23103,55
Nanded,Maharashtra,2018,4,4847,36166,112
Nanded,Maharashtra,2019,1,17473,60058,328
Nanded,Maharashtra,2020,5,8612,63375,251
Nanded,Maharashtra,2021,5,4686,51367,92
Nanded,Maharashtra,2022,1,3955,62218,200
Nanded,Maharashtra,2023,3,18548,67998,308
Nanded,Maharashtra,2024,4,19454,44026,273
Nandurbar,Maharashtra,2015,1,12065,37953,128
Nandurbar,Maharashtra,2016,2,18494,44021,68
Nandurbar,Maharashtra,2017,4,13127,61520,332
Nandurbar,Maharashtra,2018,5,19270,62846,372
Nandurbar,Maharashtra,2019,4,7694,70992,337
Nandurbar,Maharashtra,2020,5,17359,74331,194
Nandurbar,Maharashtra,2021,4,13982,38923,181
Nandurbar,Maharashtra,2022,5,10039,68391,354
Nandurbar,Maharashtra,2023,1,5799,47410,362
Nandurbar,Maharashtra,2024,1,10364,55041,325
Nashik,Maharashtra,2015,1,19511,58694,310
Nashik,Maharashtra,2016,4,16390,50668,152
Nashik,Maharashtra,2017,1,9585,14484,181
Nashik,Maharashtra,2018,2,9066,60869,248
Nashik,Maharashtra,2019,3,7555,59145,264
Nashik,Maharashtra,2020,5,5786,25257,385
Nashik,Maharashtra,2021,1,7626,33902,400
Nashik,Maharashtra,2022,4,6459,68822,384
Nashik,Maharashtra,2023,3,5949,32695,270
Nashik,Maharashtra,2024,4,7515,68007,55
Palghar,Maharashtra,2015,2,8888,33381,212
Palghar,Maharashtra,2016,4,18122,70801,368
Palghar,Maharashtra,2017,5,3430,45920,206
Palghar,Maharashtra,2018,5,17535,27809,58
Palghar,Maharashtra,2019,4,16899,74302,312
Palghar,Maharashtra,2020,5,12563,16398,69
Palghar,Maharashtra,2021,5,4425,32588,365
Palghar,Maharashtra,2022,2,13367,58947,363
Palghar,Maharashtra,2023,5,9963,31621,290
Palghar,Maharashtra,2024,2,15180,56261,248
Parbhani,Maharashtra,2015,1,7969,17540,377
Parbhani,Maharashtra,2016,2,9898,78565,120
Parbhani,Maharashtra,2017,4,10552,19735,252
Parbhani,Maharashtra,2018,3,4383,46917,104
Parbhani,Maharashtra,2019,5,17814,32567,282
Parbhani,Maharashtra,2020,2,18633,32868,264
Parbhani,Maharashtra,2021,2,8355,30654,325
Parbhani,Maharashtra,2022,4,3136,28705,315
Parbhani,Maharashtra,2023,3,13410,79508,295
Parbhani,Maharashtra,2024,2,4075,37761,220
Pune,Maharashtra,2015,5,5483,28207,123
Pune,Maharashtra,2016,1,14229,59295,233
Pune,Maharashtra,2017,2,12783,51356,160
Pune,Maharashtra,2018,2,16780,13082,124
Pune,Maharashtra,2019,4,17899,22968,125
Pune,Maharashtra,2020,5,19710,46505,304
Pune,Maharashtra,2021,4,7243,77101,311
Pune,Maharashtra,2022,3,8358,11503,169
Pune,Maharashtra,2023,1,17409,79227,280
Pune,Maharashtra,2024,4,5981,41987,310
Raigad,Maharashtra,2015,5,18564,32911,74
Raigad,Maharashtra,2016,4,19553,49962,187
Raigad,Maharashtra,2017,4,17859,61267,134
Raigad,Maharashtra,2018,5,14363,47764,69
Raigad,Maharashtra,2019,1,15984,75868,105
Raigad,Maharashtra,2020,2,4305,72552,153
Raigad,Maharashtra,2021,4,4601,19574,273
Raigad,Maharashtra,2022,1,18337,62367,247
Raigad,Maharashtra,2023,5,19801,69702,204
Raigad,Maharashtra,2024,3,15859,67399,143
Ratnagiri,Maharashtra,2015,2,13172,72455,247
Ratnagiri,Maharashtra,2016,4,9426,78445,177
Ratnagiri,Maharashtra,2017,3,3614,18671,157
Ratnagiri,Maharashtra,2018,3,19809,79900,250
Ratnagiri,Maharashtra,2019,5,11938,54830,83
Ratnagiri,Maharashtra,2020,3,6353,68324,96
Ratnagiri,Maharashtra,2021,5,15046,10231,390
Ratnagiri,Maharashtra,2022,2,14531,56282,80
Ratnagiri,Maharashtra,2023,4,12486,39511,382
Ratnagiri,Maharashtra,2024,1,10578,41631,325
Sangli,Maharashtra,2015,1,3031,70099,193
Sangli,Maharashtra,2016,2,16078,75832,360
Sangli,Maharashtra,2017,1,18793,63921,331
Sangli,Maharashtra,2018,5,19616,55513,148
Sangli,Maharashtra,2019,2,14825,45649,101
Sangli,Maharashtra,2020,2,10396,61529,71
Sangli,Maharashtra,2021,2,10662,49932,151
Sangli,Maharashtra,2022,5,16801,33863,308
Sangli,Maharashtra,2023,5,3729,61748,223
Sangli,Maharashtra,2024,1,4583,71209,308
Satara,Maharashtra,2015,2,3435,29616,337
Satara,Maharashtra,2016,4,14240,42762,397
Satara,Maharashtra,2017,3,18955,54671,84
Satara,Maharashtra,2018,2,5690,14251,373
Satara,Maharashtra,2019,1,3951,19238,358
Satara,Maharashtra,2020,5,8519,21327,356
Satara,Maharashtra,2021,3,18368,49448,171
Satara,Maharashtra,2022,3,19099,65575,322
Satara,Maharashtra,2023,5,12485,18314,157
Satara,Maharashtra,2024,4,10022,17641,183
Sindhudurg,Maharashtra,2015,5,11053,41654,107
Sindhudurg,Maharashtra,2016,3,3324,76705,62
Sindhudurg,Maharashtra,2017,2,16204,63501,156
Sindhudurg,Maharashtra,2018,4,3710,71968,75
Sindhudurg,Maharashtra,2019,3,17689,36752,292
Sindhudurg,Maharashtra,2020,2,18384,60231,227
Sindhudurg,Maharashtra,2021,5,14935,78720,187
Sindhudurg,Maharashtra,2022,2,8036,76864,376
Sindhudurg,Maharashtra,2023,4,9606,66535,229
Sindhudurg,Maharashtra,2024,4,7708,71569,322
Solapur,Maharashtra,2015,4,6033,14918,235
Solapur,Maharashtra,2016,5,12693,39523,326
Solapur,Maharashtra,2017,2,19962,67120,373
Solapur,Maharashtra,2018,1,8764,25392,131
Solapur,Maharashtra,2019,3,16594,38140,286
Solapur,Maharashtra,2020,5,14304,13397,74
Solapur,Maharashtra,2021,5,14785,53153,374
Solapur,Maharashtra,2022,3,8298,22067,390
Solapur,Maharashtra,2023,5,17175,16011,112
Solapur,Maharashtra,2024,1,5569,72012,61
Thane,Maharashtra,2015,1,13410,60376,103
Thane,Maharashtra,2016,4,18490,32074,307
Thane,Maharashtra,2017,4,19089,29017,335
Thane,Maharashtra,2018,3,8360,68206,297
Thane,Maharashtra,2019,2,10296,47093,104
Thane,Maharashtra,2020,4,16731,71836,160
Thane,Maharashtra,2021,4,16153,34976,160
Thane,Maharashtra,2022,5,13074,29406,364
Thane,Maharashtra,2023,5,13162,65646,187
Thane,Maharashtra,2024,2,4263,51278,319
Wardha,Maharashtra,2015,5,10550,57794,224
Wardha,Maharashtra,2016,4,14191,45714,299
Wardha,Maharashtra,2017,1,5984,31090,123
Wardha,Maharashtra,2018,5,16580,72977,207
Wardha,Maharashtra,2019,1,14336,27654,135
Wardha,Maharashtra,2020,5,18880,32992,160
Wardha,Maharashtra,2021,4,10844,65803,53
Wardha,Maharashtra,2022,4,18561,61413,151
Wardha,Maharashtra,2023,1,11394,54584,326
Wardha,Maharashtra,2024,5,12871,76799,106
Bishnupur,Manipur,2015,7,10644,163538,331
Bishnupur,Manipur,2016,3,33950,190234,720
Bishnupur,Manipur,2017,7,11371,74586,789
Bishnupur,Manipur,2018,9,17993,88602,511
Bishnupur,Manipur,2019,6,37926,68989,936
Bishnupur,Manipur,2020,6,14629,57665,179
Bishnupur,Manipur,2021,4,15150,156243,294
Bishnupur,Manipur,2022,3,25885,66201,875
Bishnupur,Manipur,2023,4,19964,152268,983
Bishnupur,Manipur,2024,5,43625,192532,358
Chandel,Manipur,2015,3,19700,127659,211
Chandel,Manipur,2016,4,29940,168611,532
Chandel,Manipur,2017,9,30296,109398,208
Chandel,Manipur,2018,9,43460,183784,945
Chandel,Manipur,2019,6,18717,134888,308
Chandel,Manipur,2020,5,44239,132364,521
Chandel,Manipur,2021,6,28919,149366,817
Chandel,Manipur,2022,8,47477,74679,278
Chandel,Manipur,2023,9,16124,184335,591
Chandel,Manipur,2024,5,11235,61797,901
Churachandpur,Manipur,2015,6,12024,125724,376
Churachandpur,Manipur,2016,4,13373,52387,389
Churachandpur,Manipur,2017,3,17112,108932,658
Churachandpur,Manipur,2018,7,39971,189513,419
Churachandpur,Manipur,2019,7,47653,182030,908
Churachandpur,Manipur,2020,9,31010,168287,936
Churachandpur,Manipur,2021,9,45113,119359,901
Churachandpur,Manipur,2022,7,10361,87004,785
Churachandpur,Manipur,2023,3,26814,198791,372
Churachandpur,Manipur,2024,4,39999,197167,622
Imphal East,Manipur,2015,7,21008,152488,983
Imphal East,Manipur,2016,4,30851,74165,337
Imphal East,Manipur,2017,3,25600,137470,207
Imphal East,Manipur,2018,9,36332,138761,590
Imphal East,Manipur,2019,3,20266,168615,873
Imphal East,Manipur,2020,8,17652,60889,510
Imphal East,Manipur,2021,7,19031,141813,292
Imphal East,Manipur,2022,6,28843,199305,932
Imphal East,Manipur,2023,5,40596,174591,209
Imphal East,Manipur,2024,7,43829,153524,472
Imphal West,Manipur,2015,4,28830,190488,475
Imphal West,Manipur,2016,9,31345,86858,683
Imphal West,Manipur,2017,8,17873,71154,728
Imphal West,Manipur,2018,4,34242,133551,744
Imphal West,Manipur,2019,8,44446,160816,217
Imphal West,Manipur,2020,7,19175,185067,775
Imphal West,Manipur,2021,3,12440,182251,627
Imphal West,Manipur,2022,9,48512,193039,174
Imphal West,Manipur,2023,9,39203,186480,323
Imphal West,Manipur,2024,6,13044,162160,707
Jiribam,Manipur,2015,3,33776,134551,492
Jiribam,Manipur,2016,3,37415,88508,694
Jiribam,Manipur,2017,7,31119,97324,668
Jiribam,Manipur,2018,5,48739,84201,934
Jiribam,Manipur,2019,8,43270,170369,170
Jiribam,Manipur,2020,3,40480,85938,961
Jiribam,Manipur,2021,9,19390,71440,508
Jiribam,Manipur,2022,3,37484,122196,382
Jiribam,Manipur,2023,9,11323,187408,764
Jiribam,Manipur,2024,3,35748,141559,544
Kakching,Manipur,2015,5,32753,120309,480
Kakching,Manipur,2016,5,38566,156261,153
Kakching,Manipur,2017,8,29021,108555,710
Kakching,Manipur,2018,7,31258,70716,197
Kakching,Manipur,2019,4,36348,126161,535
Kakching,Manipur,2020,4,20987,149603,170
Kakching,Manipur,2021,7,35937,191651,529
Kakching,Manipur,2022,8,22855,64024,905
Kakching,Manipur,2023,5,33422,107241,295
Kakching,Manipur,2024,9,30924,168741,726
Kamjong,Manipur,2015,9,29670,94239,681
Kamjong,Manipur,2016,8,14908,104822,696
Kamjong,Manipur,2017,9,18049,133573,155
Kamjong,Manipur,2018,6,14438,180938,890
Kamjong,Manipur,2019,3,43373,133364,562
Kamjong,Manipur,2020,4,49835,131241,680
Kamjong,Manipur,2021,5,32107,146304,470
Kamjong,Manipur,2022,9,20592,53864,422
Kamjong,Manipur,2023,5,33739,94335,378
Kamjong,Manipur,2024,3,49758,64518,445
Kangpokpi,Manipur,2015,7,16901,65102,492
Kangpokpi,Manipur,2016,5,22585,131490,921
Kangpokpi,Manipur,2017,5,25170,167869,617
Kangpokpi,Manipur,2018,8,26183,67785,381
Kangpokpi,Manipur,2019,3,13761,130061,523
Kangpokpi,Manipur,2020,5,28565,122000,765
Kangpokpi,Manipur,2021,6,33778,153151,795
Kangpokpi,Manipur,2022,5,22970,59217,621
Kangpokpi,Manipur,2023,9,46129,148940,259
Kangpokpi,Manipur,2024,8,38654,109386,941
Noney,Manipur,2015,4,23918,159648,840
Noney,Manipur,2016,4,32038,141107,356
Noney,Manipur,2017,3,11622,100102,789
Noney,Manipur,2018,3,30072,165435,761
Noney,Manipur,2019,9,44422,63068,506
Noney,Manipur,2020,7,19982,96067,704
Noney,Manipur,2021,6,45292,196799,304
Noney,Manipur,2022,9,44777,198747,598
Noney,Manipur,2023,4,46907,105302,201
Noney,Manipur,2024,4,24140,86270,926
Pherzawl,Manipur,2015,8,35577,136546,796
Pherzawl,Manipur,2016,9,34369,119167,193
Pherzawl,Manipur,2017,7,24894,180720,686
Pherzawl,Manipur,2018,6,44656,93603,583
Pherzawl,Manipur,2019,7,22645,180891,337
Pherzawl,Manipur,2020,3,15958,54946,351
Pherzawl,Manipur,2021,5,37350,193480,488
Pherzawl,Manipur,2022,7,16706,137102,712
Pherzawl,Manipur,2023,6,39342,101729,877
Pherzawl,Manipur,2024,6,45701,150800,755
Senapati,Manipur,2015,5,17355,119091,539
Senapati,Manipur,2016,3,15688,101764,801
Senapati,Manipur,2017,9,45710,175711,262
Senapati,Manipur,2018,4,36076,184469,944
Senapati,Manipur,2019,3,17295,90662,504
Senapati,Manipur,2020,8,42947,187366,892
Senapati,Manipur,2021,5,15923,173865,549
Senapati,Manipur,2022,5,49753,137554,933
Senapati,Manipur,2023,8,40666,140991,547
Senapati,Manipur,2024,7,43666,81292,255
Tamenglong,Manipur,2015,5,49630,117088,604
Tamenglong,Manipur,2016,5,20767,129926,699
Tamenglong,Manipur,2017,7,24426,83975,461
Tamenglong,Manipur,2018,4,35662,159244,600
Tamenglong,Manipur,2019,7,11629,131012,215
Tamenglong,Manipur,2020,9,25223,55888,528
Tamenglong,Manipur,2021,6,41395,55546,324
Tamenglong,Manipur,2022,4,46469,61882,355
Tamenglong,Manipur,2023,6,30157,58691,921
Tamenglong,Manipur,2024,7,10558,65119,291
Tengnoupal,Manipur,2015,4,38119,61416,271
Tengnoupal,Manipur,2016,4,41397,165488,561
Tengnoupal,Manipur,2017,9,17589,155617,892
Tengnoupal,Manipur,2018,8,44023,137180,526
Tengnoupal,Manipur,2019,4,37713,195407,347
Tengnoupal,Manipur,2020,8,19001,61343,455
Tengnoupal,Manipur,2021,9,30881,187013,497
Tengnoupal,Manipur,2022,5,25224,62330,155
Tengnoupal,Manipur,2023,8,46840,83772,528
Tengnoupal,Manipur,2024,7,37145,85462,323
Thoubal,Manipur,2015,5,11124,54251,177
Thoubal,Manipur,2016,3,26056,187978,420
Thoubal,Manipur,2017,3,19296,108913,275
Thoubal,Manipur,2018,7,43370,85156,728
Thoubal,Manipur,2019,9,40128,182982,685
Thoubal,Manipur,2020,3,47129,84640,298
Thoubal,Manipur,2021,9,31890,143285,425
Thoubal,Manipur,2022,7,32023,193192,423
Thoubal,Manipur,2023,7,46120,56770,642
Thoubal,Manipur,2024,9,42971,190118,389
Ukhrul,Manipur,2015,6,23460,72536,150
Ukhrul,Manipur,2016,8,35999,126074,950
Ukhrul,Manipur,2017,7,38029,73618,697
Ukhrul,Manipur,2018,6,26518,160056,763
Ukhrul,Manipur,2019,6,17594,55750,767
Ukhrul,Manipur,2020,7,35504,164202,932
Ukhrul,Manipur,2021,3,39823,134741,328
Ukhrul,Manipur,2022,9,42693,51171,205
Ukhrul,Manipur,2023,5,27710,82669,715
Ukhrul,Manipur,2024,3,40231,56306,504
East Garo Hills,Meghalaya,2015,8,34895,55026,296
East Garo Hills,Meghalaya,2016,7,15936,63103,813
East Garo Hills,Meghalaya,2017,4,23247,148850,686
East Garo Hills,Meghalaya,2018,7,37631,156994,151
East Garo Hills,Meghalaya,2019,5,30922,105867,711
East Garo Hills,Meghalaya,2020,6,44148,79133,170
East Garo Hills,Meghalaya,2021,5,44036,146669,637
East Garo Hills,Meghalaya,2022,8,32735,175552,971
East Garo Hills,Meghalaya,2023,4,28721,64762,940
East Garo Hills,Meghalaya,2024,8,10212,95289,264
East Jaintia Hills,Meghalaya,2015,8,38231,143582,790
East Jaintia Hills,Meghalaya,2016,3,25987,178959,573
East Jaintia Hills,Meghalaya,2017,5,47896,148002,735
East Jaintia Hills,Meghalaya,2018,7,36420,76036,277
East Jaintia Hills,Meghalaya,2019,9,46423,171944,168
East Jaintia Hills,Meghalaya,2020,6,10219,149985,543
East Jaintia Hills,Meghalaya,2021,5,47622,154883,285
East Jaintia Hills,Meghalaya,2022,4,48257,52146,564
East Jaintia Hills,Meghalaya,2023,3,46437,133408,270
East Jaintia Hills,Meghalaya,2024,3,38580,197653,225
East Khasi Hills,Meghalaya,2015,8,21467,148523,550
East Khasi Hills,Meghalaya,2016,8,28870,187842,357
East Khasi Hills,Meghalaya,2017,3,23626,100652,735
East Khasi Hills,Meghalaya,2018,7,23126,168760,536
East Khasi Hills,Meghalaya,2019,4,43509,91092,850
East Khasi Hills,Meghalaya,2020,9,31114,103466,927
East Khasi Hills,Meghalaya,2021,9,49094,131971,629
East Khasi Hills,Meghalaya,2022,4,34110,173909,826
East Khasi Hills,Meghalaya,2023,4,23718,83404,661
East Khasi Hills,Meghalaya,2024,7,17247,78956,898
Eastern West Khasi Hills,Meghalaya,2015,3,37957,173014,678
Eastern West Khasi Hills,Meghalaya,2016,8,18669,126517,354
Eastern West Khasi Hills,Meghalaya,2017,3,29706,177057,984
Eastern West Khasi Hills,Meghalaya,2018,6,26820,57288,727
Eastern West Khasi Hills,Meghalaya,2019,5,46219,186558,901
Eastern West Khasi Hills,Meghalaya,2020,6,15731,171055,160
Eastern West Khasi Hills,Meghalaya,2021,8,43671,68796,818
Eastern West Khasi Hills,Meghalaya,2022,6,28368,59198,583
Eastern West Khasi Hills,Meghalaya,2023,7,16112,62408,504
Eastern West Khasi Hills,Meghalaya,2024,4,24333,64933,566
North Garo Hills,Meghalaya,2015,9,21609,190911,782
North Garo Hills,Meghalaya,2016,8,12423,143772,965
North Garo Hills,Meghalaya,2017,6,33448,150161,713
North Garo Hills,Meghalaya,2018,8,12512,182293,469
North Garo Hills,Meghalaya,2019,8,12947,64903,932
North Garo Hills,Meghalaya,2020,6,17854,87113,279
North Garo Hills,Meghalaya,2021,8,23703,146769,251
North Garo Hills,Meghalaya,2022,8,27379,116354,932
North Garo Hills,Meghalaya,2023,4,11317,187740,392
North Garo Hills,Meghalaya,2024,5,45032,99114,180
Ri Bhoi,Meghalaya,2015,4,39720,128771,649
Ri Bhoi,Meghalaya,2016,3,14932,61401,504
Ri Bhoi,Meghalaya,2017,8,29182,125531,622
Ri Bhoi,Meghalaya,2018,9,39992,119340,404
Ri Bhoi,Meghalaya,2019,4,49303,132827,883
Ri Bhoi,Meghalaya,2020,9,49555,97235,454
Ri Bhoi,Meghalaya,2021,3,24443,91791,777
Ri Bhoi,Meghalaya,2022,4,26882,131717,400
Ri Bhoi,Meghalaya,2023,9,30973,71423,735
Ri Bhoi,Meghalaya,2024,8,35826,140776,151
South Garo Hills,Meghalaya,2015,6,49478,176931,305
South Garo Hills,Meghalaya,2016,4,11427,116159,904
South Garo Hills,Meghalaya,2017,3,14083,153705,246
South Garo Hills,Meghalaya,2018,3,18573,133326,548
South Garo Hills,Meghalaya,2019,4,20146,145527,810
South Garo Hills,Meghalaya,2020,4,33292,115962,438
South Garo Hills,Meghalaya,2021,7,47839,111523,249
South Garo Hills,Meghalaya,2022,3,45205,168514,266
South Garo Hills,Meghalaya,2023,4,22638,146129,244
South Garo Hills,Meghalaya,2024,5,45500,111565,633
South West Garo Hills,Meghalaya,2015,8,18187,83524,895
South West Garo Hills,Meghalaya,2016,9,12580,85746,834
South West Garo Hills,Meghalaya,2017,5,33305,79322,282
South West Garo Hills,Meghalaya,2018,4,12469,71620,992
South West Garo Hills,Meghalaya,2019,9,11226,102374,246
South West Garo Hills,Meghalaya,2020,7,31114,93530,527
South West Garo Hills,Meghalaya,2021,9,41445,113620,921
South West Garo Hills,Meghalaya,2022,9,27996,139128,285
South West Garo Hills,Meghalaya,2023,9,42423,186302,334
South West Garo Hills,Meghalaya,2024,5,43219,139240,250
South West Khasi Hills,Meghalaya,2015,6,39917,167883,911
South West Khasi Hills,Meghalaya,2016,6,14000,152639,939
South West Khasi Hills,Meghalaya,2017,9,37338,83131,367
South West Khasi Hills,Meghalaya,2018,9,35911,81735,576
South West Khasi Hills,Meghalaya,2019,4,10905,127672,800
South West Khasi Hills,Meghalaya,2020,7,17491,131451,802
South West Khasi Hills,Meghalaya,2021,8,36268,97716,853
South West Khasi Hills,Meghalaya,2022,3,36060,147374,278
South West Khasi Hills,Meghalaya,2023,7,20920,189684,564
South West Khasi Hills,Meghalaya,2024,8,44569,143367,768
West Garo Hills,Meghalaya,2015,6,18636,161711,947
West Garo Hills,Meghalaya,2016,4,25391,129446,596
West Garo Hills,Meghalaya,2017,7,43916,83116,599
West Garo Hills,Meghalaya,2018,4,15356,61911,281
West Garo Hills,Meghalaya,2019,8,49963,123742,275
West Garo Hills,Meghalaya,2020,5,44330,96899,593
West Garo Hills,Meghalaya,2021,5,40925,187967,613
West Garo Hills,Meghalaya,2022,9,36508,66071,183
West Garo Hills,Meghalaya,2023,3,39483,134863,628
West Garo Hills,Meghalaya,2024,4,38697,146274,391
West Jaintia Hills,Meghalaya,2015,5,32012,58235,703
West Jaintia Hills,Meghalaya,2016,4,38406,170908,929
West Jaintia Hills,Meghalaya,2017,9,21312,169167,519
West Jaintia Hills,Meghalaya,2018,6,38075,68488,216
West Jaintia Hills,Meghalaya,2019,4,45692,70014,361
West Jaintia Hills,Meghalaya,2020,9,22893,132337,714
West Jaintia Hills,Meghalaya,2021,6,39499,143522,879
West Jaintia Hills,Meghalaya,2022,5,13718,136090,524
West Jaintia Hills,Meghalaya,2023,4,40363,194421,859
West Jaintia Hills,Meghalaya,2024,4,45492,189728,210
West Khasi Hills,Meghalaya,2015,3,49238,181037,906
West Khasi Hills,Meghalaya,2016,7,12048,139065,420
West Khasi Hills,Meghalaya,2017,7,29351,194508,330
West Khasi Hills,Meghalaya,2018,3,22811,114687,816
West Khasi Hills,Meghalaya,2019,7,27851,106299,943
West Khasi Hills,Meghalaya,2020,4,49863,195082,624
West Khasi Hills,Meghalaya,2021,9,16293,122493,744
West Khasi Hills,Meghalaya,2022,5,14902,182265,784
West Khasi Hills,Meghalaya,2023,3,15411,91316,706
West Khasi Hills,Meghalaya,2024,9,15223,176538,789
Aizawl,Mizoram,2015,0,3701,11342,94
Aizawl,Mizoram,2016,1,4756,3838,88
Aizawl,Mizoram,2017,0,2013,8706,82
Aizawl,Mizoram,2018,1,2071,12485,33
Aizawl,Mizoram,2019,0,4253,10988,73
Aizawl,Mizoram,2020,0,2631,12969,40
Aizawl,Mizoram,2021,1,619,3419,26
Aizawl,Mizoram,2022,2,4913,1560,55
Aizawl,Mizoram,2023,1,2798,5088,68
Aizawl,Mizoram,2024,1,1776,10692,92
Champhai,Mizoram,2015,2,3010,3186,82
Champhai,Mizoram,2016,1,2958,11398,40
Champhai,Mizoram,2017,0,3361,3979,60
Champhai,Mizoram,2018,1,3072,7516,33
Champhai,Mizoram,2019,1,4715,3252,85
Champhai,Mizoram,2020,2,1634,2446,54
Champhai,Mizoram,2021,1,1129,8706,92
Champhai,Mizoram,2022,2,3984,5189,79
Champhai,Mizoram,2023,0,983,12585,88
Champhai,Mizoram,2024,2,525,12402,37
Hnahthial,Mizoram,2015,0,3244,11824,88
Hnahthial,Mizoram,2016,1,960,7405,28
Hnahthial,Mizoram,2017,2,1562,3849,93
Hnahthial,Mizoram,2018,0,3600,11485,93
Hnahthial,Mizoram,2019,1,1923,7216,54
Hnahthial,Mizoram,2020,1,3308,1568,14
Hnahthial,Mizoram,2021,2,3785,8311,98
Hnahthial,Mizoram,2022,1,502,13931,54
Hnahthial,Mizoram,2023,1,4029,1020,35
Hnahthial,Mizoram,2024,2,2647,10609,22
Khawzawl,Mizoram,2015,1,1330,5492,18
Khawzawl,Mizoram,2016,1,3777,9350,68
Khawzawl,Mizoram,2017,1,2849,7281,82
Khawzawl,Mizoram,2018,2,649,14380,71
Khawzawl,Mizoram,2019,1,1468,6199,84
Khawzawl,Mizoram,2020,0,559,7581,13
Khawzawl,Mizoram,2021,0,2086,2938,100
Khawzawl,Mizoram,2022,1,3025,5880,37
Khawzawl,Mizoram,2023,1,2028,9853,94
Khawzawl,Mizoram,2024,0,4436,14847,100
Kolasib,Mizoram,2015,0,725,3225,18
Kolasib,Mizoram,2016,2,1898,7522,61
Kolasib,Mizoram,2017,1,624,6773,67
Kolasib,Mizoram,2018,2,581,1030,84
Kolasib,Mizoram,2019,2,3601,7396,93
Kolasib,Mizoram,2020,1,789,11768,37
Kolasib,Mizoram,2021,1,1341,2333,98
Kolasib,Mizoram,2022,0,1437,12817,36
Kolasib,Mizoram,2023,0,1171,4907,67
Kolasib,Mizoram,2024,2,2794,12603,14
Lawngtlai,Mizoram,2015,2,1540,1563,11
Lawngtlai,Mizoram,2016,2,1941,3975,72
Lawngtlai,Mizoram,2017,0,4135,13605,10
Lawngtlai,Mizoram,2018,1,1459,9851,93
Lawngtlai,Mizoram,2019,1,1432,5963,41
Lawngtlai,Mizoram,2020,0,2935,12631,32
Lawngtlai,Mizoram,2021,2,1415,2360,39
Lawngtlai,Mizoram,2022,2,4579,4014,17
Lawngtlai,Mizoram,2023,1,3070,4257,87
Lawngtlai,Mizoram,2024,1,4978,2952,70
Lunglei,Mizoram,2015,1,4343,2476,69
Lunglei,Mizoram,2016,0,3866,7095,99
Lunglei,Mizoram,2017,0,1051,12494,34
Lunglei,Mizoram,2018,0,3673,7571,48
Lunglei,Mizoram,2019,0,3505,13845,13
Lunglei,Mizoram,2020,1,3922,11376,50
Lunglei,Mizoram,2021,1,1096,6609,95
Lunglei,Mizoram,2022,1,2683,14036,47
Lunglei,Mizoram,2023,2,4024,9017,98
Lunglei,Mizoram,2024,1,2923,5644,84
Mamit,Mizoram,2015,0,1777,9084,87
Mamit,Mizoram,2016,2,2018,5061,37
Mamit,Mizoram,2017,0,1210,2357,71
Mamit,Mizoram,2018,1,1223,12416,13
Mamit,Mizoram,2019,0,2232,5178,98
Mamit,Mizoram,2020,0,1318,12711,61
Mamit,Mizoram,2021,1,4101,14918,86
Mamit,Mizoram,2022,2,4325,11006,16
Mamit,Mizoram,2023,0,4088,1915,66
Mamit,Mizoram,2024,2,3767,9439,49
Saitual,Mizoram,2015,2,2600,14657,75
Saitual,Mizoram,2016,0,2952,5159,97
Saitual,Mizoram,2017,0,4925,8148,85
Saitual,Mizoram,2018,0,3257,2039,88
Saitual,Mizoram,2019,1,2642,14625,83
Saitual,Mizoram,2020,2,2303,9370,61
Saitual,Mizoram,2021,1,3274,2526,92
Saitual,Mizoram,2022,2,3816,1452,97
Saitual,Mizoram,2023,2,1774,4639,54
Saitual,Mizoram,2024,1,3450,10149,79
Serchhip,Mizoram,2015,0,4302,9837,20
Serchhip,Mizoram,2016,0,4272,11120,40
Serchhip,Mizoram,2017,1,4029,3871,17
Serchhip,Mizoram,2018,2,2276,14082,24
Serchhip,Mizoram,2019,0,1793,7578,45
Serchhip,Mizoram,2020,2,2564,10515,59
Serchhip,Mizoram,2021,0,907,3482,74
Serchhip,Mizoram,2022,0,4951,14197,67
Serchhip,Mizoram,2023,0,3507,7718,55
Serchhip,Mizoram,2024,2,552,10593,50
Siaha,Mizoram,2015,0,1176,7718,98
Siaha,Mizoram,2016,0,1471,4647,85
Siaha,Mizoram,2017,2,4601,12597,69
Siaha,Mizoram,2018,2,5000,12236,98
Siaha,Mizoram,2019,2,3003,13910,48
Siaha,Mizoram,2020,1,4419,6146,71
Siaha,Mizoram,2021,1,4415,11557,98
Siaha,Mizoram,2022,2,3524,12664,93
Siaha,Mizoram,2023,0,504,14989,74
Siaha,Mizoram,2024,0,2129,10017,70
Chumoukedima,Nagaland,2015,2,671,12145,14
Chumoukedima,Nagaland,2016,2,3738,12001,27
Chumoukedima,Nagaland,2017,2,1888,9606,36
Chumoukedima,Nagaland,2018,1,2522,8567,31
Chumoukedima,Nagaland,2019,2,589,3359,60
Chumoukedima,Nagaland,2020,2,4746,12990,21
Chumoukedima,Nagaland,2021,2,1435,14268,45
Chumoukedima,Nagaland,2022,0,2392,2113,24
Chumoukedima,Nagaland,2023,0,1175,13103,19
Chumoukedima,Nagaland,2024,2,2020,3937,80
Dimapur,Nagaland,2015,0,3643,3898,59
Dimapur,Nagaland,2016,1,4937,11106,11
Dimapur,Nagaland,2017,2,4815,9672,28
Dimapur,Nagaland,2018,2,4317,13279,49
Dimapur,Nagaland,2019,2,3050,3817,75
Dimapur,Nagaland,2020,0,3325,13154,65
Dimapur,Nagaland,2021,2,1129,14866,83
Dimapur,Nagaland,2022,0,4311,9232,85
Dimapur,Nagaland,2023,1,3084,4172,18
Dimapur,Nagaland,2024,1,2241,1295,92
Kiphire,Nagaland,2015,1,1511,8304,16
Kiphire,Nagaland,2016,0,1925,2989,95
Kiphire,Nagaland,2017,0,4769,2341,53
Kiphire,Nagaland,2018,0,3108,2902,72
Kiphire,Nagaland,2019,1,1192,5146,59
Kiphire,Nagaland,2020,1,760,5704,46
Kiphire,Nagaland,2021,1,937,1549,86
Kiphire,Nagaland,2022,2,1361,5991,47
Kiphire,Nagaland,2023,1,3061,12314,13
Kiphire,Nagaland,2024,1,1217,1854,45
Kohima,Nagaland,2015,2,2003,12356,14
Kohima,Nagaland,2016,0,2462,2619,80
Kohima,Nagaland,2017,1,2828,14164,13
Kohima,Nagaland,2018,2,2803,9475,33
Kohima,Nagaland,2019,0,3865,6260,65
Kohima,Nagaland,2020,1,2040,2824,10
Kohima,Nagaland,2021,1,4155,6314,47
Kohima,Nagaland,2022,2,1125,12585,80
Kohima,Nagaland,2023,1,3553,13434,49
Kohima,Nagaland,2024,2,3511,4162,19
Longleng,Nagaland,2015,0,4893,11929,32
Longleng,Nagaland,2016,2,4128,6969,86
Longleng,Nagaland,2017,0,1184,8096,82
Longleng,Nagaland,2018,1,3073,7922,88
Longleng,Nagaland,2019,0,2475,6881,18
Longleng,Nagaland,2020,2,3563,7379,25
Longleng,Nagaland,2021,0,1022,1109,41
Longleng,Nagaland,2022,1,3844,7439,73
Longleng,Nagaland,2023,1,1786,11680,54
Longleng,Nagaland,2024,0,639,11570,42
Meluri,Nagaland,2015,0,2122,2495,81
Meluri,Nagaland,2016,1,1812,7663,57
Meluri,Nagaland,2017,2,3784,13798,83
Meluri,Nagaland,2018,0,915,1501,100
Meluri,Nagaland,2019,2,4539,12713,99
Meluri,Nagaland,2020,2,2036,9224,88
Meluri,Nagaland,2021,0,655,10238,22
Meluri,Nagaland,2022,2,3831,12255,26
Meluri,Nagaland,2023,0,2579,8119,85
Meluri,Nagaland,2024,0,4948,10117,60
Mokokchung,Nagaland,2015,2,1905,12882,51
Mokokchung,Nagaland,2016,1,1609,4517,89
Mokokchung,Nagaland,2017,0,1224,14757,20
Mokokchung,Nagaland,2018,1,1350,10084,45
Mokokchung,Nagaland,2019,2,803,2774,58
Mokokchung,Nagaland,2020,0,4746,5227,15
Mokokchung,Nagaland,2021,0,3974,9145,87
Mokokchung,Nagaland,2022,1,2989,6864,35
Mokokchung,Nagaland,2023,0,3441,8185,15
Mokokchung,Nagaland,2024,1,995,11345,51
Mon,Nagaland,2015,1,1050,13994,100
Mon,Nagaland,2016,0,3863,5175,14
Mon,Nagaland,2017,0,3862,13923,25
Mon,Nagaland,2018,0,1506,7176,13
Mon,Nagaland,2019,0,1924,14364,28
Mon,Nagaland,2020,1,1968,9679,62
Mon,Nagaland,2021,0,2522,14726,14
Mon,Nagaland,2022,1,653,6601,57
Mon,Nagaland,2023,0,2963,6567,94
Mon,Nagaland,2024,0,1827,1446,27
Niuland,Nagaland,2015,1,3793,8346,10
Niuland,Nagaland,2016,2,3027,7885,94
Niuland,Nagaland,2017,0,1539,2458,87
Niuland,Nagaland,2018,0,1776,6797,60
Niuland,Nagaland,2019,0,3743,3106,51
Niuland,Nagaland,2020,2,3916,3670,45
Niuland,Nagaland,2021,1,4737,1889,48
Niuland,Nagaland,2022,0,891,1833,25
Niuland,Nagaland,2023,2,1845,11389,100
Niuland,Nagaland,2024,0,2154,13246,36
Noklak,Nagaland,2015,0,4503,1153,53
Noklak,Nagaland,2016,2,3916,6121,57
Noklak,Nagaland,2017,1,3531,3650,13
Noklak,Nagaland,2018,2,4984,7892,91
Noklak,Nagaland,2019,1,2854,11159,49
Noklak,Nagaland,2020,1,797,7597,67
Noklak,Nagaland,2021,2,3409,8923,85
Noklak,Nagaland,2022,0,1993,14445,21
Noklak,Nagaland,2023,2,4801,12911,13
Noklak,Nagaland,2024,1,2859,14999,60
Peren,Nagaland,2015,0,621,14073,47
Peren,Nagaland,2016,0,1179,9053,55
Peren,Nagaland,2017,0,2036,1194,49
Peren,Nagaland,2018,0,2340,9525,65
Peren,Nagaland,2019,2,2947,1190,50
Peren,Nagaland,2020,0,2988,3931,23
Peren,Nagaland,2021,2,720,10266,44
Peren,Nagaland,2022,2,2123,4285,11
Peren,Nagaland,2023,2,3168,12040,35
Peren,Nagaland,2024,1,670,11195,25
Phek,Nagaland,2015,1,1808,3584,48
Phek,Nagaland,2016,0,3622,3795,18
Phek,Nagaland,2017,1,4584,5634,82
Phek,Nagaland,2018,0,4701,8409,42
Phek,Nagaland,2019,2,2603,13650,51
Phek,Nagaland,2020,0,2739,2270,60
Phek,Nagaland,2021,2,898,12182,42
Phek,Nagaland,2022,2,4735,8080,53
Phek,Nagaland,2023,1,4640,6056,69
Phek,Nagaland,2024,1,3778,13205,14
Shamator,Nagaland,2015,0,2568,14039,21
Shamator,Nagaland,2016,2,2746,5578,89
Shamator,Nagaland,2017,1,4841,6973,85
Shamator,Nagaland,2018,1,4114,12769,81
Shamator,Nagaland,2019,2,546,10351,16
Shamator,Nagaland,2020,0,3549,14111,13
Shamator,Nagaland,2021,0,980,10981,50
Shamator,Nagaland,2022,0,620,9411,41
Shamator,Nagaland,2023,1,3055,11157,86
Shamator,Nagaland,2024,2,2919,2093,22
Tseminyu,Nagaland,2015,1,1424,12803,43
Tseminyu,Nagaland,2016,0,3162,6303,74
Tseminyu,Nagaland,2017,1,2154,1903,54
Tseminyu,Nagaland,2018,0,1168,7358,85
Tseminyu,Nagaland,2019,0,948,10887,41
Tseminyu,Nagaland,2020,1,615,7329,42
Tseminyu,Nagaland,2021,2,2517,8365,65
Tseminyu,Nagaland,2022,1,2077,3791,24
Tseminyu,Nagaland,2023,2,4666,2735,62
Tseminyu,Nagaland,2024,1,1427,11972,80
Tuensang,Nagaland,2015,0,2047,14677,23
Tuensang,Nagaland,2016,2,1790,12538,99
Tuensang,Nagaland,2017,1,2131,8774,81
Tuensang,Nagaland,2018,2,2632,5395,18
Tuensang,Nagaland,2019,0,1553,6666,41
Tuensang,Nagaland,2020,1,2447,10305,93
Tuensang,Nagaland,2021,2,517,12086,75
Tuensang,Nagaland,2022,0,1964,1014,35
Tuensang,Nagaland,2023,1,3257,4498,31
Tuensang,Nagaland,2024,0,1758,10877,83
Wokha,Nagaland,2015,1,3215,10776,56
Wokha,Nagaland,2016,1,3094,7799,20
Wokha,Nagaland,2017,2,1925,4272,47
Wokha,Nagaland,2018,0,4139,12730,25
Wokha,Nagaland,2019,1,1106,12877,66
Wokha,Nagaland,2020,1,1773,12083,83
Wokha,Nagaland,2021,2,4166,4220,91
Wokha,Nagaland,2022,1,3031,7523,98
Wokha,Nagaland,2023,2,939,13982,33
Wokha,Nagaland,2024,0,3153,5279,61
Zunheboto,Nagaland,2015,1,892,12884,67
Zunheboto,Nagaland,2016,1,1218,4610,23
Zunheboto,Nagaland,2017,0,2003,12337,89
Zunheboto,Nagaland,2018,2,2922,10276,18
Zunheboto,Nagaland,2019,1,3902,3211,16
Zunheboto,Nagaland,2020,1,4350,5727,38
Zunheboto,Nagaland,2021,0,2539,11547,26
Zunheboto,Nagaland,2022,0,2514,13153,48
Zunheboto,Nagaland,2023,1,4351,1058,89
Zunheboto,Nagaland,2024,0,3466,13888,70
Anugul,Odisha,2015,5,17762,167486,427
Anugul,Odisha,2016,5,43164,185242,595
Anugul,Odisha,2017,9,22648,51280,230
Anugul,Odisha,2018,9,31504,161515,384
Anugul,Odisha,2019,5,44708,145292,434
Anugul,Odisha,2020,6,16088,130095,180
Anugul,Odisha,2021,6,41614,190534,852
Anugul,Odisha,2022,8,21433,158471,721
Anugul,Odisha,2023,3,33556,165761,284
Anugul,Odisha,2024,3,49340,181568,537
Balangir,Odisha,2015,7,36830,159853,891
Balangir,Odisha,2016,7,34584,69585,666
Balangir,Odisha,2017,9,20446,137619,442
Balangir,Odisha,2018,3,17536,125079,588
Balangir,Odisha,2019,6,38576,69851,415
Balangir,Odisha,2020,7,32998,170658,953
Balangir,Odisha,2021,3,16747,127925,157
Balangir,Odisha,2022,6,47372,58641,426
Balangir,Odisha,2023,5,43650,194913,737
Balangir,Odisha,2024,5,47947,149509,521
Baleshwar,Odisha,2015,7,44010,56669,224
Baleshwar,Odisha,2016,8,48020,128067,609
Baleshwar,Odisha,2017,9,15500,53799,437
Baleshwar,Odisha,2018,9,13825,132496,861
Baleshwar,Odisha,2019,9,43493,197999,950
Baleshwar,Odisha,2020,5,35223,121144,533
Baleshwar,Odisha,2021,5,34891,161984,242
Baleshwar,Odisha,2022,3,32678,159813,666
Baleshwar,Odisha,2023,4,20544,164019,982
Baleshwar,Odisha,2024,8,31807,192296,738
Bargarh,Odisha,2015,4,49813,78028,571
Bargarh,Odisha,2016,6,15895,62477,467
Bargarh,Odisha,2017,9,34433,100428,435
Bargarh,Odisha,2018,7,34750,105471,819
Bargarh,Odisha,2019,7,17845,134672,327
Bargarh,Odisha,2020,8,38104,90045,786
Bargarh,Odisha,2021,3,31481,177616,976
Bargarh,Odisha,2022,9,18950,59492,525
Bargarh,Odisha,2023,4,28796,189709,337
Bargarh,Odisha,2024,5,38594,125679,529
Bhadrak,Odisha,2015,8,34060,84573,820
Bhadrak,Odisha,2016,8,49460,185909,574
Bhadrak,Odisha,2017,6,20512,101136,957
Bhadrak,Odisha,2018,5,21053,115962,830
Bhadrak,Odisha,2019,7,45133,170757,887
Bhadrak,Odisha,2020,5,42680,70449,882
Bhadrak,Odisha,2021,9,27058,80619,438
Bhadrak,Odisha,2022,7,23045,77797,272
Bhadrak,Odisha,2023,3,12327,187074,451
Bhadrak,Odisha,2024,9,25590,103904,742
Boudh,Odisha,2015,5,46548,79099,607
Boudh,Odisha,2016,8,16852,132238,419
Boudh,Odisha,2017,8,28408,145772,923
Boudh,Odisha,2018,8,20141,154744,498
Boudh,Odisha,2019,8,39812,184770,609
Boudh,Odisha,2020,9,43178,66731,496
Boudh,Odisha,2021,3,43429,199250,826
Boudh,Odisha,2022,5,33931,84129,169
Boudh,Odisha,2023,7,11906,124942,845
Boudh,Odisha,2024,7,30107,86004,649
Cuttack,Odisha,2015,3,14891,181266,947
Cuttack,Odisha,2016,9,35319,60523,868
Cuttack,Odisha,2017,4,35027,199011,719
Cuttack,Odisha,2018,6,48523,78105,379
Cuttack,Odisha,2019,7,23613,144507,471
Cuttack,Odisha,2020,8,31579,83001,270
Cuttack,Odisha,2021,3,35800,50985,279
Cuttack,Odisha,2022,9,42118,136503,240
Cuttack,Odisha,2023,4,44644,162751,370
Cuttack,Odisha,2024,6,10916,101475,951
Deogarh,Odisha,2015,8,10041,71553,544
Deogarh,Odisha,2016,7,28912,192617,950
Deogarh,Odisha,2017,4,10471,183438,834
Deogarh,Odisha,2018,4,12789,84369,838
Deogarh,Odisha,2019,8,27707,198932,773
Deogarh,Odisha,2020,9,40478,126785,183
Deogarh,Odisha,2021,6,12599,196365,962
Deogarh,Odisha,2022,6,30183,127689,296
Deogarh,Odisha,2023,3,28382,50153,498
Deogarh,Odisha,2024,8,31989,79394,820
Dhenkanal,Odisha,2015,7,40965,103653,688
Dhenkanal,Odisha,2016,9,31804,92869,433
Dhenkanal,Odisha,2017,5,15074,130217,263
Dhenkanal,Odisha,2018,4,48267,192918,604
Dhenkanal,Odisha,2019,5,41798,167355,620
Dhenkanal,Odisha,2020,6,35355,50865,167
Dhenkanal,Odisha,2021,3,37665,56514,473
Dhenkanal,Odisha,2022,7,43427,185260,397
Dhenkanal,Odisha,2023,3,29867,161384,474
Dhenkanal,Odisha,2024,5,17242,54051,764
Gajapati,Odisha,2015,7,32340,143612,678
Gajapati,Odisha,2016,7,22956,62582,698
Gajapati,Odisha,2017,5,34799,65056,198
Gajapati,Odisha,2018,7,32466,78076,175
Gajapati,Odisha,2019,8,49941,160581,228
Gajapati,Odisha,2020,9,34021,184687,825
Gajapati,Odisha,2021,4,46378,64636,608
Gajapati,Odisha,2022,5,11505,81645,871
Gajapati,Odisha,2023,5,23639,126569,626
Gajapati,Odisha,2024,4,10518,142062,590
Ganjam,Odisha,2015,4,20609,154980,967
Ganjam,Odisha,2016,3,21067,151773,744
Ganjam,Odisha,2017,3,16965,96060,949
Ganjam,Odisha,2018,6,39066,163619,686
Ganjam,Odisha,2019,5,16245,171035,891
Ganjam,Odisha,2020,5,31014,68166,516
Ganjam,Odisha,2021,3,49936,118842,906
Ganjam,Odisha,2022,8,29754,161613,882
Ganjam,Odisha,2023,6,37774,72217,912
Ganjam,Odisha,2024,5,18919,122395,558
Jagatsinghapur,Odisha,2015,4,28097,195230,574
Jagatsinghapur,Odisha,2016,9,42604,128286,587
Jagatsinghapur,Odisha,2017,5,19208,164715,966
Jagatsinghapur,Odisha,2018,7,25728,92905,923
Jagatsinghapur,Odisha,2019,8,42897,98252,738
Jagatsinghapur,Odisha,2020,8,47899,157207,456
Jagatsinghapur,Odisha,2021,9,48383,97880,624
Jagatsinghapur,Odisha,2022,5,24428,148978,361
Jagatsinghapur,Odisha,2023,7,32912,50793,472
Jagatsinghapur,Odisha,2024,4,25558,180577,194
Jajapur,Odisha,2015,6,35692,125562,665
Jajapur,Odisha,2016,6,16051,153238,716
Jajapur,Odisha,2017,7,16868,87514,298
Jajapur,Odisha,2018,6,29063,153201,916
Jajapur,Odisha,2019,9,33958,74678,736
Jajapur,Odisha,2020,8,22461,102119,593
Jajapur,Odisha,2021,6,23760,113828,736
Jajapur,Odisha,2022,7,36999,109687,478
Jajapur,Odisha,2023,3,32987,156551,619
Jajapur,Odisha,2024,8,44030,108974,609
Jharsuguda,Odisha,2015,6,16968,191477,859
Jharsuguda,Odisha,2016,8,43348,99233,941
Jharsuguda,Odisha,2017,9,23738,139533,816
Jharsuguda,Odisha,2018,3,19889,146884,220
Jharsuguda,Odisha,2019,7,25462,51634,296
Jharsuguda,Odisha,2020,8,11749,83488,307
Jharsuguda,Odisha,2021,3,43601,135100,591
Jharsuguda,Odisha,2022,5,12033,80895,587
Jharsuguda,Odisha,2023,3,41391,63242,452
Jharsuguda,Odisha,2024,7,11950,114863,166
Kalahandi,Odisha,2015,5,44420,148716,157
Kalahandi,Odisha,2016,3,19551,194080,452
Kalahandi,Odisha,2017,9,44371,118922,653
Kalahandi,Odisha,2018,9,32222,164421,305
Kalahandi,Odisha,2019,6,19408,153011,181
Kalahandi,Odisha,2020,3,44901,103660,833
Kalahandi,Odisha,2021,3,30361,156695,285
Kalahandi,Odisha,2022,9,26320,189314,562
Kalahandi,Odisha,2023,4,21367,165590,682
Kalahandi,Odisha,2024,5,36788,73218,321
Kandhamal,Odisha,2015,8,17455,57103,396
Kandhamal,Odisha,2016,5,26669,123533,984
Kandhamal,Odisha,2017,6,43285,65661,765
Kandhamal,Odisha,2018,9,43767,180034,710
Kandhamal,Odisha,2019,6,43023,76059,622
Kandhamal,Odisha,2020,6,32995,120835,235
Kandhamal,Odisha,2021,5,46263,174163,860
Kandhamal,Odisha,2022,8,41388,132525,812
Kandhamal,Odisha,2023,4,34119,105151,329
Kandhamal,Odisha,2024,4,36311,82469,949
Kendrapara,Odisha,2015,4,13165,56039,570
Kendrapara,Odisha,2016,5,49577,53344,180
Kendrapara,Odisha,2017,7,25022,85090,406
Kendrapara,Odisha,2018,8,16612,111062,757
Kendrapara,Odisha,2019,9,11432,132613,756
Kendrapara,Odisha,2020,3,11209,171923,997
Kendrapara,Odisha,2021,9,13290,113219,995
Kendrapara,Odisha,2022,8,34487,154485,596
Kendrapara,Odisha,2023,5,47756,114984,687
Kendrapara,Odisha,2024,8,35235,60346,792
Kendujhar,Odisha,2015,6,34077,182845,621
Kendujhar,Odisha,2016,5,28489,106984,272
Kendujhar,Odisha,2017,8,23321,86880,297
Kendujhar,Odisha,2018,6,24013,68563,349
Kendujhar,Odisha,2019,5,11341,155254,821
Kendujhar,Odisha,2020,3,10454,117474,607
Kendujhar,Odisha,2021,8,16521,75409,928
Kendujhar,Odisha,2022,3,25319,146779,903
Kendujhar,Odisha,2023,9,16203,113134,853
Kendujhar,Odisha,2024,5,21941,114794,699
Khordha,Odisha,2015,4,42598,86426,792
Khordha,Odisha,2016,4,17720,81826,176
Khordha,Odisha,2017,4,19574,181219,243
Khordha,Odisha,2018,4,40517,78072,597
Khordha,Odisha,2019,8,11876,158497,266
Khordha,Odisha,2020,4,34076,172363,283
Khordha,Odisha,2021,5,42736,121230,580
Khordha,Odisha,2022,3,18882,193081,504
Khordha,Odisha,2023,4,11358,123119,258
Khordha,Odisha,2024,5,42185,134523,485
Koraput,Odisha,2015,6,20115,86265,570
Koraput,Odisha,2016,5,20501,111861,595
Koraput,Odisha,2017,6,17577,181165,671
Koraput,Odisha,2018,8,23836,198835,500
Koraput,Odisha,2019,6,11806,52990,458
Koraput,Odisha,2020,4,42944,192624,812
Koraput,Odisha,2021,4,41787,157818,784
Koraput,Odisha,2022,8,22431,109879,439
Koraput,Odisha,2023,9,25702,130311,775
Koraput,Odisha,2024,5,29728,162124,834
Malkangiri,Odisha,2015,5,32544,165205,303
Malkangiri,Odisha,2016,7,16735,152374,562
Malkangiri,Odisha,2017,6,38055,65892,859
Malkangiri,Odisha,2018,3,46449,52700,851
Malkangiri,Odisha,2019,9,34903,147380,499
Malkangiri,Odisha,2020,3,20976,50767,271
Malkangiri,Odisha,2021,4,19094,61312,549
Malkangiri,Odisha,2022,7,43354,83760,626
Malkangiri,Odisha,2023,3,38284,181375,854
Malkangiri,Odisha,2024,6,45376,124056,216
Mayurbhanj,Odisha,2015,3,49157,180422,990
Mayurbhanj,Odisha,2016,3,10890,82454,859
Mayurbhanj,Odisha,2017,9,21689,135368,725
Mayurbhanj,Odisha,2018,3,49100,195062,346
Mayurbhanj,Odisha,2019,5,17209,62490,820
Mayurbhanj,Odisha,2020,7,39632,85938,790
Mayurbhanj,Odisha,2021,4,44022,144881,560
Mayurbhanj,Odisha,2022,3,26417,99403,756
Mayurbhanj,Odisha,2023,6,35538,176199,827
Mayurbhanj,Odisha,2024,9,45246,110075,501
Nabarangpur,Odisha,2015,3,49131,96278,398
Nabarangpur,Odisha,2016,6,14579,67929,596
Nabarangpur,Odisha,2017,5,36601,90798,285
Nabarangpur,Odisha,2018,6,15392,96712,152
Nabarangpur,Odisha,2019,3,40438,115136,987
Nabarangpur,Odisha,2020,4,41033,174844,767
Nabarangpur,Odisha,2021,5,47947,71175,179
Nabarangpur,Odisha,2022,5,11761,162562,196
Nabarangpur,Odisha,2023,8,23043,141346,788
Nabarangpur,Odisha,2024,9,27423,189972,865
Nayagarh,Odisha,2015,5,30625,146313,213
Nayagarh,Odisha,2016,5,42522,105234,359
Nayagarh,Odisha,2017,4,48403,90112,899
Nayagarh,Odisha,2018,5,33278,81762,262
Nayagarh,Odisha,2019,3,35133,189775,315
Nayagarh,Odisha,2020,6,17474,50474,807
Nayagarh,Odisha,2021,7,36571,154978,921
Nayagarh,Odisha,2022,7,19829,124315,191
Nayagarh,Odisha,2023,6,18422,102166,200
Nayagarh,Odisha,2024,3,31846,182516,491
Nuapada,Odisha,2015,8,19601,135189,725
Nuapada,Odisha,2016,5,42940,150785,484
Nuapada,Odisha,2017,6,48259,110691,164
Nuapada,Odisha,2018,3,37894,179026,991
Nuapada,Odisha,2019,6,28792,128016,654
Nuapada,Odisha,2020,6,26856,73239,560
Nuapada,Odisha,2021,9,45725,69658,905
Nuapada,Odisha,2022,9,26099,104813,630
Nuapada,Odisha,2023,6,35817,62449,721
Nuapada,Odisha,2024,7,38076,146135,879
Puri,Odisha,2015,6,24097,144626,236
Puri,Odisha,2016,6,22018,85954,990
Puri,Odisha,2017,9,37455,131531,296
Puri,Odisha,2018,7,29621,82082,375
Puri,Odisha,2019,6,13035,118864,947
Puri,Odisha,2020,9,34397,179220,607
Puri,Odisha,2021,5,36318,149000,845
Puri,Odisha,2022,6,49343,173082,542
Puri,Odisha,2023,6,36009,152485,201
Puri,Odisha,2024,5,44916,184950,403
Rayagada,Odisha,2015,4,10124,71878,964
Rayagada,Odisha,2016,8,14691,50975,508
Rayagada,Odisha,2017,8,48052,150765,304
Rayagada,Odisha,2018,3,47114,146496,358
Rayagada,Odisha,2019,8,29564,52827,678
Rayagada,Odisha,2020,7,42048,90030,167
Rayagada,Odisha,2021,5,38347,95698,903
Rayagada,Odisha,2022,3,46897,50846,628
Rayagada,Odisha,2023,9,28791,87148,329
Rayagada,Odisha,2024,5,19901,64307,595
Sambalpur,Odisha,2015,6,17408,89299,821
Sambalpur,Odisha,2016,5,30246,123546,165
Sambalpur,Odisha,2017,4,41685,198741,227
Sambalpur,Odisha,2018,8,44999,50134,684
Sambalpur,Odisha,2019,8,23774,166987,263
Sambalpur,Odisha,2020,7,37994,89500,287
Sambalpur,Odisha,2021,4,48935,92062,642
Sambalpur,Odisha,2022,6,44003,197119,527
Sambalpur,Odisha,2023,4,44612,147318,362
Sambalpur,Odisha,2024,5,44746,69938,528
Karaikal,Puducherry,2015,0,4863,9034,56
Karaikal,Puducherry,2016,0,2059,7222,20
Karaikal,Puducherry,2017,2,4855,3299,15
Karaikal,Puducherry,2018,2,2855,11757,76
Karaikal,Puducherry,2019,1,2326,11588,91
Karaikal,Puducherry,2020,1,779,14459,40
Karaikal,Puducherry,2021,0,2788,12904,92
Karaikal,Puducherry,2022,1,1441,10966,39
Karaikal,Puducherry,2023,2,1228,6128,64
Karaikal,Puducherry,2024,2,1683,2393,86
Puducherry,Puducherry,2015,2,4587,11535,56
Puducherry,Puducherry,2016,2,3683,9943,17
Puducherry,Puducherry,2017,1,2915,8275,69
Puducherry,Puducherry,2018,0,2226,5868,75
Puducherry,Puducherry,2019,0,2886,12564,93
Puducherry,Puducherry,2020,2,3508,12243,28
Puducherry,Puducherry,2021,1,4573,14139,31
Puducherry,Puducherry,2022,0,3334,13591,60
Puducherry,Puducherry,2023,2,2006,6945,29
Puducherry,Puducherry,2024,0,3520,6515,92
Amritsar,Punjab,2015,2,2226,12065,32
Amritsar,Punjab,2016,1,1803,1035,71
Amritsar,Punjab,2017,1,1725,12948,17
Amritsar,Punjab,2018,0,3831,13145,87
Amritsar,Punjab,2019,1,2902,1630,36
Amritsar,Punjab,2020,1,3231,4522,86
Amritsar,Punjab,2021,1,1441,8684,54
Amritsar,Punjab,2022,1,4959,4935,62
Amritsar,Punjab,2023,1,2037,3837,31
Amritsar,Punjab,2024,1,3861,9865,44
Barnala,Punjab,2015,0,2120,3978,79
Barnala,Punjab,2016,0,3848,11445,70
Barnala,Punjab,2017,0,3901,2771,53
Barnala,Punjab,2018,2,3970,7829,47
Barnala,Punjab,2019,0,4682,2276,79
Barnala,Punjab,2020,1,952,5337,67
Barnala,Punjab,2021,1,3245,11708,44
Barnala,Punjab,2022,2,832,3474,34
Barnala,Punjab,2023,2,2000,4973,71
Barnala,Punjab,2024,2,2956,3315,83
Bathinda,Punjab,2015,0,4427,10855,78
Bathinda,Punjab,2016,1,2002,4144,81
Bathinda,Punjab,2017,2,4332,13762,32
Bathinda,Punjab,2018,2,697,10912,55
Bathinda,Punjab,2019,1,2594,11369,31
Bathinda,Punjab,2020,2,4160,13298,47
Bathinda,Punjab,2021,0,1300,1432,51
Bathinda,Punjab,2022,2,3920,11785,36
Bathinda,Punjab,2023,2,875,1266,46
Bathinda,Punjab,2024,2,3720,9847,13
Faridkot,Punjab,2015,1,1127,11309,97
Faridkot,Punjab,2016,1,703,1037,35
Faridkot,Punjab,2017,2,4093,2216,76
Faridkot,Punjab,2018,1,549,14396,67
Faridkot,Punjab,2019,0,1295,10627,52
Faridkot,Punjab,2020,0,4184,6648,90
Faridkot,Punjab,2021,2,1914,8685,75
Faridkot,Punjab,2022,2,1086,8751,70
Faridkot,Punjab,2023,1,2270,6159,46
Faridkot,Punjab,2024,0,826,9722,52
Fatehgarh Sahib,Punjab,2015,2,2338,11021,30
Fatehgarh Sahib,Punjab,2016,2,3834,3340,52
Fatehgarh Sahib,Punjab,2017,2,2615,5185,34
Fatehgarh Sahib,Punjab,2018,0,2055,11934,72
Fatehgarh Sahib,Punjab,2019,1,2240,5998,99
Fatehgarh Sahib,Punjab,2020,1,4049,2392,72
Fatehgarh Sahib,Punjab,2021,2,793,2996,61
Fatehgarh Sahib,Punjab,2022,1,990,12858,38
Fatehgarh Sahib,Punjab,2023,1,4215,5981,69
Fatehgarh Sahib,Punjab,2024,1,3735,11246,39
Fazilka,Punjab,2015,1,709,1001,48
Fazilka,Punjab,2016,0,4070,5327,32
Fazilka,Punjab,2017,1,836,14644,27
Fazilka,Punjab,2018,1,1589,3086,44
Fazilka,Punjab,2019,2,1286,14094,62
Fazilka,Punjab,2020,1,1635,1253,78
Fazilka,Punjab,2021,2,1626,4637,15
Fazilka,Punjab,2022,2,4767,2295,50
Fazilka,Punjab,2023,2,2563,2132,95
Fazilka,Punjab,2024,2,3877,3842,95
Ferozepur,Punjab,2015,2,3224,6917,28
Ferozepur,Punjab,2016,1,2595,14811,55
Ferozepur,Punjab,2017,0,3600,3647,68
Ferozepur,Punjab,2018,1,2036,4349,64
Ferozepur,Punjab,2019,1,4923,7953,77
Ferozepur,Punjab,2020,2,2645,2495,84
Ferozepur,Punjab,2021,0,625,5007,75
Ferozepur,Punjab,2022,0,4819,7406,11
Ferozepur,Punjab,2023,0,3933,8459,48
Ferozepur,Punjab,2024,1,4490,8786,43
Gurdaspur,Punjab,2015,1,2049,6708,51
Gurdaspur,Punjab,2016,2,1422,1371,84
Gurdaspur,Punjab,2017,2,1287,12889,27
Gurdaspur,Punjab,2018,2,3337,9229,45
Gurdaspur,Punjab,2019,0,2987,12054,17
Gurdaspur,Punjab,2020,0,2866,10555,91
Gurdaspur,Punjab,2021,2,2021,7501,100
Gurdaspur,Punjab,2022,0,1893,3721,63
Gurdaspur,Punjab,2023,1,4757,7109,72
Gurdaspur,Punjab,2024,1,4145,11060,55
Hoshiarpur,Punjab,2015,2,3255,14632,54
Hoshiarpur,Punjab,2016,2,3147,7387,83
Hoshiarpur,Punjab,2017,2,4120,14220,42
Hoshiarpur,Punjab,2018,1,4060,5771,48
Hoshiarpur,Punjab,2019,0,4624,9874,40
Hoshiarpur,Punjab,2020,1,3931,14626,85
Hoshiarpur,Punjab,2021,2,3395,10510,13
Hoshiarpur,Punjab,2022,0,3014,5607,70
Hoshiarpur,Punjab,2023,0,2544,4315,62
Hoshiarpur,Punjab,2024,1,4783,1123,81
Jalandhar,Punjab,2015,1,2146,9632,64
Jalandhar,Punjab,2016,0,2172,1759,66
Jalandhar,Punjab,2017,0,2641,8042,89
Jalandhar,Punjab,2018,2,3434,8489,23
Jalandhar,Punjab,2019,2,2079,6429,94
Jalandhar,Punjab,2020,2,2006,4574,98
Jalandhar,Punjab,2021,0,1143,7239,81
Jalandhar,Punjab,2022,1,2146,3888,21
Jalandhar,Punjab,2023,2,3120,11375,44
Jalandhar,Punjab,2024,0,1152,14711,87
Kapurthala,Punjab,2015,1,3270,5476,62
Kapurthala,Punjab,2016,2,1402,11850,50
Kapurthala,Punjab,2017,1,2923,13303,41
Kapurthala,Punjab,2018,2,3660,12166,14
Kapurthala,Punjab,2019,2,3772,9540,66
Kapurthala,Punjab,2020,1,4500,14069,99
Kapurthala,Punjab,2021,2,1657,11939,33
Kapurthala,Punjab,2022,2,2058,8734,82
Kapurthala,Punjab,2023,0,2777,10679,40
Kapurthala,Punjab,2024,1,1465,4038,81
Ludhiana,Punjab,2015,2,4934,11716,96
Ludhiana,Punjab,2016,2,3584,7392,74
Ludhiana,Punjab,2017,1,2797,11212,93
Ludhiana,Punjab,2018,2,2045,10660,58
Ludhiana,Punjab,2019,0,2501,3212,22
Ludhiana,Punjab,2020,2,860,12385,97
Ludhiana,Punjab,2021,1,2190,1699,75
Ludhiana,Punjab,2022,0,4853,5897,68
Ludhiana,Punjab,2023,0,1546,11280,23
Ludhiana,Punjab,2024,1,3596,9708,59
Malerkotla,Punjab,2015,1,3164,14267,47
Malerkotla,Punjab,2016,2,4005,2238,71
Malerkotla,Punjab,2017,1,4479,12538,36
Malerkotla,Punjab,2018,2,3925,11170,69
Malerkotla,Punjab,2019,2,610,7672,28
Malerkotla,Punjab,2020,2,1978,9074,30
Malerkotla,Punjab,2021,0,4678,5944,19
Malerkotla,Punjab,2022,1,3274,4377,19
Malerkotla,Punjab,2023,2,4625,7515,17
Malerkotla,Punjab,2024,1,1359,9516,29
Mansa,Punjab,2015,0,1717,4233,36
Mansa,Punjab,2016,1,1754,12856,11
Mansa,Punjab,2017,1,2298,10647,69
Mansa,Punjab,2018,2,4575,1893,57
Mansa,Punjab,2019,0,3227,4860,70
Mansa,Punjab,2020,2,2295,13696,55
Mansa,Punjab,2021,0,4153,11618,83
Mansa,Punjab,2022,2,1014,13094,29
Mansa,Punjab,2023,0,2805,3237,85
Mansa,Punjab,2024,1,3798,1162,53
Moga,Punjab,2015,2,3195,2046,59
Moga,Punjab,2016,0,2357,6187,24
Moga,Punjab,2017,0,3814,10567,62
Moga,Punjab,2018,0,4209,7244,74
Moga,Punjab,2019,1,2751,7250,89
Moga,Punjab,2020,2,1538,1462,98
Moga,Punjab,2021,1,2060,10995,61
Moga,Punjab,2022,2,4500,4055,87
Moga,Punjab,2023,0,3315,11241,66
Moga,Punjab,2024,0,4821,1680,33
Pathankot,Punjab,2015,1,3695,5115,88
Pathankot,Punjab,2016,0,2152,1369,30
Pathankot,Punjab,2017,0,880,4617,56
Pathankot,Punjab,2018,0,1420,10059,39
Pathankot,Punjab,2019,0,4918,5495,33
Pathankot,Punjab,2020,0,4480,8297,32
Pathankot,Punjab,2021,0,3648,10299,33
Pathankot,Punjab,2022,0,3774,11343,85
Pathankot,Punjab,2023,0,2051,12586,54
Pathankot,Punjab,2024,2,849,5399,64
Patiala,Punjab,2015,1,4158,14825,59
Patiala,Punjab,2016,1,3262,11376,22
Patiala,Punjab,2017,0,2985,14736,99
Patiala,Punjab,2018,2,4822,5934,32
Patiala,Punjab,2019,0,1947,11446,12
Patiala,Punjab,2020,0,3474,2150,89
Patiala,Punjab,2021,0,818,4273,29
Patiala,Punjab,2022,1,4161,9711,53
Patiala,Punjab,2023,2,1037,2243,78
Patiala,Punjab,2024,1,4583,1500,25
Rupnagar,Punjab,2015,1,1473,2441,61
Rupnagar,Punjab,2016,2,4023,7298,90
Rupnagar,Punjab,2017,2,4606,8959,55
Rupnagar,Punjab,2018,2,4631,13051,15
Rupnagar,Punjab,2019,1,4215,7761,26
Rupnagar,Punjab,2020,1,4290,2429,93
Rupnagar,Punjab,2021,2,2122,14235,99
Rupnagar,Punjab,2022,0,2423,14514,95
Rupnagar,Punjab,2023,1,1419,11357,14
Rupnagar,Punjab,2024,2,3737,6450,11
S.A.S Nagar,Punjab,2015,2,1290,11162,72
S.A.S Nagar,Punjab,2016,0,2632,11739,77
S.A.S Nagar,Punjab,2017,2,716,11099,28
S.A.S Nagar,Punjab,2018,2,1007,4027,63
S.A.S Nagar,Punjab,2019,0,1634,6728,38
S.A.S Nagar,Punjab,2020,2,4521,5609,100
S.A.S Nagar,Punjab,2021,2,2182,14731,57
S.A.S Nagar,Punjab,2022,0,4923,2128,99
S.A.S Nagar,Punjab,2023,0,848,12844,11
S.A.S Nagar,Punjab,2024,1,1765,7039,25
Sangrur,Punjab,2015,1,752,8372,57
Sangrur,Punjab,2016,2,2387,4788,93
Sangrur,Punjab,2017,0,1236,10749,79
Sangrur,Punjab,2018,2,2628,10615,59
Sangrur,Punjab,2019,0,2875,10629,64
Sangrur,Punjab,2020,1,2394,7831,10
Sangrur,Punjab,2021,0,1159,6063,89
Sangrur,Punjab,2022,0,4063,2357,17
Sangrur,Punjab,2023,2,3883,11013,54
Sangrur,Punjab,2024,2,3021,2698,68
Shahid Bhagat Singh Nagar,Punjab,2015,1,1260,4955,44
Shahid Bhagat Singh Nagar,Punjab,2016,1,4171,11287,13
Shahid Bhagat Singh Nagar,Punjab,2017,0,1179,1352,67
Shahid Bhagat Singh Nagar,Punjab,2018,1,2614,2614,16
Shahid Bhagat Singh Nagar,Punjab,2019,2,1808,6802,14
Shahid Bhagat Singh Nagar,Punjab,2020,2,4951,12291,88
Shahid Bhagat Singh Nagar,Punjab,2021,0,2794,9002,10
Shahid Bhagat Singh Nagar,Punjab,2022,0,4485,2839,90
Shahid Bhagat Singh Nagar,Punjab,2023,1,4952,7390,64
Shahid Bhagat Singh Nagar,Punjab,2024,0,3680,5641,50
Ajmer,Rajasthan,2015,0,3972,6817,78
Ajmer,Rajasthan,2016,0,3176,12904,65
Ajmer,Rajasthan,2017,2,2336,2810,79
Ajmer,Rajasthan,2018,2,647,1897,42
Ajmer,Rajasthan,2019,0,724,6031,90
Ajmer,Rajasthan,2020,1,1687,13250,25
Ajmer,Rajasthan,2021,1,4786,9014,25
Ajmer,Rajasthan,2022,0,2196,2067,36
Ajmer,Rajasthan,2023,0,3915,10599,58
Ajmer,Rajasthan,2024,0,1951,2010,15
Alwar,Rajasthan,2015,1,4390,10578,27
Alwar,Rajasthan,2016,2,976,4765,20
Alwar,Rajasthan,2017,1,3668,14293,62
Alwar,Rajasthan,2018,0,1502,9925,86
Alwar,Rajasthan,2019,2,4828,1742,17
Alwar,Rajasthan,2020,2,2907,11216,34
Alwar,Rajasthan,2021,0,974,3618,34
Alwar,Rajasthan,2022,1,3253,11549,17
Alwar,Rajasthan,2023,0,4055,8109,88
Alwar,Rajasthan,2024,0,3322,10714,54
Balotra,Rajasthan,2015,2,3799,9145,61
Balotra,Rajasthan,2016,0,1615,8176,51
Balotra,Rajasthan,2017,1,1981,7542,49
Balotra,Rajasthan,2018,1,4091,2573,95
Balotra,Rajasthan,2019,1,4961,13449,45
Balotra,Rajasthan,2020,0,3623,10185,38
Balotra,Rajasthan,2021,1,1622,5904,27
Balotra,Rajasthan,2022,0,569,1989,18
Balotra,Rajasthan,2023,2,3215,11401,37
Balotra,Rajasthan,2024,0,2792,6052,55
Banswara,Rajasthan,2015,0,4234,14784,87
Banswara,Rajasthan,2016,0,3578,5369,69
Banswara,Rajasthan,2017,0,1412,13763,80
Banswara,Rajasthan,2018,2,3340,14590,58
Banswara,Rajasthan,2019,0,4252,7704,33
Banswara,Rajasthan,2020,2,3605,5350,50
Banswara,Rajasthan,2021,0,2806,5789,45
Banswara,Rajasthan,2022,1,4856,13144,67
Banswara,Rajasthan,2023,1,1690,1722,100
Banswara,Rajasthan,2024,0,723,6567,98
Baran,Rajasthan,2015,2,3387,9716,15
Baran,Rajasthan,2016,0,2015,7060,93
Baran,Rajasthan,2017,2,1724,3025,13
Baran,Rajasthan,2018,2,1507,5826,22
Baran,Rajasthan,2019,0,2795,1457,48
Baran,Rajasthan,2020,1,4180,5641,84
Baran,Rajasthan,2021,1,2520,14210,17
Baran,Rajasthan,2022,2,513,7948,64
Baran,Rajasthan,2023,1,642,14084,26
Baran,Rajasthan,2024,1,1469,12068,51
Barmer,Rajasthan,2015,1,4778,1505,62
Barmer,Rajasthan,2016,0,1651,3921,18
Barmer,Rajasthan,2017,1,2974,2834,12
Barmer,Rajasthan,2018,2,2194,2538,18
Barmer,Rajasthan,2019,0,1705,12953,47
Barmer,Rajasthan,2020,2,1400,2377,41
Barmer,Rajasthan,2021,0,4133,2131,62
Barmer,Rajasthan,2022,0,1478,3664,52
Barmer,Rajasthan,2023,1,1266,1722,57
Barmer,Rajasthan,2024,2,2341,7314,37
Beawar,Rajasthan,2015,0,3933,6802,41
Beawar,Rajasthan,2016,0,1609,13365,65
Beawar,Rajasthan,2017,2,2079,6826,25
Beawar,Rajasthan,2018,2,3534,3725,75
Beawar,Rajasthan,2019,0,4521,9860,37
Beawar,Rajasthan,2020,2,4046,4021,20
Beawar,Rajasthan,2021,1,1110,4150,40
Beawar,Rajasthan,2022,1,1995,11369,23
Beawar,Rajasthan,2023,2,4523,9812,78
Beawar,Rajasthan,2024,2,1098,3551,93
Bharatpur,Rajasthan,2015,0,507,9604,50
Bharatpur,Rajasthan,2016,2,4760,2901,31
Bharatpur,Rajasthan,2017,1,3161,1043,78
Bharatpur,Rajasthan,2018,2,3455,4377,43
Bharatpur,Rajasthan,2019,2,1085,6439,24
Bharatpur,Rajasthan,2020,0,984,12467,49
Bharatpur,Rajasthan,2021,2,2665,5906,26
Bharatpur,Rajasthan,2022,0,3528,8821,11
Bharatpur,Rajasthan,2023,0,1525,14345,91
Bharatpur,Rajasthan,2024,2,4383,12567,21
Bhilwara,Rajasthan,2015,1,4914,8689,27
Bhilwara,Rajasthan,2016,0,2522,6746,96
Bhilwara,Rajasthan,2017,1,999,12661,73
Bhilwara,Rajasthan,2018,0,4072,14867,21
Bhilwara,Rajasthan,2019,1,3848,10427,80
Bhilwara,Rajasthan,2020,0,3385,14195,42
Bhilwara,Rajasthan,2021,0,1209,10234,41
Bhilwara,Rajasthan,2022,1,3149,9132,81
Bhilwara,Rajasthan,2023,0,3109,14119,19
Bhilwara,Rajasthan,2024,0,2653,13352,10
Bikaner,Rajasthan,2015,2,3054,2512,71
Bikaner,Rajasthan,2016,0,1594,2581,34
Bikaner,Rajasthan,2017,1,4329,2183,90
Bikaner,Rajasthan,2018,2,3627,12972,89
Bikaner,Rajasthan,2019,0,1702,12222,31
Bikaner,Rajasthan,2020,2,4007,3220,50
Bikaner,Rajasthan,2021,1,3016,8176,58
Bikaner,Rajasthan,2022,2,3814,4503,95
Bikaner,Rajasthan,2023,1,660,5308,15
Bikaner,Rajasthan,2024,0,3144,7790,65
Bundi,Rajasthan,2015,2,3280,12235,17
Bundi,Rajasthan,2016,0,970,10224,70
Bundi,Rajasthan,2017,0,4010,12951,46
Bundi,Rajasthan,2018,1,1763,4207,70
Bundi,Rajasthan,2019,1,1286,10142,45
Bundi,Rajasthan,2020,0,2997,1366,24
Bundi,Rajasthan,2021,0,1788,6385,33
Bundi,Rajasthan,2022,0,4510,13001,40
Bundi,Rajasthan,2023,1,1020,7673,31
Bundi,Rajasthan,2024,0,1946,5424,27
Chittorgarh,Rajasthan,2015,0,1534,8370,14
Chittorgarh,Rajasthan,2016,2,1093,10697,57
Chittorgarh,Rajasthan,2017,1,929,9413,73
Chittorgarh,Rajasthan,2018,0,3642,1395,29
Chittorgarh,Rajasthan,2019,0,3280,5413,19
Chittorgarh,Rajasthan,2020,1,3331,11453,78
Chittorgarh,Rajasthan,2021,2,2060,3859,60
Chittorgarh,Rajasthan,2022,1,1379,11602,46
Chittorgarh,Rajasthan,2023,2,2402,8279,100
Chittorgarh,Rajasthan,2024,0,3436,9122,33
Churu,Rajasthan,2015,0,3323,4567,79
Churu,Rajasthan,2016,2,3160,7361,42
Churu,Rajasthan,2017,1,2292,2083,54
Churu,Rajasthan,2018,0,511,3750,61
Churu,Rajasthan,2019,1,1553,9273,35
Churu,Rajasthan,2020,1,4776,8629,39
Churu,Rajasthan,2021,2,4333,1042,66
Churu,Rajasthan,2022,0,960,2616,100
Churu,Rajasthan,2023,2,3566,10794,77
Churu,Rajasthan,2024,0,3863,13876,93
Dausa,Rajasthan,2015,0,608,12574,29
Dausa,Rajasthan,2016,2,4515,13822,53
Dausa,Rajasthan,2017,0,2739,8977,53
Dausa,Rajasthan,2018,2,1053,3157,94
Dausa,Rajasthan,2019,0,765,14017,90
Dausa,Rajasthan,2020,2,1080,13214,13
Dausa,Rajasthan,2021,0,1879,2415,86
Dausa,Rajasthan,2022,1,4342,5931,40
Dausa,Rajasthan,2023,1,4524,7946,78
Dausa,Rajasthan,2024,2,2871,11640,88
Deeg,Rajasthan,2015,2,3480,9789,41
Deeg,Rajasthan,2016,0,4795,4322,56
Deeg,Rajasthan,2017,1,2643,1095,38
Deeg,Rajasthan,2018,0,3934,12579,24
Deeg,Rajasthan,2019,0,882,5780,67
Deeg,Rajasthan,2020,1,4339,13982,76
Deeg,Rajasthan,2021,0,2949,1682,96
Deeg,Rajasthan,2022,1,882,3447,87
Deeg,Rajasthan,2023,2,2493,6132,15
Deeg,Rajasthan,2024,0,4493,3129,72
Dholpur,Rajasthan,2015,0,3681,5790,51
Dholpur,Rajasthan,2016,2,1638,8883,88
Dholpur,Rajasthan,2017,2,3188,13003,25
Dholpur,Rajasthan,2018,1,4610,9849,74
Dholpur,Rajasthan,2019,1,3974,10553,57
Dholpur,Rajasthan,2020,2,1006,5025,47
Dholpur,Rajasthan,2021,0,2194,1897,15
Dholpur,Rajasthan,2022,1,2657,1454,52
Dholpur,Rajasthan,2023,0,3618,3011,69
Dholpur,Rajasthan,2024,2,4225,1006,56
Didwana-Kuchaman,Rajasthan,2015,0,4785,11084,71
Didwana-Kuchaman,Rajasthan,2016,2,2525,1589,75
Didwana-Kuchaman,Rajasthan,2017,2,1580,5201,61
Didwana-Kuchaman,Rajasthan,2018,2,4103,1558,70
Didwana-Kuchaman,Rajasthan,2019,1,2249,9157,80
Didwana-Kuchaman,Rajasthan,2020,1,3610,9240,46
Didwana-Kuchaman,Rajasthan,2021,0,2013,8358,61
Didwana-Kuchaman,Rajasthan,2022,1,4720,1166,11
Didwana-Kuchaman,Rajasthan,2023,1,4431,4837,21
Didwana-Kuchaman,Rajasthan,2024,1,2479,4004,73
Dungarpur,Rajasthan,2015,2,3435,12377,86
Dungarpur,Rajasthan,2016,0,1018,12510,78
Dungarpur,Rajasthan,2017,1,1362,4224,74
Dungarpur,Rajasthan,2018,1,564,3630,26
Dungarpur,Rajasthan,2019,2,3281,14099,40
Dungarpur,Rajasthan,2020,2,1700,3636,51
Dungarpur,Rajasthan,2021,0,1087,6948,86
Dungarpur,Rajasthan,2022,2,4803,1158,34
Dungarpur,Rajasthan,2023,1,2403,1203,45
Dungarpur,Rajasthan,2024,0,3971,13369,53
Ganganagar,Rajasthan,2015,0,595,13063,48
Ganganagar,Rajasthan,2016,0,2273,1123,20
Ganganagar,Rajasthan,2017,2,3673,9852,73
Ganganagar,Rajasthan,2018,1,4106,14379,87
Ganganagar,Rajasthan,2019,0,3590,6994,41
Ganganagar,Rajasthan,2020,2,820,12122,10
Ganganagar,Rajasthan,2021,2,1531,8279,10
Ganganagar,Rajasthan,2022,1,855,7395,30
Ganganagar,Rajasthan,2023,1,1871,11576,20
Ganganagar,Rajasthan,2024,2,3775,4062,38
Hanumangarh,Rajasthan,2015,2,767,14812,98
Hanumangarh,Rajasthan,2016,1,3472,9396,62
Hanumangarh,Rajasthan,2017,0,4358,2871,77
Hanumangarh,Rajasthan,2018,0,1540,9233,75
Hanumangarh,Rajasthan,2019,1,3751,4946,35
Hanumangarh,Rajasthan,2020,2,4335,1898,31
Hanumangarh,Rajasthan,2021,2,1031,1599,73
Hanumangarh,Rajasthan,2022,2,1155,2199,37
Hanumangarh,Rajasthan,2023,0,2470,9096,99
Hanumangarh,Rajasthan,2024,0,4129,2452,34
Jaipur,Rajasthan,2015,2,2694,1283,71
Jaipur,Rajasthan,2016,0,2696,14750,96
Jaipur,Rajasthan,2017,2,3811,2854,49
Jaipur,Rajasthan,2018,2,3871,2250,20
Jaipur,Rajasthan,2019,1,2609,14289,22
Jaipur,Rajasthan,2020,1,3725,7591,95
Jaipur,Rajasthan,2021,1,1311,6234,38
Jaipur,Rajasthan,2022,2,637,5776,37
Jaipur,Rajasthan,2023,1,3072,9488,35
Jaipur,Rajasthan,2024,1,4471,7083,34
Jaisalmer,Rajasthan,2015,0,3734,5414,90
Jaisalmer,Rajasthan,2016,1,4541,1006,88
Jaisalmer,Rajasthan,2017,0,1465,7117,79
Jaisalmer,Rajasthan,2018,0,4714,9971,25
Jaisalmer,Rajasthan,2019,1,4952,14618,55
Jaisalmer,Rajasthan,2020,0,3874,5727,33
Jaisalmer,Rajasthan,2021,1,4949,9119,17
Jaisalmer,Rajasthan,2022,0,4283,11869,20
Jaisalmer,Rajasthan,2023,1,4608,7923,14
Jaisalmer,Rajasthan,2024,0,2668,13439,92
Jalore,Rajasthan,2015,0,2295,3882,93
Jalore,Rajasthan,2016,0,2554,6058,67
Jalore,Rajasthan,2017,0,711,12800,54
Jalore,Rajasthan,2018,0,1878,9744,32
Jalore,Rajasthan,2019,2,2211,14062,100
Jalore,Rajasthan,2020,2,2616,7333,74
Jalore,Rajasthan,2021,1,4741,5386,93
Jalore,Rajasthan,2022,0,4010,7734,17
Jalore,Rajasthan,2023,0,3106,3731,79
Jalore,Rajasthan,2024,2,2896,11779,95
Jhalawar,Rajasthan,2015,1,2664,9648,61
Jhalawar,Rajasthan,2016,0,694,2454,94
Jhalawar,Rajasthan,2017,2,820,2072,28
Jhalawar,Rajasthan,2018,0,3569,9123,15
Jhalawar,Rajasthan,2019,0,1048,2729,65
Jhalawar,Rajasthan,2020,0,4614,12229,58
Jhalawar,Rajasthan,2021,0,3273,14914,63
Jhalawar,Rajasthan,2022,2,2274,1265,83
Jhalawar,Rajasthan,2023,0,3141,12134,53
Jhalawar,Rajasthan,2024,2,1072,11533,90
Jhunjhunu,Rajasthan,2015,2,2446,9442,84
Jhunjhunu,Rajasthan,2016,1,2096,10568,20
Jhunjhunu,Rajasthan,2017,2,3359,3978,44
Jhunjhunu,Rajasthan,2018,2,3451,7704,43
Jhunjhunu,Rajasthan,2019,0,1230,13497,41
Jhunjhunu,Rajasthan,2020,1,944,2665,79
Jhunjhunu,Rajasthan,2021,2,3836,8198,94
Jhunjhunu,Rajasthan,2022,2,1745,4844,56
Jhunjhunu,Rajasthan,2023,0,2001,11559,73
Jhunjhunu,Rajasthan,2024,0,4929,14188,35
Jodhpur,Rajasthan,2015,1,1596,10238,30
Jodhpur,Rajasthan,2016,0,3894,8832,87
Jodhpur,Rajasthan,2017,1,4973,9506,35
Jodhpur,Rajasthan,2018,0,2473,3632,82
Jodhpur,Rajasthan,2019,0,4751,13743,93
Jodhpur,Rajasthan,2020,2,2449,1873,27
Jodhpur,Rajasthan,2021,2,3844,10635,47
Jodhpur,Rajasthan,2022,2,946,2620,67
Jodhpur,Rajasthan,2023,2,3294,5698,86
Jodhpur,Rajasthan,2024,1,2467,6744,26
Karauli,Rajasthan,2015,0,3384,11064,28
Karauli,Rajasthan,2016,1,4117,14068,40
Karauli,Rajasthan,2017,1,3152,3736,85
Karauli,Rajasthan,2018,1,4395,10080,31
Karauli,Rajasthan,2019,2,793,13978,37
Karauli,Rajasthan,2020,1,3576,6982,78
Karauli,Rajasthan,2021,0,744,13865,78
Karauli,Rajasthan,2022,1,2670,10104,12
Karauli,Rajasthan,2023,2,4667,6281,78
Karauli,Rajasthan,2024,1,3824,3604,61
Khairthal-Tijara,Rajasthan,2015,0,3972,6817,78
Khairthal-Tijara,Rajasthan,2016,0,3176,12904,65
Khairthal-Tijara,Rajasthan,2017,2,2336,2810,79
Khairthal-Tijara,Rajasthan,2018,2,647,1897,42
Khairthal-Tijara,Rajasthan,2019,0,724,6031,90
Khairthal-Tijara,Rajasthan,2020,1,1687,13250,25
Khairthal-Tijara,Rajasthan,2021,1,4786,9014,25
Khairthal-Tijara,Rajasthan,2022,0,2196,2067,36
Khairthal-Tijara,Rajasthan,2023,0,3915,10599,58
Khairthal-Tijara,Rajasthan,2024,0,1951,2010,15
Kota,Rajasthan,2015,0,4317,12566,64
Kota,Rajasthan,2016,1,1005,7224,87
Kota,Rajasthan,2017,2,3217,7685,10
Kota,Rajasthan,2018,1,2521,11190,18
Kota,Rajasthan,2019,0,2807,10158,24
Kota,Rajasthan,2020,2,3702,10099,66
Kota,Rajasthan,2021,1,4021,12826,59
Kota,Rajasthan,2022,0,1106,6640,58
Kota,Rajasthan,2023,0,728,6012,56
Kota,Rajasthan,2024,0,2549,6745,17
Kotputli-Behror,Rajasthan,2015,2,4278,1691,83
Kotputli-Behror,Rajasthan,2016,2,1746,5191,65
Kotputli-Behror,Rajasthan,2017,2,1274,5344,92
Kotputli-Behror,Rajasthan,2018,2,1368,7944,96
Kotputli-Behror,Rajasthan,2019,0,1070,11740,22
Kotputli-Behror,Rajasthan,2020,0,2332,3961,13
Kotputli-Behror,Rajasthan,2021,2,1069,5678,51
Kotputli-Behror,Rajasthan,2022,2,952,8261,76
Kotputli-Behror,Rajasthan,2023,1,4016,10169,61
Kotputli-Behror,Rajasthan,2024,2,3624,6830,46
Nagaur,Rajasthan,2015,0,595,10265,35
Nagaur,Rajasthan,2016,1,3543,12198,21
Nagaur,Rajasthan,2017,1,4407,13564,13
Nagaur,Rajasthan,2018,1,2988,14375,38
Nagaur,Rajasthan,2019,2,1537,10304,43
Nagaur,Rajasthan,2020,1,1390,11153,62
Nagaur,Rajasthan,2021,1,2358,12664,100
Nagaur,Rajasthan,2022,1,3176,1806,76
Nagaur,Rajasthan,2023,1,2711,10894,30
Nagaur,Rajasthan,2024,1,2821,2600,64
Pali,Rajasthan,2015,1,1624,11766,36
Pali,Rajasthan,2016,0,4800,5711,31
Pali,Rajasthan,2017,2,2936,7558,83
Pali,Rajasthan,2018,0,1408,4335,45
Pali,Rajasthan,2019,0,3820,10824,51
Pali,Rajasthan,2020,2,4952,1259,45
Pali,Rajasthan,2021,2,4444,14717,60
Pali,Rajasthan,2022,2,4845,7175,83
Pali,Rajasthan,2023,1,4305,4023,28
Pali,Rajasthan,2024,1,2746,9144,17
Phalodi,Rajasthan,2015,2,1731,14063,69
Phalodi,Rajasthan,2016,0,4386,9171,25
Phalodi,Rajasthan,2017,2,2045,10057,21
Phalodi,Rajasthan,2018,0,2665,5940,79
Phalodi,Rajasthan,2019,0,2394,12705,27
Phalodi,Rajasthan,2020,1,4839,13074,85
Phalodi,Rajasthan,2021,0,4130,9773,22
Phalodi,Rajasthan,2022,2,3324,14154,60
Phalodi,Rajasthan,2023,1,2368,5276,96
Phalodi,Rajasthan,2024,0,2595,10057,86
Pratapgarh,Rajasthan,2015,2,1232,6679,92
Pratapgarh,Rajasthan,2016,0,2825,6913,27
Pratapgarh,Rajasthan,2017,2,1102,12106,31
Pratapgarh,Rajasthan,2018,0,4082,8020,79
Pratapgarh,Rajasthan,2019,1,2009,4843,76
Pratapgarh,Rajasthan,2020,2,652,7986,43
Pratapgarh,Rajasthan,2021,0,1583,2857,81
Pratapgarh,Rajasthan,2022,1,1262,14787,25
Pratapgarh,Rajasthan,2023,0,2628,1703,91
Pratapgarh,Rajasthan,2024,1,3242,10613,52
Rajsamand,Rajasthan,2015,0,1848,1366,77
Rajsamand,Rajasthan,2016,1,4382,2241,90
Rajsamand,Rajasthan,2017,2,3530,5271,26
Rajsamand,Rajasthan,2018,1,2487,8410,37
Rajsamand,Rajasthan,2019,0,3499,9779,64
Rajsamand,Rajasthan,2020,1,1398,7997,40
Rajsamand,Rajasthan,2021,0,4461,5916,37
Rajsamand,Rajasthan,2022,2,2497,9245,38
Rajsamand,Rajasthan,2023,2,1094,10183,20
Rajsamand,Rajasthan,2024,1,3195,11853,92
Salumbar,Rajasthan,2015,0,1375,10591,23
Salumbar,Rajasthan,2016,0,3357,9387,84
Salumbar,Rajasthan,2017,1,797,8707,34
Salumbar,Rajasthan,2018,1,1106,14453,15
Salumbar,Rajasthan,2019,0,1311,9849,36
Salumbar,Rajasthan,2020,1,1058,13301,57
Salumbar,Rajasthan,2021,0,1611,7362,48
Salumbar,Rajasthan,2022,1,1873,14943,15
Salumbar,Rajasthan,2023,1,3809,12136,38
Salumbar,Rajasthan,2024,1,4943,13820,36
Sawai Madhopur,Rajasthan,2015,0,2928,11865,73
Sawai Madhopur,Rajasthan,2016,1,2712,7055,25
Sawai Madhopur,Rajasthan,2017,0,632,8868,12
Sawai Madhopur,Rajasthan,2018,1,4986,4725,88
Sawai Madhopur,Rajasthan,2019,1,1378,3715,36
Sawai Madhopur,Rajasthan,2020,2,3836,7981,49
Sawai Madhopur,Rajasthan,2021,1,1693,4330,67
Sawai Madhopur,Rajasthan,2022,2,1815,1732,96
Sawai Madhopur,Rajasthan,2023,1,2915,8571,79
Sawai Madhopur,Rajasthan,2024,1,2866,10853,19
Sikar,Rajasthan,2015,0,2352,12519,33
Sikar,Rajasthan,2016,1,2195,6735,62
Sikar,Rajasthan,2017,2,2032,11546,73
Sikar,Rajasthan,2018,0,2016,2031,50
Sikar,Rajasthan,2019,0,4334,2088,54
Sikar,Rajasthan,2020,2,2169,1501,36
Sikar,Rajasthan,2021,2,1037,10318,84
Sikar,Rajasthan,2022,2,1452,1443,35
Sikar,Rajasthan,2023,1,1739,14535,27
Sikar,Rajasthan,2024,2,1748,8568,38
Gangtok,Sikkim,2015,0,2988,6145,33
Gangtok,Sikkim,2016,1,1587,14858,17
Gangtok,Sikkim,2017,2,4055,3619,46
Gangtok,Sikkim,2018,1,4836,12100,29
Gangtok,Sikkim,2019,1,4469,10259,41
Gangtok,Sikkim,2020,1,4284,6284,61
Gangtok,Sikkim,2021,0,3710,12359,79
Gangtok,Sikkim,2022,0,3757,12203,31
Gangtok,Sikkim,2023,2,932,14754,43
Gangtok,Sikkim,2024,2,1441,4811,71
Gyalshing,Sikkim,2015,2,525,5841,77
Gyalshing,Sikkim,2016,1,4809,5360,65
Gyalshing,Sikkim,2017,1,1992,12567,82
Gyalshing,Sikkim,2018,2,873,7142,92
Gyalshing,Sikkim,2019,0,3646,7245,53
Gyalshing,Sikkim,2020,0,2244,4861,24
Gyalshing,Sikkim,2021,1,3945,1878,97
Gyalshing,Sikkim,2022,1,4752,14446,18
Gyalshing,Sikkim,2023,1,4734,3574,49
Gyalshing,Sikkim,2024,1,1638,6494,81
Mangan,Sikkim,2015,2,3144,12837,92
Mangan,Sikkim,2016,1,1016,5376,72
Mangan,Sikkim,2017,0,1217,7483,61
Mangan,Sikkim,2018,0,4261,10511,91
Mangan,Sikkim,2019,2,2561,5002,47
Mangan,Sikkim,2020,1,792,7564,32
Mangan,Sikkim,2021,1,1033,8282,93
Mangan,Sikkim,2022,2,3037,5854,57
Mangan,Sikkim,2023,0,2520,4028,77
Mangan,Sikkim,2024,0,2059,14261,88
Namchi,Sikkim,2015,2,547,7161,83
Namchi,Sikkim,2016,1,3374,7791,34
Namchi,Sikkim,2017,2,3975,13781,84
Namchi,Sikkim,2018,2,689,1730,64
Namchi,Sikkim,2019,2,3395,4620,28
Namchi,Sikkim,2020,0,632,8902,72
Namchi,Sikkim,2021,1,4964,5973,42
Namchi,Sikkim,2022,1,4056,6947,64
Namchi,Sikkim,2023,0,2651,5071,86
Namchi,Sikkim,2024,1,1043,1570,63
Pakyong,Sikkim,2015,2,610,6454,94
Pakyong,Sikkim,2016,2,1678,8306,23
Pakyong,Sikkim,2017,0,2660,8405,21
Pakyong,Sikkim,2018,2,3645,8030,85
Pakyong,Sikkim,2019,2,4096,2822,35
Pakyong,Sikkim,2020,1,3697,13917,95
Pakyong,Sikkim,2021,2,3833,14605,65
Pakyong,Sikkim,2022,0,2120,10931,54
Pakyong,Sikkim,2023,2,4890,11111,37
Pakyong,Sikkim,2024,2,4068,2318,54
Soreng,Sikkim,2015,2,3285,4199,88
Soreng,Sikkim,2016,0,3906,11920,71
Soreng,Sikkim,2017,1,1997,14249,60
Soreng,Sikkim,2018,2,502,10651,89
Soreng,Sikkim,2019,1,3994,1895,84
Soreng,Sikkim,2020,0,4175,9666,28
Soreng,Sikkim,2021,2,1753,5401,26
Soreng,Sikkim,2022,2,2681,5001,19
Soreng,Sikkim,2023,0,3518,10006,24
Soreng,Sikkim,2024,1,832,5166,69
Ariyalur,Tamil Nadu,2015,4,9793,23333,103
Ariyalur,Tamil Nadu,2016,1,16165,66336,121
Ariyalur,Tamil Nadu,2017,3,15150,29421,226
Ariyalur,Tamil Nadu,2018,1,13527,49891,156
Ariyalur,Tamil Nadu,2019,5,7722,51995,138
Ariyalur,Tamil Nadu,2020,5,17667,73844,255
Ariyalur,Tamil Nadu,2021,2,19706,79636,328
Ariyalur,Tamil Nadu,2022,4,7367,55275,358
Ariyalur,Tamil Nadu,2023,1,7030,38563,229
Ariyalur,Tamil Nadu,2024,5,12690,23081,335
Chengalpattu,Tamil Nadu,2015,4,6594,77655,333
Chengalpattu,Tamil Nadu,2016,3,4657,71651,71
Chengalpattu,Tamil Nadu,2017,2,9947,67836,272
Chengalpattu,Tamil Nadu,2018,2,18280,19722,287
Chengalpattu,Tamil Nadu,2019,1,6743,45805,309
Chengalpattu,Tamil Nadu,2020,5,10250,17767,266
Chengalpattu,Tamil Nadu,2021,5,16163,66266,261
Chengalpattu,Tamil Nadu,2022,1,16841,76269,57
Chengalpattu,Tamil Nadu,2023,2,5239,53168,354
Chengalpattu,Tamil Nadu,2024,3,7974,53591,311
Chennai,Tamil Nadu,2015,2,12214,72546,163
Chennai,Tamil Nadu,2016,5,7312,30875,337
Chennai,Tamil Nadu,2017,2,13530,73074,223
Chennai,Tamil Nadu,2018,1,18194,20840,189
Chennai,Tamil Nadu,2019,2,4874,37884,90
Chennai,Tamil Nadu,2020,4,7299,16020,182
Chennai,Tamil Nadu,2021,4,10388,55362,232
Chennai,Tamil Nadu,2022,2,10599,59276,342
Chennai,Tamil Nadu,2023,5,19304,23278,114
Chennai,Tamil Nadu,2024,1,8643,58685,118
Coimbatore,Tamil Nadu,2015,3,14150,46911,363
Coimbatore,Tamil Nadu,2016,1,14392,56540,113
Coimbatore,Tamil Nadu,2017,5,9695,71410,288
Coimbatore,Tamil Nadu,2018,5,17118,50728,303
Coimbatore,Tamil Nadu,2019,4,5528,65026,300
Coimbatore,Tamil Nadu,2020,5,17289,54983,384
Coimbatore,Tamil Nadu,2021,5,18780,34425,239
Coimbatore,Tamil Nadu,2022,3,11293,40923,126
Coimbatore,Tamil Nadu,2023,4,9933,37679,314
Coimbatore,Tamil Nadu,2024,3,4319,65903,215
Cuddalore,Tamil Nadu,2015,1,7969,17540,377
Cuddalore,Tamil Nadu,2016,2,9898,78565,120
Cuddalore,Tamil Nadu,2017,4,10552,19735,252
Cuddalore,Tamil Nadu,2018,3,4383,46917,104
Cuddalore,Tamil Nadu,2019,5,17814,32567,282
Cuddalore,Tamil Nadu,2020,2,18633,32868,264
Cuddalore,Tamil Nadu,2021,2,8355,30654,325
Cuddalore,Tamil Nadu,2022,4,3136,28705,315
Cuddalore,Tamil Nadu,2023,3,13410,79508,295
Cuddalore,Tamil Nadu,2024,2,4075,37761,220
Dharmapuri,Tamil Nadu,2015,1,6815,61221,94
Dharmapuri,Tamil Nadu,2016,1,16053,69334,225
Dharmapuri,Tamil Nadu,2017,1,16113,38452,278
Dharmapuri,Tamil Nadu,2018,1,17059,57836,287
Dharmapuri,Tamil Nadu,2019,1,15634,49086,157
Dharmapuri,Tamil Nadu,2020,4,14091,39635,101
Dharmapuri,Tamil Nadu,2021,5,10929,25756,65
Dharmapuri,Tamil Nadu,2022,1,8975,10992,357
Dharmapuri,Tamil Nadu,2023,3,10017,56757,305
Dharmapuri,Tamil Nadu,2024,3,16771,61475,148
Dindigul,Tamil Nadu,2015,1,17984,63277,371
Dindigul,Tamil Nadu,2016,4,6614,15084,69
Dindigul,Tamil Nadu,2017,1,9177,71251,156
Dindigul,Tamil Nadu,2018,5,3325,79787,159
Dindigul,Tamil Nadu,2019,1,13175,23874,120
Dindigul,Tamil Nadu,2020,4,3378,57943,199
Dindigul,Tamil Nadu,2021,2,19210,22017,206
Dindigul,Tamil Nadu,2022,4,9632,58626,251
Dindigul,Tamil Nadu,2023,5,14200,36631,331
Dindigul,Tamil Nadu,2024,3,6179,71079,147
Erode,Tamil Nadu,2015,3,19979,56918,226
Erode,Tamil Nadu,2016,4,13201,34106,299
Erode,Tamil Nadu,2017,4,14205,76253,259
Erode,Tamil Nadu,2018,3,3222,77643,149
Erode,Tamil Nadu,2019,2,10585,78276,75
Erode,Tamil Nadu,2020,2,14836,29309,184
Erode,Tamil Nadu,2021,4,16099,22140,371
Erode,Tamil Nadu,2022,1,15606,79836,240
Erode,Tamil Nadu,2023,1,7176,57049,355
Erode,Tamil Nadu,2024,4,4669,36764,211
Kallakurichi,Tamil Nadu,2015,5,13495,56267,97
Kallakurichi,Tamil Nadu,2016,5,10364,18734,55
Kallakurichi,Tamil Nadu,2017,2,6907,55370,74
Kallakurichi,Tamil Nadu,2018,3,8098,38236,91
Kallakurichi,Tamil Nadu,2019,2,3615,54994,68
Kallakurichi,Tamil Nadu,2020,5,12505,35701,114
Kallakurichi,Tamil Nadu,2021,2,17445,33942,183
Kallakurichi,Tamil Nadu,2022,3,12541,25969,392
Kallakurichi,Tamil Nadu,2023,3,13097,27424,259
Kallakurichi,Tamil Nadu,2024,3,16763,26362,343
Kancheepuram,Tamil Nadu,2015,2,11894,56414,125
Kancheepuram,Tamil Nadu,2016,1,16543,12690,122
Kancheepuram,Tamil Nadu,2017,2,11857,20939,75
Kancheepuram,Tamil Nadu,2018,2,14380,31806,257
Kancheepuram,Tamil Nadu,2019,3,11759,31493,323
Kancheepuram,Tamil Nadu,2020,3,13780,22784,302
Kancheepuram,Tamil Nadu,2021,4,6756,19712,61
Kancheepuram,Tamil Nadu,2022,5,16787,70937,149
Kancheepuram,Tamil Nadu,2023,3,16998,57998,273
Kancheepuram,Tamil Nadu,2024,3,14525,67397,84
Kanniyakumari,Tamil Nadu,2015,5,14364,19175,245
Kanniyakumari,Tamil Nadu,2016,4,13828,22368,277
Kanniyakumari,Tamil Nadu,2017,4,10410,48073,162
Kanniyakumari,Tamil Nadu,2018,2,11488,55101,364
Kanniyakumari,Tamil Nadu,2019,1,16915,10803,247
Kanniyakumari,Tamil Nadu,2020,3,4693,56551,90
Kanniyakumari,Tamil Nadu,2021,2,18114,31893,193
Kanniyakumari,Tamil Nadu,2022,5,18855,34274,369
Kanniyakumari,Tamil Nadu,2023,5,15295,20075,141
Kanniyakumari,Tamil Nadu,2024,2,4566,13426,98
Karur,Tamil Nadu,2015,5,5341,45710,207
Karur,Tamil Nadu,2016,1,19434,36153,53
Karur,Tamil Nadu,2017,1,10823,54091,115
Karur,Tamil Nadu,2018,5,14996,70094,52
Karur,Tamil Nadu,2019,4,15067,47398,134
Karur,Tamil Nadu,2020,1,10251,33288,218
Karur,Tamil Nadu,2021,1,5616,40609,169
Karur,Tamil Nadu,2022,1,10614,17043,73
Karur,Tamil Nadu,2023,5,7352,77935,378
Karur,Tamil Nadu,2024,2,11496,22393,171
Krishnagiri,Tamil Nadu,2015,1,8770,78344,319
Krishnagiri,Tamil Nadu,2016,4,4076,42220,70
Krishnagiri,Tamil Nadu,2017,1,13850,44357,295
Krishnagiri,Tamil Nadu,2018,3,12486,41543,174
Krishnagiri,Tamil Nadu,2019,1,15337,64041,100
Krishnagiri,Tamil Nadu,2020,1,4086,53504,199
Krishnagiri,Tamil Nadu,2021,2,19809,61017,298
Krishnagiri,Tamil Nadu,2022,1,12528,16779,364
Krishnagiri,Tamil Nadu,2023,5,19386,21592,193
Krishnagiri,Tamil Nadu,2024,5,5326,77348,259
Madurai,Tamil Nadu,2015,2,16694,42397,100
Madurai,Tamil Nadu,2016,4,17136,39957,221
Madurai,Tamil Nadu,2017,1,7589,35134,157
Madurai,Tamil Nadu,2018,5,10954,56898,67
Madurai,Tamil Nadu,2019,1,19109,65624,205
Madurai,Tamil Nadu,2020,3,13311,51783,194
Madurai,Tamil Nadu,2021,4,17602,72799,172
Madurai,Tamil Nadu,2022,3,3848,37720,94
Madurai,Tamil Nadu,2023,3,8920,56297,271
Madurai,Tamil Nadu,2024,5,14664,24033,222
Mayiladuthurai,Tamil Nadu,2015,1,12212,43195,181
Mayiladuthurai,Tamil Nadu,2016,5,3917,57721,372
Mayiladuthurai,Tamil Nadu,2017,3,19433,15419,378
Mayiladuthurai,Tamil Nadu,2018,2,18940,52662,321
Mayiladuthurai,Tamil Nadu,2019,3,15552,66634,128
Mayiladuthurai,Tamil Nadu,2020,4,6216,55657,267
Mayiladuthurai,Tamil Nadu,2021,1,4880,63622,157
Mayiladuthurai,Tamil Nadu,2022,3,13166,49977,140
Mayiladuthurai,Tamil Nadu,2023,2,17261,38676,57
Mayiladuthurai,Tamil Nadu,2024,1,17718,56630,180
Nagapattinam,Tamil Nadu,2015,3,8541,40287,322
Nagapattinam,Tamil Nadu,2016,4,13562,37497,142
Nagapattinam,Tamil Nadu,2017,2,7214,27490,318
Nagapattinam,Tamil Nadu,2018,1,4789,12409,397
Nagapattinam,Tamil Nadu,2019,1,16021,24395,217
Nagapattinam,Tamil Nadu,2020,1,6603,78420,209
Nagapattinam,Tamil Nadu,2021,2,7658,39917,351
Nagapattinam,Tamil Nadu,2022,5,17377,51319,274
Nagapattinam,Tamil Nadu,2023,5,15083,57403,114
Nagapattinam,Tamil Nadu,2024,1,9593,44986,235
Namakkal,Tamil Nadu,2015,3,18309,37747,195
Namakkal,Tamil Nadu,2016,2,5499,70913,193
Namakkal,Tamil Nadu,2017,5,7383,51831,331
Namakkal,Tamil Nadu,2018,3,11647,70988,377
Namakkal,Tamil Nadu,2019,3,12190,65777,127
Namakkal,Tamil Nadu,2020,5,11953,79312,202
Namakkal,Tamil Nadu,2021,1,8281,67948,75
Namakkal,Tamil Nadu,2022,4,7250,58056,144
Namakkal,Tamil Nadu,2023,2,19003,49085,358
Namakkal,Tamil Nadu,2024,1,17691,46713,304
Perambalur,Tamil Nadu,2015,3,8849,68007,154
Perambalur,Tamil Nadu,2016,3,4743,56061,92
Perambalur,Tamil Nadu,2017,3,12524,64048,183
Perambalur,Tamil Nadu,2018,5,13388,41477,250
Perambalur,Tamil Nadu,2019,4,12053,77341,109
Perambalur,Tamil Nadu,2020,2,17655,77540,210
Perambalur,Tamil Nadu,2021,1,13020,70960,155
Perambalur,Tamil Nadu,2022,2,6084,38885,224
Perambalur,Tamil Nadu,2023,1,19891,10890,212
Perambalur,Tamil Nadu,2024,5,6494,24130,126
Pudukkottai,Tamil Nadu,2015,2,16752,22791,172
Pudukkottai,Tamil Nadu,2016,1,10978,11793,76
Pudukkottai,Tamil Nadu,2017,4,18137,43084,150
Pudukkottai,Tamil Nadu,2018,1,19788,47119,282
Pudukkottai,Tamil Nadu,2019,3,17493,59219,383
Pudukkottai,Tamil Nadu,2020,4,16429,54231,117
Pudukkottai,Tamil Nadu,2021,4,19654,27271,379
Pudukkottai,Tamil Nadu,2022,3,8486,12368,241
Pudukkottai,Tamil Nadu,2023,4,8066,48647,247
Pudukkottai,Tamil Nadu,2024,1,8976,32311,214
Ramanathapuram,Tamil Nadu,2015,1,19393,52412,378
Ramanathapuram,Tamil Nadu,2016,5,6714,42909,201
Ramanathapuram,Tamil Nadu,2017,5,3055,24745,186
Ramanathapuram,Tamil Nadu,2018,5,13097,19946,76
Ramanathapuram,Tamil Nadu,2019,3,14894,56620,63
Ramanathapuram,Tamil Nadu,2020,4,3500,32922,355
Ramanathapuram,Tamil Nadu,2021,4,14985,77523,315
Ramanathapuram,Tamil Nadu,2022,5,16015,15456,275
Ramanathapuram,Tamil Nadu,2023,5,3473,43485,229
Ramanathapuram,Tamil Nadu,2024,5,17925,12812,347
Ranipet,Tamil Nadu,2015,4,10673,29701,308
Ranipet,Tamil Nadu,2016,4,18350,28799,139
Ranipet,Tamil Nadu,2017,4,15999,49933,62
Ranipet,Tamil Nadu,2018,3,18098,22550,276
Ranipet,Tamil Nadu,2019,2,8936,58224,330
Ranipet,Tamil Nadu,2020,4,13480,67902,360
Ranipet,Tamil Nadu,2021,4,6173,73179,275
Ranipet,Tamil Nadu,2022,5,7973,35106,291
Ranipet,Tamil Nadu,2023,5,5385,29589,304
Ranipet,Tamil Nadu,2024,3,9020,77117,286
Salem,Tamil Nadu,2015,3,18940,71342,347
Salem,Tamil Nadu,2016,3,13659,22371,112
Salem,Tamil Nadu,2017,5,14087,25567,61
Salem,Tamil Nadu,2018,3,11397,60072,130
Salem,Tamil Nadu,2019,3,14741,43805,149
Salem,Tamil Nadu,2020,4,7765,67569,138
Salem,Tamil Nadu,2021,1,7218,27844,313
Salem,Tamil Nadu,2022,3,8964,27863,397
Salem,Tamil Nadu,2023,5,4916,54736,66
Salem,Tamil Nadu,2024,2,18451,20030,174
Sivaganga,Tamil Nadu,2015,4,9660,31502,367
Sivaganga,Tamil Nadu,2016,4,6587,15840,53
Sivaganga,Tamil Nadu,2017,4,16537,53834,95
Sivaganga,Tamil Nadu,2018,3,16301,10403,52
Sivaganga,Tamil Nadu,2019,4,11695,41269,79
Sivaganga,Tamil Nadu,2020,3,7196,42482,56
Sivaganga,Tamil Nadu,2021,4,9842,39036,98
Sivaganga,Tamil Nadu,2022,2,3646,36887,184
Sivaganga,Tamil Nadu,2023,2,4173,36103,118
Sivaganga,Tamil Nadu,2024,4,18628,63392,161
Tenkasi,Tamil Nadu,2015,5,18867,66766,241
Tenkasi,Tamil Nadu,2016,5,9615,74185,118
Tenkasi,Tamil Nadu,2017,4,5280,43432,277
Tenkasi,Tamil Nadu,2018,2,4541,73229,374
Tenkasi,Tamil Nadu,2019,2,17629,72174,276
Tenkasi,Tamil Nadu,2020,5,16637,54899,159
Tenkasi,Tamil Nadu,2021,1,13947,28191,197
Tenkasi,Tamil Nadu,2022,4,11438,75799,200
Tenkasi,Tamil Nadu,2023,3,6932,73568,364
Tenkasi,Tamil Nadu,2024,3,19266,34194,373
Thanjavur,Tamil Nadu,2015,5,10091,51577,299
Thanjavur,Tamil Nadu,2016,1,9312,35169,95
Thanjavur,Tamil Nadu,2017,4,7309,18170,209
Thanjavur,Tamil Nadu,2018,5,6075,73469,352
Thanjavur,Tamil Nadu,2019,1,10280,73575,237
Thanjavur,Tamil Nadu,2020,1,10133,73710,124
Thanjavur,Tamil Nadu,2021,1,9813,78606,68
Thanjavur,Tamil Nadu,2022,3,17651,45076,333
Thanjavur,Tamil Nadu,2023,4,12887,72648,278
Thanjavur,Tamil Nadu,2024,4,11457,79286,299
The Nilgiris,Tamil Nadu,2015,5,18254,60516,69
The Nilgiris,Tamil Nadu,2016,5,5208,75611,107
The Nilgiris,Tamil Nadu,2017,2,4148,41707,160
The Nilgiris,Tamil Nadu,2018,5,8963,36361,138
The Nilgiris,Tamil Nadu,2019,5,6386,63578,306
The Nilgiris,Tamil Nadu,2020,4,10680,30304,245
The Nilgiris,Tamil Nadu,2021,2,4995,40640,350
The Nilgiris,Tamil Nadu,2022,2,14028,35915,271
The Nilgiris,Tamil Nadu,2023,5,18878,66983,64
The Nilgiris,Tamil Nadu,2024,2,7339,26790,291
Theni,Tamil Nadu,2015,2,11523,24529,374
Theni,Tamil Nadu,2016,5,6083,63330,381
Theni,Tamil Nadu,2017,5,10303,17452,190
Theni,Tamil Nadu,2018,1,5071,45014,279
Theni,Tamil Nadu,2019,1,18363,30592,362
Theni,Tamil Nadu,2020,1,17910,49135,357
Theni,Tamil Nadu,2021,3,14465,78584,113
Theni,Tamil Nadu,2022,4,6143,20411,129
Theni,Tamil Nadu,2023,5,11171,29674,269
Theni,Tamil Nadu,2024,4,6636,76207,233
Thiruvallur,Tamil Nadu,2015,5,7604,26637,175
Thiruvallur,Tamil Nadu,2016,1,13963,31674,263
Thiruvallur,Tamil Nadu,2017,2,17556,20330,316
Thiruvallur,Tamil Nadu,2018,4,17217,45300,260
Thiruvallur,Tamil Nadu,2019,2,4536,48373,280
Thiruvallur,Tamil Nadu,2020,4,15338,76597,274
Thiruvallur,Tamil Nadu,2021,2,9709,40675,50
Thiruvallur,Tamil Nadu,2022,4,18841,23044,353
Thiruvallur,Tamil Nadu,2023,4,17319,11191,371
Thiruvallur,Tamil Nadu,2024,5,3959,56578,54
Thiruvarur,Tamil Nadu,2015,5,19371,50498,58
Thiruvarur,Tamil Nadu,2016,4,9297,17093,125
Thiruvarur,Tamil Nadu,2017,3,13603,44919,197
Thiruvarur,Tamil Nadu,2018,3,13219,59948,105
Thiruvarur,Tamil Nadu,2019,2,17055,35287,394
Thiruvarur,Tamil Nadu,2020,4,15139,19477,81
Thiruvarur,Tamil Nadu,2021,4,4586,24789,258
Thiruvarur,Tamil Nadu,2022,1,11213,56490,358
Thiruvarur,Tamil Nadu,2023,3,5186,27477,123
Thiruvarur,Tamil Nadu,2024,2,9934,72066,207
Thoothukkudi,Tamil Nadu,2015,2,5159,52554,133
Thoothukkudi,Tamil Nadu,2016,5,11015,31559,361
Thoothukkudi,Tamil Nadu,2017,4,4952,20524,335
Thoothukkudi,Tamil Nadu,2018,1,3444,78847,198
Thoothukkudi,Tamil Nadu,2019,2,12792,47028,115
Thoothukkudi,Tamil Nadu,2020,5,6159,48360,92
Thoothukkudi,Tamil Nadu,2021,1,14868,54988,260
Thoothukkudi,Tamil Nadu,2022,2,12411,20928,87
Thoothukkudi,Tamil Nadu,2023,3,9845,65233,158
Thoothukkudi,Tamil Nadu,2024,2,5540,41590,237
Tiruchirappalli,Tamil Nadu,2015,1,16742,26907,144
Tiruchirappalli,Tamil Nadu,2016,3,13686,56640,274
Tiruchirappalli,Tamil Nadu,2017,2,18292,30351,218
Tiruchirappalli,Tamil Nadu,2018,5,5684,36484,114
Tiruchirappalli,Tamil Nadu,2019,1,19414,47739,274
Tiruchirappalli,Tamil Nadu,2020,2,19322,66040,220
Tiruchirappalli,Tamil Nadu,2021,5,5691,79055,91
Tiruchirappalli,Tamil Nadu,2022,5,18910,20370,300
Tiruchirappalli,Tamil Nadu,2023,5,8219,77162,109
Tiruchirappalli,Tamil Nadu,2024,2,18333,16129,215
Tirunelveli,Tamil Nadu,2015,4,11083,45350,75
Tirunelveli,Tamil Nadu,2016,1,3590,68553,193
Tirunelveli,Tamil Nadu,2017,5,7822,24652,201
Tirunelveli,Tamil Nadu,2018,2,19211,71430,346
Tirunelveli,Tamil Nadu,2019,1,8556,67494,241
Tirunelveli,Tamil Nadu,2020,4,18775,44291,235
Tirunelveli,Tamil Nadu,2021,1,12257,28371,147
Tirunelveli,Tamil Nadu,2022,3,12948,58436,356
Tirunelveli,Tamil Nadu,2023,5,8246,13638,254
Tirunelveli,Tamil Nadu,2024,1,8722,73209,324
Tirupathur,Tamil Nadu,2015,1,15166,48753,213
Tirupathur,Tamil Nadu,2016,2,13883,27311,367
Tirupathur,Tamil Nadu,2017,3,14706,69489,275
Tirupathur,Tamil Nadu,2018,5,17151,73365,167
Tirupathur,Tamil Nadu,2019,2,4526,78625,230
Tirupathur,Tamil Nadu,2020,2,13298,39127,392
Tirupathur,Tamil Nadu,2021,3,16087,31782,388
Tirupathur,Tamil Nadu,2022,4,17836,34627,235
Tirupathur,Tamil Nadu,2023,4,5978,41405,151
Tirupathur,Tamil Nadu,2024,4,16754,77888,110
Tiruppur,Tamil Nadu,2015,5,4256,54281,251
Tiruppur,Tamil Nadu,2016,1,11595,29612,207
Tiruppur,Tamil Nadu,2017,4,5676,53810,282
Tiruppur,Tamil Nadu,2018,4,8690,12244,262
Tiruppur,Tamil Nadu,2019,2,13111,52656,64
Tiruppur,Tamil Nadu,2020,2,16493,72490,252
Tiruppur,Tamil Nadu,2021,5,9834,69035,371
Tiruppur,Tamil Nadu,2022,2,6616,64507,208
Tiruppur,Tamil Nadu,2023,3,10003,18336,98
Tiruppur,Tamil Nadu,2024,3,11494,44755,282
Tiruvannamalai,Tamil Nadu,2015,1,6394,44942,116
Tiruvannamalai,Tamil Nadu,2016,2,18348,77995,174
Tiruvannamalai,Tamil Nadu,2017,2,19052,20143,54
Tiruvannamalai,Tamil Nadu,2018,4,15888,74866,328
Tiruvannamalai,Tamil Nadu,2019,3,17052,33227,398
Tiruvannamalai,Tamil Nadu,2020,3,11722,63508,185
Tiruvannamalai,Tamil Nadu,2021,2,9159,52173,309
Tiruvannamalai,Tamil Nadu,2022,1,18753,36622,380
Tiruvannamalai,Tamil Nadu,2023,1,8555,26303,225
Tiruvannamalai,Tamil Nadu,2024,3,8078,56414,76
Adilabad,Telangana,2015,3,14438,47981,166
Adilabad,Telangana,2016,3,15383,25388,258
Adilabad,Telangana,2017,4,11231,26862,223
Adilabad,Telangana,2018,5,3109,37945,250
Adilabad,Telangana,2019,1,10341,63712,313
Adilabad,Telangana,2020,2,18756,59389,362
Adilabad,Telangana,2021,2,7218,62976,155
Adilabad,Telangana,2022,1,9319,44376,169
Adilabad,Telangana,2023,2,4410,54326,204
Adilabad,Telangana,2024,5,10622,34609,262
Bhadradri Kothagudem,Telangana,2015,5,14002,46994,66
Bhadradri Kothagudem,Telangana,2016,3,13565,33359,69
Bhadradri Kothagudem,Telangana,2017,2,6168,61709,90
Bhadradri Kothagudem,Telangana,2018,5,14737,19573,123
Bhadradri Kothagudem,Telangana,2019,5,9192,12125,327
Bhadradri Kothagudem,Telangana,2020,5,19358,51799,352
Bhadradri Kothagudem,Telangana,2021,5,17660,74060,379
Bhadradri Kothagudem,Telangana,2022,4,16618,13009,180
Bhadradri Kothagudem,Telangana,2023,4,6877,31456,122
Bhadradri Kothagudem,Telangana,2024,4,11876,42295,382
Hanumakonda,Telangana,2015,4,16731,17030,94
Hanumakonda,Telangana,2016,2,6672,53836,270
Hanumakonda,Telangana,2017,1,17284,20989,75
Hanumakonda,Telangana,2018,4,14465,18876,346
Hanumakonda,Telangana,2019,2,16611,74040,274
Hanumakonda,Telangana,2020,4,3596,46564,247
Hanumakonda,Telangana,2021,4,14618,38505,121
Hanumakonda,Telangana,2022,4,15508,70536,52
Hanumakonda,Telangana,2023,4,6549,31032,217
Hanumakonda,Telangana,2024,5,9551,46658,356
Hyderabad,Telangana,2015,2,9166,21658,337
Hyderabad,Telangana,2016,2,15143,18153,218
Hyderabad,Telangana,2017,3,14814,20459,374
Hyderabad,Telangana,2018,1,10741,61168,199
Hyderabad,Telangana,2019,5,7254,25246,338
Hyderabad,Telangana,2020,4,7714,76400,277
Hyderabad,Telangana,2021,1,12696,43807,223
Hyderabad,Telangana,2022,2,11381,71586,366
Hyderabad,Telangana,2023,5,16987,55755,109
Hyderabad,Telangana,2024,1,18617,66931,199
Jagitial,Telangana,2015,1,13611,71848,142
Jagitial,Telangana,2016,2,6451,33584,274
Jagitial,Telangana,2017,1,13820,61095,130
Jagitial,Telangana,2018,5,12831,71252,218
Jagitial,Telangana,2019,1,16320,66032,134
Jagitial,Telangana,2020,3,8932,64921,209
Jagitial,Telangana,2021,2,18883,32621,382
Jagitial,Telangana,2022,3,7664,50777,121
Jagitial,Telangana,2023,5,13121,46345,53
Jagitial,Telangana,2024,5,4430,39030,245
Jangoan,Telangana,2015,3,15779,11576,329
Jangoan,Telangana,2016,2,9399,77093,67
Jangoan,Telangana,2017,4,13581,25462,380
Jangoan,Telangana,2018,2,14965,57669,395
Jangoan,Telangana,2019,4,3220,37522,286
Jangoan,Telangana,2020,5,12371,37817,247
Jangoan,Telangana,2021,1,18383,20581,51
Jangoan,Telangana,2022,2,14611,40060,100
Jangoan,Telangana,2023,5,8683,52517,313
Jangoan,Telangana,2024,3,14811,20230,252
Jayashankar Bhupalapally,Telangana,2015,4,3083,64245,149
Jayashankar Bhupalapally,Telangana,2016,2,15981,25615,275
Jayashankar Bhupalapally,Telangana,2017,5,15653,11032,128
Jayashankar Bhupalapally,Telangana,2018,2,16545,68580,345
Jayashankar Bhupalapally,Telangana,2019,5,17878,73670,247
Jayashankar Bhupalapally,Telangana,2020,4,9489,18515,209
Jayashankar Bhupalapally,Telangana,2021,2,11684,41888,329
Jayashankar Bhupalapally,Telangana,2022,5,7249,78554,65
Jayashankar Bhupalapally,Telangana,2023,4,12590,17231,200
Jayashankar Bhupalapally,Telangana,2024,4,17018,17451,291
Jogulamba Gadwal,Telangana,2015,2,14658,13623,277
Jogulamba Gadwal,Telangana,2016,3,16844,69920,397
Jogulamba Gadwal,Telangana,2017,1,8044,21149,334
Jogulamba Gadwal,Telangana,2018,1,16503,49645,103
Jogulamba Gadwal,Telangana,2019,2,16025,20145,125
Jogulamba Gadwal,Telangana,2020,5,11559,37895,309
Jogulamba Gadwal,Telangana,2021,5,18895,24577,227
Jogulamba Gadwal,Telangana,2022,2,6881,64485,83
Jogulamba Gadwal,Telangana,2023,1,7626,11448,376
Jogulamba Gadwal,Telangana,2024,3,18153,57384,111
Kamareddy,Telangana,2015,1,6145,54423,138
Kamareddy,Telangana,2016,5,10300,65942,82
Kamareddy,Telangana,2017,3,3977,77099,137
Kamareddy,Telangana,2018,4,14970,66037,133
Kamareddy,Telangana,2019,3,16726,20843,254
Kamareddy,Telangana,2020,5,3949,67000,99
Kamareddy,Telangana,2021,4,16556,32769,222
Kamareddy,Telangana,2022,4,7161,13151,241
Kamareddy,Telangana,2023,5,14912,19158,162
Kamareddy,Telangana,2024,4,10150,69923,277
Karimnagar,Telangana,2015,3,10511,41751,353
Karimnagar,Telangana,2016,3,7250,55536,153
Karimnagar,Telangana,2017,1,17152,36671,63
Karimnagar,Telangana,2018,2,15462,72474,120
Karimnagar,Telangana,2019,1,8695,10339,195
Karimnagar,Telangana,2020,2,15381,22805,78
Karimnagar,Telangana,2021,5,16285,62926,238
Karimnagar,Telangana,2022,3,5077,48417,273
Karimnagar,Telangana,2023,3,11943,12067,176
Karimnagar,Telangana,2024,1,15544,31991,183
Khammam,Telangana,2015,3,3686,52160,357
Khammam,Telangana,2016,1,6427,77210,81
Khammam,Telangana,2017,4,16173,56221,68
Khammam,Telangana,2018,1,16483,16377,164
Khammam,Telangana,2019,3,7440,58589,391
Khammam,Telangana,2020,5,13540,38897,226
Khammam,Telangana,2021,4,4838,63108,307
Khammam,Telangana,2022,5,15562,72778,323
Khammam,Telangana,2023,3,16819,71385,89
Khammam,Telangana,2024,1,15830,32505,276
Kumuram Bheem Asifabad,Telangana,2015,1,13744,63724,63
Kumuram Bheem Asifabad,Telangana,2016,1,8111,26091,175
Kumuram Bheem Asifabad,Telangana,2017,5,19270,49081,342
Kumuram Bheem Asifabad,Telangana,2018,1,9942,44031,141
Kumuram Bheem Asifabad,Telangana,2019,5,4308,77017,120
Kumuram Bheem Asifabad,Telangana,2020,5,13638,21835,67
Kumuram Bheem Asifabad,Telangana,2021,5,17178,55400,124
Kumuram Bheem Asifabad,Telangana,2022,4,4296,47083,152
Kumuram Bheem Asifabad,Telangana,2023,5,5405,57861,167
Kumuram Bheem Asifabad,Telangana,2024,1,13241,10176,251
Mahabubabad,Telangana,2015,4,6822,33155,244
Mahabubabad,Telangana,2016,2,12488,13813,165
Mahabubabad,Telangana,2017,1,3288,23130,130
Mahabubabad,Telangana,2018,5,12928,59601,352
Mahabubabad,Telangana,2019,4,13686,56961,87
Mahabubabad,Telangana,2020,3,12264,30846,107
Mahabubabad,Telangana,2021,5,5295,22403,188
Mahabubabad,Telangana,2022,3,6529,47972,67
Mahabubabad,Telangana,2023,3,15644,22558,294
Mahabubabad,Telangana,2024,4,9244,34719,116
Mahabubnagar,Telangana,2015,3,6205,11007,184
Mahabubnagar,Telangana,2016,2,14082,71106,212
Mahabubnagar,Telangana,2017,2,17507,57235,305
Mahabubnagar,Telangana,2018,4,11422,68644,285
Mahabubnagar,Telangana,2019,3,15881,25019,320
Mahabubnagar,Telangana,2020,3,15026,19071,103
Mahabubnagar,Telangana,2021,4,6342,60532,393
Mahabubnagar,Telangana,2022,3,7317,28824,100
Mahabubnagar,Telangana,2023,5,15594,66532,158
Mahabubnagar,Telangana,2024,1,8808,27334,329
Mancherial,Telangana,2015,4,13416,58324,345
Mancherial,Telangana,2016,3,9017,10868,171
Mancherial,Telangana,2017,4,15684,72569,94
Mancherial,Telangana,2018,5,12607,16139,263
Mancherial,Telangana,2019,1,11724,62716,97
Mancherial,Telangana,2020,5,10513,43979,283
Mancherial,Telangana,2021,5,11327,52163,102
Mancherial,Telangana,2022,1,3757,55799,191
Mancherial,Telangana,2023,1,6627,19802,319
Mancherial,Telangana,2024,4,3301,21860,341
Medak,Telangana,2015,2,4968,63329,397
Medak,Telangana,2016,1,19260,19959,68
Medak,Telangana,2017,4,12502,13192,204
Medak,Telangana,2018,2,6290,57581,78
Medak,Telangana,2019,3,11215,41214,178
Medak,Telangana,2020,3,17103,56486,267
Medak,Telangana,2021,5,17495,18654,90
Medak,Telangana,2022,5,3707,30425,206
Medak,Telangana,2023,4,9383,79100,270
Medak,Telangana,2024,1,15264,51835,319
Medchal Malkajgiri,Telangana,2015,4,9541,55337,74
Medchal Malkajgiri,Telangana,2016,4,15309,76906,101
Medchal Malkajgiri,Telangana,2017,2,6812,19811,346
Medchal Malkajgiri,Telangana,2018,2,8999,26038,153
Medchal Malkajgiri,Telangana,2019,2,16586,15859,110
Medchal Malkajgiri,Telangana,2020,4,9822,13699,365
Medchal Malkajgiri,Telangana,2021,1,10045,68542,173
Medchal Malkajgiri,Telangana,2022,2,19685,40521,320
Medchal Malkajgiri,Telangana,2023,2,14774,46962,239
Medchal Malkajgiri,Telangana,2024,2,6913,10275,214
Mulugu,Telangana,2015,4,17271,33962,358
Mulugu,Telangana,2016,4,6746,16634,243
Mulugu,Telangana,2017,3,13747,35968,178
Mulugu,Telangana,2018,5,19824,26972,104
Mulugu,Telangana,2019,3,14426,52246,280
Mulugu,Telangana,2020,5,13579,62737,233
Mulugu,Telangana,2021,1,6095,18272,332
Mulugu,Telangana,2022,3,3859,53112,93
Mulugu,Telangana,2023,5,6592,70501,58
Mulugu,Telangana,2024,4,8929,23392,268
Nagarkurnool,Telangana,2015,1,10845,33381,304
Nagarkurnool,Telangana,2016,5,18391,34798,317
Nagarkurnool,Telangana,2017,5,4083,46855,175
Nagarkurnool,Telangana,2018,2,14659,27805,240
Nagarkurnool,Telangana,2019,2,9908,69959,336
Nagarkurnool,Telangana,2020,5,6583,75930,322
Nagarkurnool,Telangana,2021,4,4066,25587,95
Nagarkurnool,Telangana,2022,2,7452,40585,199
Nagarkurnool,Telangana,2023,4,18651,31662,237
Nagarkurnool,Telangana,2024,4,14537,36401,355
Nalgonda,Telangana,2015,5,7305,26920,339
Nalgonda,Telangana,2016,5,6039,61741,89
Nalgonda,Telangana,2017,4,5244,52720,108
Nalgonda,Telangana,2018,3,12803,13348,98
Nalgonda,Telangana,2019,5,6891,67314,92
Nalgonda,Telangana,2020,5,15553,46392,349
Nalgonda,Telangana,2021,4,10966,78223,288
Nalgonda,Telangana,2022,5,17803,29388,343
Nalgonda,Telangana,2023,4,9537,67726,392
Nalgonda,Telangana,2024,3,13205,30144,68
Narayanpet,Telangana,2015,5,3833,19505,399
Narayanpet,Telangana,2016,5,12758,68787,92
Narayanpet,Telangana,2017,1,12191,17651,211
Narayanpet,Telangana,2018,5,13947,60447,188
Narayanpet,Telangana,2019,3,11402,59783,268
Narayanpet,Telangana,2020,1,5608,55357,264
Narayanpet,Telangana,2021,5,8353,31089,272
Narayanpet,Telangana,2022,3,14902,53002,238
Narayanpet,Telangana,2023,5,11509,59376,152
Narayanpet,Telangana,2024,5,18053,35660,236
Nirmal,Telangana,2015,2,11858,14149,240
Nirmal,Telangana,2016,2,15804,79497,159
Nirmal,Telangana,2017,5,15372,49233,69
Nirmal,Telangana,2018,1,4934,44795,74
Nirmal,Telangana,2019,3,13894,34556,270
Nirmal,Telangana,2020,1,17576,19205,62
Nirmal,Telangana,2021,2,17232,79025,330
Nirmal,Telangana,2022,2,19723,48730,279
Nirmal,Telangana,2023,5,18380,33110,391
Nirmal,Telangana,2024,5,4416,28275,270
Nizamabad,Telangana,2015,2,4075,42278,172
Nizamabad,Telangana,2016,1,15052,47258,64
Nizamabad,Telangana,2017,3,19950,34000,55
Nizamabad,Telangana,2018,4,13521,66348,190
Nizamabad,Telangana,2019,2,6649,10829,252
Nizamabad,Telangana,2020,4,13629,48525,356
Nizamabad,Telangana,2021,1,18309,58856,208
Nizamabad,Telangana,2022,5,15044,35297,87
Nizamabad,Telangana,2023,4,16602,68000,228
Nizamabad,Telangana,2024,2,4494,67881,180
Peddapalli,Telangana,2015,5,12648,64299,78
Peddapalli,Telangana,2016,3,10127,47773,237
Peddapalli,Telangana,2017,4,18805,63965,324
Peddapalli,Telangana,2018,4,7467,56378,332
Peddapalli,Telangana,2019,2,14020,38322,149
Peddapalli,Telangana,2020,1,12523,47800,143
Peddapalli,Telangana,2021,5,15082,21947,62
Peddapalli,Telangana,2022,2,10098,11724,103
Peddapalli,Telangana,2023,1,11155,56848,211
Peddapalli,Telangana,2024,4,12908,63634,96
Rajanna Sircilla,Telangana,2015,4,14841,24901,268
Rajanna Sircilla,Telangana,2016,4,13921,28939,320
Rajanna Sircilla,Telangana,2017,3,18716,73654,107
Rajanna Sircilla,Telangana,2018,4,16166,39450,356
Rajanna Sircilla,Telangana,2019,1,16193,62691,227
Rajanna Sircilla,Telangana,2020,4,7845,58720,214
Rajanna Sircilla,Telangana,2021,1,12151,70680,105
Rajanna Sircilla,Telangana,2022,4,10396,62039,320
Rajanna Sircilla,Telangana,2023,4,10496,27617,233
Rajanna Sircilla,Telangana,2024,3,7768,26558,324
Ranga Reddy,Telangana,2015,5,8101,55394,213
Ranga Reddy,Telangana,2016,3,9059,56013,392
Ranga Reddy,Telangana,2017,4,15437,19125,336
Ranga Reddy,Telangana,2018,4,19690,30658,307
Ranga Reddy,Telangana,2019,5,4649,52943,212
Ranga Reddy,Telangana,2020,5,5748,72656,85
Ranga Reddy,Telangana,2021,4,5988,41718,203
Ranga Reddy,Telangana,2022,5,17459,16720,328
Ranga Reddy,Telangana,2023,3,3773,72101,76
Ranga Reddy,Telangana,2024,1,16934,47353,235
Sangareddy,Telangana,2015,3,8552,21193,294
Sangareddy,Telangana,2016,2,18632,26152,372
Sangareddy,Telangana,2017,5,19808,34959,105
Sangareddy,Telangana,2018,3,8453,67312,67
Sangareddy,Telangana,2019,2,15490,15933,272
Sangareddy,Telangana,2020,5,12939,66717,272
Sangareddy,Telangana,2021,3,9803,33727,99
Sangareddy,Telangana,2022,2,4125,50242,99
Sangareddy,Telangana,2023,3,15666,18985,375
Sangareddy,Telangana,2024,4,15287,45525,201
Siddipet,Telangana,2015,2,14764,64046,327
Siddipet,Telangana,2016,2,9427,60339,77
Siddipet,Telangana,2017,5,13613,51900,84
Siddipet,Telangana,2018,2,3373,40923,140
Siddipet,Telangana,2019,5,11988,30958,152
Siddipet,Telangana,2020,5,6678,53661,95
Siddipet,Telangana,2021,2,5649,55308,149
Siddipet,Telangana,2022,5,12108,62674,301
Siddipet,Telangana,2023,3,13514,20052,72
Siddipet,Telangana,2024,1,7449,60146,77
Suryapet,Telangana,2015,1,11278,69207,175
Suryapet,Telangana,2016,4,11222,76762,245
Suryapet,Telangana,2017,1,11305,29777,349
Suryapet,Telangana,2018,1,13537,31589,189
Suryapet,Telangana,2019,2,17617,18997,79
Suryapet,Telangana,2020,5,13217,34475,50
Suryapet,Telangana,2021,2,11018,31893,67
Suryapet,Telangana,2022,1,10046,22857,110
Suryapet,Telangana,2023,2,17007,60091,272
Suryapet,Telangana,2024,4,10274,75634,379
Vikarabad,Telangana,2015,1,18276,45365,187
Vikarabad,Telangana,2016,1,14105,33318,384
Vikarabad,Telangana,2017,1,14335,66287,226
Vikarabad,Telangana,2018,4,12551,71613,293
Vikarabad,Telangana,2019,4,17815,60548,182
Vikarabad,Telangana,2020,1,18915,19856,268
Vikarabad,Telangana,2021,4,18861,62219,92
Vikarabad,Telangana,2022,3,13968,62526,264
Vikarabad,Telangana,2023,3,12769,39619,76
Vikarabad,Telangana,2024,1,11467,74087,329
Wanaparthy,Telangana,2015,5,14268,22681,261
Wanaparthy,Telangana,2016,1,11638,64976,237
Wanaparthy,Telangana,2017,4,9872,27067,133
Wanaparthy,Telangana,2018,5,10700,35739,190
Wanaparthy,Telangana,2019,1,18399,35105,158
Wanaparthy,Telangana,2020,3,6440,15687,216
Wanaparthy,Telangana,2021,2,19613,37604,100
Wanaparthy,Telangana,2022,2,13311,65019,157
Wanaparthy,Telangana,2023,3,14821,77779,97
Wanaparthy,Telangana,2024,2,10376,48316,179
Dadra And Nagar Haveli,The Dadra And Nagar Haveli And Daman And Diu,2015,2,1855,8064,57
Dadra And Nagar Haveli,The Dadra And Nagar Haveli And Daman And Diu,2016,2,1661,6217,26
Dadra And Nagar Haveli,The Dadra And Nagar Haveli And Daman And Diu,2017,1,1799,11728,70
Dadra And Nagar Haveli,The Dadra And Nagar Haveli And Daman And Diu,2018,0,2367,7311,100
Dadra And Nagar Haveli,The Dadra And Nagar Haveli And Daman And Diu,2019,1,3501,14035,88
Dadra And Nagar Haveli,The Dadra And Nagar Haveli And Daman And Diu,2020,0,718,13445,90
Dadra And Nagar Haveli,The Dadra And Nagar Haveli And Daman And Diu,2021,1,2737,6416,60
Dadra And Nagar Haveli,The Dadra And Nagar Haveli And Daman And Diu,2022,1,4598,13993,87
Dadra And Nagar Haveli,The Dadra And Nagar Haveli And Daman And Diu,2023,0,3495,3393,31
Dadra And Nagar Haveli,The Dadra And Nagar Haveli And Daman And Diu,2024,2,2351,7848,51
Daman,The Dadra And Nagar Haveli And Daman And Diu,2015,1,4794,8743,43
Daman,The Dadra And Nagar Haveli And Daman And Diu,2016,2,1514,6396,85
Daman,The Dadra And Nagar Haveli And Daman And Diu,2017,2,982,7136,77
Daman,The Dadra And Nagar Haveli And Daman And Diu,2018,0,933,9179,61
Daman,The Dadra And Nagar Haveli And Daman And Diu,2019,0,3242,14824,37
Daman,The Dadra And Nagar Haveli And Daman And Diu,2020,0,3242,13149,50
Daman,The Dadra And Nagar Haveli And Daman And Diu,2021,0,3353,11610,79
Daman,The Dadra And Nagar Haveli And Daman And Diu,2022,1,1838,1500,72
Daman,The Dadra And Nagar Haveli And Daman And Diu,2023,0,2576,6363,32
Daman,The Dadra And Nagar Haveli And Daman And Diu,2024,2,3069,13914,82
Diu,The Dadra And Nagar Haveli And Daman And Diu,2015,1,4431,4836,65
Diu,The Dadra And Nagar Haveli And Daman And Diu,2016,1,4576,1042,87
Diu,The Dadra And Nagar Haveli And Daman And Diu,2017,0,4930,8629,51
Diu,The Dadra And Nagar Haveli And Daman And Diu,2018,0,2171,3927,76
Diu,The Dadra And Nagar Haveli And Daman And Diu,2019,1,2962,3031,46
Diu,The Dadra And Nagar Haveli And Daman And Diu,2020,1,1338,6400,100
Diu,The Dadra And Nagar Haveli And Daman And Diu,2021,1,2074,13141,34
Diu,The Dadra And Nagar Haveli And Daman And Diu,2022,0,2400,6566,45
Diu,The Dadra And Nagar Haveli And Daman And Diu,2023,1,2695,1514,12
Diu,The Dadra And Nagar Haveli And Daman And Diu,2024,2,3291,9640,36
Dhalai,Tripura,2015,9,38513,182289,876
Dhalai,Tripura,2016,9,35626,161973,600
Dhalai,Tripura,2017,6,12137,80123,406
Dhalai,Tripura,2018,6,12779,199694,594
Dhalai,Tripura,2019,6,49258,182816,693
Dhalai,Tripura,2020,3,49689,61411,265
Dhalai,Tripura,2021,3,31683,137372,565
Dhalai,Tripura,2022,6,36782,156013,329
Dhalai,Tripura,2023,6,42534,136661,568
Dhalai,Tripura,2024,4,42566,166842,716
Gomati,Tripura,2015,9,41099,104707,993
Gomati,Tripura,2016,6,25402,153830,845
Gomati,Tripura,2017,4,18063,68601,651
Gomati,Tripura,2018,7,40286,94825,816
Gomati,Tripura,2019,7,36439,89854,559
Gomati,Tripura,2020,7,46351,156610,535
Gomati,Tripura,2021,5,33035,183018,262
Gomati,Tripura,2022,9,34983,177560,396
Gomati,Tripura,2023,8,22728,150387,150
Gomati,Tripura,2024,9,40227,192011,751
Khowai,Tripura,2015,6,33802,144772,416
Khowai,Tripura,2016,5,47160,58691,244
Khowai,Tripura,2017,6,13920,81610,601
Khowai,Tripura,2018,6,17218,75742,870
Khowai,Tripura,2019,5,19552,93862,205
Khowai,Tripura,2020,4,20427,145666,275
Khowai,Tripura,2021,7,26187,159060,457
Khowai,Tripura,2022,9,32662,175162,686
Khowai,Tripura,2023,5,35357,160084,804
Khowai,Tripura,2024,9,13851,66815,813
North Tripura,Tripura,2015,5,26562,199671,316
North Tripura,Tripura,2016,9,19505,100785,162
North Tripura,Tripura,2017,7,26386,75691,299
North Tripura,Tripura,2018,6,28689,57932,943
North Tripura,Tripura,2019,5,33272,172655,349
North Tripura,Tripura,2020,7,25257,173855,318
North Tripura,Tripura,2021,9,41229,160282,436
North Tripura,Tripura,2022,7,29596,53976,993
North Tripura,Tripura,2023,8,14285,150604,816
North Tripura,Tripura,2024,8,11694,140495,677
Sepahijala,Tripura,2015,9,29767,177965,961
Sepahijala,Tripura,2016,7,43437,58765,667
Sepahijala,Tripura,2017,3,21329,88432,420
Sepahijala,Tripura,2018,4,44354,180892,906
Sepahijala,Tripura,2019,3,12780,78567,706
Sepahijala,Tripura,2020,9,49953,146227,618
Sepahijala,Tripura,2021,4,18533,87730,646
Sepahijala,Tripura,2022,3,11314,150475,990
Sepahijala,Tripura,2023,5,49424,129864,552
Sepahijala,Tripura,2024,7,37385,193670,989
South Tripura,Tripura,2015,6,13107,133544,783
South Tripura,Tripura,2016,5,45231,155065,765
South Tripura,Tripura,2017,7,41676,146894,333
South Tripura,Tripura,2018,9,45904,136123,780
South Tripura,Tripura,2019,7,12257,104981,213
South Tripura,Tripura,2020,6,41067,185629,775
South Tripura,Tripura,2021,6,40577,141258,901
South Tripura,Tripura,2022,8,20287,72359,474
South Tripura,Tripura,2023,8,19574,162620,695
South Tripura,Tripura,2024,9,38033,114334,624
Unakoti,Tripura,2015,8,27137,176478,938
Unakoti,Tripura,2016,4,24037,68761,776
Unakoti,Tripura,2017,8,24293,192263,280
Unakoti,Tripura,2018,5,32396,156537,406
Unakoti,Tripura,2019,8,47941,133424,274
Unakoti,Tripura,2020,6,13175,89003,841
Unakoti,Tripura,2021,6,13141,181246,398
Unakoti,Tripura,2022,3,33001,93734,937
Unakoti,Tripura,2023,7,34407,199073,650
Unakoti,Tripura,2024,4,33579,56031,864
West Tripura,Tripura,2015,4,47667,198523,550
West Tripura,Tripura,2016,8,28564,186206,327
West Tripura,Tripura,2017,8,21033,98425,631
West Tripura,Tripura,2018,7,29957,100295,867
West Tripura,Tripura,2019,4,13897,170108,774
West Tripura,Tripura,2020,6,24338,118206,898
West Tripura,Tripura,2021,4,27507,53819,301
West Tripura,Tripura,2022,4,46986,191233,185
West Tripura,Tripura,2023,5,42153,123547,405
West Tripura,Tripura,2024,6,42554,90856,755
Agra,Uttar Pradesh,2015,9,10117,147321,796
Agra,Uttar Pradesh,2016,7,38324,92944,784
Agra,Uttar Pradesh,2017,6,23285,144781,228
Agra,Uttar Pradesh,2018,7,22674,90054,825
Agra,Uttar Pradesh,2019,9,28784,74097,267
Agra,Uttar Pradesh,2020,5,22621,87400,652
Agra,Uttar Pradesh,2021,4,13224,101406,351
Agra,Uttar Pradesh,2022,8,42323,54675,313
Agra,Uttar Pradesh,2023,4,43854,52031,204
Agra,Uttar Pradesh,2024,6,15704,73696,403
Aligarh,Uttar Pradesh,2015,4,31955,55609,323
Aligarh,Uttar Pradesh,2016,5,46140,67017,791
Aligarh,Uttar Pradesh,2017,9,34544,172774,300
Aligarh,Uttar Pradesh,2018,4,24454,82704,752
Aligarh,Uttar Pradesh,2019,7,40760,126372,269
Aligarh,Uttar Pradesh,2020,9,37291,170939,683
Aligarh,Uttar Pradesh,2021,5,45823,130540,246
Aligarh,Uttar Pradesh,2022,6,30371,73125,650
Aligarh,Uttar Pradesh,2023,5,47729,92495,665
Aligarh,Uttar Pradesh,2024,7,28678,181714,880
Ambedkar Nagar,Uttar Pradesh,2015,7,11480,182361,192
Ambedkar Nagar,Uttar Pradesh,2016,5,47927,66248,418
Ambedkar Nagar,Uttar Pradesh,2017,6,26744,114788,748
Ambedkar Nagar,Uttar Pradesh,2018,8,13127,80974,795
Ambedkar Nagar,Uttar Pradesh,2019,4,11540,100214,749
Ambedkar Nagar,Uttar Pradesh,2020,9,23879,189774,577
Ambedkar Nagar,Uttar Pradesh,2021,5,43147,91974,618
Ambedkar Nagar,Uttar Pradesh,2022,6,20994,98957,794
Ambedkar Nagar,Uttar Pradesh,2023,4,48267,152004,234
Ambedkar Nagar,Uttar Pradesh,2024,9,10078,159093,534
Amethi,Uttar Pradesh,2015,4,49193,61399,538
Amethi,Uttar Pradesh,2016,8,17573,100577,182
Amethi,Uttar Pradesh,2017,8,45560,111699,332
Amethi,Uttar Pradesh,2018,3,19367,123044,920
Amethi,Uttar Pradesh,2019,5,19314,59670,186
Amethi,Uttar Pradesh,2020,6,37868,174067,213
Amethi,Uttar Pradesh,2021,9,23712,90170,470
Amethi,Uttar Pradesh,2022,5,18309,119210,258
Amethi,Uttar Pradesh,2023,5,38195,79280,938
Amethi,Uttar Pradesh,2024,6,36254,197876,846
Amroha,Uttar Pradesh,2015,7,32126,169958,218
Amroha,Uttar Pradesh,2016,8,36199,115942,793
Amroha,Uttar Pradesh,2017,3,12892,137403,343
Amroha,Uttar Pradesh,2018,5,48849,76203,340
Amroha,Uttar Pradesh,2019,3,45925,160141,603
Amroha,Uttar Pradesh,2020,6,39052,87828,225
Amroha,Uttar Pradesh,2021,6,27481,77487,285
Amroha,Uttar Pradesh,2022,8,14997,130875,479
Amroha,Uttar Pradesh,2023,6,27780,67728,859
Amroha,Uttar Pradesh,2024,8,42696,101567,452
Auraiya,Uttar Pradesh,2015,5,27472,127983,415
Auraiya,Uttar Pradesh,2016,4,22308,110402,607
Auraiya,Uttar Pradesh,2017,4,40143,166687,711
Auraiya,Uttar Pradesh,2018,6,14754,128289,876
Auraiya,Uttar Pradesh,2019,3,21786,60181,431
Auraiya,Uttar Pradesh,2020,6,36544,129443,600
Auraiya,Uttar Pradesh,2021,7,46072,110269,281
Auraiya,Uttar Pradesh,2022,4,39606,81005,910
Auraiya,Uttar Pradesh,2023,9,27337,172937,354
Auraiya,Uttar Pradesh,2024,5,43486,159182,694
Ayodhya,Uttar Pradesh,2015,7,16235,71658,878
Ayodhya,Uttar Pradesh,2016,6,19515,100966,285
Ayodhya,Uttar Pradesh,2017,5,46567,69837,928
Ayodhya,Uttar Pradesh,2018,4,20149,137033,237
Ayodhya,Uttar Pradesh,2019,7,18561,163796,294
Ayodhya,Uttar Pradesh,2020,9,27400,174890,818
Ayodhya,Uttar Pradesh,2021,5,21172,164973,459
Ayodhya,Uttar Pradesh,2022,5,22785,175769,739
Ayodhya,Uttar Pradesh,2023,5,47702,85384,603
Ayodhya,Uttar Pradesh,2024,7,12331,115376,340
Azamgarh,Uttar Pradesh,2015,8,15896,111931,186
Azamgarh,Uttar Pradesh,2016,6,41814,196512,735
Azamgarh,Uttar Pradesh,2017,6,44683,83170,908
Azamgarh,Uttar Pradesh,2018,9,35133,164961,618
Azamgarh,Uttar Pradesh,2019,7,45746,184446,186
Azamgarh,Uttar Pradesh,2020,8,10539,98465,424
Azamgarh,Uttar Pradesh,2021,5,42787,118966,524
Azamgarh,Uttar Pradesh,2022,9,32176,154688,704
Azamgarh,Uttar Pradesh,2023,8,41621,129033,356
Azamgarh,Uttar Pradesh,2024,9,27642,55228,934
Baghpat,Uttar Pradesh,2015,6,39822,118137,874
Baghpat,Uttar Pradesh,2016,6,26629,138115,596
Baghpat,Uttar Pradesh,2017,5,21375,164651,912
Baghpat,Uttar Pradesh,2018,9,27409,98841,934
Baghpat,Uttar Pradesh,2019,5,32398,134256,623
Baghpat,Uttar Pradesh,2020,8,40142,133258,747
Baghpat,Uttar Pradesh,2021,8,39806,147443,175
Baghpat,Uttar Pradesh,2022,8,33719,135949,305
Baghpat,Uttar Pradesh,2023,6,26682,72921,955
Baghpat,Uttar Pradesh,2024,6,47278,136551,824
Bahraich,Uttar Pradesh,2015,6,15539,89576,916
Bahraich,Uttar Pradesh,2016,6,47732,100345,560
Bahraich,Uttar Pradesh,2017,3,11764,64854,150
Bahraich,Uttar Pradesh,2018,8,48158,65904,787
Bahraich,Uttar Pradesh,2019,8,38045,191232,775
Bahraich,Uttar Pradesh,2020,7,13351,168548,908
Bahraich,Uttar Pradesh,2021,4,48950,123269,714
Bahraich,Uttar Pradesh,2022,8,42570,166311,499
Bahraich,Uttar Pradesh,2023,7,31777,175295,561
Bahraich,Uttar Pradesh,2024,5,10143,110180,592
Ballia,Uttar Pradesh,2015,4,29483,175266,436
Ballia,Uttar Pradesh,2016,4,26505,70921,908
Ballia,Uttar Pradesh,2017,8,36965,199085,715
Ballia,Uttar Pradesh,2018,3,23394,66764,990
Ballia,Uttar Pradesh,2019,5,11937,181492,445
Ballia,Uttar Pradesh,2020,3,14097,194069,233
Ballia,Uttar Pradesh,2021,9,24381,130836,506
Ballia,Uttar Pradesh,2022,3,29351,111805,989
Ballia,Uttar Pradesh,2023,7,44586,151494,903
Ballia,Uttar Pradesh,2024,7,39164,168014,210
Balrampur,Uttar Pradesh,2015,8,23615,64353,656
Balrampur,Uttar Pradesh,2016,5,13017,119832,503
Balrampur,Uttar Pradesh,2017,3,27605,86988,573
Balrampur,Uttar Pradesh,2018,4,19072,170732,765
Balrampur,Uttar Pradesh,2019,8,27468,127157,916
Balrampur,Uttar Pradesh,2020,3,25193,105521,669
Balrampur,Uttar Pradesh,2021,4,12775,53474,181
Balrampur,Uttar Pradesh,2022,5,30107,196333,882
Balrampur,Uttar Pradesh,2023,8,48417,152238,193
Balrampur,Uttar Pradesh,2024,4,48976,166250,330
Banda,Uttar Pradesh,2015,9,13047,172513,687
Banda,Uttar Pradesh,2016,4,45463,68164,791
Banda,Uttar Pradesh,2017,3,22735,96688,880
Banda,Uttar Pradesh,2018,7,36274,169091,336
Banda,Uttar Pradesh,2019,8,24217,80037,699
Banda,Uttar Pradesh,2020,5,10248,127065,732
Banda,Uttar Pradesh,2021,9,18902,76034,213
Banda,Uttar Pradesh,2022,8,39450,119672,984
Banda,Uttar Pradesh,2023,7,22260,94811,631
Banda,Uttar Pradesh,2024,3,30323,194039,983
Bara Banki,Uttar Pradesh,2015,3,21867,103672,818
Bara Banki,Uttar Pradesh,2016,3,27293,76154,873
Bara Banki,Uttar Pradesh,2017,7,29456,193033,709
Bara Banki,Uttar Pradesh,2018,9,49158,70797,706
Bara Banki,Uttar Pradesh,2019,6,35827,89772,506
Bara Banki,Uttar Pradesh,2020,4,20835,110339,607
Bara Banki,Uttar Pradesh,2021,8,13026,186939,493
Bara Banki,Uttar Pradesh,2022,3,25672,106645,767
Bara Banki,Uttar Pradesh,2023,9,33153,166105,901
Bara Banki,Uttar Pradesh,2024,7,29940,162695,778
Bareilly,Uttar Pradesh,2015,3,39723,134775,259
Bareilly,Uttar Pradesh,2016,7,13450,185421,154
Bareilly,Uttar Pradesh,2017,7,23669,153955,487
Bareilly,Uttar Pradesh,2018,5,41856,130201,225
Bareilly,Uttar Pradesh,2019,8,37895,103625,536
Bareilly,Uttar Pradesh,2020,3,35847,96921,629
Bareilly,Uttar Pradesh,2021,8,21203,140536,860
Bareilly,Uttar Pradesh,2022,7,16671,51731,331
Bareilly,Uttar Pradesh,2023,6,32144,126782,628
Bareilly,Uttar Pradesh,2024,8,26670,193791,782
Basti,Uttar Pradesh,2015,9,41476,130301,439
Basti,Uttar Pradesh,2016,9,16346,104854,706
Basti,Uttar Pradesh,2017,9,19171,62724,991
Basti,Uttar Pradesh,2018,4,32718,83250,266
Basti,Uttar Pradesh,2019,9,45243,125625,441
Basti,Uttar Pradesh,2020,4,15091,144673,394
Basti,Uttar Pradesh,2021,3,20383,169980,880
Basti,Uttar Pradesh,2022,4,41703,129472,342
Basti,Uttar Pradesh,2023,3,48437,179481,220
Basti,Uttar Pradesh,2024,4,14952,129510,321
Bhadohi,Uttar Pradesh,2015,9,23880,120913,481
Bhadohi,Uttar Pradesh,2016,9,45612,154778,748
Bhadohi,Uttar Pradesh,2017,9,32897,190862,373
Bhadohi,Uttar Pradesh,2018,9,12069,109022,264
Bhadohi,Uttar Pradesh,2019,4,40816,180129,222
Bhadohi,Uttar Pradesh,2020,9,44271,99495,979
Bhadohi,Uttar Pradesh,2021,5,16703,64541,265
Bhadohi,Uttar Pradesh,2022,3,24334,177317,266
Bhadohi,Uttar Pradesh,2023,9,13547,146456,947
Bhadohi,Uttar Pradesh,2024,3,20248,92872,183
Bijnor,Uttar Pradesh,2015,4,39503,90339,705
Bijnor,Uttar Pradesh,2016,3,43839,86175,963
Bijnor,Uttar Pradesh,2017,4,34093,125665,349
Bijnor,Uttar Pradesh,2018,7,25560,55327,491
Bijnor,Uttar Pradesh,2019,3,10097,107306,483
Bijnor,Uttar Pradesh,2020,5,33905,54325,174
Bijnor,Uttar Pradesh,2021,7,23298,102163,166
Bijnor,Uttar Pradesh,2022,5,21103,183525,802
Bijnor,Uttar Pradesh,2023,3,16164,160111,420
Bijnor,Uttar Pradesh,2024,4,11569,170808,589
Budaun,Uttar Pradesh,2015,3,29068,57228,840
Budaun,Uttar Pradesh,2016,6,40034,86406,821
Budaun,Uttar Pradesh,2017,4,32034,184949,242
Budaun,Uttar Pradesh,2018,3,23478,132090,538
Budaun,Uttar Pradesh,2019,7,17226,140794,559
Budaun,Uttar Pradesh,2020,5,44723,130724,251
Budaun,Uttar Pradesh,2021,8,36238,190754,810
Budaun,Uttar Pradesh,2022,7,17713,174732,1000
Budaun,Uttar Pradesh,2023,6,31840,94596,841
Budaun,Uttar Pradesh,2024,7,32020,74577,921
Bulandshahr,Uttar Pradesh,2015,5,34590,132422,747
Bulandshahr,Uttar Pradesh,2016,9,29247,193153,317
Bulandshahr,Uttar Pradesh,2017,5,35910,153012,795
Bulandshahr,Uttar Pradesh,2018,7,49497,172118,772
Bulandshahr,Uttar Pradesh,2019,4,39316,112319,419
Bulandshahr,Uttar Pradesh,2020,3,31569,107445,691
Bulandshahr,Uttar Pradesh,2021,3,11077,89514,455
Bulandshahr,Uttar Pradesh,2022,4,25848,100582,561
Bulandshahr,Uttar Pradesh,2023,7,26083,137266,188
Bulandshahr,Uttar Pradesh,2024,9,24628,93842,680
Chandauli,Uttar Pradesh,2015,4,13608,86065,510
Chandauli,Uttar Pradesh,2016,5,42335,76777,928
Chandauli,Uttar Pradesh,2017,5,40249,171362,709
Chandauli,Uttar Pradesh,2018,6,21313,91563,466
Chandauli,Uttar Pradesh,2019,3,41565,88919,965
Chandauli,Uttar Pradesh,2020,8,19881,143986,447
Chandauli,Uttar Pradesh,2021,7,30644,139956,217
Chandauli,Uttar Pradesh,2022,8,10604,62464,166
Chandauli,Uttar Pradesh,2023,9,47688,151759,246
Chandauli,Uttar Pradesh,2024,7,23902,107141,384
Chitrakoot,Uttar Pradesh,2015,8,12868,77188,424
Chitrakoot,Uttar Pradesh,2016,9,39474,186274,588
Chitrakoot,Uttar Pradesh,2017,3,20929,163953,893
Chitrakoot,Uttar Pradesh,2018,6,41942,97575,987
Chitrakoot,Uttar Pradesh,2019,4,27402,131438,873
Chitrakoot,Uttar Pradesh,2020,5,39839,62575,273
Chitrakoot,Uttar Pradesh,2021,5,48514,151329,758
Chitrakoot,Uttar Pradesh,2022,6,14435,100306,733
Chitrakoot,Uttar Pradesh,2023,6,30189,143097,213
Chitrakoot,Uttar Pradesh,2024,6,30385,60927,975
Deoria,Uttar Pradesh,2015,5,34598,192116,885
Deoria,Uttar Pradesh,2016,4,18276,186038,957
Deoria,Uttar Pradesh,2017,6,48830,131270,828
Deoria,Uttar Pradesh,2018,9,15900,183614,426
Deoria,Uttar Pradesh,2019,3,47301,186940,472
Deoria,Uttar Pradesh,2020,3,19956,96487,524
Deoria,Uttar Pradesh,2021,9,35874,173670,555
Deoria,Uttar Pradesh,2022,6,37700,164737,161
Deoria,Uttar Pradesh,2023,4,25112,123968,803
Deoria,Uttar Pradesh,2024,9,49250,166644,988
Etah,Uttar Pradesh,2015,8,34214,103914,529
Etah,Uttar Pradesh,2016,4,47418,159756,182
Etah,Uttar Pradesh,2017,5,47403,137071,858
Etah,Uttar Pradesh,2018,8,48199,77892,285
Etah,Uttar Pradesh,2019,9,43456,126318,868
Etah,Uttar Pradesh,2020,8,36355,128384,938
Etah,Uttar Pradesh,2021,5,16828,100916,591
Etah,Uttar Pradesh,2022,8,33074,89332,400
Etah,Uttar Pradesh,2023,7,19215,117039,180
Etah,Uttar Pradesh,2024,7,10394,103553,789
Etawah,Uttar Pradesh,2015,3,25475,86541,264
Etawah,Uttar Pradesh,2016,4,14853,142981,702
Etawah,Uttar Pradesh,2017,8,48415,144019,364
Etawah,Uttar Pradesh,2018,4,12990,160659,351
Etawah,Uttar Pradesh,2019,3,16015,54181,997
Etawah,Uttar Pradesh,2020,6,39897,193685,842
Etawah,Uttar Pradesh,2021,4,27905,63765,243
Etawah,Uttar Pradesh,2022,7,25620,63119,646
Etawah,Uttar Pradesh,2023,4,10618,121138,328
Etawah,Uttar Pradesh,2024,5,28194,92075,761
Farrukhabad,Uttar Pradesh,2015,8,31786,138797,797
Farrukhabad,Uttar Pradesh,2016,8,32909,145990,516
Farrukhabad,Uttar Pradesh,2017,5,34436,68176,772
Farrukhabad,Uttar Pradesh,2018,7,27966,100609,652
Farrukhabad,Uttar Pradesh,2019,7,19985,57615,329
Farrukhabad,Uttar Pradesh,2020,5,10793,78649,674
Farrukhabad,Uttar Pradesh,2021,8,14020,124410,473
Farrukhabad,Uttar Pradesh,2022,6,43563,100727,709
Farrukhabad,Uttar Pradesh,2023,7,39266,80332,705
Farrukhabad,Uttar Pradesh,2024,6,45429,161202,391
Fatehpur,Uttar Pradesh,2015,3,48985,58915,553
Fatehpur,Uttar Pradesh,2016,3,30095,79654,738
Fatehpur,Uttar Pradesh,2017,3,19885,129436,902
Fatehpur,Uttar Pradesh,2018,7,30080,198837,374
Fatehpur,Uttar Pradesh,2019,8,31791,102555,338
Fatehpur,Uttar Pradesh,2020,8,42459,90204,792
Fatehpur,Uttar Pradesh,2021,9,21426,156927,540
Fatehpur,Uttar Pradesh,2022,9,40654,187305,306
Fatehpur,Uttar Pradesh,2023,8,32014,124828,974
Fatehpur,Uttar Pradesh,2024,4,37319,99409,181
Firozabad,Uttar Pradesh,2015,3,36608,159513,922
Firozabad,Uttar Pradesh,2016,7,41535,132172,321
Firozabad,Uttar Pradesh,2017,6,47251,171777,838
Firozabad,Uttar Pradesh,2018,9,25145,86751,447
Firozabad,Uttar Pradesh,2019,4,36963,157081,357
Firozabad,Uttar Pradesh,2020,7,44955,132663,883
Firozabad,Uttar Pradesh,2021,5,19114,95481,580
Firozabad,Uttar Pradesh,2022,5,10761,105160,446
Firozabad,Uttar Pradesh,2023,3,31759,56499,934
Firozabad,Uttar Pradesh,2024,6,45924,135791,904
Gautam Buddha Nagar,Uttar Pradesh,2015,5,20038,87017,473
Gautam Buddha Nagar,Uttar Pradesh,2016,9,28527,94332,914
Gautam Buddha Nagar,Uttar Pradesh,2017,6,16637,165623,610
Gautam Buddha Nagar,Uttar Pradesh,2018,5,32193,172318,579
Gautam Buddha Nagar,Uttar Pradesh,2019,6,26508,174865,668
Gautam Buddha Nagar,Uttar Pradesh,2020,8,16930,66344,252
Gautam Buddha Nagar,Uttar Pradesh,2021,7,23390,189549,871
Gautam Buddha Nagar,Uttar Pradesh,2022,5,41851,95926,553
Gautam Buddha Nagar,Uttar Pradesh,2023,9,47078,128446,213
Gautam Buddha Nagar,Uttar Pradesh,2024,7,30765,96808,163
Ghaziabad,Uttar Pradesh,2015,4,35752,182290,185
Ghaziabad,Uttar Pradesh,2016,5,14675,51472,640
Ghaziabad,Uttar Pradesh,2017,9,41892,130287,184
Ghaziabad,Uttar Pradesh,2018,5,32013,125356,675
Ghaziabad,Uttar Pradesh,2019,7,26912,129176,467
Ghaziabad,Uttar Pradesh,2020,9,23362,112629,419
Ghaziabad,Uttar Pradesh,2021,4,20247,61159,202
Ghaziabad,Uttar Pradesh,2022,8,10641,90492,373
Ghaziabad,Uttar Pradesh,2023,3,19417,167142,446
Ghaziabad,Uttar Pradesh,2024,5,28801,186635,271
Ghazipur,Uttar Pradesh,2015,7,15327,84038,412
Ghazipur,Uttar Pradesh,2016,8,14376,161816,799
Ghazipur,Uttar Pradesh,2017,6,40320,58742,666
Ghazipur,Uttar Pradesh,2018,7,32753,71390,753
Ghazipur,Uttar Pradesh,2019,7,22227,98330,740
Ghazipur,Uttar Pradesh,2020,6,20913,123732,660
Ghazipur,Uttar Pradesh,2021,6,25094,168321,259
Ghazipur,Uttar Pradesh,2022,7,38246,139685,615
Ghazipur,Uttar Pradesh,2023,7,19297,137008,511
Ghazipur,Uttar Pradesh,2024,7,13728,117793,867
Gonda,Uttar Pradesh,2015,6,48440,166945,626
Gonda,Uttar Pradesh,2016,4,13072,120712,736
Gonda,Uttar Pradesh,2017,5,24856,169025,975
Gonda,Uttar Pradesh,2018,7,37085,53208,618
Gonda,Uttar Pradesh,2019,8,25339,141244,874
Gonda,Uttar Pradesh,2020,3,11771,74911,916
Gonda,Uttar Pradesh,2021,7,19246,67954,885
Gonda,Uttar Pradesh,2022,6,18476,54076,592
Gonda,Uttar Pradesh,2023,8,33940,154782,394
Gonda,Uttar Pradesh,2024,7,22609,95438,231
Gorakhpur,Uttar Pradesh,2015,4,10858,132494,425
Gorakhpur,Uttar Pradesh,2016,4,23641,51572,490
Gorakhpur,Uttar Pradesh,2017,3,25180,50875,996
Gorakhpur,Uttar Pradesh,2018,9,41902,124151,960
Gorakhpur,Uttar Pradesh,2019,4,19025,85842,318
Gorakhpur,Uttar Pradesh,2020,9,16183,190679,920
Gorakhpur,Uttar Pradesh,2021,3,19372,73444,537
Gorakhpur,Uttar Pradesh,2022,3,13447,138965,194
Gorakhpur,Uttar Pradesh,2023,4,48706,121762,526
Gorakhpur,Uttar Pradesh,2024,9,37720,128041,305
Hamirpur,Uttar Pradesh,2015,8,45378,135004,962
Hamirpur,Uttar Pradesh,2016,6,45078,105469,777
Hamirpur,Uttar Pradesh,2017,6,29566,112060,784
Hamirpur,Uttar Pradesh,2018,7,31234,158108,260
Hamirpur,Uttar Pradesh,2019,9,28877,98137,216
Hamirpur,Uttar Pradesh,2020,7,15209,159064,890
Hamirpur,Uttar Pradesh,2021,7,28853,55671,689
Hamirpur,Uttar Pradesh,2022,7,24842,80666,277
Hamirpur,Uttar Pradesh,2023,9,39547,175867,560
Hamirpur,Uttar Pradesh,2024,9,30672,105966,796
Hapur,Uttar Pradesh,2015,3,18094,107570,476
Hapur,Uttar Pradesh,2016,4,35218,197762,343
Hapur,Uttar Pradesh,2017,5,30448,199251,729
Hapur,Uttar Pradesh,2018,4,27581,54096,337
Hapur,Uttar Pradesh,2019,9,45100,194725,407
Hapur,Uttar Pradesh,2020,8,40570,115175,701
Hapur,Uttar Pradesh,2021,8,34197,168926,763
Hapur,Uttar Pradesh,2022,5,20328,59841,325
Hapur,Uttar Pradesh,2023,8,10294,50203,673
Hapur,Uttar Pradesh,2024,5,40335,83541,808
Hardoi,Uttar Pradesh,2015,5,31325,166435,350
Hardoi,Uttar Pradesh,2016,9,38594,93399,511
Hardoi,Uttar Pradesh,2017,3,15873,86114,531
Hardoi,Uttar Pradesh,2018,9,19934,74479,390
Hardoi,Uttar Pradesh,2019,8,20286,65118,266
Hardoi,Uttar Pradesh,2020,7,41735,97536,206
Hardoi,Uttar Pradesh,2021,7,16038,174060,307
Hardoi,Uttar Pradesh,2022,6,27252,186980,300
Hardoi,Uttar Pradesh,2023,4,42773,95947,995
Hardoi,Uttar Pradesh,2024,6,30425,149231,433
Hathras,Uttar Pradesh,2015,7,26317,84491,810
Hathras,Uttar Pradesh,2016,7,15412,126113,614
Hathras,Uttar Pradesh,2017,7,40617,117386,908
Hathras,Uttar Pradesh,2018,4,20924,117789,739
Hathras,Uttar Pradesh,2019,8,36746,78459,741
Hathras,Uttar Pradesh,2020,5,30207,105517,719
Hathras,Uttar Pradesh,2021,8,14775,107159,422
Hathras,Uttar Pradesh,2022,7,31480,82617,559
Hathras,Uttar Pradesh,2023,9,16931,70257,170
Hathras,Uttar Pradesh,2024,7,46332,194349,167
Jalaun,Uttar Pradesh,2015,4,43478,148446,898
Jalaun,Uttar Pradesh,2016,7,25689,144287,771
Jalaun,Uttar Pradesh,2017,3,23928,72927,232
Jalaun,Uttar Pradesh,2018,4,42244,134672,285
Jalaun,Uttar Pradesh,2019,9,23645,189709,477
Jalaun,Uttar Pradesh,2020,9,43988,77852,535
Jalaun,Uttar Pradesh,2021,4,33717,67322,956
Jalaun,Uttar Pradesh,2022,6,14127,133887,328
Jalaun,Uttar Pradesh,2023,7,47782,92982,975
Jalaun,Uttar Pradesh,2024,3,40244,181846,358
Jaunpur,Uttar Pradesh,2015,5,32409,79413,707
Jaunpur,Uttar Pradesh,2016,6,39359,175503,517
Jaunpur,Uttar Pradesh,2017,5,47264,147875,227
Jaunpur,Uttar Pradesh,2018,7,16804,169195,421
Jaunpur,Uttar Pradesh,2019,4,26650,131292,650
Jaunpur,Uttar Pradesh,2020,6,46780,195770,260
Jaunpur,Uttar Pradesh,2021,6,39521,190706,229
Jaunpur,Uttar Pradesh,2022,4,29696,52997,273
Jaunpur,Uttar Pradesh,2023,6,40317,132117,171
Jaunpur,Uttar Pradesh,2024,5,40928,157587,941
Jhansi,Uttar Pradesh,2015,4,23068,117476,241
Jhansi,Uttar Pradesh,2016,5,43834,154318,457
Jhansi,Uttar Pradesh,2017,6,28323,109525,677
Jhansi,Uttar Pradesh,2018,4,25353,163824,724
Jhansi,Uttar Pradesh,2019,3,43252,130325,331
Jhansi,Uttar Pradesh,2020,3,16582,82731,713
Jhansi,Uttar Pradesh,2021,3,19890,173909,258
Jhansi,Uttar Pradesh,2022,9,43418,120097,280
Jhansi,Uttar Pradesh,2023,5,36628,88420,910
Jhansi,Uttar Pradesh,2024,7,32016,123824,551
Kannauj,Uttar Pradesh,2015,4,23472,109057,707
Kannauj,Uttar Pradesh,2016,8,44302,129126,719
Kannauj,Uttar Pradesh,2017,4,11671,126626,890
Kannauj,Uttar Pradesh,2018,7,36165,121923,824
Kannauj,Uttar Pradesh,2019,3,28824,121396,617
Kannauj,Uttar Pradesh,2020,6,11001,57688,235
Kannauj,Uttar Pradesh,2021,9,26227,84149,756
Kannauj,Uttar Pradesh,2022,8,49867,168733,533
Kannauj,Uttar Pradesh,2023,6,11414,78417,812
Kannauj,Uttar Pradesh,2024,8,40110,109161,550
Kanpur Dehat,Uttar Pradesh,2015,9,40243,177762,623
Kanpur Dehat,Uttar Pradesh,2016,5,19369,78727,240
Kanpur Dehat,Uttar Pradesh,2017,8,10078,75083,458
Kanpur Dehat,Uttar Pradesh,2018,3,44915,135735,836
Kanpur Dehat,Uttar Pradesh,2019,9,16520,88726,890
Kanpur Dehat,Uttar Pradesh,2020,3,14937,177117,924
Kanpur Dehat,Uttar Pradesh,2021,3,40486,194451,917
Kanpur Dehat,Uttar Pradesh,2022,6,26462,119055,753
Kanpur Dehat,Uttar Pradesh,2023,6,39847,97114,411
Kanpur Dehat,Uttar Pradesh,2024,9,30235,113435,563
Kanpur Nagar,Uttar Pradesh,2015,5,10511,113043,861
Kanpur Nagar,Uttar Pradesh,2016,8,31269,137363,495
Kanpur Nagar,Uttar Pradesh,2017,9,44912,104466,611
Kanpur Nagar,Uttar Pradesh,2018,7,10514,84277,672
Kanpur Nagar,Uttar Pradesh,2019,5,31955,95206,516
Kanpur Nagar,Uttar Pradesh,2020,4,14437,134939,309
Kanpur Nagar,Uttar Pradesh,2021,8,16776,191324,224
Kanpur Nagar,Uttar Pradesh,2022,7,30908,53499,480
Kanpur Nagar,Uttar Pradesh,2023,9,37468,69303,895
Kanpur Nagar,Uttar Pradesh,2024,5,45207,57858,518
Kasganj,Uttar Pradesh,2015,9,11208,178267,988
Kasganj,Uttar Pradesh,2016,8,24502,130040,287
Kasganj,Uttar Pradesh,2017,3,10193,192643,606
Kasganj,Uttar Pradesh,2018,6,23553,153072,920
Kasganj,Uttar Pradesh,2019,5,31828,147316,801
Kasganj,Uttar Pradesh,2020,3,19828,179720,850
Kasganj,Uttar Pradesh,2021,3,48078,73718,627
Kasganj,Uttar Pradesh,2022,8,27787,57000,191
Kasganj,Uttar Pradesh,2023,3,33039,176519,222
Kasganj,Uttar Pradesh,2024,4,46333,199870,411
Kaushambi,Uttar Pradesh,2015,6,40979,57933,674
Kaushambi,Uttar Pradesh,2016,8,48314,134426,843
Kaushambi,Uttar Pradesh,2017,4,33058,157077,925
Kaushambi,Uttar Pradesh,2018,9,43898,77729,801
Kaushambi,Uttar Pradesh,2019,7,14966,98524,663
Kaushambi,Uttar Pradesh,2020,8,46182,122129,266
Kaushambi,Uttar Pradesh,2021,8,18714,57617,404
Kaushambi,Uttar Pradesh,2022,4,17362,95958,394
Kaushambi,Uttar Pradesh,2023,7,34373,123691,735
Kaushambi,Uttar Pradesh,2024,5,21292,153141,573
Kheri,Uttar Pradesh,2015,7,10205,127469,688
Kheri,Uttar Pradesh,2016,5,44479,119768,592
Kheri,Uttar Pradesh,2017,9,27717,97751,872
Kheri,Uttar Pradesh,2018,9,47251,61958,533
Kheri,Uttar Pradesh,2019,8,26322,150678,540
Kheri,Uttar Pradesh,2020,5,14488,105814,391
Kheri,Uttar Pradesh,2021,3,26570,160271,204
Kheri,Uttar Pradesh,2022,8,35827,186068,990
Kheri,Uttar Pradesh,2023,3,33278,185513,310
Kheri,Uttar Pradesh,2024,5,37039,86423,493
Kushinagar,Uttar Pradesh,2015,3,23898,132171,511
Kushinagar,Uttar Pradesh,2016,6,24240,166609,824
Kushinagar,Uttar Pradesh,2017,5,45997,159945,464
Kushinagar,Uttar Pradesh,2018,3,25352,126694,673
Kushinagar,Uttar Pradesh,2019,8,21248,131302,839
Kushinagar,Uttar Pradesh,2020,8,17016,184293,405
Kushinagar,Uttar Pradesh,2021,6,40833,50415,908
Kushinagar,Uttar Pradesh,2022,8,44719,124192,925
Kushinagar,Uttar Pradesh,2023,4,48914,68702,736
Kushinagar,Uttar Pradesh,2024,6,38637,88287,941
Lalitpur,Uttar Pradesh,2015,4,16207,83718,945
Lalitpur,Uttar Pradesh,2016,4,23411,121455,922
Lalitpur,Uttar Pradesh,2017,3,49034,113387,905
Lalitpur,Uttar Pradesh,2018,7,46697,99944,346
Lalitpur,Uttar Pradesh,2019,7,19127,166584,829
Lalitpur,Uttar Pradesh,2020,3,20512,173317,622
Lalitpur,Uttar Pradesh,2021,9,10579,149693,287
Lalitpur,Uttar Pradesh,2022,9,44440,194874,940
Lalitpur,Uttar Pradesh,2023,6,27065,137295,963
Lalitpur,Uttar Pradesh,2024,8,26689,101667,475
Lucknow,Uttar Pradesh,2015,5,45685,108975,507
Lucknow,Uttar Pradesh,2016,7,39220,62552,363
Lucknow,Uttar Pradesh,2017,3,22385,134422,792
Lucknow,Uttar Pradesh,2018,3,40547,165894,931
Lucknow,Uttar Pradesh,2019,6,38538,107723,588
Lucknow,Uttar Pradesh,2020,4,46593,118845,617
Lucknow,Uttar Pradesh,2021,6,19553,197526,244
Lucknow,Uttar Pradesh,2022,5,27800,122966,606
Lucknow,Uttar Pradesh,2023,8,14262,132288,698
Lucknow,Uttar Pradesh,2024,5,38869,113520,887
Mahoba,Uttar Pradesh,2015,5,30056,170617,570
Mahoba,Uttar Pradesh,2016,7,49372,148236,694
Mahoba,Uttar Pradesh,2017,6,37650,115925,409
Mahoba,Uttar Pradesh,2018,8,16106,119304,444
Mahoba,Uttar Pradesh,2019,6,18992,152954,552
Mahoba,Uttar Pradesh,2020,8,20046,171722,476
Mahoba,Uttar Pradesh,2021,9,49872,112202,308
Mahoba,Uttar Pradesh,2022,7,33907,61777,986
Mahoba,Uttar Pradesh,2023,7,17852,87561,778
Mahoba,Uttar Pradesh,2024,3,44668,143052,662
Mahrajganj,Uttar Pradesh,2015,3,37141,63248,752
Mahrajganj,Uttar Pradesh,2016,6,33596,193360,610
Mahrajganj,Uttar Pradesh,2017,5,11211,77172,440
Mahrajganj,Uttar Pradesh,2018,6,16741,75303,160
Mahrajganj,Uttar Pradesh,2019,4,31047,98542,780
Mahrajganj,Uttar Pradesh,2020,3,47948,135747,373
Mahrajganj,Uttar Pradesh,2021,5,14963,74734,286
Mahrajganj,Uttar Pradesh,2022,9,44290,81793,834
Mahrajganj,Uttar Pradesh,2023,3,29640,111368,638
Mahrajganj,Uttar Pradesh,2024,7,40543,131710,647
Mainpuri,Uttar Pradesh,2015,4,15759,136063,584
Mainpuri,Uttar Pradesh,2016,5,15441,186079,152
Mainpuri,Uttar Pradesh,2017,6,42364,114412,208
Mainpuri,Uttar Pradesh,2018,8,17431,74225,302
Mainpuri,Uttar Pradesh,2019,5,36894,64424,683
Mainpuri,Uttar Pradesh,2020,8,28722,93284,229
Mainpuri,Uttar Pradesh,2021,9,14622,50826,221
Mainpuri,Uttar Pradesh,2022,7,37222,74344,800
Mainpuri,Uttar Pradesh,2023,3,33527,167737,801
Mainpuri,Uttar Pradesh,2024,5,19582,135929,829
Mathura,Uttar Pradesh,2015,5,26620,58065,574
Mathura,Uttar Pradesh,2016,4,38975,154488,952
Mathura,Uttar Pradesh,2017,8,39011,182465,414
Mathura,Uttar Pradesh,2018,4,17780,171971,829
Mathura,Uttar Pradesh,2019,5,34894,79602,509
Mathura,Uttar Pradesh,2020,4,15297,162740,992
Mathura,Uttar Pradesh,2021,7,32938,175171,169
Mathura,Uttar Pradesh,2022,6,20251,190317,156
Mathura,Uttar Pradesh,2023,8,27522,188978,702
Mathura,Uttar Pradesh,2024,4,16325,119025,606
Mau,Uttar Pradesh,2015,3,19837,171883,798
Mau,Uttar Pradesh,2016,5,40124,74447,678
Mau,Uttar Pradesh,2017,9,45138,160244,888
Mau,Uttar Pradesh,2018,3,28559,97381,632
Mau,Uttar Pradesh,2019,6,24991,140014,420
Mau,Uttar Pradesh,2020,6,41630,122589,368
Mau,Uttar Pradesh,2021,8,15008,183704,694
Mau,Uttar Pradesh,2022,8,38807,153272,607
Mau,Uttar Pradesh,2023,7,32541,66050,591
Mau,Uttar Pradesh,2024,5,43352,95659,515
Meerut,Uttar Pradesh,2015,8,22179,112692,258
Meerut,Uttar Pradesh,2016,4,35168,176072,355
Meerut,Uttar Pradesh,2017,6,11180,84532,295
Meerut,Uttar Pradesh,2018,3,15578,56946,584
Meerut,Uttar Pradesh,2019,6,45503,147789,465
Meerut,Uttar Pradesh,2020,4,38600,103725,529
Meerut,Uttar Pradesh,2021,6,23133,160837,830
Meerut,Uttar Pradesh,2022,5,44896,117680,448
Meerut,Uttar Pradesh,2023,6,46142,70654,957
Meerut,Uttar Pradesh,2024,8,26852,101568,579
Mirzapur,Uttar Pradesh,2015,7,24159,169665,664
Mirzapur,Uttar Pradesh,2016,8,41633,186461,519
Mirzapur,Uttar Pradesh,2017,8,39795,58183,187
Mirzapur,Uttar Pradesh,2018,4,32528,84698,417
Mirzapur,Uttar Pradesh,2019,8,13675,94364,198
Mirzapur,Uttar Pradesh,2020,5,25014,165583,352
Mirzapur,Uttar Pradesh,2021,4,18292,86227,509
Mirzapur,Uttar Pradesh,2022,7,30857,184104,826
Mirzapur,Uttar Pradesh,2023,6,13610,137107,435
Mirzapur,Uttar Pradesh,2024,4,15931,194974,572
Moradabad,Uttar Pradesh,2015,8,12704,173575,410
Moradabad,Uttar Pradesh,2016,6,38591,167191,690
Moradabad,Uttar Pradesh,2017,7,36651,99842,713
Moradabad,Uttar Pradesh,2018,5,37672,161317,850
Moradabad,Uttar Pradesh,2019,8,36618,131352,512
Moradabad,Uttar Pradesh,2020,6,35968,173324,453
Moradabad,Uttar Pradesh,2021,5,46936,93278,315
Moradabad,Uttar Pradesh,2022,9,17705,176381,225
Moradabad,Uttar Pradesh,2023,8,15438,171522,155
Moradabad,Uttar Pradesh,2024,5,20610,141587,864
Muzaffarnagar,Uttar Pradesh,2015,6,16997,169264,904
Muzaffarnagar,Uttar Pradesh,2016,9,47454,90851,422
Muzaffarnagar,Uttar Pradesh,2017,7,32600,181555,418
Muzaffarnagar,Uttar Pradesh,2018,7,12465,138120,528
Muzaffarnagar,Uttar Pradesh,2019,6,25855,71085,952
Muzaffarnagar,Uttar Pradesh,2020,3,13126,71970,651
Muzaffarnagar,Uttar Pradesh,2021,5,39784,170953,833
Muzaffarnagar,Uttar Pradesh,2022,8,36767,176725,299
Muzaffarnagar,Uttar Pradesh,2023,3,25400,68040,752
Muzaffarnagar,Uttar Pradesh,2024,9,25806,70999,292
Pilibhit,Uttar Pradesh,2015,3,41668,145239,643
Pilibhit,Uttar Pradesh,2016,3,13389,134676,958
Pilibhit,Uttar Pradesh,2017,5,10635,96963,620
Pilibhit,Uttar Pradesh,2018,9,25301,51546,333
Pilibhit,Uttar Pradesh,2019,8,38066,129024,595
Pilibhit,Uttar Pradesh,2020,7,44821,185067,711
Pilibhit,Uttar Pradesh,2021,5,24734,87268,321
Pilibhit,Uttar Pradesh,2022,4,42426,104599,860
Pilibhit,Uttar Pradesh,2023,4,29007,52010,151
Pilibhit,Uttar Pradesh,2024,7,43293,76402,297
Pratapgarh,Uttar Pradesh,2015,9,15863,140878,809
Pratapgarh,Uttar Pradesh,2016,3,28605,144619,287
Pratapgarh,Uttar Pradesh,2017,8,14822,94467,173
Pratapgarh,Uttar Pradesh,2018,6,38082,192722,486
Pratapgarh,Uttar Pradesh,2019,4,25373,186706,773
Pratapgarh,Uttar Pradesh,2020,3,37947,118198,385
Pratapgarh,Uttar Pradesh,2021,9,18668,79727,722
Pratapgarh,Uttar Pradesh,2022,9,37902,74408,276
Pratapgarh,Uttar Pradesh,2023,4,27029,61251,802
Pratapgarh,Uttar Pradesh,2024,5,31939,136347,727
Prayagraj,Uttar Pradesh,2015,9,32863,108889,761
Prayagraj,Uttar Pradesh,2016,3,34740,130766,590
Prayagraj,Uttar Pradesh,2017,8,46647,188680,216
Prayagraj,Uttar Pradesh,2018,9,48757,64396,421
Prayagraj,Uttar Pradesh,2019,4,11727,125750,663
Prayagraj,Uttar Pradesh,2020,9,16913,133625,603
Prayagraj,Uttar Pradesh,2021,7,47662,165796,177
Prayagraj,Uttar Pradesh,2022,8,37919,104810,208
Prayagraj,Uttar Pradesh,2023,6,33828,169386,581
Prayagraj,Uttar Pradesh,2024,3,42376,69006,947
Rae Bareli,Uttar Pradesh,2015,8,31448,97807,158
Rae Bareli,Uttar Pradesh,2016,6,39215,126880,601
Rae Bareli,Uttar Pradesh,2017,3,22147,126626,675
Rae Bareli,Uttar Pradesh,2018,5,21150,193311,231
Rae Bareli,Uttar Pradesh,2019,4,14836,77579,349
Rae Bareli,Uttar Pradesh,2020,8,20480,196717,923
Rae Bareli,Uttar Pradesh,2021,6,25781,126764,270
Rae Bareli,Uttar Pradesh,2022,6,31853,164503,348
Rae Bareli,Uttar Pradesh,2023,7,43784,106891,892
Rae Bareli,Uttar Pradesh,2024,7,32103,141469,250
Rampur,Uttar Pradesh,2015,8,25597,79751,547
Rampur,Uttar Pradesh,2016,4,32191,87715,613
Rampur,Uttar Pradesh,2017,9,31981,129381,432
Rampur,Uttar Pradesh,2018,8,18269,164433,838
Rampur,Uttar Pradesh,2019,4,39181,52972,639
Rampur,Uttar Pradesh,2020,3,33766,63003,490
Rampur,Uttar Pradesh,2021,6,14391,157607,904
Rampur,Uttar Pradesh,2022,3,28515,107472,765
Rampur,Uttar Pradesh,2023,9,40266,184070,742
Rampur,Uttar Pradesh,2024,3,17895,103613,311
Saharanpur,Uttar Pradesh,2015,7,16164,71905,550
Saharanpur,Uttar Pradesh,2016,6,46826,52593,161
Saharanpur,Uttar Pradesh,2017,7,32909,103843,929
Saharanpur,Uttar Pradesh,2018,4,29028,117612,309
Saharanpur,Uttar Pradesh,2019,3,28711,83937,182
Saharanpur,Uttar Pradesh,2020,6,19055,199211,174
Saharanpur,Uttar Pradesh,2021,6,33517,107539,469
Saharanpur,Uttar Pradesh,2022,4,42457,99704,984
Saharanpur,Uttar Pradesh,2023,8,21530,96420,476
Saharanpur,Uttar Pradesh,2024,3,30264,196298,355
Sambhal,Uttar Pradesh,2015,3,20802,52447,382
Sambhal,Uttar Pradesh,2016,8,40414,106248,402
Sambhal,Uttar Pradesh,2017,3,22696,149860,908
Sambhal,Uttar Pradesh,2018,8,14377,193369,310
Sambhal,Uttar Pradesh,2019,4,32917,118935,686
Sambhal,Uttar Pradesh,2020,3,41778,89191,226
Sambhal,Uttar Pradesh,2021,6,45917,50809,560
Sambhal,Uttar Pradesh,2022,4,33793,98180,484
Sambhal,Uttar Pradesh,2023,9,25648,72423,745
Sambhal,Uttar Pradesh,2024,9,14179,199514,405
Sant Kabir Nagar,Uttar Pradesh,2015,5,27282,142573,828
Sant Kabir Nagar,Uttar Pradesh,2016,5,12619,188506,530
Sant Kabir Nagar,Uttar Pradesh,2017,9,16844,106415,736
Sant Kabir Nagar,Uttar Pradesh,2018,7,45309,172812,889
Sant Kabir Nagar,Uttar Pradesh,2019,9,43453,158971,600
Sant Kabir Nagar,Uttar Pradesh,2020,7,32032,117101,645
Sant Kabir Nagar,Uttar Pradesh,2021,5,38988,123614,350
Sant Kabir Nagar,Uttar Pradesh,2022,4,30989,146619,618
Sant Kabir Nagar,Uttar Pradesh,2023,5,12078,189477,234
Sant Kabir Nagar,Uttar Pradesh,2024,4,36146,63237,673
Shahjahanpur,Uttar Pradesh,2015,8,44551,117370,884
Shahjahanpur,Uttar Pradesh,2016,6,31789,92655,739
Shahjahanpur,Uttar Pradesh,2017,6,36645,157958,163
Shahjahanpur,Uttar Pradesh,2018,4,16451,136944,533
Shahjahanpur,Uttar Pradesh,2019,9,46319,67949,743
Shahjahanpur,Uttar Pradesh,2020,6,36199,96226,757
Shahjahanpur,Uttar Pradesh,2021,4,31853,98452,368
Shahjahanpur,Uttar Pradesh,2022,7,36913,147194,737
Shahjahanpur,Uttar Pradesh,2023,9,12165,173218,642
Shahjahanpur,Uttar Pradesh,2024,8,14790,78847,812
Shamli,Uttar Pradesh,2015,7,31469,119455,664
Shamli,Uttar Pradesh,2016,5,30820,124368,810
Shamli,Uttar Pradesh,2017,7,14584,91367,976
Shamli,Uttar Pradesh,2018,4,43182,116669,456
Shamli,Uttar Pradesh,2019,6,18874,180101,179
Shamli,Uttar Pradesh,2020,9,32119,150933,230
Shamli,Uttar Pradesh,2021,9,33042,118268,634
Shamli,Uttar Pradesh,2022,5,32749,71500,909
Shamli,Uttar Pradesh,2023,7,30705,166289,544
Shamli,Uttar Pradesh,2024,8,43350,107205,470
Shrawasti,Uttar Pradesh,2015,9,24066,109816,291
Shrawasti,Uttar Pradesh,2016,4,18046,63359,359
Shrawasti,Uttar Pradesh,2017,5,39873,192860,996
Shrawasti,Uttar Pradesh,2018,6,30323,56735,753
Shrawasti,Uttar Pradesh,2019,8,36925,138230,359
Shrawasti,Uttar Pradesh,2020,8,48302,197230,556
Shrawasti,Uttar Pradesh,2021,9,34962,124044,708
Shrawasti,Uttar Pradesh,2022,8,46463,177862,783
Shrawasti,Uttar Pradesh,2023,9,29433,129290,200
Shrawasti,Uttar Pradesh,2024,5,38259,101199,968
Siddharthnagar,Uttar Pradesh,2015,6,11080,190448,424
Siddharthnagar,Uttar Pradesh,2016,5,32339,167238,228
Siddharthnagar,Uttar Pradesh,2017,5,19097,81970,527
Siddharthnagar,Uttar Pradesh,2018,6,11992,119906,607
Siddharthnagar,Uttar Pradesh,2019,8,44263,114166,254
Siddharthnagar,Uttar Pradesh,2020,4,23564,138457,857
Siddharthnagar,Uttar Pradesh,2021,7,36489,63103,848
Siddharthnagar,Uttar Pradesh,2022,6,18845,143132,846
Siddharthnagar,Uttar Pradesh,2023,9,48701,72049,416
Siddharthnagar,Uttar Pradesh,2024,4,41676,183389,830
Sitapur,Uttar Pradesh,2015,8,31001,115522,568
Sitapur,Uttar Pradesh,2016,4,19940,73087,291
Sitapur,Uttar Pradesh,2017,4,41886,80343,658
Sitapur,Uttar Pradesh,2018,9,46820,186647,902
Sitapur,Uttar Pradesh,2019,8,39385,189609,552
Sitapur,Uttar Pradesh,2020,9,13719,114865,754
Sitapur,Uttar Pradesh,2021,9,16527,65335,680
Sitapur,Uttar Pradesh,2022,8,12873,170734,849
Sitapur,Uttar Pradesh,2023,5,34391,77733,546
Sitapur,Uttar Pradesh,2024,6,21375,96277,930
Sonbhadra,Uttar Pradesh,2015,9,29021,92847,836
Sonbhadra,Uttar Pradesh,2016,7,36033,143576,750
Sonbhadra,Uttar Pradesh,2017,5,16130,93214,779
Sonbhadra,Uttar Pradesh,2018,5,49453,154939,195
Sonbhadra,Uttar Pradesh,2019,7,35540,64644,485
Sonbhadra,Uttar Pradesh,2020,8,11553,116512,732
Sonbhadra,Uttar Pradesh,2021,7,14662,156045,527
Sonbhadra,Uttar Pradesh,2022,8,45533,70731,924
Sonbhadra,Uttar Pradesh,2023,3,43345,135708,176
Sonbhadra,Uttar Pradesh,2024,4,25150,178483,775
Almora,Uttarakhand,2015,6,23321,93004,785
Almora,Uttarakhand,2016,6,17174,61681,913
Almora,Uttarakhand,2017,3,38105,158297,492
Almora,Uttarakhand,2018,3,33184,156408,153
Almora,Uttarakhand,2019,3,35413,119560,394
Almora,Uttarakhand,2020,3,30530,83573,403
Almora,Uttarakhand,2021,3,42330,104737,871
Almora,Uttarakhand,2022,4,16270,87210,170
Almora,Uttarakhand,2023,4,27230,89485,186
Almora,Uttarakhand,2024,7,23051,85076,537
Bageshwar,Uttarakhand,2015,8,39112,115473,378
Bageshwar,Uttarakhand,2016,3,40083,185874,885
Bageshwar,Uttarakhand,2017,6,19081,189660,436
Bageshwar,Uttarakhand,2018,5,47296,64933,745
Bageshwar,Uttarakhand,2019,7,37191,152890,657
Bageshwar,Uttarakhand,2020,5,14558,76438,423
Bageshwar,Uttarakhand,2021,4,25078,87352,839
Bageshwar,Uttarakhand,2022,5,34907,53137,362
Bageshwar,Uttarakhand,2023,9,36404,180465,687
Bageshwar,Uttarakhand,2024,5,23891,104094,495
Chamoli,Uttarakhand,2015,7,48598,114077,955
Chamoli,Uttarakhand,2016,7,13598,114836,821
Chamoli,Uttarakhand,2017,6,29993,152132,634
Chamoli,Uttarakhand,2018,7,23263,97437,443
Chamoli,Uttarakhand,2019,3,27407,86063,923
Chamoli,Uttarakhand,2020,5,34681,161145,950
Chamoli,Uttarakhand,2021,6,14114,170654,523
Chamoli,Uttarakhand,2022,9,26980,92164,738
Chamoli,Uttarakhand,2023,4,39223,198911,843
Chamoli,Uttarakhand,2024,8,32259,109610,964
Champawat,Uttarakhand,2015,6,17034,73785,156
Champawat,Uttarakhand,2016,7,41460,68463,687
Champawat,Uttarakhand,2017,5,45976,52403,474
Champawat,Uttarakhand,2018,9,11086,125816,189
Champawat,Uttarakhand,2019,8,42658,135250,311
Champawat,Uttarakhand,2020,8,15400,162748,317
Champawat,Uttarakhand,2021,4,25865,93086,547
Champawat,Uttarakhand,2022,9,48236,146585,726
Champawat,Uttarakhand,2023,9,10168,141811,989
Champawat,Uttarakhand,2024,6,28838,61945,458
Dehradun,Uttarakhand,2015,5,14484,61399,590
Dehradun,Uttarakhand,2016,7,16250,64446,560
Dehradun,Uttarakhand,2017,3,49470,91330,538
Dehradun,Uttarakhand,2018,6,24884,69093,864
Dehradun,Uttarakhand,2019,5,15390,166351,294
Dehradun,Uttarakhand,2020,8,44278,136022,717
Dehradun,Uttarakhand,2021,6,16531,146904,922
Dehradun,Uttarakhand,2022,5,16213,128916,684
Dehradun,Uttarakhand,2023,4,42089,59993,973
Dehradun,Uttarakhand,2024,7,21276,182430,843
Haridwar,Uttarakhand,2015,8,16075,60784,592
Haridwar,Uttarakhand,2016,8,33772,85662,654
Haridwar,Uttarakhand,2017,8,28296,81548,738
Haridwar,Uttarakhand,2018,7,19550,145792,845
Haridwar,Uttarakhand,2019,6,35912,134710,212
Haridwar,Uttarakhand,2020,6,23927,164051,189
Haridwar,Uttarakhand,2021,3,47545,54038,251
Haridwar,Uttarakhand,2022,9,42220,115736,237
Haridwar,Uttarakhand,2023,3,34763,181590,313
Haridwar,Uttarakhand,2024,4,25750,66470,824
Nainital,Uttarakhand,2015,9,32609,133946,472
Nainital,Uttarakhand,2016,3,25874,135439,421
Nainital,Uttarakhand,2017,7,17970,107210,965
Nainital,Uttarakhand,2018,9,10985,152150,664
Nainital,Uttarakhand,2019,5,47866,180767,272
Nainital,Uttarakhand,2020,7,32948,114736,156
Nainital,Uttarakhand,2021,4,40136,132556,330
Nainital,Uttarakhand,2022,6,47054,96516,835
Nainital,Uttarakhand,2023,4,31149,50620,938
Nainital,Uttarakhand,2024,6,45562,53774,895
Pauri Garhwal,Uttarakhand,2015,3,20107,199159,378
Pauri Garhwal,Uttarakhand,2016,3,15621,181433,642
Pauri Garhwal,Uttarakhand,2017,8,31660,79723,334
Pauri Garhwal,Uttarakhand,2018,6,29639,90264,613
Pauri Garhwal,Uttarakhand,2019,5,25531,137815,729
Pauri Garhwal,Uttarakhand,2020,5,30671,130762,389
Pauri Garhwal,Uttarakhand,2021,3,12331,176926,463
Pauri Garhwal,Uttarakhand,2022,3,26541,150559,539
Pauri Garhwal,Uttarakhand,2023,9,17956,93334,891
Pauri Garhwal,Uttarakhand,2024,3,39687,181841,189
Pithoragarh,Uttarakhand,2015,7,39516,62654,245
Pithoragarh,Uttarakhand,2016,6,32171,69968,529
Pithoragarh,Uttarakhand,2017,8,14306,63216,991
Pithoragarh,Uttarakhand,2018,8,43089,127662,653
Pithoragarh,Uttarakhand,2019,8,36214,134461,863
Pithoragarh,Uttarakhand,2020,7,29586,94270,474
Pithoragarh,Uttarakhand,2021,3,39685,155984,237
Pithoragarh,Uttarakhand,2022,5,11468,182683,998
Pithoragarh,Uttarakhand,2023,7,49996,90949,672
Pithoragarh,Uttarakhand,2024,8,32474,178376,326
Rudraprayag,Uttarakhand,2015,6,27999,143452,534
Rudraprayag,Uttarakhand,2016,8,20844,59744,468
Rudraprayag,Uttarakhand,2017,3,12670,102331,422
Rudraprayag,Uttarakhand,2018,8,34433,145060,385
Rudraprayag,Uttarakhand,2019,6,44230,117107,508
Rudraprayag,Uttarakhand,2020,9,47092,119062,785
Rudraprayag,Uttarakhand,2021,4,27052,175229,595
Rudraprayag,Uttarakhand,2022,8,24924,82697,310
Rudraprayag,Uttarakhand,2023,9,25336,65820,681
Rudraprayag,Uttarakhand,2024,7,16864,132178,479
Tehri Garhwal,Uttarakhand,2015,5,36590,190108,700
Tehri Garhwal,Uttarakhand,2016,4,18477,152905,496
Tehri Garhwal,Uttarakhand,2017,7,10216,186861,208
Tehri Garhwal,Uttarakhand,2018,6,16480,86502,808
Tehri Garhwal,Uttarakhand,2019,4,12352,119262,747
Tehri Garhwal,Uttarakhand,2020,3,47894,102382,440
Tehri Garhwal,Uttarakhand,2021,3,18389,54823,275
Tehri Garhwal,Uttarakhand,2022,4,28842,99548,445
Tehri Garhwal,Uttarakhand,2023,9,27816,106738,565
Tehri Garhwal,Uttarakhand,2024,8,13656,186532,339
Udham Singh Nagar,Uttarakhand,2015,8,36790,60147,661
Udham Singh Nagar,Uttarakhand,2016,7,37938,67873,607
Udham Singh Nagar,Uttarakhand,2017,4,35878,52494,203
Udham Singh Nagar,Uttarakhand,2018,5,27404,52597,662
Udham Singh Nagar,Uttarakhand,2019,8,15205,151629,280
Udham Singh Nagar,Uttarakhand,2020,7,39879,113912,555
Udham Singh Nagar,Uttarakhand,2021,5,33453,197021,583
Udham Singh Nagar,Uttarakhand,2022,7,48412,153712,539
Udham Singh Nagar,Uttarakhand,2023,6,36521,92953,787
Udham Singh Nagar,Uttarakhand,2024,6,44049,158227,950
Uttarkashi,Uttarakhand,2015,3,14432,121213,342
Uttarkashi,Uttarakhand,2016,5,15656,83359,586
Uttarkashi,Uttarakhand,2017,5,40929,63291,945
Uttarkashi,Uttarakhand,2018,4,25087,135466,427
Uttarkashi,Uttarakhand,2019,3,15867,107098,987
Uttarkashi,Uttarakhand,2020,4,29488,113684,418
Uttarkashi,Uttarakhand,2021,8,37669,173569,997
Uttarkashi,Uttarakhand,2022,6,25285,60415,212
Uttarkashi,Uttarakhand,2023,6,43731,166048,789
Uttarkashi,Uttarakhand,2024,8,44335,133052,310
Alipurduar,West Bengal,2015,6,20162,82526,512
Alipurduar,West Bengal,2016,3,14353,197912,933
Alipurduar,West Bengal,2017,4,22337,52087,420
Alipurduar,West Bengal,2018,8,37440,50819,876
Alipurduar,West Bengal,2019,4,12675,141599,677
Alipurduar,West Bengal,2020,5,31643,112430,282
Alipurduar,West Bengal,2021,4,49153,86735,235
Alipurduar,West Bengal,2022,5,41895,105863,470
Alipurduar,West Bengal,2023,4,22636,104878,481
Alipurduar,West Bengal,2024,3,38392,146795,225
Bankura,West Bengal,2015,8,38906,179130,170
Bankura,West Bengal,2016,7,22522,160417,818
Bankura,West Bengal,2017,8,31552,125891,252
Bankura,West Bengal,2018,3,49104,159394,547
Bankura,West Bengal,2019,6,29219,166427,266
Bankura,West Bengal,2020,3,24961,197593,172
Bankura,West Bengal,2021,8,39720,76962,936
Bankura,West Bengal,2022,4,38477,53092,475
Bankura,West Bengal,2023,9,29632,194729,254
Bankura,West Bengal,2024,8,49764,138547,665
Birbhum,West Bengal,2015,3,41383,155390,215
Birbhum,West Bengal,2016,5,47615,199926,187
Birbhum,West Bengal,2017,3,28485,188938,509
Birbhum,West Bengal,2018,7,44607,88235,730
Birbhum,West Bengal,2019,3,28693,120954,529
Birbhum,West Bengal,2020,3,11010,187367,902
Birbhum,West Bengal,2021,3,43716,140831,547
Birbhum,West Bengal,2022,4,12737,197619,315
Birbhum,West Bengal,2023,6,42841,113867,768
Birbhum,West Bengal,2024,6,39052,50270,517
Cooch Behar,West Bengal,2015,5,23938,164587,430
Cooch Behar,West Bengal,2016,4,33517,78358,964
Cooch Behar,West Bengal,2017,7,29961,115275,827
Cooch Behar,West Bengal,2018,5,45975,143481,940
Cooch Behar,West Bengal,2019,7,17441,74812,479
Cooch Behar,West Bengal,2020,5,34921,69989,929
Cooch Behar,West Bengal,2021,9,21204,106193,435
Cooch Behar,West Bengal,2022,8,33244,133034,271
Cooch Behar,West Bengal,2023,6,25259,125554,669
Cooch Behar,West Bengal,2024,3,27210,56837,198
Dakshin Dinajpur,West Bengal,2015,3,12503,162562,407
Dakshin Dinajpur,West Bengal,2016,5,12737,127854,812
Dakshin Dinajpur,West Bengal,2017,5,35243,63047,423
Dakshin Dinajpur,West Bengal,2018,7,20244,82411,338
Dakshin Dinajpur,West Bengal,2019,6,17341,169065,551
Dakshin Dinajpur,West Bengal,2020,6,20716,138566,707
Dakshin Dinajpur,West Bengal,2021,8,22088,167903,208
Dakshin Dinajpur,West Bengal,2022,6,24891,185075,587
Dakshin Dinajpur,West Bengal,2023,9,28720,91547,163
Dakshin Dinajpur,West Bengal,2024,4,47685,192966,735
Darjeeling,West Bengal,2015,8,46732,73993,792
Darjeeling,West Bengal,2016,8,28481,101171,270
Darjeeling,West Bengal,2017,4,25754,116999,853
Darjeeling,West Bengal,2018,6,45507,190757,246
Darjeeling,West Bengal,2019,6,16691,162661,700
Darjeeling,West Bengal,2020,3,44291,119135,890
Darjeeling,West Bengal,2021,7,33289,64137,484
Darjeeling,West Bengal,2022,9,48590,105428,371
Darjeeling,West Bengal,2023,9,28578,130707,874
Darjeeling,West Bengal,2024,4,33353,52832,809
Hooghly,West Bengal,2015,8,46480,66890,618
Hooghly,West Bengal,2016,5,28350,189871,348
Hooghly,West Bengal,2017,3,10201,165784,453
Hooghly,West Bengal,2018,6,44662,78535,755
Hooghly,West Bengal,2019,7,13901,186231,856
Hooghly,West Bengal,2020,4,16686,88195,394
Hooghly,West Bengal,2021,5,39977,173991,697
Hooghly,West Bengal,2022,4,12287,93049,757
Hooghly,West Bengal,2023,5,42694,101083,695
Hooghly,West Bengal,2024,6,29786,80070,315
Howrah,West Bengal,2015,5,13133,165818,722
Howrah,West Bengal,2016,7,37843,79336,769
Howrah,West Bengal,2017,7,39548,184515,917
Howrah,West Bengal,2018,6,15378,179049,299
Howrah,West Bengal,2019,6,38951,161877,688
Howrah,West Bengal,2020,5,48317,117975,544
Howrah,West Bengal,2021,9,10425,198199,807
Howrah,West Bengal,2022,4,13849,131253,992
Howrah,West Bengal,2023,9,48127,161113,759
Howrah,West Bengal,2024,5,12323,185265,957
Jalpaiguri,West Bengal,2015,6,34081,170548,331
Jalpaiguri,West Bengal,2016,8,46323,93890,347
Jalpaiguri,West Bengal,2017,6,19934,183793,982
Jalpaiguri,West Bengal,2018,4,41159,187150,367
Jalpaiguri,West Bengal,2019,8,49032,73384,164
Jalpaiguri,West Bengal,2020,4,12101,150716,621
Jalpaiguri,West Bengal,2021,9,19899,59641,905
Jalpaiguri,West Bengal,2022,7,17978,131221,920
Jalpaiguri,West Bengal,2023,3,32111,171230,175
Jalpaiguri,West Bengal,2024,7,47754,191072,334
Jhargram,West Bengal,2015,5,34329,178449,647
Jhargram,West Bengal,2016,3,49548,79626,903
Jhargram,West Bengal,2017,4,17778,71103,702
Jhargram,West Bengal,2018,9,49872,190888,394
Jhargram,West Bengal,2019,8,27532,192573,906
Jhargram,West Bengal,2020,8,20984,108319,446
Jhargram,West Bengal,2021,3,10825,112825,934
Jhargram,West Bengal,2022,8,44926,168547,544
Jhargram,West Bengal,2023,4,37170,197185,552
Jhargram,West Bengal,2024,4,10040,194710,620
Kalimpong,West Bengal,2015,6,48238,61070,886
Kalimpong,West Bengal,2016,7,35038,101368,569
Kalimpong,West Bengal,2017,8,43929,87688,370
Kalimpong,West Bengal,2018,9,10128,149760,171
Kalimpong,West Bengal,2019,6,29492,155001,989
Kalimpong,West Bengal,2020,8,45050,143475,696
Kalimpong,West Bengal,2021,8,34462,83202,237
Kalimpong,West Bengal,2022,9,37902,96298,800
Kalimpong,West Bengal,2023,9,49515,53668,864
Kalimpong,West Bengal,2024,9,28129,77114,505
Kolkata,West Bengal,2015,4,28128,143451,677
Kolkata,West Bengal,2016,3,20913,176855,828
Kolkata,West Bengal,2017,9,30807,63534,423
Kolkata,West Bengal,2018,5,19360,140128,881
Kolkata,West Bengal,2019,7,24590,52194,865
Kolkata,West Bengal,2020,5,18503,163837,931
Kolkata,West Bengal,2021,8,28094,72775,915
Kolkata,West Bengal,2022,4,38449,99313,372
Kolkata,West Bengal,2023,5,29796,196259,472
Kolkata,West Bengal,2024,7,27498,126918,491
Malda,West Bengal,2015,7,19675,66779,887
Malda,West Bengal,2016,4,26644,109997,327
Malda,West Bengal,2017,5,44620,122695,959
Malda,West Bengal,2018,7,10650,143404,280
Malda,West Bengal,2019,3,22261,114845,463
Malda,West Bengal,2020,5,12832,142305,163
Malda,West Bengal,2021,9,46143,154429,398
Malda,West Bengal,2022,6,10276,95414,813
Malda,West Bengal,2023,9,24633,180025,316
Malda,West Bengal,2024,9,12708,137680,295
Murshidabad,West Bengal,2015,3,32955,170308,816
Murshidabad,West Bengal,2016,3,16365,55793,179
Murshidabad,West Bengal,2017,6,40790,107108,750
Murshidabad,West Bengal,2018,7,10367,176257,914
Murshidabad,West Bengal,2019,4,42877,118590,272
Murshidabad,West Bengal,2020,8,10833,64201,723
Murshidabad,West Bengal,2021,7,15176,59087,427
Murshidabad,West Bengal,2022,6,27624,170630,664
Murshidabad,West Bengal,2023,9,37449,182979,311
Murshidabad,West Bengal,2024,8,49725,197695,731
Nadia,West Bengal,2015,8,47594,104626,627
Nadia,West Bengal,2016,6,33788,162339,438
Nadia,West Bengal,2017,3,12652,132302,975
Nadia,West Bengal,2018,6,28445,187953,327
Nadia,West Bengal,2019,9,43808,166529,415
Nadia,West Bengal,2020,7,10364,104092,216
Nadia,West Bengal,2021,4,49320,189902,365
Nadia,West Bengal,2022,9,15901,51537,963
Nadia,West Bengal,2023,5,20262,52969,754
Nadia,West Bengal,2024,6,40204,99443,368
North 24 Parganas,West Bengal,2015,4,13525,184126,555
North 24 Parganas,West Bengal,2016,7,14078,184187,301
North 24 Parganas,West Bengal,2017,9,44286,199477,471
North 24 Parganas,West Bengal,2018,5,34858,160376,837
North 24 Parganas,West Bengal,2019,3,12583,100447,261
North 24 Parganas,West Bengal,2020,8,45681,131740,325
North 24 Parganas,West Bengal,2021,8,16047,102282,208
North 24 Parganas,West Bengal,2022,8,37202,72920,911
North 24 Parganas,West Bengal,2023,4,45109,158452,586
North 24 Parganas,West Bengal,2024,6,40029,72390,591
Paschim Bardhaman,West Bengal,2015,7,42869,178228,761
Paschim Bardhaman,West Bengal,2016,9,30724,161560,880
Paschim Bardhaman,West Bengal,2017,8,26964,178754,961
Paschim Bardhaman,West Bengal,2018,9,23687,81330,584
Paschim Bardhaman,West Bengal,2019,8,35813,127964,817
Paschim Bardhaman,West Bengal,2020,5,23676,196758,892
Paschim Bardhaman,West Bengal,2021,9,16440,109431,228
Paschim Bardhaman,West Bengal,2022,8,46898,192727,467
Paschim Bardhaman,West Bengal,2023,5,31687,120093,650
Paschim Bardhaman,West Bengal,2024,5,46970,81733,525
Paschim Medinipur,West Bengal,2015,4,39503,90339,705
Paschim Medinipur,West Bengal,2016,3,43839,86175,963
Paschim Medinipur,West Bengal,2017,4,34093,125665,349
Paschim Medinipur,West Bengal,2018,7,25560,55327,491
Paschim Medinipur,West Bengal,2019,3,10097,107306,483
Paschim Medinipur,West Bengal,2020,5,33905,54325,174
Paschim Medinipur,West Bengal,2021,7,23298,102163,166
Paschim Medinipur,West Bengal,2022,5,21103,183525,802
Paschim Medinipur,West Bengal,2023,3,16164,160111,420
Paschim Medinipur,West Bengal,2024,4,11569,170808,589
Purba Bardhaman,West Bengal,2015,9,41822,195970,963
Purba Bardhaman,West Bengal,2016,5,18341,163374,228
Purba Bardhaman,West Bengal,2017,6,13852,184143,930
Purba Bardhaman,West Bengal,2018,5,32291,69646,250
Purba Bardhaman,West Bengal,2019,5,23004,78965,450
Purba Bardhaman,West Bengal,2020,8,39952,96269,303
Purba Bardhaman,West Bengal,2021,4,23471,149417,548
Purba Bardhaman,West Bengal,2022,9,30941,171863,822
Purba Bardhaman,West Bengal,2023,8,44525,61657,346
Purba Bardhaman,West Bengal,2024,7,45305,126039,238
Purba Medinipur,West Bengal,2015,8,13885,188832,730
Purba Medinipur,West Bengal,2016,3,36620,55552,404
Purba Medinipur,West Bengal,2017,4,28771,61249,732
Purba Medinipur,West Bengal,2018,8,38188,79832,283
Purba Medinipur,West Bengal,2019,6,41154,67213,732
Purba Medinipur,West Bengal,2020,7,13391,116332,315
Purba Medinipur,West Bengal,2021,6,13196,93650,270
Purba Medinipur,West Bengal,2022,8,47752,95181,398
Purba Medinipur,West Bengal,2023,9,24030,86463,893
Purba Medinipur,West Bengal,2024,3,20550,82297,437
Purulia,West Bengal,2015,3,46413,142373,499
Purulia,West Bengal,2016,5,31224,152402,913
Purulia,West Bengal,2017,6,42666,172773,662
Purulia,West Bengal,2018,5,34032,186580,211
Purulia,West Bengal,2019,3,36552,151767,480
Purulia,West Bengal,2020,9,13645,57549,960
Purulia,West Bengal,2021,5,28186,110364,639
Purulia,West Bengal,2022,5,32744,95428,297
Purulia,West Bengal,2023,4,37718,165575,245
Purulia,West Bengal,2024,8,20648,60439,464
